{"id":"AD","name":"Andorra","month":"2016-07","access_date":"2016-08-02","data":{"chrome":{"4":null,"5":null,"6":null,"7":null,"8":null,"9":null,"10":null,"11":0.01722,"12":null,"13":null,"14":null,"15":null,"16":null,"17":null,"18":null,"19":null,"20":null,"21":null,"22":0.0287,"23":null,"24":null,"25":0.02296,"26":null,"27":null,"28":null,"29":0.01722,"30":null,"31":0.10332,"32":null,"33":0.01148,"34":0.01722,"35":0.01148,"36":0.01148,"37":0.01722,"38":0.01148,"39":0.27552,"40":0.01722,"41":0.01148,"42":0.01722,"43":0.03444,"44":0.13776,"45":0.01722,"46":0.09758,"47":0.18942,"48":0.08036,"49":3.00776,"50":0.26404,"51":26.90912,"52":0.72898,"53":0.01148,"54":0.02296,"55":null},"firefox":{"2":null,"3":null,"3.5":null,"3.6":null,"4":null,"5":null,"6":null,"7":null,"8":null,"9":null,"10":null,"11":null,"12":null,"13":null,"14":null,"15":null,"16":0.01148,"17":null,"18":null,"19":null,"20":null,"21":null,"22":null,"23":0.00574,"24":null,"25":null,"26":null,"27":null,"28":null,"29":null,"30":null,"31":null,"32":null,"33":null,"34":null,"35":0.01148,"36":null,"37":0.2009,"38":0.09184,"39":0.04018,"40":0.00574,"41":0.01148,"42":0.01722,"43":0.0861,"44":0.0287,"45":0.1148,"46":0.16072,"47":8.3804,"48":0.0861,"49":null,"50":null},"opera":{"9":null,"9.5-9.6":null,"10.0-10.1":0,"10.5":null,"10.6":null,"11":null,"11.1":null,"11.5":null,"11.6":null,"12":null,"12.1":0.02296,"15":null,"16":null,"17":null,"18":null,"19":null,"20":null,"21":null,"22":null,"23":null,"24":null,"25":null,"26":null,"27":null,"28":null,"29":null,"30":null,"31":null,"32":null,"33":null,"34":null,"35":null,"36":0.0287,"37":0.00574,"38":0.2009,"39":null,"40":null},"safari":{"3.1":null,"3.2":null,"4":0.00574,"5":0.1148,"5.1":0.287,"6":0.03444,"6.1":0.14924,"7":0.06314,"7.1":0.01148,"8":0.3444,"9":0.86674,"9.1":3.85154,"10":0.01722,"0":null},"ios_saf":{"3.2":0,"4.0-4.1":0,"4.2-4.3":0,"5.0-5.1":0,"6.0-6.1":0,"7.0-7.1":0.364717949498,"8":0,"8.1-8.4":0.861000821418,"9.0-9.2":1.31231846669,"9.3":13.8842627624},"android":{"2.1":0,"2.2":0,"2.3":0.00535023171049,"3":0,"4":0.0380460921635,"4.1":0.142672845613,"4.2-4.3":0.346576120802,"4.4":0.998115449102,"4.4.3-4.4.4":0.752599260609,"51":null},"op_mob":{"10":0,"11":0,"11.1":0,"11.5":0,"12":0,"12.1":3.72758791481e-5,"0":0.00164013868252},"ie":{"5.5":null,"6":0.00574628696605,"7":0.0574628696605,"8":0.143657174151,"9":0.195373756846,"10":0.356269791895,"11":4.48785012048},"bb":{"7":0.003195,"10":null},"ie_mob":{"10":0.0555714606742,"11":0.174468539326},"edge":{"12":0.0574,"13":2.51412,"14":null},"and_ff":{"0":0.06816},"samsung":{"0":3.08424},"and_uc":{"0":0.03408},"op_mini":{"0":0.0196225854383},"and_chr":{"0":21.93834}},"total":99.252155}