{"id":"AE","name":"United Arab Emirates","month":"2016-07","access_date":"2016-08-02","data":{"chrome":{"4":null,"5":null,"6":null,"7":null,"8":null,"9":null,"10":0.004137,"11":0.008274,"12":0.008274,"13":null,"14":null,"15":null,"16":null,"17":0.004137,"18":0.033096,"19":0.004137,"20":0.012411,"21":0.008274,"22":0.04137,"23":0.012411,"24":null,"25":0.016548,"26":0.020685,"27":0.012411,"28":0.008274,"29":0.148932,"30":0.012411,"31":0.086877,"32":0.008274,"33":0.057918,"34":0.070329,"35":0.020685,"36":0.020685,"37":0.016548,"38":0.037233,"39":0.074466,"40":0.028959,"41":0.020685,"42":0.028959,"43":0.335097,"44":0.078603,"45":0.091014,"46":0.078603,"47":0.28959,"48":0.148932,"49":1.476909,"50":0.244083,"51":24.466218,"52":0.657783,"53":0.16548,"54":0.012411,"55":null},"firefox":{"2":null,"3":0.024822,"3.5":null,"3.6":0.016548,"4":null,"5":null,"6":0.004137,"7":null,"8":null,"9":null,"10":0.004137,"11":0.004137,"12":null,"13":null,"14":null,"15":null,"16":0.008274,"17":null,"18":null,"19":null,"20":null,"21":null,"22":0.004137,"23":null,"24":null,"25":0.004137,"26":null,"27":0.004137,"28":null,"29":0.008274,"30":0.004137,"31":0.012411,"32":0.004137,"33":0.008274,"34":0.008274,"35":0.008274,"36":0.012411,"37":0.008274,"38":0.028959,"39":0.016548,"40":0.016548,"41":0.028959,"42":0.016548,"43":0.066192,"44":0.028959,"45":0.062055,"46":0.078603,"47":2.420145,"48":0.202713,"49":null,"50":null},"opera":{"9":null,"9.5-9.6":null,"10.0-10.1":0,"10.5":null,"10.6":null,"11":null,"11.1":null,"11.5":null,"11.6":null,"12":null,"12.1":0.012411,"15":null,"16":null,"17":null,"18":null,"19":null,"20":null,"21":null,"22":null,"23":null,"24":null,"25":null,"26":null,"27":null,"28":null,"29":null,"30":null,"31":null,"32":null,"33":null,"34":0.004137,"35":0.004137,"36":0.037233,"37":0.049644,"38":0.355782,"39":null,"40":null},"safari":{"3.1":null,"3.2":null,"4":0,"5":0.012411,"5.1":0.045507,"6":0.020685,"6.1":0.04137,"7":0.045507,"7.1":0.020685,"8":0.223398,"9":0.264768,"9.1":1.423128,"10":0.008274,"0":null},"ios_saf":{"3.2":0,"4.0-4.1":0,"4.2-4.3":0,"5.0-5.1":0,"6.0-6.1":0,"7.0-7.1":0.21705942592,"8":0,"8.1-8.4":0.512418827401,"9.0-9.2":0.781017477741,"9.3":8.26312526894},"android":{"2.1":0,"2.2":0,"2.3":0.00684143868784,"3":0,"4":0.0486502306691,"4.1":0.182438365009,"4.2-4.3":0.443173195001,"4.4":1.27630839521,"4.4.3-4.4.4":0.962362375423,"51":null},"op_mob":{"10":0,"11":0,"11.1":0,"11.5":0,"12":0,"12.1":0.00715156291894,"0":0.314668768433},"ie":{"5.5":null,"6":0.00418413037975,"7":0.00836826075949,"8":0.251047822785,"9":0.267784344304,"10":0.271968474684,"11":2.50210996709},"bb":{"7":0.076219,"10":null},"ie_mob":{"10":0.103393016854,"11":0.324605983146},"edge":{"12":0.095151,"13":1.088031,"14":null},"and_ff":{"0":0.023452},"samsung":{"0":3.957525},"and_uc":{"0":16.082209},"op_mini":{"0":3.76469066865},"and_chr":{"0":22.254696}},"total":98.647012}