{"id":"AF","name":"Afghanistan","month":"2016-07","access_date":"2016-08-02","data":{"chrome":{"4":0.006394,"5":0.003197,"6":null,"7":0.006394,"8":0.003197,"9":null,"10":0.009591,"11":0.070334,"12":0.006394,"13":null,"14":0.003197,"15":null,"16":0.012788,"17":0.009591,"18":0.006394,"19":0.009591,"20":0.019182,"21":null,"22":0.009591,"23":0.009591,"24":0.041561,"25":0.083122,"26":0.009591,"27":0.012788,"28":0.044758,"29":0.038364,"30":0.035167,"31":0.035167,"32":0.012788,"33":0.070334,"34":0.03197,"35":0.012788,"36":0.038364,"37":0.015985,"38":0.035167,"39":0.070334,"40":0.015985,"41":0.006394,"42":0.028773,"43":0.242972,"44":0.073531,"45":0.111895,"46":0.15985,"47":0.226987,"48":0.182229,"49":0.51152,"50":0.274942,"51":12.522649,"52":0.345276,"53":0.086319,"54":0.003197,"55":null},"firefox":{"2":null,"3":0.012788,"3.5":0.006394,"3.6":0.035167,"4":0.076728,"5":0.012788,"6":0.003197,"7":null,"8":0.006394,"9":0.012788,"10":0.102304,"11":0.019182,"12":0.070334,"13":0.019182,"14":0.015985,"15":0.015985,"16":0.006394,"17":0.019182,"18":0.035167,"19":0.028773,"20":0.03197,"21":0.019182,"22":0.019182,"23":0.015985,"24":0.172638,"25":0.022379,"26":0.012788,"27":0.012788,"28":0.047955,"29":0.067137,"30":0.124683,"31":0.038364,"32":0.03197,"33":0.099107,"34":0.079925,"35":0.115092,"36":0.035167,"37":0.038364,"38":0.124683,"39":0.086319,"40":0.19182,"41":0.108698,"42":0.153456,"43":0.463565,"44":0.274942,"45":0.150259,"46":0.265351,"47":3.746884,"48":0.393231,"49":null,"50":null},"opera":{"9":null,"9.5-9.6":null,"10.0-10.1":0,"10.5":null,"10.6":0.006394,"11":0.003197,"11.1":null,"11.5":null,"11.6":0.009591,"12":0.003197,"12.1":0.009591,"15":0.006394,"16":0.003197,"17":0.006394,"18":0.009591,"19":null,"20":0.009591,"21":0.019182,"22":0.006394,"23":null,"24":null,"25":null,"26":0.019182,"27":0.003197,"28":null,"29":0.022379,"30":0.006394,"31":null,"32":null,"33":0.041561,"34":0.038364,"35":0.047955,"36":0.025576,"37":0.041561,"38":0.396428,"39":null,"40":null},"safari":{"3.1":null,"3.2":null,"4":0,"5":null,"5.1":0.022379,"6":0.003197,"6.1":0.009591,"7":0.015985,"7.1":0.019182,"8":0.067137,"9":0.076728,"9.1":0.463565,"10":0.041561,"0":null},"ios_saf":{"3.2":0,"4.0-4.1":0,"4.2-4.3":0,"5.0-5.1":0,"6.0-6.1":0,"7.0-7.1":0.151236878308,"8":0,"8.1-8.4":0.357029525505,"9.0-9.2":0.544176530169,"9.3":5.75736006602},"android":{"2.1":0,"2.2":0,"2.3":0.0260625214788,"3":0,"4":0.185333486071,"4.1":0.695000572768,"4.2-4.3":1.68827222468,"4.4":4.86210817365,"4.4.3-4.4.4":3.66612802135,"51":null},"op_mob":{"10":0,"11":0,"11.1":0,"11.5":0,"12":0,"12.1":0.0142985424798,"0":0.62913586911},"ie":{"5.5":null,"6":0.0512197509934,"7":0.0544209854305,"8":0.585825901987,"9":0.400154304636,"10":0.304117271523,"11":3.42852208212},"bb":{"7":0.01530675,"10":null},"ie_mob":{"10":0.0608065898876,"11":0.190904410112},"edge":{"12":0.15985,"13":0.377246,"14":null},"and_ff":{"0":0.095242},"samsung":{"0":4.938978},"and_uc":{"0":7.449285},"op_mini":{"0":7.52696858841},"and_chr":{"0":29.755224}},"total":98.4336580467}