{"id":"AG","name":"Antigua and Barbuda","month":"2016-07","access_date":"2016-08-02","data":{"chrome":{"4":0.009638,"5":0.004819,"6":null,"7":null,"8":null,"9":null,"10":0.004819,"11":0.028914,"12":null,"13":0.009638,"14":null,"15":null,"16":null,"17":null,"18":0.004819,"19":0.009638,"20":0.009638,"21":null,"22":0.028914,"23":null,"24":0.019276,"25":null,"26":null,"27":0.318054,"28":0.110837,"29":0.554185,"30":0.366244,"31":0.713212,"32":0.279502,"33":0.024095,"34":0.024095,"35":0.125294,"36":0.57828,"37":0.973438,"38":0.236131,"39":0.038552,"40":0.110837,"41":0.452986,"42":0.043371,"43":0.081923,"44":0.072285,"45":0.086742,"46":0.134932,"47":0.178303,"48":0.327692,"49":1.050542,"50":0.226493,"51":18.620616,"52":0.443348,"53":0.062647,"54":0.004819,"55":null},"firefox":{"2":null,"3":0.019276,"3.5":0.024095,"3.6":0.024095,"4":0.019276,"5":0.009638,"6":0.009638,"7":0.019276,"8":0.004819,"9":null,"10":0.014457,"11":0.009638,"12":0.004819,"13":null,"14":0.019276,"15":0.004819,"16":0.019276,"17":0.009638,"18":0.009638,"19":0.009638,"20":0.014457,"21":0.245769,"22":0.038552,"23":0.038552,"24":0.033733,"25":0.043371,"26":null,"27":0.033733,"28":0.04819,"29":0.19276,"30":0.014457,"31":0.197579,"32":0.009638,"33":0.028914,"34":0.293959,"35":0.038552,"36":0.033733,"37":0.187941,"38":0.033733,"39":0.019276,"40":0.019276,"41":0.04819,"42":0.043371,"43":0.077104,"44":0.019276,"45":0.077104,"46":0.110837,"47":3.358843,"48":0.053009,"49":null,"50":null},"opera":{"9":null,"9.5-9.6":0.004819,"10.0-10.1":0,"10.5":null,"10.6":null,"11":0.009638,"11.1":0.009638,"11.5":0.019276,"11.6":0.043371,"12":0.081923,"12.1":0.072285,"15":null,"16":null,"17":null,"18":null,"19":null,"20":null,"21":null,"22":null,"23":null,"24":null,"25":null,"26":null,"27":0.014457,"28":0.293959,"29":0.091561,"30":null,"31":null,"32":null,"33":0.009638,"34":0.004819,"35":0.024095,"36":0.009638,"37":0.221674,"38":0.390339,"39":null,"40":null},"safari":{"3.1":null,"3.2":null,"4":0.004819,"5":0.043371,"5.1":0.120475,"6":null,"6.1":0.033733,"7":0.024095,"7.1":0.024095,"8":0.496357,"9":0.428891,"9.1":1.421605,"10":0.038552,"0":null},"ios_saf":{"3.2":0,"4.0-4.1":0,"4.2-4.3":0,"5.0-5.1":0,"6.0-6.1":0,"7.0-7.1":0.224258331914,"8":0,"8.1-8.4":0.52941350502,"9.0-9.2":0.80692039063,"9.3":8.53717677244},"android":{"2.1":0,"2.2":0,"2.3":0.0151261999479,"3":0,"4":0.107564088519,"4.1":0.403365331945,"4.2-4.3":0.979841618849,"4.4":2.82187663473,"4.4.3-4.4.4":2.12775212601,"51":null},"op_mob":{"10":0,"11":0,"11.1":0,"11.5":0,"12":0,"12.1":0.00129657582962,"0":0.0570493365032},"ie":{"5.5":0.004819,"6":null,"7":0.014457,"8":0.361425,"9":0.284321,"10":0.298778,"11":3.305834},"bb":{"7":0.42354675,"10":null},"ie_mob":{"10":0.700890337079,"11":2.20046966292},"edge":{"12":0.298778,"13":2.645631,"14":0.009638},"and_ff":{"0":0.212421},"samsung":{"0":3.52308},"and_uc":{"0":0.544005},"op_mini":{"0":0.682537087667},"and_chr":{"0":29.550629}},"total":97.56481275}