{"id":"AI","name":"Anguilla","month":"2016-07","access_date":"2016-08-02","data":{"chrome":{"4":null,"5":null,"6":null,"7":null,"8":null,"9":null,"10":null,"11":0.023032,"12":null,"13":null,"14":null,"15":null,"16":null,"17":null,"18":0.011516,"19":0.011516,"20":null,"21":null,"22":0.023032,"23":0.051822,"24":null,"25":0.046064,"26":0.034548,"27":null,"28":null,"29":0.011516,"30":null,"31":null,"32":0.051822,"33":0.017274,"34":0.069096,"35":null,"36":0.051822,"37":null,"38":1.491322,"39":0.046064,"40":null,"41":0.017274,"42":null,"43":0.023032,"44":0.005758,"45":null,"46":0.017274,"47":0.437608,"48":0.166982,"49":1.491322,"50":0.644896,"51":26.250722,"52":1.261002,"53":0.149708,"54":null,"55":null},"firefox":{"2":null,"3":null,"3.5":null,"3.6":null,"4":null,"5":null,"6":null,"7":null,"8":null,"9":null,"10":null,"11":null,"12":null,"13":null,"14":null,"15":null,"16":0.080612,"17":null,"18":null,"19":null,"20":null,"21":null,"22":null,"23":null,"24":null,"25":null,"26":null,"27":null,"28":null,"29":null,"30":null,"31":null,"32":null,"33":null,"34":null,"35":null,"36":0.011516,"37":null,"38":null,"39":0.017274,"40":0.011516,"41":null,"42":null,"43":0.046064,"44":0.08637,"45":0.040306,"46":0.149708,"47":4.479724,"48":0.149708,"49":null,"50":null},"opera":{"9":null,"9.5-9.6":null,"10.0-10.1":0,"10.5":null,"10.6":null,"11":null,"11.1":null,"11.5":null,"11.6":null,"12":null,"12.1":0.005758,"15":null,"16":null,"17":null,"18":null,"19":null,"20":null,"21":null,"22":null,"23":null,"24":null,"25":null,"26":0.005758,"27":0.011516,"28":null,"29":null,"30":null,"31":null,"32":null,"33":null,"34":0.017274,"35":null,"36":null,"37":0.092128,"38":0.190014,"39":null,"40":0.011516},"safari":{"3.1":null,"3.2":null,"4":0,"5":null,"5.1":0.023032,"6":null,"6.1":0.005758,"7":0.017274,"7.1":null,"8":1.082504,"9":0.483672,"9.1":1.905898,"10":null,"0":null},"ios_saf":{"3.2":0,"4.0-4.1":0,"4.2-4.3":0,"5.0-5.1":0,"6.0-6.1":0,"7.0-7.1":0.250255126559,"8":0,"8.1-8.4":0.590784933475,"9.0-9.2":0.900461368624,"9.3":9.52683557134},"android":{"2.1":0,"2.2":0,"2.3":0.01238182088,"3":0,"4":0.0880485040354,"4.1":0.330181890133,"4.2-4.3":0.802066841448,"4.4":2.30989747305,"4.4.3-4.4.4":1.74170947045,"51":null},"op_mob":{"10":0,"11":0,"11.1":0,"11.5":0,"12":0,"12.1":0.000133594650817,"0":0.00587816463596},"ie":{"5.5":null,"6":0.005758,"7":0.017274,"8":0.443366,"9":0.63338,"10":0.241836,"11":6.541088},"bb":{"7":0.14949525,"10":null},"ie_mob":{"10":0.0973285674157,"11":0.305566432584},"edge":{"12":1.053714,"13":4.191824,"14":null},"and_ff":{"0":null},"samsung":{"0":5.157056},"and_uc":{"0":0.199327},"op_mini":{"0":0.0703262407132},"and_chr":{"0":21.834621}},"total":98.83151925}