{"id":"AL","name":"Albania","month":"2016-07","access_date":"2016-08-02","data":{"chrome":{"4":null,"5":0.008904,"6":null,"7":null,"8":null,"9":0.008904,"10":0.013356,"11":0.04452,"12":0.008904,"13":null,"14":0.004452,"15":null,"16":0.008904,"17":null,"18":0.013356,"19":null,"20":null,"21":0.008904,"22":0.026712,"23":0.004452,"24":0.004452,"25":0.008904,"26":0.017808,"27":0.213696,"28":0.02226,"29":0.716772,"30":0.017808,"31":0.026712,"32":0.008904,"33":0.053424,"34":0.026712,"35":0.02226,"36":0.031164,"37":0.035616,"38":0.02226,"39":0.08904,"40":0.048972,"41":0.04452,"42":0.02226,"43":0.182532,"44":0.115752,"45":0.062328,"46":0.129108,"47":0.284928,"48":0.169176,"49":5.115348,"50":0.409584,"51":24.022992,"52":0.676704,"53":0.084588,"54":0.004452,"55":null},"firefox":{"2":null,"3":0.04452,"3.5":null,"3.6":0.02226,"4":0.013356,"5":null,"6":0.017808,"7":0.004452,"8":null,"9":null,"10":0.004452,"11":0.008904,"12":0.008904,"13":null,"14":0.02226,"15":null,"16":0.004452,"17":0.008904,"18":null,"19":0.004452,"20":0.008904,"21":0.004452,"22":0.013356,"23":0.008904,"24":0.026712,"25":0.004452,"26":null,"27":0.004452,"28":0.004452,"29":0.017808,"30":0.017808,"31":0.026712,"32":0.031164,"33":0.031164,"34":0.017808,"35":0.02226,"36":0.102396,"37":0.031164,"38":0.062328,"39":0.040068,"40":0.053424,"41":0.071232,"42":0.040068,"43":0.20034,"44":0.080136,"45":0.138012,"46":0.169176,"47":4.180428,"48":0.160272,"49":null,"50":null},"opera":{"9":null,"9.5-9.6":null,"10.0-10.1":0,"10.5":null,"10.6":null,"11":null,"11.1":null,"11.5":null,"11.6":null,"12":null,"12.1":0.02226,"15":null,"16":null,"17":null,"18":null,"19":null,"20":null,"21":null,"22":null,"23":null,"24":null,"25":null,"26":null,"27":null,"28":null,"29":null,"30":null,"31":null,"32":null,"33":0.004452,"34":0.004452,"35":0.004452,"36":0.06678,"37":0.026712,"38":0.427392,"39":null,"40":null},"safari":{"3.1":null,"3.2":null,"4":0.008904,"5":0.008904,"5.1":0.017808,"6":null,"6.1":0.013356,"7":0.008904,"7.1":0.008904,"8":0.02226,"9":0.075684,"9.1":0.271572,"10":null,"0":null},"ios_saf":{"3.2":0,"4.0-4.1":0,"4.2-4.3":0,"5.0-5.1":0,"6.0-6.1":0,"7.0-7.1":0.273608686036,"8":0,"8.1-8.4":0.645916395802,"9.0-9.2":0.984491527837,"9.3":10.4158703903},"android":{"2.1":0,"2.2":0,"2.3":0.0212377458995,"3":0,"4":0.151023970841,"4.1":0.566339890653,"4.2-4.3":1.37573398438,"4.4":3.96201948503,"4.4.3-4.4.4":2.9874429232,"51":null},"op_mob":{"10":0,"11":0,"11.1":0,"11.5":0,"12":0,"12.1":0.00435865804854,"0":0.191780954136},"ie":{"5.5":null,"6":0.0141490125,"7":0.0141490125,"8":0.386739675,"9":0.1131921,"10":0.0896104125,"11":0.8913877875},"bb":{"7":0.072111,"10":null},"ie_mob":{"10":0.373861567416,"11":1.17375143258},"edge":{"12":0.035616,"13":0.320544,"14":null},"and_ff":{"0":0.038829},"samsung":{"0":3.622191},"and_uc":{"0":0.432666},"op_mini":{"0":2.29446338782},"and_chr":{"0":27.173625}},"total":98.196087}