{"id":"ww","name":"Worldwide","month":"2016-07","access_date":"2016-08-02","data":{"chrome":{"4":null,"5":null,"6":null,"7":null,"8":null,"9":null,"10":0.010028,"11":0.035098,"12":0.010028,"13":null,"14":null,"15":null,"16":0.010028,"17":0.010028,"18":0.010028,"19":0.015042,"20":0.010028,"21":0.015042,"22":0.045126,"23":0.010028,"24":0.045126,"25":0.015042,"26":0.02507,"27":0.020056,"28":0.020056,"29":0.631764,"30":0.030084,"31":0.135378,"32":0.02507,"33":0.060168,"34":0.05014,"35":0.060168,"36":0.035098,"37":0.045126,"38":0.045126,"39":0.070196,"40":0.060168,"41":0.070196,"42":0.095266,"43":0.330924,"44":0.115322,"45":0.471316,"46":0.15042,"47":0.2507,"48":0.235658,"49":2.100866,"50":0.536498,"51":22.302272,"52":0.671876,"53":0.070196,"54":0.015042,"55":null},"firefox":{"2":0.015042,"3":0.040112,"3.5":0.005014,"3.6":0.030084,"4":0.010028,"5":0.005014,"6":0.045126,"7":null,"8":0.015042,"9":null,"10":0.010028,"11":0.010028,"12":0.020056,"13":0.005014,"14":0.010028,"15":0.020056,"16":0.015042,"17":0.010028,"18":0.020056,"19":0.010028,"20":0.015042,"21":0.02507,"22":0.010028,"23":0.020056,"24":0.015042,"25":0.045126,"26":0.015042,"27":0.015042,"28":0.020056,"29":0.02507,"30":0.020056,"31":0.05014,"32":0.020056,"33":0.02507,"34":0.035098,"35":0.035098,"36":0.035098,"37":0.035098,"38":0.120336,"39":0.055154,"40":0.05014,"41":0.055154,"42":0.070196,"43":0.190532,"44":0.115322,"45":0.220616,"46":0.245686,"47":5.595624,"48":0.205574,"49":0.005014,"50":null},"opera":{"9":null,"9.5-9.6":null,"10.0-10.1":0.015042,"10.5":null,"10.6":null,"11":null,"11.1":null,"11.5":null,"11.6":0.005014,"12":0.010028,"12.1":0.110308,"15":null,"16":null,"17":null,"18":0.005014,"19":null,"20":null,"21":null,"22":null,"23":null,"24":null,"25":null,"26":null,"27":0.005014,"28":0.015042,"29":0.010028,"30":0.010028,"31":null,"32":null,"33":0.005014,"34":0.015042,"35":0.010028,"36":0.045126,"37":0.045126,"38":0.481344,"39":null,"40":null},"safari":{"3.1":null,"3.2":null,"4":0.015042,"5":0.045126,"5.1":0.090252,"6":0.010028,"6.1":0.060168,"7":0.035098,"7.1":0.015042,"8":0.170476,"9":0.270756,"9.1":1.494172,"10":0.010028,"0":null},"ios_saf":{"3.2":0,"4.0-4.1":0,"4.2-4.3":0,"5.0-5.1":0,"6.0-6.1":0,"7.0-7.1":0.205187476118,"8":0,"8.1-8.4":0.484392352297,"9.0-9.2":0.738300142379,"9.3":7.81117802921},"android":{"2.1":0,"2.2":0,"2.3":0.00851683051289,"3":0,"4":0.0605641280916,"4.1":0.227115480344,"4.2-4.3":0.551701354335,"4.4":1.5888620479,"4.4.3-4.4.4":1.19803415881,"51":null},"op_mob":{"10":0,"11":0,"11.1":0,"11.5":0,"12":0,"12.1":0.00979024190193,"0":0.430770643685},"ie":{"5.5":null,"6":0.0361794509804,"7":0.0413479439776,"8":0.5530287507,"9":0.377299988796,"10":0.341120537815,"11":4.17614234174},"bb":{"7":0.0735435,"10":null},"ie_mob":{"10":0.177059022472,"11":0.555882977528},"edge":{"12":0.105294,"13":1.423976,"14":0.015042},"and_ff":{"0":0.044874},"samsung":{"0":3.26583},"and_uc":{"0":7.174854},"op_mini":{"0":5.15373111441},"and_chr":{"0":21.226602}},"total":97.716960514}