{"id":"na","name":"North America","month":"2016-01","access_date":"2016-02-03","data":{"firefox":{"2":null,"3":0.019458,"3.5":null,"3.6":0.025944,"4":null,"5":null,"6":0.03243,"7":null,"8":null,"9":null,"10":0.006486,"11":0.012972,"12":0.012972,"13":null,"14":null,"15":null,"16":0.019458,"17":0.012972,"18":null,"19":null,"20":0.012972,"21":0.09729,"22":0.103776,"23":0.019458,"24":0.019458,"25":0.09729,"26":0.038916,"27":0.045402,"28":0.09729,"29":0.051888,"30":0.045402,"31":0.603198,"32":0.051888,"33":0.16215,"34":0.19458,"35":0.22701,"36":0.12972,"37":0.19458,"38":0.596712,"39":0.168636,"40":0.155664,"41":0.214038,"42":0.3243,"43":5.48067,"44":0.330786,"45":0.012972,"46":null,"47":null},"chrome":{"4":0.06486,"5":0.012972,"6":0.019458,"7":0.012972,"8":0.006486,"9":0.006486,"10":0.019458,"11":0.051888,"12":0.012972,"13":0.006486,"14":0.012972,"15":null,"16":0.006486,"17":0.006486,"18":0.012972,"19":0.006486,"20":0.012972,"21":0.025944,"22":0.025944,"23":0.012972,"24":0.006486,"25":0.012972,"26":0.006486,"27":0.019458,"28":0.03243,"29":0.077832,"30":0.025944,"31":0.110262,"32":0.045402,"33":0.038916,"34":0.071346,"35":0.110262,"36":0.136206,"37":0.116748,"38":0.090804,"39":0.136206,"40":0.201066,"41":0.441048,"42":0.201066,"43":0.343758,"44":0.38916,"45":0.505908,"46":1.55664,"47":22.091316,"48":2.328474,"49":0.071346,"50":0.019458,"51":null},"opera":{"9":null,"9.5-9.6":null,"10.0-10.1":0,"10.5":null,"10.6":null,"11":null,"11.1":null,"11.5":0.006486,"11.6":null,"12":0.006486,"12.1":0.142692,"15":null,"16":null,"17":null,"18":null,"19":null,"20":null,"21":null,"22":null,"23":null,"24":null,"25":null,"26":null,"27":0.025944,"28":0.06486,"29":0.025944,"30":0.03243,"31":0.025944,"32":0.019458,"33":0.019458,"34":0.252954,"35":null,"36":null},"safari":{"3.1":null,"3.2":null,"4":0.045402,"5":0.155664,"5.1":0.239982,"6":0.03243,"6.1":0.402132,"7":0.214038,"7.1":0.116748,"8":0.674544,"9":2.938158,"9.1":0.006486},"android":{"2.1":0,"2.2":0,"2.3":0.0155586924548,"3":0,"4":0.0646658155154,"4.1":0.221225158342,"4.2-4.3":0.492529858023,"4.4":0.980197624655,"4.4.3-4.4.4":0.51343685101,"47":null},"ios_saf":{"3.2":0,"4.0-4.1":0,"4.2-4.3":0,"5.0-5.1":0,"6.0-6.1":0,"7.0-7.1":0.642647140208,"8":0.0450687604821,"8.1-8.4":1.83613468631,"9.0-9.2":13.679203413,"9.3":null},"op_mob":{"10":0,"11":0,"11.1":0,"11.5":0,"12":2.85804750653e-5,"12.1":2.85804750653e-5,"0":0.00151476517846},"ie":{"5.5":null,"6":0.0593388595041,"7":0.0593388595041,"8":1.39775980165,"9":1.12743833058,"10":1.00216740496,"11":12.1380933719},"bb":{"7":0.0412895,"10":null},"ie_mob":{"10":0.100695294118,"11":0.443974705882},"edge":{"12":0.434562,"13":1.271256,"14":null},"and_uc":{"0":0.372484},"op_mini":{"5.0-8.0":0.381454073871},"and_chr":{"0":16.40413},"and_ff":{"0":0.042168}},"total":98.3596401281}