{"id":"na","name":"North America","month":"2016-07","access_date":"2016-08-02","data":{"chrome":{"4":null,"5":null,"6":null,"7":null,"8":null,"9":null,"10":0.017277,"11":0.023036,"12":null,"13":null,"14":null,"15":null,"16":null,"17":null,"18":0.011518,"19":null,"20":null,"21":0.017277,"22":0.017277,"23":0.011518,"24":null,"25":0.011518,"26":0.005759,"27":0.011518,"28":0.005759,"29":1.78529,"30":null,"31":0.05759,"32":0.023036,"33":0.023036,"34":0.028795,"35":0.028795,"36":0.028795,"37":0.046072,"38":0.034554,"39":0.063349,"40":0.063349,"41":0.11518,"42":0.069108,"43":0.305227,"44":0.126698,"45":0.149734,"46":0.132457,"47":0.190047,"48":0.276432,"49":1.681628,"50":0.63349,"51":23.38154,"52":0.639249,"53":0.034554,"54":0.028795,"55":null},"firefox":{"2":null,"3":0.017277,"3.5":null,"3.6":0.017277,"4":0.005759,"5":null,"6":0.011518,"7":null,"8":null,"9":null,"10":null,"11":0.011518,"12":0.011518,"13":null,"14":null,"15":null,"16":0.011518,"17":null,"18":null,"19":null,"20":0.011518,"21":0.011518,"22":0.005759,"23":null,"24":0.017277,"25":0.011518,"26":0.011518,"27":0.011518,"28":0.023036,"29":0.023036,"30":0.017277,"31":0.097903,"32":0.017277,"33":0.028795,"34":0.046072,"35":0.034554,"36":0.034554,"37":0.034554,"38":0.161252,"39":0.051831,"40":0.040313,"41":0.05759,"42":0.05759,"43":0.167011,"44":0.074867,"45":0.241878,"46":0.247637,"47":6.052709,"48":0.097903,"49":null,"50":null},"opera":{"9":null,"9.5-9.6":null,"10.0-10.1":0,"10.5":null,"10.6":null,"11":null,"11.1":null,"11.5":null,"11.6":null,"12":null,"12.1":0.063349,"15":null,"16":null,"17":null,"18":null,"19":null,"20":null,"21":null,"22":null,"23":null,"24":null,"25":null,"26":null,"27":0.017277,"28":0.023036,"29":0.017277,"30":0.017277,"31":0.005759,"32":null,"33":null,"34":0.005759,"35":null,"36":0.017277,"37":0.034554,"38":0.282191,"39":null,"40":null},"safari":{"3.1":null,"3.2":null,"4":0.034554,"5":0.063349,"5.1":0.184288,"6":0.017277,"6.1":0.126698,"7":0.063349,"7.1":0.034554,"8":0.339781,"9":0.524069,"9.1":3.178968,"10":0.017277,"0":null},"ios_saf":{"3.2":0,"4.0-4.1":0,"4.2-4.3":0,"5.0-5.1":0,"6.0-6.1":0,"7.0-7.1":0.422523333739,"8":0,"8.1-8.4":0.997463760471,"9.0-9.2":1.52031226934,"9.3":16.0848266364},"android":{"2.1":0,"2.2":0,"2.3":0.00400471413694,"3":0,"4":0.028477967196,"4.1":0.106792376985,"4.2-4.3":0.259416482426,"4.4":0.747101670659,"4.4.3-4.4.4":0.563329788597,"51":null},"op_mob":{"10":0,"11":0,"11.1":0,"11.5":0,"12":0,"12.1":0.000801567904903,"0":0.0352689878158},"ie":{"5.5":null,"6":0.0646897195767,"7":0.0588088359788,"8":0.588088359788,"9":0.482232455026,"10":0.476351571429,"11":7.20996329101},"bb":{"7":0.06043425,"10":null},"ie_mob":{"10":0.100402101124,"11":0.315215898876},"edge":{"12":0.126698,"13":2.637622,"14":0.046072},"and_ff":{"0":0.050892},"samsung":{"0":3.18075},"and_uc":{"0":0.301111},"op_mini":{"0":0.421957444279},"and_chr":{"0":18.883625}},"total":98.6970604828}