{"id":"oc","name":"Oceania","month":"2016-07","access_date":"2016-08-02","data":{"chrome":{"4":null,"5":null,"6":null,"7":null,"8":null,"9":null,"10":null,"11":0.017343,"12":null,"13":null,"14":null,"15":null,"16":null,"17":null,"18":null,"19":null,"20":null,"21":null,"22":0.023124,"23":null,"24":null,"25":null,"26":0.034686,"27":null,"28":null,"29":0.05781,"30":0.011562,"31":0.132963,"32":0.011562,"33":0.040467,"34":0.046248,"35":0.028905,"36":0.023124,"37":0.028905,"38":0.046248,"39":0.063591,"40":0.046248,"41":0.069372,"42":0.080934,"43":0.138744,"44":0.109839,"45":0.358422,"46":0.127182,"47":0.213897,"48":0.242802,"49":1.670709,"50":0.716844,"51":25.511553,"52":0.676377,"53":0.046248,"54":0.017343,"55":null},"firefox":{"2":null,"3":null,"3.5":null,"3.6":0.011562,"4":null,"5":null,"6":null,"7":null,"8":null,"9":null,"10":null,"11":null,"12":0.005781,"13":null,"14":null,"15":null,"16":0.011562,"17":null,"18":null,"19":null,"20":0.069372,"21":0.005781,"22":null,"23":null,"24":0.005781,"25":null,"26":null,"27":null,"28":0.011562,"29":0.011562,"30":0.005781,"31":0.017343,"32":0.005781,"33":0.011562,"34":0.023124,"35":0.011562,"36":0.017343,"37":0.023124,"38":0.213897,"39":0.040467,"40":0.028905,"41":0.040467,"42":0.046248,"43":0.092496,"44":0.069372,"45":0.213897,"46":0.150306,"47":6.214575,"48":0.092496,"49":null,"50":null},"opera":{"9":null,"9.5-9.6":null,"10.0-10.1":0.011562,"10.5":null,"10.6":null,"11":0.011562,"11.1":0.017343,"11.5":null,"11.6":null,"12":null,"12.1":0.028905,"15":null,"16":null,"17":null,"18":null,"19":null,"20":null,"21":null,"22":null,"23":null,"24":null,"25":null,"26":null,"27":null,"28":0.017343,"29":null,"30":null,"31":null,"32":null,"33":null,"34":0.017343,"35":null,"36":0.011562,"37":0.017343,"38":0.179211,"39":null,"40":null},"safari":{"3.1":null,"3.2":null,"4":0.005781,"5":0.05781,"5.1":0.190773,"6":0.023124,"6.1":0.144525,"7":0.080934,"7.1":0.034686,"8":0.508728,"9":0.901836,"9.1":3.647811,"10":0.017343,"0":null},"ios_saf":{"3.2":0,"4.0-4.1":0,"4.2-4.3":0,"5.0-5.1":0,"6.0-6.1":0,"7.0-7.1":0.492104570733,"8":0,"8.1-8.4":1.16172631538,"9.0-9.2":1.77067763351,"9.3":18.7336794804},"android":{"2.1":0,"2.2":0,"2.3":0.00379611142932,"3":0,"4":0.026994570164,"4.1":0.101229638115,"4.2-4.3":0.245903662588,"4.4":0.708185676647,"4.4.3-4.4.4":0.533986341057,"51":null},"op_mob":{"10":0,"11":0,"11.1":0,"11.5":0,"12":0,"12.1":0.000479922568929,"0":0.0211165930329},"ie":{"5.5":null,"6":null,"7":0.287278469214,"8":0.480751723992,"9":0.369358031847,"10":0.35176955414,"11":6.783289569},"bb":{"7":0.0105475,"10":null},"ie_mob":{"10":0.107015646067,"11":0.335979353933},"edge":{"12":0.179211,"13":2.988777,"14":0.011562},"and_ff":{"0":0.046409},"samsung":{"0":4.210562},"and_uc":{"0":1.13913},"op_mini":{"0":0.252638484398},"and_chr":{"0":13.562363}},"total":98.8868088482}