{"id":"an","name":"Antarctica","month":"2016-07","access_date":"2016-08-02","data":{"chrome":{"4":null,"5":null,"6":null,"7":null,"8":null,"9":null,"10":null,"11":null,"12":null,"13":null,"14":null,"15":null,"16":null,"17":null,"18":null,"19":null,"20":null,"21":null,"22":null,"23":null,"24":null,"25":null,"26":null,"27":null,"28":null,"29":null,"30":null,"31":null,"32":null,"33":null,"34":null,"35":null,"36":null,"37":null,"38":null,"39":null,"40":null,"41":0.065048,"42":null,"43":null,"44":null,"45":null,"46":null,"47":null,"48":0.065048,"49":0.390288,"50":0.065048,"51":38.695429,"52":2.089667,"53":null,"54":null,"55":null},"firefox":{"2":null,"3":null,"3.5":null,"3.6":null,"4":null,"5":null,"6":null,"7":null,"8":null,"9":null,"10":null,"11":null,"12":null,"13":null,"14":null,"15":null,"16":null,"17":null,"18":null,"19":null,"20":null,"21":null,"22":null,"23":null,"24":null,"25":null,"26":null,"27":0.065048,"28":null,"29":null,"30":null,"31":null,"32":null,"33":null,"34":null,"35":null,"36":null,"37":null,"38":0.195144,"39":null,"40":null,"41":0.065048,"42":0.455336,"43":null,"44":null,"45":null,"46":null,"47":11.960701,"48":null,"49":null,"50":null},"opera":{"9":null,"9.5-9.6":null,"10.0-10.1":0,"10.5":null,"10.6":null,"11":null,"11.1":null,"11.5":null,"11.6":null,"12":null,"12.1":null,"15":null,"16":null,"17":null,"18":null,"19":null,"20":null,"21":null,"22":null,"23":null,"24":null,"25":null,"26":null,"27":null,"28":null,"29":null,"30":null,"31":null,"32":null,"33":null,"34":null,"35":null,"36":null,"37":null,"38":0.32524,"39":null,"40":null},"safari":{"3.1":null,"3.2":null,"4":0,"5":null,"5.1":0.130096,"6":null,"6.1":null,"7":null,"7.1":0.065048,"8":0.130096,"9":3.65895,"9.1":7.846415,"10":null,"0":null},"ios_saf":{"3.2":0,"4.0-4.1":0,"4.2-4.3":0,"5.0-5.1":0,"6.0-6.1":0,"7.0-7.1":0.262580000608,"8":0,"8.1-8.4":0.619880640706,"9.0-9.2":0.944808404016,"9.3":9.99602495467},"android":{"2.1":0,"2.2":0,"2.3":0.000407277531893,"3":0,"4":0.00289619578235,"4.1":0.0108607341838,"4.2-4.3":0.0263825334548,"4.4":0.0759798862275,"4.4.3-4.4.4":0.0572903728196,"51":null},"op_mob":{"10":0,"11":0,"11.1":0,"11.5":0,"12":0,"12.1":0,"0":0},"ie":{"5.5":null,"6":null,"7":0.130096,"8":null,"9":null,"10":1.504235,"11":11.115077},"bb":{"7":0,"10":null},"ie_mob":{"10":0,"11":0},"edge":{"12":null,"13":1.634331,"14":0.195144},"and_ff":{"0":0.087843},"samsung":{"0":1.042902},"and_uc":{"0":null},"op_mini":{"0":0},"and_chr":{"0":5.627593}},"total":99.601982}