{"id":"af","name":"Africa","month":"2016-01","access_date":"2016-02-03","data":{"firefox":{"2":0.3328,"3":0.06656,"3.5":0.01248,"3.6":0.07488,"4":0.02912,"5":0.01664,"6":0.01664,"7":0.01664,"8":0.0208,"9":0.0208,"10":0.02912,"11":0.0416,"12":0.0624,"13":0.04576,"14":0.02912,"15":0.3744,"16":0.04576,"17":0.02912,"18":0.36192,"19":0.0416,"20":0.0416,"21":0.3744,"22":0.03328,"23":0.36608,"24":0.0416,"25":0.71136,"26":0.05824,"27":0.05824,"28":0.06656,"29":0.09984,"30":0.104,"31":0.10816,"32":0.07904,"33":0.06656,"34":0.0832,"35":0.0832,"36":0.09152,"37":0.11648,"38":0.17056,"39":0.15808,"40":0.16224,"41":0.17888,"42":0.2912,"43":4.35552,"44":0.55328,"45":0.0208,"46":null,"47":null},"chrome":{"4":0.0208,"5":0.0208,"6":0.01664,"7":0.00832,"8":0.00832,"9":0.01664,"10":0.01248,"11":0.05824,"12":0.02496,"13":0.00832,"14":0.00832,"15":0.01248,"16":0.0208,"17":0.0208,"18":0.01664,"19":0.3328,"20":0.02912,"21":0.0208,"22":0.0208,"23":0.0208,"24":0.9984,"25":0.03328,"26":0.07904,"27":0.03328,"28":0.0416,"29":0.0416,"30":0.3744,"31":0.10816,"32":0.09984,"33":0.27456,"34":0.12896,"35":0.74464,"36":0.1248,"37":0.11648,"38":0.10816,"39":0.11648,"40":0.15392,"41":0.15808,"42":0.22464,"43":1.51424,"44":0.59072,"45":0.47008,"46":0.45344,"47":12.6048,"48":1.56416,"49":0.0832,"50":0.00416,"51":null},"opera":{"9":null,"9.5-9.6":null,"10.0-10.1":0.32864,"10.5":null,"10.6":null,"11":0.00832,"11.1":null,"11.5":0.00416,"11.6":0.0208,"12":0.00832,"12.1":0.04576,"15":0.00832,"16":null,"17":0.00832,"18":0.00832,"19":0.01664,"20":0.02496,"21":0.0208,"22":0.01664,"23":0.01664,"24":null,"25":null,"26":null,"27":null,"28":0.02496,"29":0.0208,"30":0.03744,"31":0.0208,"32":0.02912,"33":0.05408,"34":0.77792,"35":0.00832,"36":null},"safari":{"3.1":null,"3.2":null,"4":0.00832,"5":0.34112,"5.1":0.03328,"6":0.01664,"6.1":0.02496,"7":0.02496,"7.1":0.02496,"8":0.08736,"9":0.2496,"9.1":null},"android":{"2.1":0,"2.2":0,"2.3":0.0324110690755,"3":0,"4":0.134708505845,"4.1":0.460844888417,"4.2-4.3":1.02601290542,"4.4":2.04189735175,"4.4.3-4.4.4":1.06956527949,"47":null},"ios_saf":{"3.2":0,"4.0-4.1":0,"4.2-4.3":0,"5.0-5.1":0,"6.0-6.1":0,"7.0-7.1":0.0694879983517,"8":0.00487318429999,"8.1-8.4":0.198537138148,"9.0-9.2":1.4791016792,"9.3":null},"op_mob":{"10":0,"11":0,"11.1":0,"11.5":0,"12":0.00249563586619,"12.1":0.00249563586619,"0":0.132268700908},"ie":{"5.5":null,"6":0.0210857142857,"7":0.0253028571429,"8":1.13441142857,"9":0.898251428571,"10":0.953074285714,"11":1.56456},"bb":{"7":0.4015,"10":null},"ie_mob":{"10":0.192180168067,"11":0.847339831933},"edge":{"12":0.11232,"13":0.13312,"14":null},"and_uc":{"0":4.10552},"op_mini":{"5.0-8.0":33.3084200274},"and_chr":{"0":11.82296},"and_ff":{"0":0.0876}},"total":96.6697057143}