{"id":"as","name":"Asia","month":"2016-07","access_date":"2016-08-02","data":{"chrome":{"4":0.003895,"5":0.003895,"6":0.003895,"7":null,"8":0.003895,"9":null,"10":0.00779,"11":0.03895,"12":0.011685,"13":0.00779,"14":0.00779,"15":0.00779,"16":0.00779,"17":0.011685,"18":0.011685,"19":0.00779,"20":0.011685,"21":0.01558,"22":0.06232,"23":0.01558,"24":0.011685,"25":0.019475,"26":0.03116,"27":0.02337,"28":0.027265,"29":0.13243,"30":0.027265,"31":0.18696,"32":0.02337,"33":0.07011,"34":0.04674,"35":0.027265,"36":0.027265,"37":0.027265,"38":0.042845,"39":0.06232,"40":0.042845,"41":0.03895,"42":0.13243,"43":0.323285,"44":0.10127,"45":0.946485,"46":0.17138,"47":0.3116,"48":0.2337,"49":1.98645,"50":0.455715,"51":18.42335,"52":0.6232,"53":0.10127,"54":0.011685,"55":null},"firefox":{"2":null,"3":0.066215,"3.5":0.003895,"3.6":0.019475,"4":0.00779,"5":0.003895,"6":0.097375,"7":null,"8":0.02337,"9":0.003895,"10":0.00779,"11":0.011685,"12":0.019475,"13":0.00779,"14":0.011685,"15":0.011685,"16":0.011685,"17":0.00779,"18":0.00779,"19":0.00779,"20":0.00779,"21":0.01558,"22":0.011685,"23":0.00779,"24":0.011685,"25":0.00779,"26":0.011685,"27":0.011685,"28":0.011685,"29":0.02337,"30":0.019475,"31":0.02337,"32":0.01558,"33":0.02337,"34":0.027265,"35":0.027265,"36":0.027265,"37":0.03116,"38":0.050635,"39":0.042845,"40":0.03895,"41":0.042845,"42":0.050635,"43":0.16359,"44":0.09348,"45":0.10906,"46":0.14022,"47":2.909565,"48":0.29602,"49":0.003895,"50":null},"opera":{"9":null,"9.5-9.6":null,"10.0-10.1":0,"10.5":null,"10.6":null,"11":null,"11.1":null,"11.5":null,"11.6":0.003895,"12":0.003895,"12.1":0.027265,"15":null,"16":null,"17":null,"18":null,"19":null,"20":null,"21":null,"22":null,"23":null,"24":null,"25":null,"26":null,"27":null,"28":0.011685,"29":null,"30":0.003895,"31":null,"32":0.003895,"33":0.003895,"34":0.027265,"35":0.00779,"36":0.02337,"37":0.042845,"38":0.284335,"39":null,"40":null},"safari":{"3.1":null,"3.2":null,"4":0.003895,"5":0.011685,"5.1":0.03116,"6":0.00779,"6.1":0.019475,"7":0.01558,"7.1":0.00779,"8":0.066215,"9":0.089585,"9.1":0.42845,"10":null,"0":null},"ios_saf":{"3.2":0,"4.0-4.1":0,"4.2-4.3":0,"5.0-5.1":0,"6.0-6.1":0,"7.0-7.1":0.149709386066,"8":0,"8.1-8.4":0.353423527837,"9.0-9.2":0.538680348038,"9.3":5.69921073806},"android":{"2.1":0,"2.2":0,"2.3":0.0113885404842,"3":0,"4":0.0809851767769,"4.1":0.303694412913,"4.2-4.3":0.737724344702,"4.4":2.12459549701,"4.4.3-4.4.4":1.60198802812,"51":null},"op_mob":{"10":0,"11":0,"11.1":0,"11.5":0,"12":0,"12.1":0.0113803259039,"0":0.500734339772},"ie":{"5.5":null,"6":0.0375042576419,"7":0.0333371179039,"8":0.616736681223,"9":0.329204039301,"10":0.287532641921,"11":2.50445098253},"bb":{"7":0.06106,"10":null},"ie_mob":{"10":0.153404674157,"11":0.481619325843},"edge":{"12":0.07011,"13":0.56088,"14":null},"and_ff":{"0":0.03053},"samsung":{"0":3.639176},"and_uc":{"0":15.130668},"op_mini":{"0":5.99077533432},"and_chr":{"0":24.533467}},"total":97.2198307205}