{"id":"AO","name":"Angola","month":"2016-07","access_date":"2016-08-02","data":{"chrome":{"4":null,"5":null,"6":null,"7":null,"8":null,"9":null,"10":null,"11":0.07744,"12":0.011616,"13":0.007744,"14":0.007744,"15":0.003872,"16":0.003872,"17":null,"18":0.011616,"19":0.007744,"20":null,"21":0.027104,"22":0.01936,"23":0.015488,"24":null,"25":0.030976,"26":0.05808,"27":0.046464,"28":0.011616,"29":0.069696,"30":0.034848,"31":0.050336,"32":0.05808,"33":0.03872,"34":0.015488,"35":0.015488,"36":0.147136,"37":0.065824,"38":0.023232,"39":0.023232,"40":0.061952,"41":0.015488,"42":0.030976,"43":0.956384,"44":0.05808,"45":0.189728,"46":0.046464,"47":0.487872,"48":0.147136,"49":0.611776,"50":0.422048,"51":15.108544,"52":0.553696,"53":0.042592,"54":0.015488,"55":null},"firefox":{"2":null,"3":0.011616,"3.5":0.023232,"3.6":0.050336,"4":0.027104,"5":0.015488,"6":0.007744,"7":0.007744,"8":0.011616,"9":0.011616,"10":0.015488,"11":0.03872,"12":0.034848,"13":0.01936,"14":0.023232,"15":0.015488,"16":0.01936,"17":0.01936,"18":0.011616,"19":0.01936,"20":0.023232,"21":0.073568,"22":0.023232,"23":0.01936,"24":0.023232,"25":0.027104,"26":0.046464,"27":0.007744,"28":0.011616,"29":0.046464,"30":0.104544,"31":0.023232,"32":0.01936,"33":0.03872,"34":0.034848,"35":0.023232,"36":0.01936,"37":0.034848,"38":0.034848,"39":0.027104,"40":0.042592,"41":0.027104,"42":0.05808,"43":0.243936,"44":0.081312,"45":0.11616,"46":0.143264,"47":3.50416,"48":0.092928,"49":0.003872,"50":null},"opera":{"9":null,"9.5-9.6":0.007744,"10.0-10.1":0,"10.5":null,"10.6":0.007744,"11":0.003872,"11.1":null,"11.5":0.011616,"11.6":0.030976,"12":0.015488,"12.1":0.046464,"15":0.015488,"16":0.007744,"17":null,"18":0.007744,"19":null,"20":0.003872,"21":0.007744,"22":0.003872,"23":null,"24":null,"25":null,"26":null,"27":null,"28":0.011616,"29":0.003872,"30":0.011616,"31":0.003872,"32":0.011616,"33":0.015488,"34":0.023232,"35":0.01936,"36":0.042592,"37":0.089056,"38":0.782144,"39":0.015488,"40":null},"safari":{"3.1":null,"3.2":null,"4":0.011616,"5":0.011616,"5.1":0.050336,"6":0.015488,"6.1":0.030976,"7":0.015488,"7.1":0.011616,"8":0.120032,"9":0.178112,"9.1":1.29712,"10":null,"0":null},"ios_saf":{"3.2":0,"4.0-4.1":0,"4.2-4.3":0,"5.0-5.1":0,"6.0-6.1":0,"7.0-7.1":0.0714498326742,"8":0,"8.1-8.4":0.168673805902,"9.0-9.2":0.25708889565,"9.3":2.71998746577},"android":{"2.1":0,"2.2":0,"2.3":0.0164120635251,"3":0,"4":0.11670800729,"4.1":0.437655027337,"4.2-4.3":1.06313700391,"4.4":3.06176162874,"4.4.3-4.4.4":2.3086302692,"51":null},"op_mob":{"10":0,"11":0,"11.1":0,"11.5":0,"12":0,"12.1":0.0582326934126,"0":2.56223851015},"ie":{"5.5":null,"6":0.00390568909513,"7":0.0234341345708,"8":0.535079406032,"9":0.585853364269,"10":0.710835415313,"11":4.83524309977},"bb":{"7":0.055152,"10":null},"ie_mob":{"10":0.136193078652,"11":0.427582921348},"edge":{"12":0.25168,"13":1.455872,"14":null},"and_ff":{"0":0.03064},"samsung":{"0":2.923056},"and_uc":{"0":1.764864},"op_mini":{"0":30.6545687964},"and_chr":{"0":13.014592}},"total":98.183135109}