{"id":"AR","name":"Argentina","month":"2016-07","access_date":"2016-08-02","data":{"chrome":{"4":null,"5":null,"6":null,"7":null,"8":null,"9":null,"10":null,"11":0.018045,"12":0.01203,"13":null,"14":null,"15":null,"16":null,"17":null,"18":0.02406,"19":null,"20":null,"21":0.01203,"22":0.03609,"23":0.006015,"24":null,"25":0.006015,"26":0.04812,"27":0.03609,"28":0.006015,"29":0.054135,"30":0.01203,"31":0.042105,"32":0.018045,"33":0.018045,"34":0.090225,"35":0.08421,"36":0.042105,"37":0.042105,"38":0.078195,"39":0.078195,"40":0.042105,"41":0.04812,"42":0.054135,"43":0.16842,"44":0.138345,"45":0.114285,"46":0.22857,"47":0.234585,"48":0.20451,"49":5.515755,"50":0.54135,"51":36.18624,"52":0.92631,"53":0.042105,"54":0.01203,"55":null},"firefox":{"2":null,"3":0.01203,"3.5":0.01203,"3.6":0.030075,"4":0.006015,"5":null,"6":0.01203,"7":null,"8":null,"9":null,"10":null,"11":0.006015,"12":0.042105,"13":null,"14":null,"15":0.018045,"16":0.01203,"17":null,"18":null,"19":null,"20":0.01203,"21":0.006015,"22":null,"23":0.006015,"24":0.006015,"25":null,"26":0.006015,"27":0.01203,"28":0.006015,"29":0.030075,"30":0.01203,"31":0.018045,"32":0.01203,"33":0.01203,"34":0.02406,"35":0.01203,"36":0.018045,"37":0.030075,"38":0.06015,"39":0.03609,"40":0.030075,"41":0.03609,"42":0.042105,"43":0.126315,"44":0.04812,"45":0.15639,"46":0.114285,"47":5.202975,"48":0.04812,"49":null,"50":null},"opera":{"9":null,"9.5-9.6":null,"10.0-10.1":0,"10.5":null,"10.6":null,"11":null,"11.1":null,"11.5":null,"11.6":null,"12":null,"12.1":0.02406,"15":null,"16":null,"17":null,"18":null,"19":null,"20":null,"21":null,"22":null,"23":null,"24":null,"25":null,"26":null,"27":null,"28":null,"29":0.01203,"30":null,"31":null,"32":null,"33":null,"34":null,"35":0.006015,"36":0.042105,"37":0.03609,"38":0.354885,"39":null,"40":null},"safari":{"3.1":null,"3.2":null,"4":0,"5":0.01203,"5.1":0.02406,"6":null,"6.1":0.018045,"7":0.006015,"7.1":0.006015,"8":0.04812,"9":0.078195,"9.1":0.45714,"10":null,"0":null},"ios_saf":{"3.2":0,"4.0-4.1":0,"4.2-4.3":0,"5.0-5.1":0,"6.0-6.1":0,"7.0-7.1":0.0506356604807,"8":0,"8.1-8.4":0.119537152824,"9.0-9.2":0.182195892506,"9.3":1.92762329419},"android":{"2.1":0,"2.2":0,"2.3":0.00824700390523,"3":0,"4":0.0586453611039,"4.1":0.21992010414,"4.2-4.3":0.534222586306,"4.4":1.53852439521,"4.4.3-4.4.4":1.16007854934,"51":null},"op_mob":{"10":0,"11":0,"11.1":0,"11.5":0,"12":0,"12.1":0.00311812204061,"0":0.137197369787},"ie":{"5.5":null,"6":0.0603528667791,"7":0.0543175801012,"8":0.567316947723,"9":0.325905480607,"10":0.241411467116,"11":2.30547951096},"bb":{"7":0.029895,"10":null},"ie_mob":{"10":0.565228235955,"11":1.77455376404},"edge":{"12":0.10827,"13":0.824055,"14":null},"and_ff":{"0":0.015944},"samsung":{"0":1.351254},"and_uc":{"0":0.255104},"op_mini":{"0":1.64142650817},"and_chr":{"0":30.259592}},"total":98.9392718533}