{"id":"AS","name":"American Samoa","month":"2016-01","access_date":"2016-02-03","data":{"firefox":{"2":0,"3":0.025824,"3.5":0,"3.6":0.122664,"4":0.006456,"5":0,"6":0.019368,"7":0.012912,"8":0,"9":0,"10":0.761808,"11":0.012912,"12":0.045192,"13":0,"14":0.038736,"15":0.019368,"16":0.006456,"17":0.012912,"18":0,"19":0.019368,"20":0,"21":0,"22":0,"23":0,"24":0,"25":0.006456,"26":0.006456,"27":0.006456,"28":0.03228,"29":0.083928,"30":0.006456,"31":0.167856,"32":0.006456,"33":0,"34":0.012912,"35":0.038736,"36":0.006456,"37":0.077472,"38":0.083928,"39":0.006456,"40":0.051648,"41":0.109752,"42":0.342168,"43":6.126744,"44":0.77472,"45":0.083928,"46":0,"47":0},"chrome":{"4":0,"5":0,"6":0,"7":0,"8":0,"9":0,"10":0,"11":0.025824,"12":0,"13":0,"14":0,"15":0,"16":0,"17":0,"18":0.012912,"19":0.012912,"20":0.006456,"21":0,"22":0,"23":0,"24":0,"25":0,"26":0.012912,"27":0,"28":0.045192,"29":0.006456,"30":0,"31":0.012912,"32":0.019368,"33":0.019368,"34":0.006456,"35":0.045192,"36":0.03228,"37":0.006456,"38":0.03228,"39":0.045192,"40":0.038736,"41":0.012912,"42":0.058104,"43":0.264696,"44":0.1614,"45":0.25824,"46":0.464832,"47":17.663616,"48":14.661576,"49":0.012912,"50":0,"51":0},"opera":{"9":0,"9.5-9.6":0,"10.0-10.1":0,"10.5":0,"10.6":0,"11":0,"11.1":0,"11.5":0,"11.6":0,"12":0,"12.1":0.038736,"15":0,"16":0,"17":0,"18":0,"19":0,"20":0,"21":0,"22":0,"23":0,"24":0,"25":0,"26":0,"27":0,"28":0,"29":0.006456,"30":0,"31":0,"32":0,"33":0,"34":0.122664,"35":0,"36":0},"safari":{"3.1":0,"3.2":0,"4":0.116208,"5":0.174312,"5.1":1.246008,"6":1.381584,"6.1":0.103296,"7":0.180768,"7.1":0.038736,"8":0.38736,"9":0.755352,"9.1":0},"android":{"2.1":0,"2.2":0,"2.3":0.0566480935175,"3":0,"4":0.235443638682,"4.1":0.805465079702,"4.2-4.3":1.79326621041,"4.4":3.5688298916,"4.4.3-4.4.4":1.86938708608,"47":null},"ios_saf":{"3.2":0,"4.0-4.1":0,"4.2-4.3":0,"5.0-5.1":0,"6.0-6.1":0,"7.0-7.1":0.371844240239,"8":0.0260773882765,"8.1-8.4":1.06241211497,"9.0-9.2":7.91497025652,"9.3":null},"op_mob":{"10":0,"11":0,"11.1":0,"11.5":0,"12":0.000300938092277,"12.1":0.000300938092277,"0":0.0159497188907},"ie":{"5.5":0,"6":0.00649836220472,"7":0.0129967244094,"8":0.240439401575,"9":0.851285448819,"10":0.474380440945,"11":8.31790362205},"bb":{"7":0.000886,"10":null},"ie_mob":{"10":0.0792783865546,"11":0.349545613445},"edge":{"12":0.3228,"13":0.35508,"14":0},"and_uc":{"0":2.40992},"op_mini":{"5.0-8.0":4.01652040492},"and_chr":{"0":15.986904},"and_ff":{"0":0.021264}},"total":98.79251}