{"id":"AT","name":"Austria","month":"2016-07","access_date":"2016-08-02","data":{"chrome":{"4":null,"5":null,"6":null,"7":null,"8":null,"9":null,"10":null,"11":0.02492,"12":null,"13":null,"14":null,"15":null,"16":null,"17":null,"18":0.01246,"19":null,"20":null,"21":null,"22":0.04984,"23":null,"24":null,"25":null,"26":0.02492,"27":0.00623,"28":null,"29":0.14952,"30":null,"31":0.16821,"32":0.01246,"33":0.02492,"34":0.04361,"35":0.02492,"36":0.01869,"37":0.03115,"38":0.03738,"39":0.04361,"40":0.02492,"41":0.04361,"42":0.02492,"43":0.08099,"44":0.05607,"45":0.09345,"46":0.09968,"47":0.09968,"48":0.16198,"49":1.10271,"50":0.4984,"51":18.82083,"52":0.57939,"53":0.03738,"54":0.01869,"55":null},"firefox":{"2":null,"3":0.00623,"3.5":null,"3.6":0.03115,"4":null,"5":null,"6":null,"7":null,"8":null,"9":null,"10":0.02492,"11":null,"12":0.05607,"13":null,"14":0.00623,"15":null,"16":0.02492,"17":0.00623,"18":null,"19":null,"20":0.01869,"21":0.01246,"22":null,"23":0.01246,"24":0.01246,"25":0.00623,"26":0.00623,"27":0.00623,"28":0.01869,"29":0.01869,"30":0.02492,"31":0.05607,"32":0.01869,"33":0.04361,"34":0.03738,"35":0.04361,"36":0.04361,"37":0.07476,"38":0.2492,"39":0.11214,"40":0.11214,"41":0.11837,"42":0.19313,"43":0.27412,"44":0.18067,"45":0.4984,"46":0.36757,"47":14.77756,"48":0.13706,"49":0.01246,"50":0.00623},"opera":{"9":null,"9.5-9.6":null,"10.0-10.1":0,"10.5":null,"10.6":null,"11":0.00623,"11.1":null,"11.5":null,"11.6":null,"12":null,"12.1":0.17444,"15":null,"16":null,"17":null,"18":null,"19":null,"20":null,"21":null,"22":null,"23":null,"24":null,"25":null,"26":null,"27":null,"28":0.01246,"29":null,"30":null,"31":null,"32":null,"33":null,"34":null,"35":0.01246,"36":0.04984,"37":0.06853,"38":0.91581,"39":0.01246,"40":null},"safari":{"3.1":null,"3.2":null,"4":0.01869,"5":0.08099,"5.1":0.21805,"6":0.01869,"6.1":0.13706,"7":0.05607,"7.1":0.03115,"8":0.32396,"9":0.59808,"9.1":3.06516,"10":0.01869,"0":null},"ios_saf":{"3.2":0,"4.0-4.1":0,"4.2-4.3":0,"5.0-5.1":0,"6.0-6.1":0,"7.0-7.1":0.22673218132,"8":0,"8.1-8.4":0.535253596998,"9.0-9.2":0.815821730048,"9.3":8.63135249163},"android":{"2.1":0,"2.2":0,"2.3":0.0053355167925,"3":0,"4":0.0379414527467,"4.1":0.1422804478,"4.2-4.3":0.345622921114,"4.4":0.995370299401,"4.4.3-4.4.4":0.750529362145,"51":null},"op_mob":{"10":0,"11":0,"11.1":0,"11.5":0,"12":0,"12.1":0.00368808948324,"0":0.162275937263},"ie":{"5.5":null,"6":0.0124824504505,"7":0.0312061261261,"8":0.28709636036,"9":0.41816209009,"10":0.41816209009,"11":9.22453088288},"bb":{"7":0.020735,"10":null},"ie_mob":{"10":0.132055898876,"11":0.414594101124},"edge":{"12":0.20559,"13":3.32682,"14":0.01869},"and_ff":{"0":0.07917},"samsung":{"0":5.0141},"and_uc":{"0":1.41752},"op_mini":{"0":1.94146597325},"and_chr":{"0":16.59901}},"total":98.097545}