{"id":"AU","name":"Australia","month":"2016-01","access_date":"2016-02-03","data":{"firefox":{"2":0,"3":0,"3.5":0,"3.6":0.013348,"4":0.006674,"5":0,"6":0.006674,"7":0,"8":0,"9":0,"10":0.006674,"11":0.006674,"12":0.006674,"13":0.006674,"14":0.006674,"15":0,"16":0.013348,"17":0.006674,"18":0.006674,"19":0,"20":0.006674,"21":0.026696,"22":0.013348,"23":0.006674,"24":0.026696,"25":0.020022,"26":0.006674,"27":0.006674,"28":0.020022,"29":0.013348,"30":0.013348,"31":0.046718,"32":0.013348,"33":0.020022,"34":0.020022,"35":0.03337,"36":0.026696,"37":0.060066,"38":0.186872,"39":0.080088,"40":0.073414,"41":0.120132,"42":0.240264,"43":5.526072,"44":0.293656,"45":0.006674,"46":0.006674,"47":0},"chrome":{"4":0,"5":0,"6":0,"7":0,"8":0,"9":0,"10":0,"11":0.040044,"12":0,"13":0,"14":0,"15":0,"16":0,"17":0,"18":0.006674,"19":0,"20":0,"21":0.006674,"22":0.020022,"23":0,"24":0.006674,"25":0.006674,"26":0.040044,"27":0.006674,"28":0.006674,"29":0.013348,"30":0.013348,"31":0.160176,"32":0.020022,"33":0.06674,"34":0.053392,"35":0.053392,"36":0.06674,"37":0.046718,"38":0.060066,"39":0.120132,"40":0.086762,"41":0.106784,"42":0.140154,"43":0.246938,"44":0.253612,"45":0.493876,"46":0.987752,"47":21.810632,"48":1.922112,"49":0.06674,"50":0.013348,"51":0},"opera":{"9":0,"9.5-9.6":0,"10.0-10.1":0,"10.5":0,"10.6":0,"11":0,"11.1":0,"11.5":0,"11.6":0,"12":0.006674,"12.1":0.03337,"15":0,"16":0,"17":0,"18":0,"19":0,"20":0,"21":0,"22":0,"23":0,"24":0,"25":0,"26":0,"27":0,"28":0.020022,"29":0,"30":0,"31":0.006674,"32":0.006674,"33":0.006674,"34":0.213568,"35":0,"36":0},"safari":{"3.1":0,"3.2":0,"4":0.013348,"5":0.080088,"5.1":0.280308,"6":0.046718,"6.1":0.220242,"7":0.160176,"7.1":0.13348,"8":0.914338,"9":3.357022,"9.1":0.006674},"android":{"2.1":0,"2.2":0,"2.3":0.0166126724761,"3":0,"4":0.0690464199787,"4.1":0.236211436769,"4.2-4.3":0.525894913071,"4.4":1.04659836599,"4.4.3-4.4.4":0.548218191711,"47":null},"ios_saf":{"3.2":0,"4.0-4.1":0,"4.2-4.3":0,"5.0-5.1":0,"6.0-6.1":0,"7.0-7.1":1.15773287731,"8":0.0811916563305,"8.1-8.4":3.30780822087,"9.0-9.2":24.6431712455,"9.3":null},"op_mob":{"10":0,"11":0,"11.1":0,"11.5":0,"12":6.45263026987e-6,"12.1":6.45263026987e-6,"0":0.000341989404303},"ie":{"5.5":0,"6":0.0134500600765,"7":0.0201750901147,"8":0.511102282906,"9":0.833903724741,"10":0.753203364282,"11":10.1547953577},"bb":{"7":0.009978,"10":null},"ie_mob":{"10":0.0959229579832,"11":0.422933042017},"edge":{"12":null,"13":null,"14":null},"and_uc":{"0":0.305992},"op_mini":{"5.0-8.0":0.0861211053352},"and_chr":{"0":12.68364},"and_ff":{"0":0.046564}},"total":97.0206358798}