{"id":"AU","name":"Australia","month":"2016-07","access_date":"2016-08-02","data":{"chrome":{"4":null,"5":null,"6":null,"7":null,"8":null,"9":null,"10":null,"11":0.017154,"12":null,"13":null,"14":null,"15":null,"16":null,"17":null,"18":0.005718,"19":null,"20":null,"21":null,"22":0.022872,"23":null,"24":null,"25":null,"26":0.034308,"27":0.005718,"28":null,"29":0.062898,"30":0.011436,"31":0.154386,"32":0.011436,"33":0.045744,"34":0.045744,"35":0.034308,"36":0.022872,"37":0.02859,"38":0.045744,"39":0.062898,"40":0.051462,"41":0.074334,"42":0.080052,"43":0.148668,"44":0.11436,"45":0.320208,"46":0.131514,"47":0.205848,"48":0.245874,"49":1.612476,"50":0.74334,"51":24.827556,"52":0.651852,"53":0.040026,"54":0.017154,"55":null},"firefox":{"2":null,"3":null,"3.5":null,"3.6":0.011436,"4":null,"5":null,"6":null,"7":null,"8":null,"9":null,"10":null,"11":null,"12":null,"13":null,"14":null,"15":null,"16":0.005718,"17":null,"18":null,"19":null,"20":0.08577,"21":0.011436,"22":null,"23":null,"24":0.005718,"25":null,"26":null,"27":null,"28":0.005718,"29":0.005718,"30":0.005718,"31":0.017154,"32":0.005718,"33":0.011436,"34":0.02859,"35":0.011436,"36":0.017154,"37":0.022872,"38":0.240156,"39":0.034308,"40":0.02859,"41":0.040026,"42":0.045744,"43":0.08577,"44":0.05718,"45":0.217284,"46":0.148668,"47":6.101106,"48":0.091488,"49":null,"50":null},"opera":{"9":null,"9.5-9.6":null,"10.0-10.1":0.011436,"10.5":null,"10.6":null,"11":0.011436,"11.1":0.022872,"11.5":null,"11.6":null,"12":null,"12.1":0.02859,"15":null,"16":null,"17":null,"18":null,"19":null,"20":null,"21":null,"22":null,"23":null,"24":null,"25":null,"26":null,"27":null,"28":0.017154,"29":null,"30":null,"31":null,"32":null,"33":null,"34":0.022872,"35":null,"36":0.011436,"37":0.011436,"38":0.177258,"39":null,"40":null},"safari":{"3.1":null,"3.2":null,"4":0.005718,"5":0.051462,"5.1":0.194412,"6":0.022872,"6.1":0.154386,"7":0.08577,"7.1":0.034308,"8":0.531774,"9":0.97206,"9.1":3.756726,"10":0.017154,"0":null},"ios_saf":{"3.2":0,"4.0-4.1":0,"4.2-4.3":0,"5.0-5.1":0,"6.0-6.1":0,"7.0-7.1":0.526868938546,"8":0,"8.1-8.4":1.24379562205,"9.0-9.2":1.89576586107,"9.3":20.0571065783},"android":{"2.1":0,"2.2":0,"2.3":0.00346230538922,"3":0,"4":0.0246208383234,"4.1":0.0923281437126,"4.2-4.3":0.224280449102,"4.4":0.645912305389,"4.4.3-4.4.4":0.487030958084,"51":null},"op_mob":{"10":0,"11":0,"11.1":0,"11.5":0,"12":0,"12.1":0.000284826217599,"0":0.0125323535744},"ie":{"5.5":null,"6":0.00579622161423,"7":0.347773296854,"8":0.52165994528,"9":0.376754404925,"10":0.359365740082,"11":6.85113394802},"bb":{"7":0.00963675,"10":null},"ie_mob":{"10":0.10139641573,"11":0.31833758427},"edge":{"12":0.182976,"13":3.013386,"14":0.011436},"and_ff":{"0":0.047113},"samsung":{"0":4.372943},"and_uc":{"0":0.672431},"op_mini":{"0":0.149936820208},"and_chr":{"0":12.993468}},"total":98.9091273068}