{"id":"AW","name":"Aruba","month":"2016-07","access_date":"2016-08-02","data":{"chrome":{"4":null,"5":null,"6":null,"7":null,"8":null,"9":null,"10":null,"11":0.015492,"12":null,"13":null,"14":null,"15":null,"16":null,"17":null,"18":0.010328,"19":null,"20":null,"21":null,"22":0.036148,"23":null,"24":null,"25":0.005164,"26":0.010328,"27":null,"28":0.010328,"29":0.082624,"30":null,"31":0.015492,"32":0.010328,"33":0.010328,"34":0.020656,"35":0.030984,"36":0.010328,"37":0.05164,"38":0.046476,"39":0.015492,"40":0.036148,"41":0.005164,"42":0.02582,"43":0.05164,"44":0.056804,"45":0.118772,"46":0.02582,"47":0.144592,"48":0.098116,"49":1.85904,"50":0.149756,"51":21.213712,"52":0.728124,"53":0.07746,"54":0.005164,"55":null},"firefox":{"2":null,"3":null,"3.5":null,"3.6":null,"4":null,"5":null,"6":null,"7":null,"8":null,"9":null,"10":null,"11":null,"12":null,"13":null,"14":null,"15":null,"16":null,"17":null,"18":null,"19":null,"20":0.010328,"21":null,"22":0.010328,"23":null,"24":0.020656,"25":null,"26":null,"27":null,"28":0.005164,"29":0.005164,"30":0.02582,"31":null,"32":null,"33":null,"34":0.05164,"35":null,"36":null,"37":0.015492,"38":0.030984,"39":0.118772,"40":0.010328,"41":0.030984,"42":0.020656,"43":0.061968,"44":0.05164,"45":0.046476,"46":0.061968,"47":6.511804,"48":0.036148,"49":null,"50":null},"opera":{"9":null,"9.5-9.6":null,"10.0-10.1":0,"10.5":null,"10.6":null,"11":null,"11.1":null,"11.5":null,"11.6":null,"12":null,"12.1":0.015492,"15":null,"16":null,"17":null,"18":null,"19":null,"20":null,"21":null,"22":null,"23":null,"24":null,"25":null,"26":null,"27":null,"28":0.010328,"29":0.046476,"30":null,"31":null,"32":null,"33":null,"34":0.010328,"35":0.010328,"36":0.010328,"37":0.139428,"38":0.18074,"39":null,"40":null},"safari":{"3.1":null,"3.2":null,"4":0,"5":0.015492,"5.1":0.067132,"6":0.005164,"6.1":0.067132,"7":0.020656,"7.1":0.02582,"8":0.242708,"9":0.304676,"9.1":2.483884,"10":0.005164,"0":null},"ios_saf":{"3.2":0,"4.0-4.1":0,"4.2-4.3":0,"5.0-5.1":0,"6.0-6.1":0,"7.0-7.1":0.396070394585,"8":0,"8.1-8.4":0.935015497718,"9.0-9.2":1.42513000426,"9.3":15.0778031034},"android":{"2.1":0,"2.2":0,"2.3":0.00931635667795,"3":0,"4":0.0662496474876,"4.1":0.248436178079,"4.2-4.3":0.603492882583,"4.4":1.73801809581,"4.4.3-4.4.4":1.31050083936,"51":null},"op_mob":{"10":0,"11":0,"11.1":0,"11.5":0,"12":0,"12.1":0.000287808287931,"0":0.012663564669},"ie":{"5.5":null,"6":null,"7":0.056804,"8":0.423448,"9":0.382136,"10":1.327148,"11":7.270912},"bb":{"7":0.11971575,"10":null},"ie_mob":{"10":0.0549189719101,"11":0.17242002809},"edge":{"12":0.216888,"13":2.850528,"14":null},"and_ff":{"0":0.019348},"samsung":{"0":8.532468},"and_uc":{"0":0.19348},"op_mini":{"0":0.151506627043},"and_chr":{"0":19.342137}},"total":98.70270675}