{"id":"AX","name":"Aland Islands","month":"2016-07","access_date":"2016-08-02","data":{"chrome":{"4":null,"5":null,"6":null,"7":null,"8":null,"9":null,"10":null,"11":0.03696,"12":null,"13":null,"14":null,"15":0.00616,"16":null,"17":null,"18":null,"19":null,"20":null,"21":null,"22":0.00616,"23":null,"24":null,"25":null,"26":null,"27":null,"28":null,"29":0.00616,"30":null,"31":null,"32":null,"33":null,"34":0.01848,"35":null,"36":0.03696,"37":null,"38":null,"39":0.01232,"40":0.01232,"41":0.00616,"42":null,"43":0.01232,"44":null,"45":0.02464,"46":0.01848,"47":0.07392,"48":0.02464,"49":1.97736,"50":0.27104,"51":29.2908,"52":0.68376,"53":0.25256,"54":0.00616,"55":null},"firefox":{"2":null,"3":0.01232,"3.5":0.02464,"3.6":null,"4":0.00616,"5":null,"6":null,"7":null,"8":null,"9":null,"10":null,"11":null,"12":null,"13":null,"14":null,"15":null,"16":null,"17":null,"18":null,"19":null,"20":0.0308,"21":null,"22":null,"23":null,"24":null,"25":null,"26":null,"27":null,"28":null,"29":0.01232,"30":0.02464,"31":null,"32":null,"33":0.00616,"34":null,"35":null,"36":0.01232,"37":null,"38":0.06776,"39":0.00616,"40":0.01232,"41":0.05544,"42":0.20944,"43":0.0924,"44":0.01232,"45":0.13552,"46":0.0616,"47":11.46376,"48":0.154,"49":null,"50":null},"opera":{"9":null,"9.5-9.6":null,"10.0-10.1":0,"10.5":null,"10.6":null,"11":null,"11.1":null,"11.5":null,"11.6":null,"12":null,"12.1":0.02464,"15":null,"16":null,"17":null,"18":null,"19":null,"20":null,"21":null,"22":null,"23":null,"24":null,"25":null,"26":null,"27":null,"28":null,"29":null,"30":null,"31":null,"32":null,"33":null,"34":null,"35":null,"36":null,"37":null,"38":0.462,"39":null,"40":null},"safari":{"3.1":null,"3.2":null,"4":0.11088,"5":0.01232,"5.1":0.30184,"6":0.01232,"6.1":0.09856,"7":0.01848,"7.1":0.00616,"8":0.22792,"9":0.6776,"9.1":3.30176,"10":0.01232,"0":null},"ios_saf":{"3.2":0,"4.0-4.1":0,"4.2-4.3":0,"5.0-5.1":0,"6.0-6.1":0,"7.0-7.1":0.362787125038,"8":0,"8.1-8.4":0.856442665044,"9.0-9.2":1.30537102525,"9.3":13.8107591847},"android":{"2.1":0,"2.2":0,"2.3":0.00405794324395,"3":0,"4":0.0288564852903,"4.1":0.108211819839,"4.2-4.3":0.262864545691,"4.4":0.757031856287,"4.4.3-4.4.4":0.570817349649,"51":null},"op_mob":{"10":0,"11":0,"11.1":0,"11.5":0,"12":0,"12.1":6.7201584943e-5,"0":0.00295686973749},"ie":{"5.5":null,"6":null,"7":0.0308,"8":0.43736,"9":0.308,"10":0.11704,"11":5.30992},"bb":{"7":0.00192,"10":null},"ie_mob":{"10":0.262522247191,"11":0.824197752809},"edge":{"12":0.06776,"13":3.59128,"14":null},"and_ff":{"0":0.00768},"samsung":{"0":4.75392},"and_uc":{"0":0.0192},"op_mini":{"0":0.0353759286776},"and_chr":{"0":14.67656}},"total":98.958}