{"id":"BA","name":"Bosnia and Herzegovina","month":"2016-07","access_date":"2016-08-02","data":{"chrome":{"4":null,"5":null,"6":null,"7":null,"8":null,"9":null,"10":null,"11":0.0302,"12":0.00604,"13":null,"14":0.01208,"15":null,"16":null,"17":null,"18":null,"19":null,"20":0.00604,"21":null,"22":0.10268,"23":0.01208,"24":0.00604,"25":0.01208,"26":0.08456,"27":null,"28":null,"29":0.10268,"30":0.01812,"31":0.03624,"32":0.01812,"33":0.03624,"34":0.12684,"35":0.01812,"36":0.03624,"37":0.0302,"38":0.0604,"39":0.08456,"40":0.04228,"41":0.01812,"42":0.03624,"43":0.12684,"44":0.0906,"45":0.0604,"46":0.09664,"47":0.34428,"48":0.13892,"49":5.3152,"50":0.39864,"51":34.0354,"52":0.91808,"53":0.09664,"54":0.01208,"55":null},"firefox":{"2":null,"3":0.01812,"3.5":null,"3.6":0.01208,"4":null,"5":null,"6":0.00604,"7":null,"8":null,"9":null,"10":null,"11":0.00604,"12":0.00604,"13":null,"14":0.01208,"15":0.03624,"16":0.01812,"17":0.00604,"18":0.00604,"19":0.00604,"20":0.01208,"21":null,"22":0.00604,"23":0.00604,"24":null,"25":null,"26":0.00604,"27":null,"28":0.00604,"29":0.00604,"30":0.01208,"31":0.01208,"32":0.01208,"33":0.01208,"34":0.01812,"35":0.03624,"36":0.01812,"37":0.03624,"38":0.07852,"39":0.04832,"40":0.04832,"41":0.04832,"42":0.04832,"43":0.18724,"44":0.07852,"45":0.24764,"46":0.13892,"47":9.24724,"48":0.23556,"49":null,"50":null},"opera":{"9":null,"9.5-9.6":null,"10.0-10.1":0,"10.5":null,"10.6":null,"11":null,"11.1":null,"11.5":null,"11.6":null,"12":null,"12.1":0.07852,"15":null,"16":null,"17":null,"18":null,"19":null,"20":null,"21":null,"22":null,"23":null,"24":null,"25":null,"26":null,"27":null,"28":0.01812,"29":null,"30":null,"31":0.00604,"32":null,"33":0.01208,"34":0.01812,"35":0.05436,"36":0.23556,"37":0.0906,"38":1.25028,"39":null,"40":0.01208},"safari":{"3.1":null,"3.2":null,"4":0,"5":0.00604,"5.1":0.02416,"6":null,"6.1":0.01208,"7":0.01208,"7.1":null,"8":0.04228,"9":0.06644,"9.1":0.35636,"10":null,"0":null},"ios_saf":{"3.2":0,"4.0-4.1":0,"4.2-4.3":0,"5.0-5.1":0,"6.0-6.1":0,"7.0-7.1":0.0890242884089,"8":0,"8.1-8.4":0.210162361221,"9.0-9.2":0.320324836832,"9.3":3.38902051354},"android":{"2.1":0,"2.2":0,"2.3":0.0141537945847,"3":0,"4":0.100649205936,"4.1":0.37743452226,"4.2-4.3":0.916851360323,"4.4":2.64046901198,"4.4.3-4.4.4":1.99096710492,"51":null},"op_mob":{"10":0,"11":0,"11.1":0,"11.5":0,"12":0,"12.1":0.000582280733036,"0":0.0256203522536},"ie":{"5.5":null,"6":null,"7":0.00606149466192,"8":0.109106903915,"9":0.078799430605,"10":0.133352882562,"11":1.37595928826},"bb":{"7":0.0059415,"10":null},"ie_mob":{"10":0.278449398876,"11":0.874201601124},"edge":{"12":0.0604,"13":0.67648,"14":0.00604},"and_ff":{"0":0.019805},"samsung":{"0":1.540829},"and_uc":{"0":0.075259},"op_mini":{"0":0.306521367013},"and_chr":{"0":27.444264}},"total":98.6709705}