{"id":"BD","name":"Bangladesh","month":"2016-07","access_date":"2016-08-02","data":{"chrome":{"4":0.001538,"5":0.001538,"6":0.001538,"7":null,"8":null,"9":0.001538,"10":0.006152,"11":0.01538,"12":0.009228,"13":0.001538,"14":0.003076,"15":null,"16":0.003076,"17":0.003076,"18":0.004614,"19":0.006152,"20":0.006152,"21":0.001538,"22":0.003076,"23":0.004614,"24":0.003076,"25":0.006152,"26":0.004614,"27":0.009228,"28":0.019994,"29":0.04614,"30":0.009228,"31":0.075362,"32":0.00769,"33":0.035374,"34":0.009228,"35":0.004614,"36":0.010766,"37":0.00769,"38":0.00769,"39":0.016918,"40":0.00769,"41":0.006152,"42":0.009228,"43":0.143034,"44":0.012304,"45":0.044602,"46":0.018456,"47":0.096894,"48":0.06152,"49":0.28453,"50":0.066134,"51":4.480194,"52":0.255308,"53":0.093818,"54":0.006152,"55":null},"firefox":{"2":0.003076,"3":0.26146,"3.5":0.004614,"3.6":0.021532,"4":0.013842,"5":0.004614,"6":0.00769,"7":0.003076,"8":0.00769,"9":0.010766,"10":0.010766,"11":0.03076,"12":0.02307,"13":0.01538,"14":0.019994,"15":0.021532,"16":0.012304,"17":0.013842,"18":0.013842,"19":0.012304,"20":0.01538,"21":0.012304,"22":0.01538,"23":0.006152,"24":0.009228,"25":0.012304,"26":0.009228,"27":0.013842,"28":0.009228,"29":0.05383,"30":0.033836,"31":0.02307,"32":0.02307,"33":0.026146,"34":0.024608,"35":0.032298,"36":0.043064,"37":0.03076,"38":0.058444,"39":0.052292,"40":0.05383,"41":0.049216,"42":0.059982,"43":0.22301,"44":0.143034,"45":0.116888,"46":0.187636,"47":3.21442,"48":0.942794,"49":0.00769,"50":0.001538},"opera":{"9":null,"9.5-9.6":0.001538,"10.0-10.1":0.027684,"10.5":null,"10.6":0.001538,"11":0.001538,"11.1":0.001538,"11.5":0.003076,"11.6":0.00769,"12":0.001538,"12.1":0.010766,"15":0.001538,"16":null,"17":0.001538,"18":0.003076,"19":0.004614,"20":0.003076,"21":0.001538,"22":0.003076,"23":null,"24":null,"25":0.003076,"26":0.003076,"27":0.003076,"28":0.004614,"29":0.006152,"30":0.021532,"31":null,"32":0.00769,"33":0.01538,"34":0.04614,"35":0.026146,"36":0.024608,"37":0.139958,"38":0.335284,"39":0.003076,"40":null},"safari":{"3.1":null,"3.2":null,"4":0.003076,"5":null,"5.1":0.004614,"6":0.006152,"6.1":0.001538,"7":0.006152,"7.1":null,"8":0.013842,"9":0.010766,"9.1":0.039988,"10":null,"0":null},"ios_saf":{"3.2":0,"4.0-4.1":0,"4.2-4.3":0,"5.0-5.1":0,"6.0-6.1":0,"7.0-7.1":0.0225516032857,"8":0,"8.1-8.4":0.0532382598114,"9.0-9.2":0.0811445816854,"9.3":0.858505555218},"android":{"2.1":0,"2.2":0,"2.3":0.0119957276751,"3":0,"4":0.0853029523562,"4.1":0.319886071336,"4.2-4.3":0.777056581619,"4.4":2.23786964072,"4.4.3-4.4.4":1.6873990263,"51":null},"op_mob":{"10":0,"11":0,"11.1":0,"11.5":0,"12":0,"12.1":0.0717636835397,"0":3.15760207575},"ie":{"5.5":null,"6":0.00511901492537,"7":0.00170633830846,"8":0.107499313433,"9":0.0204760597015,"10":0.0273014129353,"11":0.180871860697},"bb":{"7":0.0063465,"10":null},"ie_mob":{"10":0.228949393258,"11":0.718794606742},"edge":{"12":0.027684,"13":0.073824,"14":null},"and_ff":{"0":0.059234},"samsung":{"0":1.624704},"and_uc":{"0":17.609422},"op_mini":{"0":37.7774862407},"and_chr":{"0":17.345028}},"total":97.9303205}