{"id":"BF","name":"Burkina Faso","month":"2016-07","access_date":"2016-08-02","data":{"chrome":{"4":null,"5":null,"6":null,"7":null,"8":0.003324,"9":null,"10":0.019944,"11":0.089748,"12":null,"13":0.006648,"14":0.01662,"15":0.023268,"16":0.003324,"17":0.026592,"18":0.009972,"19":0.003324,"20":null,"21":null,"22":null,"23":0.019944,"24":0.086424,"25":0.029916,"26":0.006648,"27":0.06648,"28":0.043212,"29":0.013296,"30":0.026592,"31":0.029916,"32":0.013296,"33":0.019944,"34":0.006648,"35":0.01662,"36":0.013296,"37":0.019944,"38":0.026592,"39":0.023268,"40":0.006648,"41":0.006648,"42":0.013296,"43":0.019944,"44":0.013296,"45":0.11634,"46":0.026592,"47":0.11634,"48":0.179496,"49":0.525192,"50":0.122988,"51":9.62298,"52":0.169524,"53":null,"54":0.006648,"55":null},"firefox":{"2":0.019944,"3":0.172848,"3.5":0.013296,"3.6":0.019944,"4":0.086424,"5":0.006648,"6":null,"7":null,"8":0.006648,"9":0.006648,"10":0.009972,"11":0.013296,"12":0.026592,"13":0.019944,"14":0.009972,"15":0.023268,"16":0.01662,"17":0.03324,"18":0.009972,"19":0.013296,"20":0.14958,"21":0.043212,"22":0.013296,"23":0.039888,"24":0.073128,"25":0.03324,"26":0.023268,"27":0.073128,"28":0.039888,"29":0.069804,"30":0.11634,"31":0.09972,"32":0.076452,"33":0.119664,"34":0.069804,"35":0.176172,"36":0.142932,"37":0.059832,"38":0.0831,"39":0.142932,"40":0.069804,"41":0.069804,"42":0.113016,"43":1.083624,"44":0.312456,"45":0.222708,"46":0.39888,"47":10.65342,"48":0.375612,"49":0.013296,"50":null},"opera":{"9":null,"9.5-9.6":null,"10.0-10.1":0,"10.5":null,"10.6":null,"11":0.053184,"11.1":null,"11.5":0.036564,"11.6":null,"12":0.01662,"12.1":0.009972,"15":null,"16":null,"17":null,"18":0.029916,"19":null,"20":0.006648,"21":0.003324,"22":null,"23":null,"24":null,"25":null,"26":null,"27":null,"28":null,"29":0.006648,"30":0.009972,"31":null,"32":null,"33":0.003324,"34":0.009972,"35":0.079776,"36":0.039888,"37":0.136284,"38":0.608292,"39":null,"40":null},"safari":{"3.1":null,"3.2":null,"4":0.003324,"5":0.013296,"5.1":0.009972,"6":0.029916,"6.1":null,"7":0.03324,"7.1":null,"8":0.029916,"9":0.089748,"9.1":0.528516,"10":null,"0":null},"ios_saf":{"3.2":0,"4.0-4.1":0,"4.2-4.3":0,"5.0-5.1":0,"6.0-6.1":0,"7.0-7.1":0.0148243078795,"8":0,"8.1-8.4":0.0349961971402,"9.0-9.2":0.0533404320049,"9.3":0.564339062975},"android":{"2.1":0,"2.2":0,"2.3":0.0144517833897,"3":0,"4":0.102768237438,"4.1":0.385380890393,"4.2-4.3":0.936154412913,"4.4":2.69606047904,"4.4.3-4.4.4":2.03288419682,"51":null},"op_mob":{"10":0,"11":0,"11.1":0,"11.5":0,"12":0,"12.1":0.0644820208024,"0":2.8372089153},"ie":{"5.5":null,"6":0.0133108891377,"7":0.00665544456887,"8":0.242923726764,"9":0.153075225084,"10":0.425948452408,"11":2.12974226204},"bb":{"7":0.03838125,"10":null},"ie_mob":{"10":0.0919125,"11":0.2885625},"edge":{"12":0.179496,"13":0.196116,"14":null},"and_ff":{"0":0.073425},"samsung":{"0":1.53525},"and_uc":{"0":6.441375},"op_mini":{"0":33.9443090639},"and_chr":{"0":13.87149}},"total":98.23448025}