{"id":"BG","name":"Bulgaria","month":"2016-07","access_date":"2016-08-02","data":{"chrome":{"4":null,"5":null,"6":null,"7":null,"8":null,"9":null,"10":0.006881,"11":0.034405,"12":null,"13":null,"14":null,"15":null,"16":0.055048,"17":null,"18":0.013762,"19":null,"20":null,"21":null,"22":0.027524,"23":null,"24":null,"25":0.013762,"26":0.06881,"27":0.013762,"28":0.006881,"29":1.149127,"30":0.013762,"31":0.020643,"32":0.240835,"33":0.034405,"34":0.06881,"35":0.048167,"36":0.027524,"37":0.034405,"38":0.034405,"39":0.034405,"40":0.158263,"41":0.027524,"42":0.027524,"43":0.144501,"44":0.103215,"45":0.061929,"46":0.06881,"47":0.192668,"48":0.20643,"49":4.54146,"50":0.461027,"51":30.544759,"52":0.798196,"53":0.055048,"54":0.013762,"55":null},"firefox":{"2":0.006881,"3":0.013762,"3.5":0.006881,"3.6":0.048167,"4":0.006881,"5":null,"6":0.006881,"7":null,"8":null,"9":null,"10":0.020643,"11":0.013762,"12":0.027524,"13":0.013762,"14":0.013762,"15":null,"16":0.013762,"17":0.013762,"18":0.013762,"19":0.013762,"20":0.020643,"21":0.006881,"22":0.013762,"23":0.013762,"24":0.020643,"25":0.006881,"26":0.006881,"27":0.013762,"28":0.020643,"29":0.013762,"30":0.027524,"31":0.034405,"32":0.027524,"33":0.027524,"34":0.061929,"35":0.034405,"36":0.13762,"37":0.041286,"38":0.116977,"39":0.089453,"40":0.055048,"41":0.089453,"42":0.103215,"43":0.295883,"44":0.123858,"45":0.295883,"46":0.309645,"47":14.512029,"48":0.151382,"49":0.013762,"50":0.006881},"opera":{"9":null,"9.5-9.6":null,"10.0-10.1":0,"10.5":null,"10.6":0.020643,"11":null,"11.1":null,"11.5":null,"11.6":0.013762,"12":0.006881,"12.1":0.20643,"15":null,"16":null,"17":null,"18":null,"19":null,"20":0.013762,"21":null,"22":null,"23":0.006881,"24":null,"25":null,"26":null,"27":null,"28":0.013762,"29":0.006881,"30":0.006881,"31":null,"32":null,"33":0.013762,"34":0.013762,"35":0.013762,"36":0.20643,"37":0.055048,"38":1.451891,"39":0.013762,"40":null},"safari":{"3.1":null,"3.2":null,"4":0,"5":0.006881,"5.1":0.041286,"6":null,"6.1":0.020643,"7":null,"7.1":null,"8":0.034405,"9":0.075691,"9.1":0.447265,"10":0.006881,"0":null},"ios_saf":{"3.2":0,"4.0-4.1":0,"4.2-4.3":0,"5.0-5.1":0,"6.0-6.1":0,"7.0-7.1":0.0738406881655,"8":0,"8.1-8.4":0.174317971605,"9.0-9.2":0.265691608559,"9.3":2.81100373167},"android":{"2.1":0,"2.2":0,"2.3":0.0074690346264,"3":0,"4":0.0531131351211,"4.1":0.199174256704,"4.2-4.3":0.483827465243,"4.4":1.39338990419,"4.4.3-4.4.4":1.05064420411,"51":null},"op_mob":{"10":0,"11":0,"11.1":0,"11.5":0,"12":0,"12.1":0.000933382763744,"0":0.0410688416048},"ie":{"5.5":null,"6":0.00692119275701,"7":0.020763578271,"8":0.484483492991,"9":0.436035143692,"10":0.318374866822,"11":4.6371991472},"bb":{"7":0.00701775,"10":null},"ie_mob":{"10":0.198915101124,"11":0.624500898876},"edge":{"12":0.075691,"13":0.956459,"14":0.013762},"and_ff":{"0":0.028071},"samsung":{"0":2.395392},"and_uc":{"0":0.352447},"op_mini":{"0":0.491346775632},"and_chr":{"0":21.979796}},"total":98.5587011717}