{"id":"BH","name":"Bahrain","month":"2016-07","access_date":"2016-08-02","data":{"chrome":{"4":null,"5":null,"6":null,"7":null,"8":null,"9":null,"10":null,"11":0.009264,"12":0.006176,"13":null,"14":null,"15":null,"16":null,"17":null,"18":0.006176,"19":null,"20":0.003088,"21":0.01544,"22":0.024704,"23":null,"24":0.01544,"25":null,"26":0.024704,"27":0.037056,"28":0.018528,"29":0.0772,"30":0.01544,"31":0.058672,"32":0.01544,"33":0.074112,"34":0.043232,"35":0.01544,"36":0.049408,"37":0.027792,"38":0.027792,"39":0.033968,"40":0.018528,"41":0.074112,"42":0.009264,"43":0.16984,"44":0.049408,"45":0.03088,"46":0.024704,"47":0.129696,"48":0.080288,"49":1.151824,"50":0.197632,"51":14.840928,"52":0.404528,"53":0.0772,"54":0.009264,"55":null},"firefox":{"2":null,"3":0.012352,"3.5":null,"3.6":0.03088,"4":null,"5":null,"6":0.024704,"7":null,"8":null,"9":null,"10":0.003088,"11":0.003088,"12":0.006176,"13":null,"14":0.006176,"15":0.009264,"16":0.006176,"17":null,"18":0.009264,"19":null,"20":null,"21":0.027792,"22":0.006176,"23":0.003088,"24":0.006176,"25":0.006176,"26":null,"27":0.006176,"28":0.003088,"29":0.009264,"30":0.009264,"31":0.009264,"32":null,"33":0.012352,"34":0.018528,"35":0.006176,"36":0.01544,"37":0.024704,"38":0.01544,"39":0.055584,"40":0.021616,"41":0.012352,"42":0.024704,"43":0.064848,"44":0.033968,"45":0.09264,"46":0.10808,"47":2.445696,"48":0.157488,"49":null,"50":null},"opera":{"9":null,"9.5-9.6":null,"10.0-10.1":0,"10.5":null,"10.6":null,"11":null,"11.1":0.003088,"11.5":null,"11.6":0.003088,"12":0.006176,"12.1":0.018528,"15":null,"16":null,"17":null,"18":null,"19":null,"20":null,"21":null,"22":null,"23":null,"24":null,"25":null,"26":null,"27":null,"28":0.033968,"29":null,"30":null,"31":null,"32":null,"33":null,"34":0.009264,"35":0.009264,"36":0.027792,"37":0.040144,"38":0.243952,"39":0.003088,"40":null},"safari":{"3.1":null,"3.2":null,"4":0.009264,"5":0.018528,"5.1":0.037056,"6":0.024704,"6.1":0.064848,"7":0.067936,"7.1":0.006176,"8":0.250128,"9":0.40144,"9.1":1.380336,"10":0.024704,"0":null},"ios_saf":{"3.2":0,"4.0-4.1":0,"4.2-4.3":0,"5.0-5.1":0,"6.0-6.1":0,"7.0-7.1":0.216444222695,"8":0,"8.1-8.4":0.510966498327,"9.0-9.2":0.77880386979,"9.3":8.23970540919},"android":{"2.1":0,"2.2":0,"2.3":0.011531397032,"3":0,"4":0.0820010455611,"4.1":0.307503920854,"4.2-4.3":0.746978274408,"4.4":2.15124617964,"4.4.3-4.4.4":1.6220831825,"51":null},"op_mob":{"10":0,"11":0,"11.1":0,"11.5":0,"12":0,"12.1":0.0081408,"0":0.3581952},"ie":{"5.5":null,"6":0.0217835658915,"7":0.0155596899225,"8":0.348537054264,"9":0.398328062016,"10":0.270738604651,"11":2.55801302326},"bb":{"7":0.029376,"10":null},"ie_mob":{"10":0.0884968988764,"11":0.277839101124},"edge":{"12":0.132784,"13":1.225936,"14":null},"and_ff":{"0":0.020736},"samsung":{"0":6.994944},"and_uc":{"0":13.049856},"op_mini":{"0":4.28544},"and_chr":{"0":29.90704}},"total":98.516896}