{"id":"BI","name":"Burundi","month":"2016-07","access_date":"2016-08-02","data":{"chrome":{"4":null,"5":null,"6":null,"7":null,"8":0.020727,"9":null,"10":null,"11":0.05922,"12":0.002961,"13":null,"14":null,"15":null,"16":0.017766,"17":null,"18":0.001974,"19":null,"20":null,"21":0.007896,"22":0.00987,"23":null,"24":null,"25":0.001974,"26":0.012831,"27":null,"28":null,"29":null,"30":0.006909,"31":0.004935,"32":0.001974,"33":0.005922,"34":0.004935,"35":null,"36":0.004935,"37":0.001974,"38":0.006909,"39":0.002961,"40":0.002961,"41":0.000987,"42":0.000987,"43":0.041454,"44":0.005922,"45":0.046389,"46":0.015792,"47":0.046389,"48":0.004935,"49":0.127323,"50":0.491526,"51":3.288684,"52":0.055272,"53":0.025662,"54":null,"55":null},"firefox":{"2":0.013818,"3":0.044415,"3.5":0.000987,"3.6":0.048363,"4":0.001974,"5":0.002961,"6":null,"7":0.008883,"8":null,"9":0.004935,"10":0.006909,"11":0.002961,"12":0.013818,"13":0.006909,"14":0.005922,"15":0.008883,"16":0.00987,"17":0.026649,"18":0.001974,"19":0.00987,"20":0.00987,"21":0.004935,"22":0.001974,"23":0.004935,"24":0.023688,"25":0.001974,"26":0.002961,"27":0.001974,"28":0.005922,"29":0.006909,"30":0.00987,"31":0.057246,"32":0.005922,"33":0.004935,"34":0.002961,"35":0.012831,"36":0.025662,"37":0.024675,"38":0.013818,"39":0.011844,"40":0.022701,"41":0.021714,"42":0.00987,"43":0.184569,"44":0.050337,"45":0.03948,"46":0.144102,"47":2.337216,"48":0.212205,"49":null,"50":null},"opera":{"9":null,"9.5-9.6":null,"10.0-10.1":0.011844,"10.5":null,"10.6":null,"11":0.001974,"11.1":null,"11.5":null,"11.6":0.001974,"12":null,"12.1":0.002961,"15":null,"16":null,"17":null,"18":null,"19":null,"20":null,"21":null,"22":null,"23":null,"24":null,"25":0.001974,"26":null,"27":null,"28":null,"29":0.000987,"30":0.003948,"31":null,"32":0.001974,"33":0.001974,"34":0.034545,"35":0.014805,"36":0.013818,"37":0.074025,"38":0.229971,"39":null,"40":null},"safari":{"3.1":null,"3.2":null,"4":0,"5":0.000987,"5.1":0.010857,"6":0.000987,"6.1":0.000987,"7":0.000987,"7.1":null,"8":0.008883,"9":0.005922,"9.1":0.068103,"10":null,"0":null},"ios_saf":{"3.2":0,"4.0-4.1":0,"4.2-4.3":0,"5.0-5.1":0,"6.0-6.1":0,"7.0-7.1":0.00880637176757,"8":0,"8.1-8.4":0.0207894712504,"9.0-9.2":0.031686853666,"9.3":0.335245303316},"android":{"2.1":0,"2.2":0,"2.3":0.00422327518875,"3":0,"4":0.03003217912,"4.1":0.1126206717,"4.2-4.3":0.273574381671,"4.4":0.787875449102,"4.4.3-4.4.4":0.594074043218,"51":null},"op_mob":{"10":0,"11":0,"11.1":0,"11.5":0,"12":0,"12.1":0.140175954037,"0":6.16774197761},"ie":{"5.5":null,"6":0.0049404772475,"7":0.0049404772475,"8":0.148214317425,"9":0.035571436182,"10":0.0642262042175,"11":0.63238108768},"bb":{"7":0.033795,"10":null},"ie_mob":{"10":0.126269258427,"11":0.396426741573},"edge":{"12":0.035532,"13":0.11844,"14":null},"and_ff":{"0":null},"samsung":{"0":0.486648},"and_uc":{"0":2.52336},"op_mini":{"0":73.7907380684},"and_chr":{"0":3.560463}},"total":98.771436}