{"id":"BM","name":"Bermuda","month":"2016-07","access_date":"2016-08-02","data":{"chrome":{"4":null,"5":null,"6":null,"7":null,"8":null,"9":null,"10":null,"11":0.021282,"12":0.021282,"13":null,"14":null,"15":null,"16":0.007094,"17":null,"18":null,"19":null,"20":null,"21":null,"22":0.007094,"23":0.014188,"24":null,"25":null,"26":0.007094,"27":0.049658,"28":0.021282,"29":0.014188,"30":null,"31":null,"32":0.007094,"33":0.028376,"34":0.042564,"35":null,"36":null,"37":0.014188,"38":0.021282,"39":0.120598,"40":0.014188,"41":0.028376,"42":0.021282,"43":0.056752,"44":0.028376,"45":0.014188,"46":0.092222,"47":0.170256,"48":0.099316,"49":1.98632,"50":0.290854,"51":23.488234,"52":0.454016,"53":0.028376,"54":null,"55":null},"firefox":{"2":null,"3":null,"3.5":0.007094,"3.6":null,"4":null,"5":null,"6":0.007094,"7":null,"8":null,"9":null,"10":null,"11":0.007094,"12":0.007094,"13":null,"14":0.014188,"15":null,"16":0.014188,"17":null,"18":0.007094,"19":null,"20":null,"21":null,"22":null,"23":null,"24":null,"25":null,"26":0.028376,"27":null,"28":null,"29":null,"30":null,"31":null,"32":null,"33":0.007094,"34":null,"35":0.014188,"36":null,"37":null,"38":0.03547,"39":null,"40":0.007094,"41":0.07094,"42":0.078034,"43":0.03547,"44":0.014188,"45":0.10641,"46":0.07094,"47":6.45554,"48":0.056752,"49":null,"50":null},"opera":{"9":null,"9.5-9.6":null,"10.0-10.1":0,"10.5":null,"10.6":null,"11":null,"11.1":null,"11.5":null,"11.6":null,"12":null,"12.1":null,"15":null,"16":null,"17":null,"18":null,"19":null,"20":null,"21":null,"22":null,"23":null,"24":null,"25":null,"26":null,"27":null,"28":null,"29":0.014188,"30":null,"31":null,"32":null,"33":null,"34":null,"35":null,"36":null,"37":0.03547,"38":0.085128,"39":null,"40":null},"safari":{"3.1":null,"3.2":null,"4":0.028376,"5":0.184444,"5.1":0.46111,"6":0.092222,"6.1":0.305042,"7":0.099316,"7.1":0.07094,"8":0.3547,"9":0.681024,"9.1":4.242212,"10":null,"0":null},"ios_saf":{"3.2":0,"4.0-4.1":0,"4.2-4.3":0,"5.0-5.1":0,"6.0-6.1":0,"7.0-7.1":0.323854117432,"8":0,"8.1-8.4":0.764532322888,"9.0-9.2":1.16528330839,"9.3":12.3286382513},"android":{"2.1":0,"2.2":0,"2.3":0.00286665816194,"3":0,"4":0.0203851247071,"4.1":0.0764442176517,"4.2-4.3":0.185695745379,"4.4":0.534791005988,"4.4.3-4.4.4":0.403243248112,"51":null},"op_mob":{"10":0,"11":0,"11.1":0,"11.5":0,"12":0,"12.1":0.000127140498597,"0":0.00559418193825},"ie":{"5.5":null,"6":0.007094,"7":0.021282,"8":0.645554,"9":1.38333,"10":1.021536,"11":20.920206},"bb":{"7":0.30513,"10":null},"ie_mob":{"10":0.0336965393258,"11":0.105791460674},"edge":{"12":0.198632,"13":4.78845,"14":0.014188},"and_ff":{"0":0.005812},"samsung":{"0":3.85045},"and_uc":{"0":0.098804},"op_mini":{"0":0.0669286775632},"and_chr":{"0":8.365942}},"total":98.512816}