{"id":"BN","name":"Brunei Darussalam","month":"2016-01","access_date":"2016-02-03","data":{"firefox":{"2":0.009252,"3":0.027756,"3.5":0.003084,"3.6":0.012336,"4":0.006168,"5":0.006168,"6":0.012336,"7":0.003084,"8":0,"9":0.012336,"10":0.006168,"11":0.012336,"12":0.012336,"13":0.006168,"14":0.003084,"15":0.003084,"16":0.024672,"17":0.003084,"18":0.003084,"19":0.003084,"20":0.006168,"21":0.006168,"22":0.003084,"23":0.003084,"24":0.003084,"25":0.012336,"26":0.003084,"27":0.055512,"28":0.006168,"29":0.021588,"30":0.018504,"31":0.03084,"32":0.070932,"33":0.012336,"34":0.027756,"35":0.024672,"36":0.027756,"37":0.03084,"38":0.055512,"39":0.117192,"40":0.055512,"41":0.09252,"42":0.194292,"43":2.948304,"44":0.397836,"45":0.009252,"46":0.003084,"47":0},"chrome":{"4":0,"5":0.006168,"6":0.003084,"7":0,"8":0,"9":0,"10":0.006168,"11":0.03084,"12":0.009252,"13":0,"14":0.006168,"15":0,"16":0,"17":0,"18":0.003084,"19":0,"20":0,"21":0.01542,"22":0.027756,"23":0.003084,"24":0,"25":0.003084,"26":0.006168,"27":0.003084,"28":0.003084,"29":0.006168,"30":0.006168,"31":0.033924,"32":0.018504,"33":0.074016,"34":0.009252,"35":0.018504,"36":0.024672,"37":0.012336,"38":0.03084,"39":0.037008,"40":0.055512,"41":0.018504,"42":0.04626,"43":0.10794,"44":0.126444,"45":0.188124,"46":0.259056,"47":11.3337,"48":0.845016,"49":0.135696,"50":0.006168,"51":0},"opera":{"9":0,"9.5-9.6":0,"10.0-10.1":0,"10.5":0,"10.6":0,"11":0,"11.1":0,"11.5":0,"11.6":0,"12":0,"12.1":0.120276,"15":0,"16":0.003084,"17":0.003084,"18":0,"19":0,"20":0,"21":0,"22":0,"23":0,"24":0,"25":0.003084,"26":0.003084,"27":0,"28":0.01542,"29":0.009252,"30":0.021588,"31":0,"32":0.018504,"33":0.064764,"34":0.379332,"35":0.009252,"36":0},"safari":{"3.1":0,"3.2":0,"4":0.01542,"5":0.04626,"5.1":0.089436,"6":0.018504,"6.1":0.055512,"7":0.043176,"7.1":0.021588,"8":0.329988,"9":0.928284,"9.1":0.003084},"android":{"2.1":0,"2.2":0,"2.3":0.0647151404888,"3":0,"4":0.268972302657,"4.1":0.920168403826,"4.2-4.3":2.0486386661,"4.4":4.0770538508,"4.4.3-4.4.4":2.13559963613,"47":null},"ios_saf":{"3.2":0,"4.0-4.1":0,"4.2-4.3":0,"5.0-5.1":0,"6.0-6.1":0,"7.0-7.1":0.421378553621,"8":0.029551223241,"8.1-8.4":1.20393872463,"9.0-9.2":8.96934349851,"9.3":null},"op_mob":{"10":0,"11":0,"11.1":0,"11.5":0,"12":0.00239501226216,"12.1":0.00239501226216,"0":0.126935649894},"ie":{"5.5":0,"6":0.00935367032967,"7":0.00935367032967,"8":0.165248175824,"9":0.249431208791,"10":0.174601846154,"11":1.36251797802},"bb":{"7":0.012103,"10":null},"ie_mob":{"10":0.0191788235294,"11":0.0845611764706},"edge":{"12":0.111024,"13":0.20046,"14":0},"and_uc":{"0":6.445712},"op_mini":{"5.0-8.0":31.9654303256},"and_chr":{"0":15.205484},"and_ff":{"0":0.027664}},"total":96.4424775495}