{"id":"BN","name":"Brunei Darussalam","month":"2016-07","access_date":"2016-08-02","data":{"chrome":{"4":null,"5":null,"6":null,"7":null,"8":null,"9":null,"10":null,"11":0.019128,"12":null,"13":null,"14":0.004782,"15":0.007173,"16":null,"17":null,"18":null,"19":null,"20":null,"21":0.004782,"22":0.009564,"23":null,"24":null,"25":null,"26":0.004782,"27":null,"28":0.004782,"29":0.007173,"30":0.004782,"31":0.02391,"32":0.009564,"33":0.098031,"34":0.002391,"35":0.004782,"36":0.028692,"37":0.016737,"38":0.016737,"39":0.038256,"40":0.040647,"41":0.007173,"42":0.014346,"43":0.052602,"44":0.028692,"45":0.040647,"46":0.035865,"47":0.258228,"48":0.04782,"49":0.779466,"50":0.306048,"51":11.546139,"52":0.301266,"53":0.081294,"54":0.004782,"55":null},"firefox":{"2":null,"3":0.014346,"3.5":null,"3.6":0.016737,"4":0.004782,"5":null,"6":0.009564,"7":null,"8":null,"9":0.009564,"10":0.002391,"11":0.009564,"12":0.004782,"13":0.011955,"14":null,"15":null,"16":0.009564,"17":null,"18":null,"19":null,"20":null,"21":null,"22":0.004782,"23":null,"24":0.004782,"25":0.004782,"26":null,"27":0.007173,"28":0.009564,"29":0.019128,"30":0.011955,"31":0.016737,"32":0.045429,"33":0.007173,"34":0.011955,"35":0.007173,"36":0.009564,"37":0.011955,"38":0.031083,"39":0.052602,"40":0.02391,"41":0.019128,"42":0.031083,"43":0.088467,"44":0.064557,"45":0.081294,"46":0.11955,"47":3.000705,"48":0.344304,"49":0.002391,"50":0.014346},"opera":{"9":null,"9.5-9.6":null,"10.0-10.1":0,"10.5":null,"10.6":null,"11":null,"11.1":null,"11.5":null,"11.6":null,"12":null,"12.1":0.031083,"15":null,"16":null,"17":null,"18":null,"19":null,"20":null,"21":null,"22":null,"23":null,"24":null,"25":null,"26":null,"27":null,"28":null,"29":null,"30":0.007173,"31":null,"32":0.007173,"33":null,"34":0.026301,"35":0.021519,"36":0.011955,"37":0.14346,"38":0.16737,"39":0.007173,"40":0.004782},"safari":{"3.1":null,"3.2":null,"4":0.007173,"5":0.033474,"5.1":0.069339,"6":0.009564,"6.1":0.038256,"7":0.026301,"7.1":0.009564,"8":0.117159,"9":0.208017,"9.1":1.030521,"10":null,"0":null},"ios_saf":{"3.2":0,"4.0-4.1":0,"4.2-4.3":0,"5.0-5.1":0,"6.0-6.1":0,"7.0-7.1":0.17036027989,"8":0,"8.1-8.4":0.402174724673,"9.0-9.2":0.612985847277,"9.3":6.48535914816},"android":{"2.1":0,"2.2":0,"2.3":0.0146929862015,"3":0,"4":0.104483457433,"4.1":0.391812965374,"4.2-4.3":0.951778995053,"4.4":2.74105820359,"4.4.3-4.4.4":2.06681339235,"51":null},"op_mob":{"10":0,"11":0,"11.1":0,"11.5":0,"12":0,"12.1":0.0693858114578,"0":3.05297570414},"ie":{"5.5":null,"6":null,"7":0.009564,"8":0.121941,"9":0.248664,"10":0.083685,"11":1.107033},"bb":{"7":0.00761,"10":null},"ie_mob":{"10":0.0147069662921,"11":0.0461730337079},"edge":{"12":0.052602,"13":0.384951,"14":0.004782},"and_ff":{"0":0.04566},"samsung":{"0":3.49299},"and_uc":{"0":5.38788},"op_mini":{"0":36.5257384844},"and_chr":{"0":14.080878}},"total":98.645981}