{"id":"BS","name":"Bahamas","month":"2016-07","access_date":"2016-08-02","data":{"chrome":{"4":null,"5":null,"6":null,"7":null,"8":null,"9":null,"10":null,"11":0.027595,"12":null,"13":null,"14":null,"15":null,"16":null,"17":0.011038,"18":null,"19":null,"20":0.005519,"21":null,"22":0.011038,"23":null,"24":null,"25":null,"26":null,"27":null,"28":null,"29":0.16557,"30":0.022076,"31":0.011038,"32":0.005519,"33":0.027595,"34":0.011038,"35":0.005519,"36":0.016557,"37":0.033114,"38":0.049671,"39":0.066228,"40":0.005519,"41":0.005519,"42":0.016557,"43":0.093823,"44":0.049671,"45":0.038633,"46":0.060709,"47":0.237317,"48":0.038633,"49":2.04203,"50":0.397368,"51":24.863095,"52":0.629166,"53":0.038633,"54":null,"55":null},"firefox":{"2":null,"3":null,"3.5":null,"3.6":0.011038,"4":null,"5":null,"6":null,"7":null,"8":null,"9":null,"10":null,"11":null,"12":0.022076,"13":0.005519,"14":null,"15":null,"16":0.027595,"17":0.011038,"18":null,"19":null,"20":null,"21":null,"22":null,"23":0.033114,"24":0.005519,"25":null,"26":null,"27":null,"28":null,"29":null,"30":null,"31":0.011038,"32":null,"33":0.011038,"34":null,"35":null,"36":null,"37":null,"38":0.022076,"39":0.005519,"40":null,"41":0.022076,"42":0.038633,"43":0.05519,"44":0.149013,"45":0.066228,"46":0.11038,"47":4.509023,"48":0.077266,"49":null,"50":null},"opera":{"9":null,"9.5-9.6":null,"10.0-10.1":0,"10.5":null,"10.6":null,"11":null,"11.1":null,"11.5":null,"11.6":null,"12":null,"12.1":0.011038,"15":null,"16":null,"17":null,"18":null,"19":null,"20":null,"21":null,"22":null,"23":null,"24":null,"25":null,"26":null,"27":null,"28":0.005519,"29":0.038633,"30":null,"31":null,"32":null,"33":0.011038,"34":null,"35":0.005519,"36":0.016557,"37":0.353216,"38":0.22076,"39":null,"40":null},"safari":{"3.1":null,"3.2":null,"4":0.027595,"5":0.077266,"5.1":0.193165,"6":0.016557,"6.1":0.115899,"7":0.060709,"7.1":0.011038,"8":0.237317,"9":0.436001,"9.1":2.527702,"10":0.016557,"0":null},"ios_saf":{"3.2":0,"4.0-4.1":0,"4.2-4.3":0,"5.0-5.1":0,"6.0-6.1":0,"7.0-7.1":0.241428700335,"8":0,"8.1-8.4":0.569948119055,"9.0-9.2":0.868702355542,"9.3":9.19082682507},"android":{"2.1":0,"2.2":0,"2.3":0.0100901247071,"3":0,"4":0.0717519979172,"4.1":0.26906999219,"4.2-4.3":0.653615856027,"4.4":1.88236882036,"4.4.3-4.4.4":1.4193442088,"51":null},"op_mob":{"10":0,"11":0,"11.1":0,"11.5":0,"12":0,"12.1":0.000329361267954,"0":0.01449189579},"ie":{"5.5":null,"6":null,"7":0.022076,"8":0.369773,"9":0.281469,"10":0.513267,"11":6.633838},"bb":{"7":0.06161375,"10":null},"ie_mob":{"10":0.219745219101,"11":0.689897780899},"edge":{"12":0.347697,"13":4.431757,"14":0.011038},"and_ff":{"0":0.035848},"samsung":{"0":8.572153},"and_uc":{"0":0.219569},"op_mini":{"0":0.173380742942},"and_chr":{"0":22.460307}},"total":98.79665075}