{"id":"BT","name":"Bhutan","month":"2016-07","access_date":"2016-08-02","data":{"chrome":{"4":null,"5":0.022106,"6":0.006316,"7":0.01579,"8":null,"9":0.003158,"10":null,"11":0.025264,"12":0.009474,"13":null,"14":0.025264,"15":null,"16":0.003158,"17":0.003158,"18":0.085266,"19":0.009474,"20":0.006316,"21":0.037896,"22":0.006316,"23":0.01579,"24":0.006316,"25":0.009474,"26":null,"27":0.034738,"28":0.012632,"29":0.034738,"30":0.129478,"31":0.075792,"32":0.012632,"33":0.056844,"34":0.018948,"35":0.028422,"36":0.025264,"37":0.003158,"38":0.018948,"39":0.006316,"40":0.022106,"41":0.022106,"42":0.009474,"43":0.28422,"44":0.072634,"45":0.066318,"46":0.082108,"47":0.729498,"48":0.075792,"49":1.05793,"50":0.60002,"51":15.543676,"52":0.37896,"53":0.328432,"54":0.018948,"55":null},"firefox":{"2":null,"3":0.041054,"3.5":0.006316,"3.6":0.028422,"4":0.04737,"5":0.012632,"6":0.003158,"7":null,"8":null,"9":0.003158,"10":0.04737,"11":0.022106,"12":0.028422,"13":null,"14":0.01579,"15":0.018948,"16":0.009474,"17":0.006316,"18":0.01579,"19":0.006316,"20":0.003158,"21":0.006316,"22":0.009474,"23":0.025264,"24":null,"25":0.009474,"26":null,"27":null,"28":0.006316,"29":0.018948,"30":0.003158,"31":0.01579,"32":0.041054,"33":0.034738,"34":0.006316,"35":0.050528,"36":0.009474,"37":0.009474,"38":0.028422,"39":0.025264,"40":0.034738,"41":0.03158,"42":0.025264,"43":0.208428,"44":0.11053,"45":0.14211,"46":0.167374,"47":2.971678,"48":0.682128,"49":null,"50":null},"opera":{"9":null,"9.5-9.6":null,"10.0-10.1":0,"10.5":null,"10.6":null,"11":null,"11.1":null,"11.5":null,"11.6":null,"12":null,"12.1":0.009474,"15":null,"16":null,"17":null,"18":null,"19":null,"20":null,"21":0.003158,"22":null,"23":null,"24":null,"25":null,"26":null,"27":null,"28":0.006316,"29":0.006316,"30":null,"31":null,"32":null,"33":null,"34":0.03158,"35":null,"36":0.025264,"37":0.06316,"38":0.148426,"39":null,"40":null},"safari":{"3.1":null,"3.2":null,"4":0,"5":0.003158,"5.1":0.01579,"6":0.003158,"6.1":0.012632,"7":0.025264,"7.1":0.009474,"8":0.091582,"9":0.104214,"9.1":0.353696,"10":null,"0":null},"ios_saf":{"3.2":0,"4.0-4.1":0,"4.2-4.3":0,"5.0-5.1":0,"6.0-6.1":0,"7.0-7.1":0.0765837736538,"8":0,"8.1-8.4":0.180793657438,"9.0-9.2":0.275561706115,"9.3":2.91542886279},"android":{"2.1":0,"2.2":0,"2.3":0.00883350117157,"3":0,"4":0.0628160083312,"4.1":0.235560031242,"4.2-4.3":0.572214575892,"4.4":1.64793871856,"4.4.3-4.4.4":1.2425791648,"51":null},"op_mob":{"10":0,"11":0,"11.1":0,"11.5":0,"12":0,"12.1":0.0297069541357,"0":1.30710598197},"ie":{"5.5":null,"6":0.012632,"7":null,"8":0.202112,"9":0.053686,"10":0.066318,"11":0.99477},"bb":{"7":0.0017105,"10":null},"ie_mob":{"10":0.537173876404,"11":1.6864761236},"edge":{"12":0.050528,"13":0.214744,"14":null},"and_ff":{"0":0.027368},"samsung":{"0":5.672018},"and_uc":{"0":10.803518},"op_mini":{"0":15.6381890639},"and_chr":{"0":28.315}},"total":98.7743365}