{"id":"BW","name":"Botswana","month":"2016-07","access_date":"2016-08-02","data":{"chrome":{"4":null,"5":null,"6":null,"7":null,"8":null,"9":null,"10":null,"11":0.104052,"12":null,"13":null,"14":null,"15":0.009048,"16":null,"17":null,"18":0.027144,"19":null,"20":null,"21":0.004524,"22":0.013572,"23":null,"24":null,"25":0.013572,"26":0.063336,"27":0.009048,"28":null,"29":0.049764,"30":0.018096,"31":0.031668,"32":0.013572,"33":0.018096,"34":0.027144,"35":0.036192,"36":0.031668,"37":0.031668,"38":0.027144,"39":0.063336,"40":0.058812,"41":0.018096,"42":0.049764,"43":0.411684,"44":0.09048,"45":0.199056,"46":0.085956,"47":0.425256,"48":0.13572,"49":0.873132,"50":0.393588,"51":17.118816,"52":0.54288,"53":0.058812,"54":0.004524,"55":null},"firefox":{"2":null,"3":0.018096,"3.5":null,"3.6":0.027144,"4":0.013572,"5":null,"6":null,"7":null,"8":0.004524,"9":null,"10":0.027144,"11":0.018096,"12":0.013572,"13":0.027144,"14":0.018096,"15":0.027144,"16":0.036192,"17":null,"18":0.212628,"19":0.040716,"20":0.031668,"21":0.009048,"22":0.013572,"23":0.018096,"24":0.004524,"25":0.009048,"26":0.018096,"27":0.149292,"28":0.013572,"29":0.099528,"30":0.013572,"31":0.018096,"32":0.009048,"33":0.02262,"34":0.199056,"35":0.072384,"36":0.02262,"37":0.081432,"38":0.072384,"39":0.126672,"40":0.153816,"41":0.144768,"42":0.054288,"43":0.4524,"44":0.185484,"45":0.13572,"46":0.380016,"47":7.061964,"48":0.58812,"49":0.013572,"50":null},"opera":{"9":null,"9.5-9.6":null,"10.0-10.1":0,"10.5":null,"10.6":null,"11":null,"11.1":null,"11.5":null,"11.6":0.009048,"12":null,"12.1":0.009048,"15":0.009048,"16":null,"17":null,"18":0.013572,"19":null,"20":null,"21":null,"22":null,"23":null,"24":null,"25":null,"26":null,"27":null,"28":null,"29":0.009048,"30":0.04524,"31":null,"32":null,"33":0.009048,"34":0.013572,"35":0.009048,"36":0.036192,"37":0.031668,"38":0.47502,"39":null,"40":null},"safari":{"3.1":0.117624,"3.2":null,"4":0,"5":0.02262,"5.1":0.13572,"6":0.04524,"6.1":0.054288,"7":0.004524,"7.1":0.040716,"8":0.199056,"9":0.085956,"9.1":0.61074,"10":null,"0":null},"ios_saf":{"3.2":0,"4.0-4.1":0,"4.2-4.3":0,"5.0-5.1":0,"6.0-6.1":0,"7.0-7.1":0.0429300407667,"8":0,"8.1-8.4":0.101346260623,"9.0-9.2":0.154469735727,"9.3":1.63428196288},"android":{"2.1":0,"2.2":0,"2.3":0.0161927643843,"3":0,"4":0.115148546733,"4.1":0.431807050247,"4.2-4.3":1.04893129289,"4.4":3.02085015569,"4.4.3-4.4.4":2.27778219005,"51":null},"op_mob":{"10":0,"11":0,"11.1":0,"11.5":0,"12":0,"12.1":0.0292671722635,"0":1.28775557959},"ie":{"5.5":null,"6":0.00457095238095,"7":0.0319966666667,"8":0.886764761905,"9":0.557656190476,"10":1.18387666667,"11":4.81778380952},"bb":{"7":0.494209,"10":null},"ie_mob":{"10":0.735506786517,"11":2.30914921348},"edge":{"12":0.389064,"13":0.81432,"14":null},"and_ff":{"0":1.637324},"samsung":{"0":3.931768},"and_uc":{"0":4.249376},"op_mini":{"0":15.4066812481},"and_chr":{"0":14.377264}},"total":95.6918740476}