{"id":"BY","name":"Belarus","month":"2016-07","access_date":"2016-08-02","data":{"chrome":{"4":0.039675,"5":0.023805,"6":0.01587,"7":0.01587,"8":0.023805,"9":0.023805,"10":0.03174,"11":0.04761,"12":0.04761,"13":0.039675,"14":0.055545,"15":0.04761,"16":0.055545,"17":0.071415,"18":0.055545,"19":0.04761,"20":0.04761,"21":0.087285,"22":0.119025,"23":0.055545,"24":0.087285,"25":0.04761,"26":0.103155,"27":0.06348,"28":0.055545,"29":0.325335,"30":0.023805,"31":0.055545,"32":0.023805,"33":0.039675,"34":0.087285,"35":0.055545,"36":0.03174,"37":0.03174,"38":0.055545,"39":0.103155,"40":0.11109,"41":0.07935,"42":0.07935,"43":0.38088,"44":0.087285,"45":0.26979,"46":0.182505,"47":0.30153,"48":0.341205,"49":4.04685,"50":0.60306,"51":31.605105,"52":0.85698,"53":0.325335,"54":0.039675,"55":null},"firefox":{"2":0.023805,"3":0.07935,"3.5":0.134895,"3.6":0.468165,"4":0.04761,"5":0.007935,"6":null,"7":0.007935,"8":null,"9":0.023805,"10":0.023805,"11":0.023805,"12":0.023805,"13":0.01587,"14":0.023805,"15":0.03174,"16":0.023805,"17":0.01587,"18":0.023805,"19":0.01587,"20":0.023805,"21":0.023805,"22":0.023805,"23":0.023805,"24":0.03174,"25":0.023805,"26":0.007935,"27":0.023805,"28":0.01587,"29":0.007935,"30":0.01587,"31":0.03174,"32":0.023805,"33":0.055545,"34":0.03174,"35":0.04761,"36":0.039675,"37":0.039675,"38":0.12696,"39":0.03174,"40":0.04761,"41":0.055545,"42":0.07935,"43":0.23805,"44":0.071415,"45":0.25392,"46":0.214245,"47":7.689015,"48":0.04761,"49":0.007935,"50":null},"opera":{"9":null,"9.5-9.6":0.01587,"10.0-10.1":0.023805,"10.5":0.023805,"10.6":0.06348,"11":0.03174,"11.1":0.023805,"11.5":0.06348,"11.6":0.19044,"12":0.23805,"12.1":2.19006,"15":0.023805,"16":0.039675,"17":0.01587,"18":0.055545,"19":0.03174,"20":0.055545,"21":0.03174,"22":0.03174,"23":0.01587,"24":0.023805,"25":0.03174,"26":0.039675,"27":0.119025,"28":0.134895,"29":0.039675,"30":0.07935,"31":0.055545,"32":0.071415,"33":0.09522,"34":0.119025,"35":0.150765,"36":1.975815,"37":0.46023,"38":8.31588,"39":0.04761,"40":0.01587},"safari":{"3.1":0.007935,"3.2":null,"4":0.06348,"5":0.119025,"5.1":0.07935,"6":0.01587,"6.1":0.039675,"7":0.01587,"7.1":null,"8":0.11109,"9":0.134895,"9.1":0.817305,"10":0.01587,"0":null},"ios_saf":{"3.2":0,"4.0-4.1":0,"4.2-4.3":0,"5.0-5.1":0,"6.0-6.1":0,"7.0-7.1":0.0622333328263,"8":0,"8.1-8.4":0.146916132745,"9.0-9.2":0.223926329987,"9.3":2.36912920444},"android":{"2.1":0,"2.2":0,"2.3":0.00521115464723,"3":0,"4":0.0370570997136,"4.1":0.138964123926,"4.2-4.3":0.337567017704,"4.4":0.972169850299,"4.4.3-4.4.4":0.73303575371,"51":null},"op_mob":{"10":0,"11":0,"11.1":0,"11.5":0,"12":0,"12.1":0.00345844031699,"0":0.152171373947},"ie":{"5.5":null,"6":0.0407472972973,"7":0.0244483783784,"8":0.798647027027,"9":0.211885945946,"10":0.30153,"11":1.60544351351},"bb":{"7":0.00413,"10":null},"ie_mob":{"10":0.142670617978,"11":0.447919382022},"edge":{"12":0.055545,"13":0.563385,"14":null},"and_ff":{"0":0.010325},"samsung":{"0":0.956095},"and_uc":{"0":0.402675},"op_mini":{"0":1.82057518574},"and_chr":{"0":12.65452}},"total":93.4078371622}