{"id":"BZ","name":"Belize","month":"2016-07","access_date":"2016-08-02","data":{"chrome":{"4":null,"5":null,"6":null,"7":null,"8":null,"9":null,"10":null,"11":0.048267,"12":null,"13":null,"14":null,"15":null,"16":null,"17":0.032178,"18":0.016089,"19":null,"20":null,"21":0.021452,"22":0.075082,"23":null,"24":0.064356,"25":null,"26":0.010726,"27":null,"28":0.005363,"29":0.117986,"30":0.016089,"31":0.010726,"32":0.016089,"33":0.026815,"34":0.021452,"35":0.037541,"36":0.048267,"37":0.010726,"38":null,"39":0.032178,"40":0.032178,"41":0.037541,"42":0.010726,"43":0.134075,"44":0.021452,"45":0.246698,"46":0.101897,"47":0.171616,"48":0.048267,"49":0.992155,"50":0.337869,"51":25.667318,"52":0.557752,"53":0.091171,"54":0.032178,"55":null},"firefox":{"2":null,"3":0.021452,"3.5":null,"3.6":0.021452,"4":null,"5":null,"6":null,"7":null,"8":null,"9":null,"10":null,"11":0.010726,"12":0.005363,"13":0.005363,"14":null,"15":0.005363,"16":null,"17":null,"18":null,"19":null,"20":null,"21":0.005363,"22":null,"23":null,"24":0.005363,"25":0.010726,"26":0.005363,"27":0.010726,"28":0.058993,"29":null,"30":0.005363,"31":0.010726,"32":null,"33":0.048267,"34":null,"35":null,"36":0.037541,"37":0.05363,"38":0.176979,"39":0.064356,"40":0.032178,"41":0.064356,"42":0.166253,"43":0.166253,"44":0.091171,"45":0.150164,"46":1.120867,"47":7.320495,"48":0.380773,"49":0.026815,"50":null},"opera":{"9":null,"9.5-9.6":null,"10.0-10.1":0,"10.5":null,"10.6":null,"11":null,"11.1":null,"11.5":null,"11.6":0.010726,"12":null,"12.1":0.042904,"15":null,"16":null,"17":null,"18":null,"19":null,"20":null,"21":null,"22":null,"23":null,"24":null,"25":null,"26":null,"27":null,"28":null,"29":0.032178,"30":null,"31":null,"32":0.021452,"33":0.005363,"34":0.032178,"35":null,"36":0.010726,"37":0.058993,"38":0.337869,"39":null,"40":null},"safari":{"3.1":null,"3.2":null,"4":0.016089,"5":0.010726,"5.1":0.064356,"6":0.010726,"6.1":0.117986,"7":0.026815,"7.1":0.005363,"8":0.16089,"9":0.21452,"9.1":2.257823,"10":null,"0":null},"ios_saf":{"3.2":0,"4.0-4.1":0,"4.2-4.3":0,"5.0-5.1":0,"6.0-6.1":0,"7.0-7.1":0.177990834195,"8":0,"8.1-8.4":0.420188407667,"9.0-9.2":0.640441905689,"9.3":6.77584285245},"android":{"2.1":0,"2.2":0,"2.3":0.0194201910961,"3":0,"4":0.138099136683,"4.1":0.517871762562,"4.2-4.3":1.25799682322,"4.4":3.62294453892,"4.4.3-4.4.4":2.73177354751,"51":null},"op_mob":{"10":0,"11":0,"11.1":0,"11.5":0,"12":0,"12.1":0.00105516988608,"0":0.0464274749876},"ie":{"5.5":null,"6":0.0111423059361,"7":0.0167134589041,"8":0.250701883562,"9":0.189419200913,"10":0.261844189498,"11":4.15050896119},"bb":{"7":0.1217475,"10":null},"ie_mob":{"10":0.46609294382,"11":1.46331505618},"edge":{"12":0.412951,"13":2.107659,"14":null},"and_ff":{"0":0.027828},"samsung":{"0":3.770694},"and_uc":{"0":1.502712},"op_mini":{"0":0.555457355126},"and_chr":{"0":24.605932}},"total":98.8791695}