{"id":"BZ","name":"Belize","month":"2016-01","access_date":"2016-02-03","data":{"firefox":{"2":0,"3":0.024936,"3.5":0,"3.6":0.018702,"4":0.006234,"5":0.006234,"6":0.006234,"7":0,"8":0.024936,"9":0,"10":0.012468,"11":0.012468,"12":0.006234,"13":0,"14":0.012468,"15":0.018702,"16":0.006234,"17":0,"18":0,"19":0.006234,"20":0.018702,"21":0.012468,"22":0.012468,"23":0.006234,"24":0.012468,"25":0.03117,"26":0.006234,"27":0.024936,"28":0.06234,"29":0.012468,"30":0.037404,"31":0.074808,"32":0.03117,"33":0.037404,"34":0.174552,"35":0.068574,"36":0.06234,"37":0.043638,"38":0.12468,"39":0.112212,"40":0.162084,"41":0.236892,"42":1.12212,"43":6.595572,"44":0.866526,"45":0.018702,"46":0,"47":0},"chrome":{"4":0,"5":0,"6":0,"7":0,"8":0,"9":0,"10":0.006234,"11":0.105978,"12":0,"13":0,"14":0,"15":0,"16":0.006234,"17":0,"18":0.03117,"19":0,"20":0.006234,"21":0.043638,"22":0.03117,"23":0,"24":0.006234,"25":0.006234,"26":0.012468,"27":0,"28":0.012468,"29":0.056106,"30":0.012468,"31":0.099744,"32":0.012468,"33":0.105978,"34":0.024936,"35":0.049872,"36":0.049872,"37":0.018702,"38":0.03117,"39":0.081042,"40":0.049872,"41":0.037404,"42":0.180786,"43":0.268062,"44":0.143382,"45":0.398976,"46":0.430146,"47":23.838816,"48":2.21307,"49":0.180786,"50":0.006234,"51":0},"opera":{"9":0,"9.5-9.6":0,"10.0-10.1":0,"10.5":0,"10.6":0,"11":0,"11.1":0,"11.5":0,"11.6":0,"12":0,"12.1":0.018702,"15":0,"16":0,"17":0,"18":0,"19":0,"20":0,"21":0,"22":0,"23":0,"24":0,"25":0,"26":0,"27":0.006234,"28":0.006234,"29":0.018702,"30":0,"31":0,"32":0.024936,"33":0.006234,"34":0.461316,"35":0,"36":0},"safari":{"3.1":0,"3.2":0,"4":0.03117,"5":0.03117,"5.1":0.06234,"6":0.012468,"6.1":0.099744,"7":0.018702,"7.1":0.03117,"8":0.910164,"9":1.639542,"9.1":0},"android":{"2.1":0,"2.2":0,"2.3":0.0746892378321,"3":0,"4":0.31042714474,"4.1":1.06198760043,"4.2-4.3":2.36438118512,"4.4":4.70542198342,"4.4.3-4.4.4":2.46474484846,"47":null},"ios_saf":{"3.2":0,"4.0-4.1":0,"4.2-4.3":0,"5.0-5.1":0,"6.0-6.1":0,"7.0-7.1":0.43894212115,"8":0.0307829539508,"8.1-8.4":1.25412034614,"9.0-9.2":9.34319657876,"9.3":null},"op_mob":{"10":0,"11":0,"11.1":0,"11.5":0,"12":3.93413754508e-5,"12.1":3.93413754508e-5,"0":0.00208509289889},"ie":{"5.5":0,"6":0.104175057117,"7":0.0455765874887,"8":0.475298698096,"9":0.33856893563,"10":0.664115989121,"11":5.54081085041},"bb":{"7":0.1271025,"10":null},"ie_mob":{"10":0.167792705882,"11":0.739813294118},"edge":{"12":0.52989,"13":0.735612,"14":0},"and_uc":{"0":1.427314},"op_mini":{"5.0-8.0":0.52507622435},"and_chr":{"0":22.693782},"and_ff":{"0":0.026362}},"total":98.2591806179}