{"id":"CA","name":"Canada","month":"2016-07","access_date":"2016-08-02","data":{"chrome":{"4":null,"5":null,"6":null,"7":null,"8":null,"9":null,"10":null,"11":0.018804,"12":null,"13":null,"14":null,"15":null,"16":null,"17":null,"18":null,"19":null,"20":null,"21":0.006268,"22":0.025072,"23":0.012536,"24":null,"25":null,"26":0.006268,"27":0.006268,"28":null,"29":1.109436,"30":0.006268,"31":0.137896,"32":0.018804,"33":0.03134,"34":0.037608,"35":0.037608,"36":0.037608,"37":0.043876,"38":0.037608,"39":0.06268,"40":0.043876,"41":0.075216,"42":0.056412,"43":0.181772,"44":0.075216,"45":0.194308,"46":0.112824,"47":0.175504,"48":0.194308,"49":2.118584,"50":0.614264,"51":26.099952,"52":0.664408,"53":0.043876,"54":0.012536,"55":null},"firefox":{"2":null,"3":0.018804,"3.5":null,"3.6":0.018804,"4":null,"5":null,"6":null,"7":null,"8":null,"9":null,"10":null,"11":null,"12":0.006268,"13":null,"14":null,"15":null,"16":0.018804,"17":null,"18":null,"19":null,"20":null,"21":0.012536,"22":null,"23":null,"24":0.006268,"25":null,"26":null,"27":0.006268,"28":0.012536,"29":0.012536,"30":0.006268,"31":0.351008,"32":0.012536,"33":0.012536,"34":0.037608,"35":0.025072,"36":0.03134,"37":0.03134,"38":0.106556,"39":0.043876,"40":0.03134,"41":0.050144,"42":0.050144,"43":0.169236,"44":0.087752,"45":0.194308,"46":0.225648,"47":7.471456,"48":0.131628,"49":null,"50":null},"opera":{"9":null,"9.5-9.6":null,"10.0-10.1":0,"10.5":null,"10.6":null,"11":null,"11.1":null,"11.5":null,"11.6":null,"12":null,"12.1":0.03134,"15":null,"16":null,"17":null,"18":null,"19":null,"20":null,"21":null,"22":null,"23":null,"24":null,"25":null,"26":null,"27":null,"28":0.012536,"29":null,"30":null,"31":null,"32":null,"33":null,"34":null,"35":null,"36":0.018804,"37":0.025072,"38":0.319668,"39":null,"40":null},"safari":{"3.1":null,"3.2":null,"4":0.03134,"5":0.081484,"5.1":0.244452,"6":0.018804,"6.1":0.181772,"7":0.068948,"7.1":0.043876,"8":0.34474,"9":0.614264,"9.1":3.629172,"10":0.018804,"0":null},"ios_saf":{"3.2":0,"4.0-4.1":0,"4.2-4.3":0,"5.0-5.1":0,"6.0-6.1":0,"7.0-7.1":0.385136362641,"8":0,"8.1-8.4":0.909203193997,"9.0-9.2":1.3857874601,"9.3":14.6615609833},"android":{"2.1":0,"2.2":0,"2.3":0.00279752147878,"3":0,"4":0.0198934860713,"4.1":0.0746005727675,"4.2-4.3":0.181217224681,"4.4":0.521893173653,"4.4.3-4.4.4":0.393518021349,"51":null},"op_mob":{"10":0,"11":0,"11.1":0,"11.5":0,"12":0,"12.1":0.00142341007099,"0":0.0626300431237},"ie":{"5.5":null,"6":0.0190266018692,"7":0.114159611215,"8":1.06548970467,"9":0.513718250467,"10":0.348821034268,"11":8.11801679751},"bb":{"7":0.45424925,"10":null},"ie_mob":{"10":0.0387562865169,"11":0.121676713483},"edge":{"12":0.112824,"13":3.10266,"14":0.018804},"and_ff":{"0":0.048503},"samsung":{"0":3.592953},"and_uc":{"0":0.537264},"op_mini":{"0":0.749304546805},"and_chr":{"0":12.736128}},"total":97.45871625}