{"id":"CD","name":"Congo, Democratic Republic of the","month":"2016-07","access_date":"2016-08-02","data":{"chrome":{"4":null,"5":null,"6":null,"7":null,"8":null,"9":0.000179,"10":null,"11":0.015931,"12":0.000358,"13":null,"14":0.000716,"15":null,"16":0.000358,"17":0.000179,"18":0.000537,"19":0.000716,"20":null,"21":0.000358,"22":0.000179,"23":0.002148,"24":null,"25":0.001253,"26":0.002685,"27":0.000358,"28":0.000358,"29":0.002148,"30":0.000358,"31":0.005907,"32":0.000716,"33":0.002864,"34":0.002148,"35":0.000537,"36":0.001074,"37":0.000358,"38":0.000358,"39":0.000716,"40":0.004296,"41":0.001074,"42":0.001253,"43":0.008413,"44":0.00358,"45":0.018795,"46":0.002506,"47":0.015573,"48":0.005907,"49":0.028282,"50":0.010561,"51":0.461283,"52":0.015752,"53":0.000358,"54":null,"55":null},"firefox":{"2":null,"3":0.018079,"3.5":0.000895,"3.6":0.003759,"4":0.003759,"5":0.001611,"6":0.00895,"7":0.000716,"8":0.000537,"9":0.000179,"10":0.000895,"11":0.000895,"12":0.002148,"13":0.002506,"14":0.000716,"15":0.000895,"16":0.001611,"17":0.001253,"18":0.001253,"19":0.001432,"20":0.005012,"21":0.002148,"22":0.002148,"23":0.002506,"24":0.001253,"25":0.002148,"26":0.001074,"27":0.003222,"28":0.000716,"29":0.002864,"30":0.003401,"31":0.001969,"32":0.001611,"33":0.010203,"34":0.001611,"35":0.003401,"36":0.001253,"37":0.002864,"38":0.004833,"39":0.004654,"40":0.003222,"41":0.005907,"42":0.008413,"43":0.036158,"44":0.013962,"45":0.020406,"46":0.024344,"47":0.287295,"48":0.010919,"49":0.003401,"50":null},"opera":{"9":null,"9.5-9.6":null,"10.0-10.1":0,"10.5":null,"10.6":0.000358,"11":0.002148,"11.1":0.00179,"11.5":0.000895,"11.6":0.002148,"12":0.002327,"12.1":0.00358,"15":0.001611,"16":0.004833,"17":0.001611,"18":0.002148,"19":0.001432,"20":0.001074,"21":0.001253,"22":0.003222,"23":null,"24":0.000179,"25":0.000179,"26":0.001253,"27":0.000716,"28":0.000895,"29":0.004117,"30":0.003043,"31":0.000358,"32":0.000716,"33":0.002506,"34":0.002506,"35":0.011814,"36":0.008234,"37":0.020227,"38":0.101314,"39":0.000537,"40":null},"safari":{"3.1":null,"3.2":null,"4":0.000179,"5":0.005012,"5.1":0.002327,"6":0.001074,"6.1":0.000716,"7":0.001253,"7.1":0.003938,"8":0.005728,"9":0.006444,"9.1":0.032936,"10":null,"0":null},"ios_saf":{"3.2":0,"4.0-4.1":0,"4.2-4.3":0,"5.0-5.1":0,"6.0-6.1":0,"7.0-7.1":0.00479845634317,"8":0,"8.1-8.4":0.0113278626914,"9.0-9.2":0.0172656785316,"9.3":0.182670002434},"android":{"2.1":0,"2.2":0,"2.3":0.00467143113772,"3":0,"4":0.0332190658683,"4.1":0.124571497006,"4.2-4.3":0.302604928144,"4.4":0.871481431138,"4.4.3-4.4.4":0.657114646707,"51":null},"op_mob":{"10":0,"11":0,"11.1":0,"11.5":0,"12":0,"12.1":0.159479614562,"0":7.01710304071},"ie":{"5.5":null,"6":0.00109911693171,"7":0.00329735079514,"8":0.0357213002806,"9":0.0087929354537,"10":0.0386522787652,"11":0.106797528531},"bb":{"7":0.0343735,"10":null},"ie_mob":{"10":0.151839280899,"11":0.476704719101},"edge":{"12":0.018258,"13":0.022017,"14":null},"and_ff":{"0":0.019642},"samsung":{"0":0.304451},"and_uc":{"0":1.915095},"op_mini":{"0":83.9524763447},"and_chr":{"0":1.61592}},"total":99.4862130108}