{"id":"CF","name":"Central African Republic","month":"2016-07","access_date":"2016-08-02","data":{"chrome":{"4":null,"5":null,"6":null,"7":0.02073,"8":0.072555,"9":null,"10":0.02073,"11":0.00691,"12":0.00691,"13":null,"14":null,"15":null,"16":0.00691,"17":0.003455,"18":null,"19":null,"20":null,"21":null,"22":null,"23":null,"24":null,"25":null,"26":0.02764,"27":null,"28":0.13129,"29":null,"30":0.00691,"31":0.231485,"32":0.00691,"33":null,"34":0.1382,"35":0.010365,"36":0.0691,"37":null,"38":null,"39":null,"40":0.10365,"41":null,"42":0.05528,"43":0.04146,"44":null,"45":0.390415,"46":0.120925,"47":0.279855,"48":0.11056,"49":0.38005,"50":0.079465,"51":6.581775,"52":0.342045,"53":0.044915,"54":0.00691,"55":null},"firefox":{"2":0.003455,"3":0.072555,"3.5":0.010365,"3.6":0.08983,"4":0.03455,"5":null,"6":null,"7":null,"8":0.01382,"9":null,"10":0.03455,"11":0.031095,"12":0.05528,"13":0.03455,"14":0.02073,"15":0.010365,"16":0.02764,"17":0.02073,"18":0.16584,"19":0.051825,"20":0.203845,"21":0.13129,"22":0.13129,"23":0.00691,"24":0.01382,"25":0.22112,"26":0.017275,"27":0.08983,"28":0.06219,"29":0.120925,"30":0.45606,"31":0.17275,"32":0.07601,"33":0.40078,"34":0.13129,"35":0.217665,"36":0.203845,"37":0.02073,"38":0.266035,"39":0.10365,"40":0.134745,"41":0.1382,"42":0.217665,"43":0.98122,"44":0.583895,"45":0.272945,"46":0.57353,"47":6.23973,"48":0.127835,"49":null,"50":null},"opera":{"9":null,"9.5-9.6":null,"10.0-10.1":0,"10.5":null,"10.6":null,"11":0.024185,"11.1":null,"11.5":null,"11.6":0.02073,"12":null,"12.1":null,"15":null,"16":null,"17":null,"18":null,"19":null,"20":null,"21":0.003455,"22":null,"23":null,"24":0.00691,"25":null,"26":null,"27":null,"28":null,"29":null,"30":0.003455,"31":null,"32":0.003455,"33":null,"34":0.00691,"35":0.093285,"36":0.16584,"37":0.459515,"38":0.33168,"39":0.02073,"40":0.01382},"safari":{"3.1":null,"3.2":null,"4":0,"5":0.03455,"5.1":0.17966,"6":null,"6.1":null,"7":0.01382,"7.1":0.114015,"8":0.010365,"9":0.065645,"9.1":0.321315,"10":null,"0":null},"ios_saf":{"3.2":0,"4.0-4.1":0,"4.2-4.3":0,"5.0-5.1":0,"6.0-6.1":0,"7.0-7.1":0.0443335640402,"8":0,"8.1-8.4":0.104659600953,"9.0-9.2":0.159519855998,"9.3":1.68771197901},"android":{"2.1":0,"2.2":0,"2.3":0.0121153215309,"3":0,"4":0.0861533975527,"4.1":0.323075240823,"4.2-4.3":0.784803605832,"4.4":2.26018053892,"4.4.3-4.4.4":1.70422189534,"51":null},"op_mob":{"10":0,"11":0,"11.1":0,"11.5":0,"12":0,"12.1":0.0235151033515,"0":1.03466454747},"ie":{"5.5":null,"6":null,"7":0.08983,"8":0.45606,"9":0.500975,"10":0.59426,"11":4.163275},"bb":{"7":0.28798,"10":null},"ie_mob":{"10":0.594491910112,"11":1.86642808989},"edge":{"12":0.10365,"13":0.376595,"14":null},"and_ff":{"0":1.695155},"samsung":{"0":2.323475},"and_uc":{"0":6.63663},"op_mini":{"0":12.3787053492},"and_chr":{"0":33.249375}},"total":97.72684}