{"id":"CH","name":"Switzerland","month":"2016-07","access_date":"2016-08-02","data":{"chrome":{"4":null,"5":null,"6":null,"7":null,"8":null,"9":null,"10":null,"11":0.011304,"12":null,"13":null,"14":null,"15":null,"16":null,"17":null,"18":null,"19":null,"20":null,"21":null,"22":0.033912,"23":null,"24":null,"25":null,"26":0.011304,"27":null,"28":null,"29":0.175212,"30":null,"31":0.067824,"32":0.016956,"33":0.039564,"34":0.033912,"35":0.022608,"36":0.022608,"37":0.022608,"38":0.02826,"39":0.045216,"40":0.02826,"41":0.062172,"42":0.050868,"43":0.079128,"44":0.050868,"45":0.096084,"46":0.079128,"47":0.090432,"48":0.152604,"49":0.994752,"50":0.356076,"51":15.141708,"52":0.429552,"53":0.02826,"54":0.011304,"55":null},"firefox":{"2":null,"3":0.005652,"3.5":null,"3.6":0.022608,"4":null,"5":null,"6":null,"7":null,"8":null,"9":null,"10":0.005652,"11":null,"12":0.011304,"13":null,"14":null,"15":null,"16":0.039564,"17":null,"18":null,"19":null,"20":null,"21":0.005652,"22":null,"23":null,"24":0.011304,"25":null,"26":0.016956,"27":0.011304,"28":0.011304,"29":0.016956,"30":0.011304,"31":0.062172,"32":0.011304,"33":0.02826,"34":0.022608,"35":0.05652,"36":0.033912,"37":0.050868,"38":0.209124,"39":0.062172,"40":0.05652,"41":0.090432,"42":0.096084,"43":0.158256,"44":0.129996,"45":0.384336,"46":0.356076,"47":10.292292,"48":0.079128,"49":0.011304,"50":null},"opera":{"9":null,"9.5-9.6":null,"10.0-10.1":0,"10.5":null,"10.6":null,"11":null,"11.1":null,"11.5":null,"11.6":null,"12":null,"12.1":0.079128,"15":null,"16":null,"17":null,"18":null,"19":null,"20":null,"21":null,"22":null,"23":null,"24":null,"25":null,"26":null,"27":null,"28":0.005652,"29":null,"30":null,"31":null,"32":null,"33":null,"34":null,"35":null,"36":0.022608,"37":0.02826,"38":0.39564,"39":null,"40":null},"safari":{"3.1":null,"3.2":null,"4":0.02826,"5":0.118692,"5.1":0.384336,"6":0.039564,"6.1":0.299556,"7":0.08478,"7.1":0.039564,"8":0.50868,"9":0.887364,"9.1":5.471136,"10":0.02826,"0":null},"ios_saf":{"3.2":0,"4.0-4.1":0,"4.2-4.3":0,"5.0-5.1":0,"6.0-6.1":0,"7.0-7.1":0.551570321874,"8":0,"8.1-8.4":1.30210893337,"9.0-9.2":1.98464572437,"9.3":20.9974510204},"android":{"2.1":0,"2.2":0,"2.3":0.00212928612341,"3":0,"4":0.0151415902109,"4.1":0.0567809632908,"4.2-4.3":0.137930423327,"4.4":0.397230155689,"4.4.3-4.4.4":0.299519581359,"51":null},"op_mob":{"10":0,"11":0,"11.1":0,"11.5":0,"12":0,"12.1":0.000175011127621,"0":0.00770048961532},"ie":{"5.5":null,"6":0.0169869274966,"7":0.0339738549932,"8":0.232154675787,"9":0.368050095759,"10":0.390699332421,"11":11.3755791135},"bb":{"7":0.018479,"10":null},"ie_mob":{"10":0.126043146067,"11":0.395716853933},"edge":{"12":0.16956,"13":3.232944,"14":0.016956},"and_ff":{"0":0.06522},"samsung":{"0":4.513224},"and_uc":{"0":0.06522},"op_mini":{"0":0.0921284992571},"and_chr":{"0":11.290408}},"total":97.120615}