{"id":"CI","name":"Cote d'Ivoire","month":"2016-07","access_date":"2016-08-02","data":{"chrome":{"4":0.005194,"5":0.007791,"6":0.012985,"7":0.010388,"8":0.005194,"9":0.046746,"10":0.010388,"11":0.090895,"12":0.049343,"13":0.028567,"14":0.012985,"15":0.007791,"16":0.059731,"17":0.049343,"18":0.015582,"19":0.007791,"20":0.007791,"21":0.018179,"22":0.002597,"23":0.012985,"24":0.002597,"25":0.018179,"26":0.054537,"27":0.059731,"28":0.062328,"29":0.05194,"30":0.054537,"31":0.093492,"32":0.02597,"33":0.059731,"34":0.044149,"35":0.041552,"36":0.044149,"37":0.023373,"38":0.044149,"39":0.041552,"40":0.05194,"41":0.023373,"42":0.02597,"43":0.371371,"44":0.070119,"45":0.085701,"46":0.132447,"47":0.350595,"48":0.145432,"49":2.576224,"50":0.161014,"51":9.499826,"52":0.314237,"53":0.02597,"54":0.002597,"55":null},"firefox":{"2":0.002597,"3":0.007791,"3.5":0.002597,"3.6":0.020776,"4":0.015582,"5":0.010388,"6":0.010388,"7":null,"8":0.010388,"9":0.005194,"10":0.005194,"11":0.012985,"12":0.015582,"13":0.005194,"14":0.007791,"15":0.02597,"16":0.018179,"17":0.012985,"18":0.005194,"19":0.018179,"20":0.007791,"21":0.015582,"22":0.010388,"23":0.012985,"24":0.033761,"25":0.005194,"26":0.02597,"27":0.010388,"28":0.012985,"29":0.041552,"30":0.049343,"31":0.080507,"32":0.044149,"33":0.046746,"34":0.028567,"35":0.041552,"36":0.033761,"37":0.041552,"38":0.054537,"39":0.049343,"40":0.083104,"41":0.080507,"42":0.083104,"43":0.41552,"44":0.098686,"45":0.140238,"46":0.215551,"47":4.334393,"48":0.148029,"49":0.031164,"50":null},"opera":{"9":null,"9.5-9.6":null,"10.0-10.1":0,"10.5":null,"10.6":null,"11":null,"11.1":null,"11.5":null,"11.6":null,"12":null,"12.1":0.023373,"15":0.023373,"16":null,"17":null,"18":0.005194,"19":null,"20":0.002597,"21":null,"22":0.002597,"23":null,"24":null,"25":null,"26":null,"27":null,"28":0.002597,"29":null,"30":0.002597,"31":0.005194,"32":0.005194,"33":0.005194,"34":0.018179,"35":0.023373,"36":0.036358,"37":0.083104,"38":0.420714,"39":0.002597,"40":null},"safari":{"3.1":null,"3.2":null,"4":0,"5":0.012985,"5.1":0.023373,"6":0.010388,"6.1":0.007791,"7":0.031164,"7.1":0.005194,"8":0.067522,"9":0.072716,"9.1":0.223342,"10":0.010388,"0":null},"ios_saf":{"3.2":0,"4.0-4.1":0,"4.2-4.3":0,"5.0-5.1":0,"6.0-6.1":0,"7.0-7.1":0.018909820505,"8":0,"8.1-8.4":0.0446409917858,"9.0-9.2":0.0680408153331,"9.3":0.719868372376},"android":{"2.1":0,"2.2":0,"2.3":0.0173833043478,"3":0,"4":0.123614608696,"4.1":0.463554782609,"4.2-4.3":1.12605182609,"4.4":3.242952,"4.4.3-4.4.4":2.44525147826,"51":null},"op_mob":{"10":0,"11":0,"11.1":0,"11.5":0,"12":0,"12.1":0.0835875784052,"0":3.67785344983},"ie":{"5.5":null,"6":0.00527175449102,"7":0.0158152634731,"8":0.123886230539,"9":0.0369022814371,"10":0.0922557035928,"11":0.606251766467},"bb":{"7":0.077742,"10":null},"ie_mob":{"10":0.239673303371,"11":0.752462696629},"edge":{"12":0.070119,"13":0.264894,"14":null},"and_ff":{"0":0.688572},"samsung":{"0":1.162428},"and_uc":{"0":2.043504},"op_mini":{"0":44.0017629718},"and_chr":{"0":11.991872}},"total":96.843171}