{"id":"CK","name":"Cook Islands","month":"2016-07","access_date":"2016-08-02","data":{"chrome":{"4":null,"5":null,"6":null,"7":null,"8":null,"9":null,"10":null,"11":null,"12":null,"13":null,"14":null,"15":null,"16":null,"17":null,"18":0.005909,"19":null,"20":null,"21":null,"22":null,"23":null,"24":null,"25":null,"26":null,"27":null,"28":0.053181,"29":null,"30":null,"31":null,"32":null,"33":null,"34":0.023636,"35":null,"36":0.011818,"37":null,"38":null,"39":null,"40":null,"41":null,"42":null,"43":0.047272,"44":null,"45":0.005909,"46":0.011818,"47":0.064999,"48":0.803624,"49":1.89088,"50":0.265905,"51":16.255659,"52":0.277723,"53":null,"54":null,"55":null},"firefox":{"2":null,"3":null,"3.5":null,"3.6":0.035454,"4":null,"5":0.047272,"6":null,"7":null,"8":null,"9":null,"10":0.011818,"11":null,"12":null,"13":null,"14":null,"15":null,"16":null,"17":null,"18":null,"19":null,"20":null,"21":null,"22":null,"23":null,"24":null,"25":null,"26":null,"27":null,"28":0.017727,"29":0.466811,"30":0.005909,"31":null,"32":null,"33":0.035454,"34":0.017727,"35":null,"36":null,"37":0.011818,"38":0.106362,"39":0.05909,"40":0.005909,"41":0.011818,"42":null,"43":0.112271,"44":0.17727,"45":0.070908,"46":0.082726,"47":17.006102,"48":1.548158,"49":null,"50":null},"opera":{"9":null,"9.5-9.6":null,"10.0-10.1":0,"10.5":null,"10.6":null,"11":null,"11.1":null,"11.5":null,"11.6":null,"12":null,"12.1":null,"15":null,"16":null,"17":null,"18":null,"19":null,"20":null,"21":null,"22":null,"23":null,"24":null,"25":null,"26":null,"27":null,"28":null,"29":null,"30":null,"31":null,"32":null,"33":null,"34":null,"35":0.011818,"36":null,"37":null,"38":0.183179,"39":null,"40":null},"safari":{"3.1":null,"3.2":null,"4":0.041363,"5":null,"5.1":0.023636,"6":0.029545,"6.1":0.029545,"7":0.029545,"7.1":0.023636,"8":0.064999,"9":0.230451,"9.1":1.282253,"10":null,"0":null},"ios_saf":{"3.2":0,"4.0-4.1":0,"4.2-4.3":0,"5.0-5.1":0,"6.0-6.1":0,"7.0-7.1":0.247794024947,"8":0,"8.1-8.4":0.584974935605,"9.0-9.2":0.891605897982,"9.3":9.43314514147},"android":{"2.1":0,"2.2":0,"2.3":0.00807884144754,"3":0,"4":0.0574495391825,"4.1":0.215435771934,"4.2-4.3":0.523329395991,"4.4":1.50715275449,"4.4.3-4.4.4":1.13642369695,"51":null},"op_mob":{"10":0,"11":0,"11.1":0,"11.5":0,"12":0,"12.1":0.000701451543668,"0":0.0308638679214},"ie":{"5.5":null,"6":null,"7":0.041363,"8":2.747685,"9":0.141816,"10":0.23636,"11":8.680321},"bb":{"7":0.0071575,"10":null},"ie_mob":{"10":0.278625505618,"11":0.874754494382},"edge":{"12":0.124089,"13":1.258617,"14":null},"and_ff":{"0":0.00409},"samsung":{"0":7.59922},"and_uc":{"0":0.35583},"op_mini":{"0":0.369254680535},"and_chr":{"0":18.478553}},"total":97.3335985}