{"id":"CL","name":"Chile","month":"2016-01","access_date":"2016-02-03","data":{"firefox":{"2":0,"3":0.012412,"3.5":0,"3.6":0.012412,"4":0.006206,"5":0,"6":0.012412,"7":0,"8":0,"9":0,"10":0,"11":0.006206,"12":0.006206,"13":0,"14":0.006206,"15":0,"16":0.012412,"17":0.006206,"18":0.012412,"19":0,"20":0.012412,"21":0.018618,"22":0.006206,"23":0.006206,"24":0.006206,"25":0.006206,"26":0.006206,"27":0.006206,"28":0.006206,"29":0.012412,"30":0.012412,"31":0.03103,"32":0.012412,"33":0.055854,"34":0.043442,"35":0.049648,"36":0.03103,"37":0.068266,"38":0.15515,"39":0.167562,"40":0.086884,"41":0.09309,"42":0.173768,"43":4.424878,"44":0.21721,"45":0.012412,"46":0.006206,"47":0},"chrome":{"4":0,"5":0,"6":0,"7":0,"8":0,"9":0,"10":0,"11":0.018618,"12":0.006206,"13":0,"14":0,"15":0,"16":0,"17":0,"18":0.006206,"19":0,"20":0.006206,"21":0.006206,"22":0.068266,"23":0.006206,"24":0,"25":0.006206,"26":0.03103,"27":0.012412,"28":0.006206,"29":0.037236,"30":0.006206,"31":0.055854,"32":0.018618,"33":0.03103,"34":0.06206,"35":0.06206,"36":0.111708,"37":0.074472,"38":0.09309,"39":0.136532,"40":0.06206,"41":0.09309,"42":0.117914,"43":0.297888,"44":0.428214,"45":0.316506,"46":0.564746,"47":35.541762,"48":3.065764,"49":0.055854,"50":0.006206,"51":0},"opera":{"9":0,"9.5-9.6":0,"10.0-10.1":0,"10.5":0,"10.6":0,"11":0,"11.1":0,"11.5":0,"11.6":0,"12":0.006206,"12.1":0.043442,"15":0,"16":0,"17":0,"18":0,"19":0,"20":0,"21":0,"22":0,"23":0,"24":0,"25":0,"26":0,"27":0,"28":0.03103,"29":0,"30":0.006206,"31":0.012412,"32":0.006206,"33":0.018618,"34":0.83781,"35":0.018618,"36":0},"safari":{"3.1":0,"3.2":0,"4":0.024824,"5":0.043442,"5.1":0.068266,"6":0.024824,"6.1":0.06206,"7":0.06206,"7.1":0.055854,"8":0.347536,"9":1.290848,"9.1":0},"android":{"2.1":0,"2.2":0,"2.3":0.0376323128587,"3":0,"4":0.156409300319,"4.1":0.535084448459,"4.2-4.3":1.19129790393,"4.4":2.3708357101,"4.4.3-4.4.4":1.24186632434,"47":null},"ios_saf":{"3.2":0,"4.0-4.1":0,"4.2-4.3":0,"5.0-5.1":0,"6.0-6.1":0,"7.0-7.1":0.340484211394,"8":0.0238781135263,"8.1-8.4":0.972812032554,"9.0-9.2":7.24744964253,"9.3":null},"op_mob":{"10":0,"11":0,"11.1":0,"11.5":0,"12":5.18071384156e-5,"12.1":5.18071384156e-5,"0":0.00274577833603},"ie":{"5.5":0,"6":0.0324754968944,"7":0.0194852981366,"8":0.597549142857,"9":0.311764770186,"10":0.376715763975,"11":2.82536822981},"bb":{"7":0.0161245,"10":null},"ie_mob":{"10":0.113628705882,"11":0.500999294118},"edge":{"12":0.21721,"13":0.34133,"14":0},"and_uc":{"0":0.117614},"op_mini":{"5.0-8.0":0.691452607387},"and_chr":{"0":28.539568},"and_ff":{"0":0.034146}},"total":99.0501592019}