{"id":"CL","name":"Chile","month":"2016-07","access_date":"2016-08-02","data":{"chrome":{"4":null,"5":null,"6":null,"7":null,"8":null,"9":null,"10":null,"11":0.01304,"12":null,"13":null,"14":null,"15":null,"16":null,"17":null,"18":null,"19":null,"20":null,"21":0.00652,"22":0.0652,"23":null,"24":null,"25":null,"26":0.0326,"27":0.01304,"28":null,"29":0.10432,"30":null,"31":0.0326,"32":0.01956,"33":0.02608,"34":0.05868,"35":0.04564,"36":0.05868,"37":0.05216,"38":0.0652,"39":0.08476,"40":0.0326,"41":0.04564,"42":0.05216,"43":0.15648,"44":0.10432,"45":0.09128,"46":0.18256,"47":0.20864,"48":0.22168,"49":2.75796,"50":0.74328,"51":39.88936,"52":1.03016,"53":0.03912,"54":0.01304,"55":null},"firefox":{"2":null,"3":null,"3.5":null,"3.6":0.01304,"4":null,"5":null,"6":0.00652,"7":null,"8":null,"9":null,"10":null,"11":null,"12":null,"13":null,"14":null,"15":null,"16":0.00652,"17":null,"18":0.02608,"19":null,"20":0.00652,"21":null,"22":null,"23":null,"24":null,"25":null,"26":null,"27":0.00652,"28":0.01304,"29":0.01304,"30":0.00652,"31":0.01956,"32":null,"33":0.01304,"34":0.02608,"35":0.00652,"36":0.01956,"37":0.02608,"38":0.05216,"39":0.05216,"40":0.0326,"41":0.05216,"42":0.09128,"43":0.11084,"44":0.0652,"45":0.12388,"46":0.14344,"47":5.11168,"48":0.0326,"49":0.01304,"50":null},"opera":{"9":null,"9.5-9.6":null,"10.0-10.1":0,"10.5":null,"10.6":null,"11":null,"11.1":null,"11.5":null,"11.6":null,"12":null,"12.1":0.01956,"15":null,"16":null,"17":null,"18":null,"19":null,"20":null,"21":null,"22":null,"23":null,"24":null,"25":null,"26":null,"27":null,"28":null,"29":null,"30":null,"31":null,"32":null,"33":null,"34":null,"35":0.00652,"36":0.0326,"37":0.02608,"38":0.56072,"39":0.01304,"40":null},"safari":{"3.1":null,"3.2":null,"4":0,"5":0.0326,"5.1":0.0652,"6":0.01304,"6.1":0.05216,"7":0.04564,"7.1":0.01956,"8":0.24776,"9":0.326,"9.1":1.66912,"10":0.00652,"0":null},"ios_saf":{"3.2":0,"4.0-4.1":0,"4.2-4.3":0,"5.0-5.1":0,"6.0-6.1":0,"7.0-7.1":0.137260432005,"8":0,"8.1-8.4":0.324034901126,"9.0-9.2":0.493886851232,"9.3":5.22529781564},"android":{"2.1":0,"2.2":0,"2.3":0.00672715438688,"3":0,"4":0.0478375423067,"4.1":0.17939078365,"4.2-4.3":0.43577011195,"4.4":1.25498802395,"4.4.3-4.4.4":0.946286383754,"51":null},"op_mob":{"10":0,"11":0,"11.1":0,"11.5":0,"12":0,"12.1":0.000694276374443,"0":0.0305481604755},"ie":{"5.5":null,"6":0.0198821647059,"7":0.0132547764706,"8":0.298232470588,"9":0.298232470588,"10":0.198821647059,"11":1.97496169412},"bb":{"7":0.01044,"10":null},"ie_mob":{"10":0.102562247191,"11":0.321997752809},"edge":{"12":0.11736,"13":0.87368,"14":null},"and_ff":{"0":0.02436},"samsung":{"0":1.06488},"and_uc":{"0":0.10092},"op_mini":{"0":0.36547756315},"and_chr":{"0":27.223}},"total":97.5629452235}