{"id":"CM","name":"Cameroon","month":"2016-07","access_date":"2016-08-02","data":{"chrome":{"4":0.010356,"5":0.010356,"6":null,"7":0.002589,"8":0.002589,"9":null,"10":0.010356,"11":0.07767,"12":0.015534,"13":0.012945,"14":0.002589,"15":0.007767,"16":0.010356,"17":0.007767,"18":0.005178,"19":0.007767,"20":0.007767,"21":0.005178,"22":0.005178,"23":0.007767,"24":null,"25":0.023301,"26":0.018123,"27":0.012945,"28":0.020712,"29":0.064725,"30":0.036246,"31":0.046602,"32":0.010356,"33":0.02589,"34":0.015534,"35":0.044013,"36":0.012945,"37":0.007767,"38":0.007767,"39":0.033657,"40":0.038835,"41":0.007767,"42":0.018123,"43":0.220065,"44":0.02589,"45":0.113916,"46":0.041424,"47":0.152751,"48":0.119094,"49":0.730098,"50":0.132039,"51":5.317806,"52":0.20712,"53":0.028479,"54":0.005178,"55":null},"firefox":{"2":0.015534,"3":0.134628,"3.5":0.005178,"3.6":0.036246,"4":0.012945,"5":0.012945,"6":0.05178,"7":0.005178,"8":0.007767,"9":0.010356,"10":0.033657,"11":0.02589,"12":0.02589,"13":0.018123,"14":0.023301,"15":0.033657,"16":0.038835,"17":0.031068,"18":0.028479,"19":0.02589,"20":0.041424,"21":0.036246,"22":0.033657,"23":0.023301,"24":0.038835,"25":0.098382,"26":0.059547,"27":0.075081,"28":0.036246,"29":0.139806,"30":0.160518,"31":0.100971,"32":0.082848,"33":0.111327,"34":0.111327,"35":0.147573,"36":0.088026,"37":0.165696,"38":0.191586,"39":0.144984,"40":0.147573,"41":0.186408,"42":0.188997,"43":1.128804,"44":0.323625,"45":0.370227,"46":0.398706,"47":6.891918,"48":0.603237,"49":0.07767,"50":0.005178},"opera":{"9":null,"9.5-9.6":null,"10.0-10.1":0,"10.5":null,"10.6":null,"11":0.002589,"11.1":null,"11.5":0.005178,"11.6":0.02589,"12":0.002589,"12.1":0.02589,"15":0.007767,"16":null,"17":null,"18":0.005178,"19":0.007767,"20":0.007767,"21":0.002589,"22":null,"23":null,"24":null,"25":0.002589,"26":null,"27":0.005178,"28":0.007767,"29":0.02589,"30":0.012945,"31":0.010356,"32":0.012945,"33":0.036246,"34":0.010356,"35":0.02589,"36":0.056958,"37":0.124272,"38":0.36246,"39":null,"40":null},"safari":{"3.1":null,"3.2":null,"4":0,"5":0.012945,"5.1":0.018123,"6":0.018123,"6.1":0.002589,"7":0.012945,"7.1":0.018123,"8":0.023301,"9":0.031068,"9.1":0.108738,"10":null,"0":null},"ios_saf":{"3.2":0,"4.0-4.1":0,"4.2-4.3":0,"5.0-5.1":0,"6.0-6.1":0,"7.0-7.1":0.0218932485549,"8":0,"8.1-8.4":0.051684061657,"9.0-9.2":0.0787757071291,"9.3":0.833442982659},"android":{"2.1":0,"2.2":0,"2.3":0.0241927216871,"3":0,"4":0.172037131997,"4.1":0.645139244988,"4.2-4.3":1.56715074928,"4.4":4.51328663473,"4.4.3-4.4.4":3.40310951731,"51":null},"op_mob":{"10":0,"11":0,"11.1":0,"11.5":0,"12":0,"12.1":0.0502638104672,"0":2.21160766056},"ie":{"5.5":null,"6":0.0211993411765,"7":0.0211993411765,"8":0.267641682353,"9":0.0741976941176,"10":0.127196047059,"11":0.614780894118},"bb":{"7":0.09265,"10":null},"ie_mob":{"10":0.356317325843,"11":1.11867067416},"edge":{"12":0.134628,"13":0.222654,"14":null},"and_ff":{"0":0.237184},"samsung":{"0":0.911676},"and_uc":{"0":13.578784},"op_mini":{"0":26.459628529},"and_chr":{"0":17.250205}},"total":96.630155}