{"id":"CN","name":"China","month":"2016-07","access_date":"2016-08-02","data":{"chrome":{"4":null,"5":null,"6":null,"7":null,"8":null,"9":null,"10":null,"11":0.112536,"12":0.012504,"13":null,"14":null,"15":null,"16":null,"17":0.02084,"18":null,"19":null,"20":0.029176,"21":0.091696,"22":0.012504,"23":0.004168,"24":0.016672,"25":0.008336,"26":0.025008,"27":0.025008,"28":0.02084,"29":0.14588,"30":0.054184,"31":0.925296,"32":0.033344,"33":0.06252,"34":0.04168,"35":0.029176,"36":0.075024,"37":0.025008,"38":0.066688,"39":0.195896,"40":0.029176,"41":0.1042,"42":1.404616,"43":0.095864,"44":0.116704,"45":12.262256,"46":0.225072,"47":1.471304,"48":0.35428,"49":0.470984,"50":0.650208,"51":1.633856,"52":0.087528,"53":0.054184,"54":null,"55":null},"firefox":{"2":null,"3":0.016672,"3.5":null,"3.6":0.008336,"4":0.008336,"5":null,"6":1.321256,"7":null,"8":0.29176,"9":null,"10":null,"11":null,"12":null,"13":null,"14":null,"15":null,"16":null,"17":null,"18":null,"19":null,"20":null,"21":0.029176,"22":0.004168,"23":0.008336,"24":0.008336,"25":0.008336,"26":null,"27":0.004168,"28":0.004168,"29":0.004168,"30":null,"31":0.008336,"32":null,"33":null,"34":null,"35":0.008336,"36":0.004168,"37":0.029176,"38":0.016672,"39":0.008336,"40":0.029176,"41":0.008336,"42":0.029176,"43":0.054184,"44":0.02084,"45":0.037512,"46":0.04168,"47":1.171208,"48":0.012504,"49":null,"50":null},"opera":{"9":null,"9.5-9.6":null,"10.0-10.1":0,"10.5":null,"10.6":null,"11":null,"11.1":null,"11.5":null,"11.6":null,"12":0.008336,"12.1":0.016672,"15":null,"16":null,"17":null,"18":null,"19":null,"20":null,"21":null,"22":null,"23":null,"24":null,"25":null,"26":null,"27":null,"28":0.045848,"29":null,"30":null,"31":null,"32":null,"33":null,"34":0.008336,"35":null,"36":0.008336,"37":null,"38":0.075024,"39":null,"40":null},"safari":{"3.1":null,"3.2":null,"4":0.012504,"5":0.008336,"5.1":0.012504,"6":0.004168,"6.1":null,"7":0.008336,"7.1":null,"8":0.033344,"9":0.050016,"9.1":0.279256,"10":null,"0":null},"ios_saf":{"3.2":0,"4.0-4.1":0,"4.2-4.3":0,"5.0-5.1":0,"6.0-6.1":0,"7.0-7.1":0.182236249468,"8":0,"8.1-8.4":0.430210689382,"9.0-9.2":0.655717646486,"9.3":6.93745941466},"android":{"2.1":0,"2.2":0,"2.3":0.0179560614423,"3":0,"4":0.127687548034,"4.1":0.478828305129,"4.2-4.3":1.16315375788,"4.4":3.34980301796,"4.4.3-4.4.4":2.52581930955,"51":null},"op_mob":{"10":0,"11":0,"11.1":0,"11.5":0,"12":0,"12.1":7.14436849926e-5,"0":0.00314352213967},"ie":{"5.5":null,"6":0.339799936255,"7":0.178842071713,"8":3.93452557769,"9":1.66323126693,"10":0.703445482072,"11":3.60664844622},"bb":{"7":0.026244,"10":null},"ie_mob":{"10":0.0662161348315,"11":0.207887865169},"edge":{"12":0.054184,"13":0.571016,"14":0.008336},"and_ff":{"0":0.02916},"samsung":{"0":0.752328},"and_uc":{"0":12.906216},"op_mini":{"0":0.0376090341753},"and_chr":{"0":28.856416}},"total":94.5762807809}