{"id":"CO","name":"Colombia","month":"2016-07","access_date":"2016-08-02","data":{"chrome":{"4":null,"5":null,"6":null,"7":null,"8":null,"9":null,"10":null,"11":0.020253,"12":null,"13":null,"14":null,"15":null,"16":null,"17":null,"18":0.020253,"19":null,"20":null,"21":0.006751,"22":0.108016,"23":0.006751,"24":0.006751,"25":0.006751,"26":0.054008,"27":0.013502,"28":0.013502,"29":0.303795,"30":0.020253,"31":0.054008,"32":0.027004,"33":0.020253,"34":0.047257,"35":0.033755,"36":0.033755,"37":0.033755,"38":0.054008,"39":0.060759,"40":0.054008,"41":0.054008,"42":0.054008,"43":0.162024,"44":0.168775,"45":0.121518,"46":0.263289,"47":0.283542,"48":0.33755,"49":2.389854,"50":0.769614,"51":46.284856,"52":1.235433,"53":0.040506,"54":0.020253,"55":null},"firefox":{"2":null,"3":0.020253,"3.5":null,"3.6":0.013502,"4":null,"5":null,"6":0.020253,"7":null,"8":null,"9":null,"10":null,"11":null,"12":null,"13":null,"14":null,"15":null,"16":0.006751,"17":null,"18":null,"19":null,"20":0.006751,"21":null,"22":null,"23":null,"24":null,"25":null,"26":null,"27":null,"28":0.013502,"29":null,"30":0.006751,"31":0.013502,"32":0.006751,"33":0.006751,"34":0.006751,"35":0.013502,"36":0.013502,"37":0.013502,"38":0.033755,"39":0.027004,"40":0.020253,"41":0.027004,"42":0.054008,"43":0.094514,"44":0.054008,"45":0.087763,"46":0.094514,"47":3.470014,"48":0.047257,"49":0.006751,"50":null},"opera":{"9":null,"9.5-9.6":null,"10.0-10.1":0,"10.5":null,"10.6":null,"11":null,"11.1":null,"11.5":null,"11.6":null,"12":null,"12.1":0.013502,"15":null,"16":null,"17":null,"18":null,"19":null,"20":null,"21":null,"22":null,"23":null,"24":null,"25":null,"26":null,"27":null,"28":null,"29":null,"30":null,"31":null,"32":null,"33":null,"34":null,"35":null,"36":0.013502,"37":0.020253,"38":0.378056,"39":null,"40":null},"safari":{"3.1":null,"3.2":null,"4":0.006751,"5":0.013502,"5.1":0.033755,"6":0.006751,"6.1":0.040506,"7":0.027004,"7.1":0.013502,"8":0.216032,"9":0.344301,"9.1":1.451465,"10":null,"0":null},"ios_saf":{"3.2":0,"4.0-4.1":0,"4.2-4.3":0,"5.0-5.1":0,"6.0-6.1":0,"7.0-7.1":0.0703305141466,"8":0,"8.1-8.4":0.16603139641,"9.0-9.2":0.253061393368,"9.3":2.67737669608},"android":{"2.1":0,"2.2":0,"2.3":0.00960447383494,"3":0,"4":0.068298480604,"4.1":0.256119302265,"4.2-4.3":0.622156471752,"4.4":1.7917679521,"4.4.3-4.4.4":1.35102931945,"51":null},"op_mob":{"10":0,"11":0,"11.1":0,"11.5":0,"12":0,"12.1":0.000557045137857,"0":0.0245099860657},"ie":{"5.5":null,"6":0.0209678117647,"7":0.0139785411765,"8":0.545163105882,"9":0.181721035294,"10":0.230645929412,"11":1.38387557647},"bb":{"7":0.06902,"10":null},"ie_mob":{"10":0.163202876404,"11":0.512381123596},"edge":{"12":0.094514,"13":0.600839,"14":null},"and_ff":{"0":0.025984},"samsung":{"0":1.062096},"and_uc":{"0":0.743792},"op_mini":{"0":0.293236968796},"and_chr":{"0":25.469483}},"total":98.643873}