{"id":"CR","name":"Costa Rica","month":"2016-07","access_date":"2016-08-02","data":{"chrome":{"4":null,"5":null,"6":null,"7":null,"8":null,"9":null,"10":null,"11":0.021236,"12":null,"13":null,"14":null,"15":null,"16":null,"17":null,"18":null,"19":null,"20":null,"21":null,"22":0.021236,"23":null,"24":null,"25":null,"26":0.026545,"27":0.015927,"28":0.010618,"29":0.164579,"30":0.015927,"31":0.021236,"32":0.026545,"33":0.010618,"34":0.026545,"35":0.026545,"36":0.042472,"37":0.047781,"38":0.042472,"39":0.047781,"40":0.037163,"41":0.079635,"42":0.026545,"43":0.095562,"44":0.095562,"45":0.063708,"46":0.090253,"47":0.196433,"48":0.138034,"49":1.523683,"50":0.74326,"51":28.588965,"52":0.674243,"53":0.021236,"54":0.010618,"55":null},"firefox":{"2":null,"3":0.010618,"3.5":null,"3.6":0.010618,"4":null,"5":null,"6":null,"7":null,"8":null,"9":null,"10":null,"11":null,"12":0.010618,"13":null,"14":null,"15":null,"16":0.015927,"17":null,"18":null,"19":null,"20":0.005309,"21":0.042472,"22":0.010618,"23":0.005309,"24":0.010618,"25":0.010618,"26":null,"27":0.005309,"28":0.010618,"29":0.010618,"30":null,"31":0.015927,"32":null,"33":0.010618,"34":0.021236,"35":0.021236,"36":0.031854,"37":0.042472,"38":0.058399,"39":0.063708,"40":0.026545,"41":0.042472,"42":0.058399,"43":0.10618,"44":0.095562,"45":0.196433,"46":0.153961,"47":6.556615,"48":0.095562,"49":0.010618,"50":null},"opera":{"9":null,"9.5-9.6":null,"10.0-10.1":0,"10.5":null,"10.6":null,"11":0.010618,"11.1":null,"11.5":null,"11.6":0.005309,"12":0.010618,"12.1":0.021236,"15":null,"16":null,"17":null,"18":null,"19":null,"20":null,"21":null,"22":null,"23":null,"24":null,"25":null,"26":null,"27":0.069017,"28":0.047781,"29":0.100871,"30":null,"31":null,"32":null,"33":0.021236,"34":0.005309,"35":0.015927,"36":0.031854,"37":0.175197,"38":0.387557,"39":0.015927,"40":null},"safari":{"3.1":null,"3.2":null,"4":0.021236,"5":0.042472,"5.1":0.084944,"6":0.021236,"6.1":0.074326,"7":0.037163,"7.1":0.021236,"8":0.392866,"9":0.69017,"9.1":3.073911,"10":0.015927,"0":null},"ios_saf":{"3.2":0,"4.0-4.1":0,"4.2-4.3":0,"5.0-5.1":0,"6.0-6.1":0,"7.0-7.1":0.16960669425,"8":0,"8.1-8.4":0.400395711997,"9.0-9.2":0.610274315384,"9.3":6.45667127837},"android":{"2.1":0,"2.2":0,"2.3":0.0181032785733,"3":0,"4":0.12873442541,"4.1":0.482754095288,"4.2-4.3":1.17269015647,"4.4":3.37726719162,"4.4.3-4.4.4":2.54652785264,"51":null},"op_mob":{"10":0,"11":0,"11.1":0,"11.5":0,"12":0,"12.1":0.00559063110451,"0":0.245987768598},"ie":{"5.5":null,"6":0.0106943884892,"7":0.0106943884892,"8":0.224582158273,"9":0.155068633094,"10":0.203193381295,"11":2.36880705036},"bb":{"7":0.02228225,"10":null},"ie_mob":{"10":0.193780466292,"11":0.608380533708},"edge":{"12":0.143343,"13":1.11489,"14":0.010618},"and_ff":{"0":0.037528},"samsung":{"0":4.681618},"and_uc":{"0":0.412808},"op_mini":{"0":2.9429926003},"and_chr":{"0":23.866609}},"total":98.73646725}