{"id":"CU","name":"Cuba","month":"2016-07","access_date":"2016-08-02","data":{"chrome":{"4":0.008702,"5":0.008702,"6":null,"7":null,"8":null,"9":0.017404,"10":null,"11":0.13053,"12":null,"13":0.017404,"14":null,"15":null,"16":null,"17":0.08702,"18":0.04351,"19":null,"20":0.008702,"21":0.026106,"22":0.017404,"23":0.034808,"24":null,"25":0.060914,"26":0.026106,"27":0.017404,"28":0.095722,"29":0.060914,"30":0.026106,"31":0.182742,"32":0.04351,"33":0.095722,"34":0.287166,"35":0.04351,"36":0.078318,"37":0.078318,"38":0.191444,"39":0.08702,"40":0.069616,"41":0.113126,"42":0.113126,"43":0.069616,"44":0.069616,"45":0.139232,"46":0.374186,"47":0.426398,"48":0.330676,"49":0.574332,"50":0.400292,"51":4.237874,"52":0.165338,"53":0.034808,"54":null,"55":null},"firefox":{"2":0.017404,"3":0.034808,"3.5":0.104424,"3.6":0.165338,"4":0.156636,"5":0.443802,"6":0.034808,"7":0.252358,"8":0.078318,"9":0.121828,"10":0.121828,"11":0.139232,"12":0.08702,"13":0.26106,"14":0.08702,"15":0.321974,"16":0.139232,"17":0.26106,"18":0.147934,"19":0.30457,"20":0.226252,"21":0.165338,"22":0.21755,"23":0.356782,"24":1.82742,"25":0.722266,"26":1.47934,"27":0.539524,"28":0.243656,"29":0.687458,"30":0.661352,"31":0.643948,"32":3.472098,"33":1.070346,"34":1.853526,"35":1.401022,"36":0.992028,"37":1.810016,"38":3.298058,"39":1.461936,"40":3.489502,"41":2.053672,"42":1.705592,"43":5.064564,"44":2.775938,"45":3.854986,"46":4.30749,"47":19.475076,"48":1.13126,"49":0.078318,"50":0.026106},"opera":{"9":null,"9.5-9.6":null,"10.0-10.1":0.017404,"10.5":null,"10.6":0.017404,"11":null,"11.1":0.017404,"11.5":0.008702,"11.6":0.060914,"12":0.200146,"12.1":0.026106,"15":null,"16":null,"17":null,"18":null,"19":null,"20":0.008702,"21":0.008702,"22":null,"23":null,"24":null,"25":null,"26":null,"27":0.008702,"28":null,"29":0.08702,"30":0.026106,"31":0.008702,"32":0.04351,"33":0.026106,"34":0.017404,"35":null,"36":0.026106,"37":0.026106,"38":0.30457,"39":null,"40":0.008702},"safari":{"3.1":null,"3.2":null,"4":0,"5":null,"5.1":null,"6":null,"6.1":0.017404,"7":null,"7.1":0.008702,"8":0.034808,"9":0.052212,"9.1":0.156636,"10":null,"0":null},"ios_saf":{"3.2":0,"4.0-4.1":0,"4.2-4.3":0,"5.0-5.1":0,"6.0-6.1":0,"7.0-7.1":0.0245605135382,"8":0,"8.1-8.4":0.0579807557043,"9.0-9.2":0.088372989352,"9.3":0.934981741406},"android":{"2.1":0,"2.2":0,"2.3":0.00591551418901,"3":0,"4":0.0420658786774,"4.1":0.15774704504,"4.2-4.3":0.383193863577,"4.4":1.10357203593,"4.4.3-4.4.4":0.832115662588,"51":null},"op_mob":{"10":0,"11":0,"11.1":0,"11.5":0,"12":0,"12.1":0.000686009179462,"0":0.0301844038963},"ie":{"5.5":null,"6":0.008702,"7":0.034808,"8":0.8702,"9":0.269762,"10":0.374186,"11":2.802044},"bb":{"7":0.00649,"10":null},"ie_mob":{"10":0.0213222022472,"11":0.0669417977528},"edge":{"12":0.139232,"13":0.121828,"14":null},"and_ff":{"0":1.07734},"samsung":{"0":0.507518},"and_uc":{"0":0.407572},"op_mini":{"0":0.361125586924},"and_chr":{"0":7.56119}},"total":98.776436}