{"id":"CV","name":"Cape Verde","month":"2016-07","access_date":"2016-08-02","data":{"chrome":{"4":null,"5":null,"6":null,"7":null,"8":null,"9":null,"10":null,"11":0.012928,"12":0.025856,"13":null,"14":null,"15":null,"16":null,"17":null,"18":0.006464,"19":0.051712,"20":null,"21":0.006464,"22":0.019392,"23":null,"24":null,"25":0.077568,"26":null,"27":null,"28":null,"29":0.051712,"30":0.006464,"31":0.038784,"32":0.019392,"33":0.1616,"34":0.006464,"35":0.012928,"36":0.206848,"37":0.051712,"38":0.03232,"39":0.071104,"40":0.09696,"41":null,"42":0.058176,"43":3.65216,"44":0.200384,"45":0.206848,"46":0.045248,"47":0.439552,"48":0.180992,"49":2.126656,"50":0.491264,"51":32.927616,"52":0.730432,"53":0.135744,"54":null,"55":null},"firefox":{"2":null,"3":null,"3.5":null,"3.6":null,"4":null,"5":null,"6":null,"7":null,"8":null,"9":null,"10":null,"11":null,"12":null,"13":null,"14":0.012928,"15":null,"16":0.006464,"17":null,"18":null,"19":null,"20":0.012928,"21":null,"22":null,"23":null,"24":null,"25":null,"26":null,"27":null,"28":0.006464,"29":null,"30":null,"31":0.03232,"32":0.012928,"33":null,"34":0.045248,"35":0.058176,"36":null,"37":0.019392,"38":0.038784,"39":0.038784,"40":0.012928,"41":0.025856,"42":0.06464,"43":0.09696,"44":0.116352,"45":0.12928,"46":0.271488,"47":6.063232,"48":0.090496,"49":0.1616,"50":null},"opera":{"9":null,"9.5-9.6":null,"10.0-10.1":0,"10.5":null,"10.6":null,"11":null,"11.1":null,"11.5":null,"11.6":null,"12":null,"12.1":null,"15":null,"16":null,"17":null,"18":null,"19":null,"20":null,"21":null,"22":null,"23":null,"24":null,"25":null,"26":null,"27":null,"28":null,"29":0.012928,"30":0.025856,"31":null,"32":null,"33":0.012928,"34":0.025856,"35":null,"36":0.135744,"37":0.025856,"38":0.458944,"39":null,"40":null},"safari":{"3.1":null,"3.2":null,"4":0,"5":0.006464,"5.1":0.077568,"6":0.025856,"6.1":0.045248,"7":null,"7.1":null,"8":0.187456,"9":0.142208,"9.1":1.557824,"10":0.045248,"0":null},"ios_saf":{"3.2":0,"4.0-4.1":0,"4.2-4.3":0,"5.0-5.1":0,"6.0-6.1":0,"7.0-7.1":0.103973675692,"8":0,"8.1-8.4":0.245453837136,"9.0-9.2":0.374115326235,"9.3":3.95812116094},"android":{"2.1":0,"2.2":0,"2.3":0.0161978443114,"3":0,"4":0.115184670659,"4.1":0.43194251497,"4.2-4.3":1.04926035928,"4.4":3.02179784431,"4.4.3-4.4.4":2.27849676647,"51":null},"op_mob":{"10":0,"11":0,"11.1":0,"11.5":0,"12":0,"12.1":0.0055755194981,"0":0.245322857916},"ie":{"5.5":null,"6":0.025856,"7":0.006464,"8":0.206848,"9":0.316736,"10":0.413696,"11":2.84416},"bb":{"7":0.014144,"10":null},"ie_mob":{"10":0.475790651685,"11":1.49376134831},"edge":{"12":0.523584,"13":0.898496,"14":0.019392},"and_ff":{"0":0.007072},"samsung":{"0":1.509872},"and_uc":{"0":0.823888},"op_mini":{"0":2.93503762259},"and_chr":{"0":21.7676}},"total":98.382816}