{"id":"CV","name":"Cape Verde","month":"2016-01","access_date":"2016-02-03","data":{"firefox":{"2":0,"3":0.018228,"3.5":0,"3.6":0.006076,"4":0,"5":0.012152,"6":0.012152,"7":0.006076,"8":0,"9":0.006076,"10":0.018228,"11":0.012152,"12":0.012152,"13":0.006076,"14":0.127596,"15":0.006076,"16":0.006076,"17":0.012152,"18":0.006076,"19":0.006076,"20":0.006076,"21":0,"22":0.018228,"23":0.006076,"24":0,"25":0.006076,"26":0.024304,"27":0.066836,"28":0.048608,"29":0.048608,"30":0.036456,"31":0.03038,"32":0.036456,"33":0.066836,"34":0.06076,"35":0.261268,"36":0.12152,"37":0.054684,"38":0.200508,"39":0.297724,"40":0.048608,"41":0.1519,"42":0.33418,"43":4.64814,"44":0.21266,"45":0.006076,"46":0.006076,"47":0},"chrome":{"4":0,"5":0,"6":0.012152,"7":0,"8":0,"9":0,"10":0.006076,"11":0.066836,"12":0.042532,"13":0.006076,"14":0,"15":0,"16":0.03038,"17":0,"18":0.006076,"19":0,"20":0,"21":0.006076,"22":0.03038,"23":0.006076,"24":0,"25":0.024304,"26":0.03038,"27":0,"28":0.012152,"29":0.012152,"30":0,"31":0.236964,"32":0.024304,"33":0.176204,"34":0.085064,"35":0.03038,"36":0.188356,"37":0.042532,"38":0.03038,"39":0.066836,"40":0.157976,"41":0.048608,"42":0.358484,"43":2.564072,"44":0.18228,"45":0.461776,"46":0.376712,"47":27.0382,"48":2.46078,"49":0.1519,"50":0,"51":0},"opera":{"9":0,"9.5-9.6":0,"10.0-10.1":0,"10.5":0,"10.6":0,"11":0,"11.1":0,"11.5":0,"11.6":0,"12":0,"12.1":0.006076,"15":0.012152,"16":0,"17":0,"18":0,"19":0,"20":0,"21":0,"22":0,"23":0,"24":0,"25":0,"26":0.006076,"27":0.006076,"28":0.018228,"29":0.036456,"30":0.03038,"31":0,"32":0.012152,"33":0.164052,"34":0.935704,"35":0,"36":0},"safari":{"3.1":0,"3.2":0,"4":0.018228,"5":0.024304,"5.1":0.078988,"6":0.006076,"6.1":0.188356,"7":0.018228,"7.1":0.036456,"8":0.24304,"9":0.7595,"9.1":0},"android":{"2.1":0,"2.2":0,"2.3":0.0949422112646,"3":0,"4":0.394603565569,"4.1":1.34995956642,"4.2-4.3":3.00551437535,"4.4":5.98135930967,"4.4.3-4.4.4":3.13309297173,"47":null},"ios_saf":{"3.2":0,"4.0-4.1":0,"4.2-4.3":0,"5.0-5.1":0,"6.0-6.1":0,"7.0-7.1":0.237504584321,"8":0.0166561656537,"8.1-8.4":0.67858452663,"9.0-9.2":5.0554547234,"9.3":null},"op_mob":{"10":0,"11":0,"11.1":0,"11.5":0,"12":0.0003349625171,"12.1":0.0003349625171,"0":0.0177530134063},"ie":{"5.5":0,"6":0,"7":0.0182706885246,"8":0.456767213115,"9":0.432406295082,"10":0.639474098361,"11":3.63586701639},"bb":{"7":0.006867,"10":null},"ie_mob":{"10":0.248102319328,"11":1.09390568067},"edge":{"12":0.3038,"13":0.6076,"14":0},"and_uc":{"0":3.731724},"op_mini":{"5.0-8.0":4.47063306156},"and_chr":{"0":17.883552},"and_ff":{"0":0.066708}},"total":98.2082203115}