{"id":"CY","name":"Cyprus","month":"2016-07","access_date":"2016-08-02","data":{"chrome":{"4":null,"5":null,"6":null,"7":null,"8":null,"9":null,"10":null,"11":0.01274,"12":0.01274,"13":null,"14":0.00637,"15":null,"16":null,"17":null,"18":null,"19":null,"20":null,"21":null,"22":0.03185,"23":null,"24":null,"25":null,"26":0.05733,"27":null,"28":null,"29":0.3822,"30":0.09555,"31":0.04459,"32":0.00637,"33":0.03822,"34":0.02548,"35":0.01911,"36":0.01911,"37":0.03185,"38":0.03822,"39":0.0637,"40":0.03185,"41":0.02548,"42":0.87269,"43":0.14651,"44":0.07644,"45":0.03822,"46":0.08918,"47":0.17836,"48":0.1274,"49":3.47802,"50":0.40768,"51":34.50629,"52":0.94913,"53":0.05096,"54":0.01274,"55":null},"firefox":{"2":null,"3":0.00637,"3.5":null,"3.6":0.01274,"4":null,"5":null,"6":null,"7":null,"8":null,"9":null,"10":null,"11":null,"12":0.00637,"13":null,"14":null,"15":null,"16":0.01274,"17":null,"18":null,"19":null,"20":null,"21":null,"22":null,"23":0.00637,"24":null,"25":null,"26":0.03822,"27":null,"28":null,"29":null,"30":null,"31":0.00637,"32":null,"33":0.01274,"34":null,"35":0.01274,"36":0.01911,"37":0.01274,"38":0.03185,"39":0.02548,"40":0.01274,"41":0.01274,"42":0.04459,"43":0.10192,"44":0.14651,"45":0.09555,"46":0.15925,"47":7.76503,"48":0.10192,"49":0.00637,"50":0.01274},"opera":{"9":null,"9.5-9.6":null,"10.0-10.1":0,"10.5":null,"10.6":null,"11":null,"11.1":null,"11.5":null,"11.6":null,"12":null,"12.1":0.03822,"15":null,"16":null,"17":null,"18":null,"19":null,"20":null,"21":null,"22":null,"23":null,"24":null,"25":null,"26":null,"27":null,"28":null,"29":null,"30":null,"31":null,"32":null,"33":null,"34":null,"35":null,"36":0.03822,"37":0.03185,"38":0.45864,"39":null,"40":null},"safari":{"3.1":null,"3.2":null,"4":0.01274,"5":0.04459,"5.1":0.11466,"6":0.01274,"6.1":0.0637,"7":0.02548,"7.1":0.01911,"8":0.15925,"9":0.29939,"9.1":1.56702,"10":null,"0":null},"ios_saf":{"3.2":0,"4.0-4.1":0,"4.2-4.3":0,"5.0-5.1":0,"6.0-6.1":0,"7.0-7.1":0.173521843931,"8":0,"8.1-8.4":0.409638325626,"9.0-9.2":0.624361703276,"9.3":6.60571512717},"android":{"2.1":0,"2.2":0,"2.3":0.00631791799011,"3":0,"4":0.0449274168185,"4.1":0.16847781307,"4.2-4.3":0.409260687581,"4.4":1.1786427006,"4.4.3-4.4.4":0.888720463942,"51":null},"op_mob":{"10":0,"11":0,"11.1":0,"11.5":0,"12":0,"12.1":0.000825616972098,"0":0.0363271467723},"ie":{"5.5":null,"6":0.00647796610169,"7":0.0259118644068,"8":0.952261016949,"9":0.323898305085,"10":0.291508474576,"11":4.51514237288},"bb":{"7":0.01179425,"10":null},"ie_mob":{"10":0.127116938202,"11":0.399088061798},"edge":{"12":0.10829,"13":1.8473,"14":null},"and_ff":{"0":0.014516},"samsung":{"0":4.605201},"and_uc":{"0":1.687485},"op_mini":{"0":0.434617236256},"and_chr":{"0":19.43425}},"total":98.75678525}