{"id":"CZ","name":"Czech Republic","month":"2016-07","access_date":"2016-08-02","data":{"chrome":{"4":null,"5":null,"6":null,"7":null,"8":null,"9":null,"10":null,"11":0.042025,"12":null,"13":null,"14":null,"15":null,"16":null,"17":null,"18":null,"19":null,"20":0.058835,"21":null,"22":0.06724,"23":0.008405,"24":null,"25":null,"26":0.025215,"27":0.008405,"28":null,"29":2.95856,"30":0.008405,"31":0.03362,"32":0.008405,"33":0.01681,"34":0.042025,"35":0.025215,"36":0.025215,"37":0.042025,"38":0.025215,"39":0.075645,"40":0.025215,"41":0.025215,"42":0.025215,"43":0.48749,"44":0.05043,"45":0.15129,"46":0.058835,"47":0.142885,"48":0.31939,"49":2.77365,"50":1.69781,"51":33.426685,"52":1.067435,"53":0.03362,"54":0.01681,"55":null},"firefox":{"2":null,"3":0.025215,"3.5":null,"3.6":0.05043,"4":null,"5":null,"6":null,"7":null,"8":null,"9":null,"10":null,"11":null,"12":0.01681,"13":null,"14":null,"15":null,"16":0.008405,"17":null,"18":null,"19":0.008405,"20":null,"21":0.01681,"22":null,"23":null,"24":0.01681,"25":null,"26":0.01681,"27":0.008405,"28":0.025215,"29":0.01681,"30":0.008405,"31":0.03362,"32":0.01681,"33":0.01681,"34":0.01681,"35":0.025215,"36":0.025215,"37":0.025215,"38":0.26896,"39":0.06724,"40":0.03362,"41":0.08405,"42":0.08405,"43":0.77326,"44":0.109265,"45":0.6724,"46":0.848905,"47":15.961095,"48":0.43706,"49":0.008405,"50":null},"opera":{"9":null,"9.5-9.6":null,"10.0-10.1":0,"10.5":null,"10.6":null,"11":0.008405,"11.1":null,"11.5":0.025215,"11.6":0.01681,"12":0.01681,"12.1":0.36982,"15":null,"16":null,"17":null,"18":null,"19":null,"20":null,"21":0.008405,"22":null,"23":null,"24":null,"25":null,"26":null,"27":null,"28":0.01681,"29":null,"30":0.008405,"31":null,"32":null,"33":0.008405,"34":0.01681,"35":0.025215,"36":0.23534,"37":0.176505,"38":2.82408,"39":0.01681,"40":null},"safari":{"3.1":null,"3.2":null,"4":0.03362,"5":0.01681,"5.1":0.03362,"6":null,"6.1":0.025215,"7":0.025215,"7.1":0.008405,"8":0.08405,"9":0.176505,"9.1":1.269155,"10":0.01681,"0":null},"ios_saf":{"3.2":0,"4.0-4.1":0,"4.2-4.3":0,"5.0-5.1":0,"6.0-6.1":0,"7.0-7.1":0.0556139184667,"8":0,"8.1-8.4":0.131289478755,"9.0-9.2":0.200108528547,"9.3":2.11713807423},"android":{"2.1":0,"2.2":0,"2.3":0.00421194610778,"3":0,"4":0.0299516167665,"4.1":0.112318562874,"4.2-4.3":0.272840508982,"4.4":0.785761946108,"4.4.3-4.4.4":0.592480419162,"51":null},"op_mob":{"10":0,"11":0,"11.1":0,"11.5":0,"12":0,"12.1":0.000896012382368,"0":0.0394245448242},"ie":{"5.5":null,"6":0.0174830566406,"7":0.0174830566406,"8":0.673097680664,"9":0.323436547852,"10":0.384627246094,"11":7.51771435547},"bb":{"7":0.01874125,"10":null},"ie_mob":{"10":0.142949634831,"11":0.448795365169},"edge":{"12":0.11767,"13":2.429045,"14":0.01681},"and_ff":{"0":0.02552},"samsung":{"0":1.079815},"and_uc":{"0":0.10846},"op_mini":{"0":0.471674442793},"and_chr":{"0":9.67906}},"total":96.7774431934}