{"id":"DE","name":"Germany","month":"2016-07","access_date":"2016-08-02","data":{"chrome":{"4":null,"5":null,"6":null,"7":null,"8":null,"9":null,"10":null,"11":0.032385,"12":null,"13":null,"14":null,"15":null,"16":null,"17":null,"18":0.012954,"19":null,"20":null,"21":0.006477,"22":0.038862,"23":null,"24":null,"25":null,"26":0.019431,"27":null,"28":0.012954,"29":0.602361,"30":null,"31":0.045339,"32":0.012954,"33":0.045339,"34":0.025908,"35":0.019431,"36":0.019431,"37":0.25908,"38":0.025908,"39":0.051816,"40":0.038862,"41":0.097155,"42":0.051816,"43":0.103632,"44":0.058293,"45":0.090678,"46":0.090678,"47":0.142494,"48":0.168402,"49":1.029843,"50":0.45339,"51":16.678275,"52":0.51816,"53":0.06477,"54":0.012954,"55":null},"firefox":{"2":0.012954,"3":0.012954,"3.5":null,"3.6":0.045339,"4":null,"5":null,"6":0.012954,"7":null,"8":null,"9":0.012954,"10":0.012954,"11":0.006477,"12":0.032385,"13":0.006477,"14":0.006477,"15":0.012954,"16":0.025908,"17":0.019431,"18":0.012954,"19":0.006477,"20":0.019431,"21":0.006477,"22":0.012954,"23":0.012954,"24":0.051816,"25":0.012954,"26":0.025908,"27":0.012954,"28":0.032385,"29":0.025908,"30":0.032385,"31":0.084201,"32":0.045339,"33":0.06477,"34":0.077724,"35":0.084201,"36":0.148971,"37":0.071247,"38":0.867918,"39":0.19431,"40":0.226695,"41":0.233172,"42":0.524637,"43":0.38862,"44":0.349758,"45":0.874395,"46":0.602361,"47":18.7833,"48":0.213741,"49":0.025908,"50":0.012954},"opera":{"9":null,"9.5-9.6":null,"10.0-10.1":0,"10.5":null,"10.6":null,"11":null,"11.1":null,"11.5":null,"11.6":0.006477,"12":0.006477,"12.1":0.226695,"15":null,"16":null,"17":null,"18":null,"19":null,"20":null,"21":null,"22":null,"23":null,"24":null,"25":null,"26":null,"27":null,"28":0.006477,"29":null,"30":0.006477,"31":null,"32":null,"33":0.006477,"34":0.012954,"35":0.012954,"36":0.077724,"37":0.071247,"38":1.042797,"39":0.012954,"40":null},"safari":{"3.1":null,"3.2":null,"4":0.025908,"5":0.06477,"5.1":0.168402,"6":0.012954,"6.1":0.110109,"7":0.051816,"7.1":0.025908,"8":0.239649,"9":0.45339,"9.1":2.65557,"10":0.019431,"0":null},"ios_saf":{"3.2":0,"4.0-4.1":0,"4.2-4.3":0,"5.0-5.1":0,"6.0-6.1":0,"7.0-7.1":0.21899726833,"8":0,"8.1-8.4":0.516993551263,"9.0-9.2":0.787990170977,"9.3":8.33689600943},"android":{"2.1":0,"2.2":0,"2.3":0.00599304399896,"3":0,"4":0.0426172017704,"4.1":0.159814506639,"4.2-4.3":0.388216072377,"4.4":1.11803565269,"4.4.3-4.4.4":0.84302152252,"51":null},"op_mob":{"10":0,"11":0,"11.1":0,"11.5":0,"12":0,"12.1":0.000622704936437,"0":0.0273990172032},"ie":{"5.5":null,"6":0.0326150071023,"7":0.0391380085227,"8":0.358765078125,"9":0.358765078125,"10":0.28048906108,"11":8.11461376705},"bb":{"7":0.01849575,"10":null},"ie_mob":{"10":0.162552803371,"11":0.510340196629},"edge":{"12":0.181356,"13":2.571369,"14":0.012954},"and_ff":{"0":0.095121},"samsung":{"0":5.668507},"and_uc":{"0":0.588341},"op_mini":{"0":0.32780127786},"and_chr":{"0":16.001019}},"total":98.27648575}