{"id":"DK","name":"Denmark","month":"2016-07","access_date":"2016-08-02","data":{"chrome":{"4":null,"5":null,"6":null,"7":null,"8":null,"9":null,"10":null,"11":0.011854,"12":null,"13":null,"14":null,"15":null,"16":null,"17":null,"18":null,"19":null,"20":null,"21":null,"22":0.029635,"23":null,"24":null,"25":null,"26":0.005927,"27":null,"28":null,"29":0.17781,"30":0.005927,"31":0.065197,"32":0.011854,"33":0.029635,"34":0.035562,"35":0.023708,"36":0.017781,"37":0.029635,"38":0.041489,"39":0.05927,"40":0.029635,"41":0.106686,"42":0.041489,"43":0.088905,"44":0.088905,"45":0.065197,"46":0.077051,"47":0.11854,"48":0.160029,"49":1.167619,"50":0.408963,"51":27.169368,"52":0.687532,"53":0.023708,"54":0.011854,"55":null},"firefox":{"2":null,"3":null,"3.5":null,"3.6":0.011854,"4":null,"5":null,"6":null,"7":null,"8":null,"9":null,"10":null,"11":null,"12":0.023708,"13":null,"14":null,"15":null,"16":0.017781,"17":null,"18":null,"19":null,"20":null,"21":0.005927,"22":null,"23":null,"24":0.011854,"25":null,"26":null,"27":null,"28":null,"29":0.005927,"30":null,"31":0.005927,"32":null,"33":0.005927,"34":0.005927,"35":0.011854,"36":0.011854,"37":0.011854,"38":0.041489,"39":0.023708,"40":0.023708,"41":0.023708,"42":0.035562,"43":0.082978,"44":0.05927,"45":0.106686,"46":0.136321,"47":6.175934,"48":0.053343,"49":0.005927,"50":null},"opera":{"9":null,"9.5-9.6":null,"10.0-10.1":0,"10.5":null,"10.6":null,"11":null,"11.1":null,"11.5":null,"11.6":null,"12":null,"12.1":0.029635,"15":null,"16":null,"17":null,"18":null,"19":null,"20":null,"21":null,"22":null,"23":null,"24":null,"25":null,"26":null,"27":null,"28":0.011854,"29":null,"30":null,"31":null,"32":null,"33":null,"34":null,"35":0.005927,"36":0.017781,"37":0.011854,"38":0.349693,"39":null,"40":null},"safari":{"3.1":null,"3.2":null,"4":0,"5":0.041489,"5.1":0.106686,"6":0.005927,"6.1":0.136321,"7":0.053343,"7.1":0.029635,"8":0.408963,"9":0.657897,"9.1":4.439323,"10":0.023708,"0":null},"ios_saf":{"3.2":0,"4.0-4.1":0,"4.2-4.3":0,"5.0-5.1":0,"6.0-6.1":0,"7.0-7.1":0.535228382416,"8":0,"8.1-8.4":1.26353001694,"9.0-9.2":1.92584459061,"9.3":20.37533801},"android":{"2.1":0,"2.2":0,"2.3":0.0022427479823,"3":0,"4":0.0159484300963,"4.1":0.0598066128612,"4.2-4.3":0.145280230409,"4.4":0.418397095808,"4.4.3-4.4.4":0.315479882843,"51":null},"op_mob":{"10":0,"11":0,"11.1":0,"11.5":0,"12":0,"12.1":0.000163942116559,"0":0.00721345312861},"ie":{"5.5":null,"6":0.00593793542435,"7":0.0237517416974,"8":0.160324256458,"9":0.302834706642,"10":0.403779608856,"11":8.75845475092},"bb":{"7":0.004073,"10":null},"ie_mob":{"10":0.187930050562,"11":0.590012949438},"edge":{"12":0.154102,"13":4.08963,"14":0.023708},"and_ff":{"0":0.052949},"samsung":{"0":3.209524},"and_uc":{"0":0.04073},"op_mini":{"0":0.0863016047548},"and_chr":{"0":11.740472}},"total":98.918818}