{"id":"DM","name":"Dominica","month":"2016-07","access_date":"2016-08-02","data":{"chrome":{"4":null,"5":null,"6":null,"7":null,"8":null,"9":null,"10":null,"11":0.018417,"12":0.036834,"13":null,"14":null,"15":null,"16":null,"17":null,"18":0.079807,"19":null,"20":null,"21":null,"22":0.042973,"23":0.006139,"24":null,"25":null,"26":null,"27":0.006139,"28":0.012278,"29":0.128919,"30":0.06139,"31":0.079807,"32":0.325367,"33":0.018417,"34":0.006139,"35":0.042973,"36":0.049112,"37":0.012278,"38":null,"39":0.024556,"40":0.006139,"41":0.024556,"42":null,"43":0.06139,"44":0.006139,"45":0.926989,"46":0.024556,"47":0.521815,"48":0.681429,"49":1.418109,"50":0.656873,"51":32.47531,"52":0.767375,"53":0.30695,"54":0.012278,"55":null},"firefox":{"2":null,"3":null,"3.5":null,"3.6":0.006139,"4":null,"5":null,"6":null,"7":null,"8":null,"9":null,"10":null,"11":null,"12":null,"13":null,"14":null,"15":null,"16":null,"17":0.012278,"18":null,"19":null,"20":null,"21":null,"22":null,"23":null,"24":null,"25":null,"26":null,"27":null,"28":0.018417,"29":null,"30":null,"31":null,"32":null,"33":0.018417,"34":null,"35":null,"36":0.018417,"37":0.024556,"38":null,"39":0.018417,"40":null,"41":0.030695,"42":0.128919,"43":0.030695,"44":0.018417,"45":0.055251,"46":0.12278,"47":6.452089,"48":0.147336,"49":null,"50":null},"opera":{"9":null,"9.5-9.6":null,"10.0-10.1":0,"10.5":null,"10.6":null,"11":null,"11.1":null,"11.5":null,"11.6":null,"12":null,"12.1":0.055251,"15":null,"16":null,"17":null,"18":null,"19":null,"20":null,"21":null,"22":null,"23":null,"24":null,"25":null,"26":null,"27":0.012278,"28":null,"29":0.159614,"30":null,"31":null,"32":null,"33":0.012278,"34":null,"35":null,"36":0.18417,"37":0.153475,"38":0.693707,"39":null,"40":null},"safari":{"3.1":null,"3.2":null,"4":0,"5":0.024556,"5.1":0.012278,"6":null,"6.1":0.024556,"7":null,"7.1":0.012278,"8":0.196448,"9":0.356062,"9.1":2.203901,"10":null,"0":null},"ios_saf":{"3.2":0,"4.0-4.1":0,"4.2-4.3":0,"5.0-5.1":0,"6.0-6.1":0,"7.0-7.1":0.0985242156982,"8":0,"8.1-8.4":0.23258913021,"9.0-9.2":0.354507223608,"9.3":3.75066843048},"android":{"2.1":0,"2.2":0,"2.3":0.0235580307212,"3":0,"4":0.167523774017,"4.1":0.628214152564,"4.2-4.3":1.52603687894,"4.4":4.39488150898,"4.4.3-4.4.4":3.31382965478,"51":null},"op_mob":{"10":0,"11":0,"11.1":0,"11.5":0,"12":0,"12.1":0.00198653135215,"0":0.0874073794948},"ie":{"5.5":null,"6":0.042973,"7":0.018417,"8":0.098224,"9":0.098224,"10":0.098224,"11":3.554481},"bb":{"7":0.32721975,"10":null},"ie_mob":{"10":0.247169073034,"11":0.775995926966},"edge":{"12":0.288533,"13":2.295986,"14":null},"and_ff":{"0":0.007722},"samsung":{"0":2.301156},"and_uc":{"0":0.528957},"op_mini":{"0":1.04574008915},"and_chr":{"0":21.729715}},"total":98.08359175}