{"id":"DZ","name":"Algeria","month":"2016-01","access_date":"2016-02-03","data":{"firefox":{"2":0.015156,"3":0.143982,"3.5":0.045468,"3.6":0.242496,"4":0.03789,"5":0.015156,"6":0.045468,"7":0.022734,"8":0.030312,"9":0.030312,"10":0.053046,"11":0.068202,"12":0.143982,"13":0.045468,"14":0.060624,"15":0.090936,"16":0.07578,"17":0.053046,"18":0.053046,"19":0.068202,"20":0.068202,"21":0.053046,"22":0.053046,"23":0.068202,"24":0.053046,"25":0.068202,"26":0.07578,"27":0.068202,"28":0.060624,"29":0.181872,"30":0.204606,"31":0.159138,"32":0.15156,"33":0.204606,"34":0.181872,"35":0.197028,"36":0.181872,"37":0.197028,"38":0.348588,"39":0.318276,"40":0.295542,"41":0.34101,"42":0.553194,"43":9.934758,"44":1.007874,"45":0.053046,"46":0.007578,"47":0},"chrome":{"4":0.068202,"5":0.053046,"6":0.03789,"7":0.022734,"8":0.030312,"9":0.007578,"10":0.03789,"11":0.106092,"12":0.045468,"13":0.030312,"14":0.045468,"15":0.083358,"16":0.03789,"17":0.015156,"18":0.136404,"19":0.007578,"20":0.022734,"21":0.007578,"22":0.053046,"23":0.022734,"24":0.015156,"25":0.060624,"26":0.128826,"27":0.030312,"28":0.045468,"29":0.060624,"30":0.083358,"31":0.166716,"32":0.045468,"33":0.348588,"34":0.11367,"35":0.068202,"36":0.128826,"37":0.090936,"38":0.18945,"39":0.159138,"40":0.41679,"41":0.136404,"42":0.30312,"43":3.857202,"44":0.83358,"45":0.848736,"46":0.977562,"47":31.25925,"48":4.47102,"49":0.219762,"50":0.030312,"51":0},"opera":{"9":0,"9.5-9.6":0,"10.0-10.1":0,"10.5":0,"10.6":0,"11":0,"11.1":0,"11.5":0,"11.6":0.022734,"12":0.015156,"12.1":0.106092,"15":0.007578,"16":0.007578,"17":0.007578,"18":0.015156,"19":0.007578,"20":0.015156,"21":0.007578,"22":0,"23":0,"24":0,"25":0,"26":0.007578,"27":0.007578,"28":0.022734,"29":0.015156,"30":0.030312,"31":0.03789,"32":0.030312,"33":0.068202,"34":2.455272,"35":0.03789,"36":0.007578},"safari":{"3.1":0,"3.2":0,"4":0.022734,"5":0.015156,"5.1":0.030312,"6":0.015156,"6.1":0.007578,"7":0.015156,"7.1":0.007578,"8":0.053046,"9":0.11367,"9.1":0},"android":{"2.1":0,"2.2":0,"2.3":0.0597646690755,"3":0,"4":0.248396905845,"4.1":0.849778888417,"4.2-4.3":1.89192530542,"4.4":3.76517415175,"4.4.3-4.4.4":1.97223407949,"47":null},"ios_saf":{"3.2":0,"4.0-4.1":0,"4.2-4.3":0,"5.0-5.1":0,"6.0-6.1":0,"7.0-7.1":0.0777767425569,"8":0.00545447285464,"8.1-8.4":0.222219264448,"9.0-9.2":1.65553352014,"9.3":null},"op_mob":{"10":0,"11":0,"11.1":0,"11.5":0,"12":0.000141326004228,"12.1":0.000141326004228,"0":0.0074902782241},"ie":{"5.5":0,"6":0.0647142939759,"7":0.105160727711,"8":0.930267975904,"9":0.331660756627,"10":0.258857175904,"11":1.65830378313},"bb":{"7":0.013321,"10":null},"ie_mob":{"10":0.0797021176471,"11":0.351413882353},"edge":{"12":0.128826,"13":0.143982,"14":0},"and_uc":{"0":1.860096},"op_mini":{"5.0-8.0":1.88623106977},"and_chr":{"0":13.378048},"and_ff":{"0":0.041174}},"total":97.5905357133}