{"id":"DZ","name":"Algeria","month":"2016-07","access_date":"2016-08-02","data":{"chrome":{"4":0.038154,"5":0.019077,"6":0.025436,"7":0.019077,"8":0.019077,"9":0.006359,"10":0.025436,"11":0.082667,"12":0.025436,"13":0.012718,"14":0.031795,"15":0.06359,"16":0.038154,"17":0.025436,"18":0.108103,"19":0.019077,"20":0.031795,"21":0.012718,"22":0.044513,"23":0.025436,"24":0.019077,"25":0.082667,"26":0.069949,"27":0.038154,"28":0.057231,"29":0.400617,"30":0.082667,"31":0.19077,"32":0.06359,"33":0.298873,"34":0.120821,"35":0.044513,"36":0.069949,"37":0.06359,"38":0.108103,"39":0.114462,"40":0.324309,"41":0.076308,"42":0.082667,"43":2.950576,"44":0.216206,"45":0.248001,"46":0.286155,"47":0.680413,"48":0.750362,"49":4.146068,"50":0.693131,"51":25.823899,"52":1.042876,"53":0.089026,"54":0.031795,"55":null},"firefox":{"2":0.012718,"3":0.095385,"3.5":0.025436,"3.6":0.139898,"4":0.025436,"5":0.006359,"6":0.012718,"7":0.006359,"8":0.012718,"9":0.012718,"10":0.019077,"11":0.038154,"12":0.06359,"13":0.025436,"14":0.031795,"15":0.044513,"16":0.031795,"17":0.025436,"18":0.025436,"19":0.031795,"20":0.031795,"21":0.025436,"22":0.025436,"23":0.038154,"24":0.025436,"25":0.038154,"26":0.038154,"27":0.031795,"28":0.031795,"29":0.089026,"30":0.114462,"31":0.076308,"32":0.082667,"33":0.120821,"34":0.101744,"35":0.114462,"36":0.108103,"37":0.101744,"38":0.165334,"39":0.120821,"40":0.12718,"41":0.216206,"42":0.158975,"43":0.686772,"44":0.228924,"45":0.286155,"46":0.470566,"47":8.152238,"48":0.464207,"49":0.038154,"50":null},"opera":{"9":null,"9.5-9.6":null,"10.0-10.1":0,"10.5":null,"10.6":null,"11":null,"11.1":null,"11.5":null,"11.6":0.012718,"12":0.006359,"12.1":0.069949,"15":null,"16":null,"17":null,"18":0.012718,"19":null,"20":0.025436,"21":null,"22":null,"23":null,"24":null,"25":null,"26":null,"27":null,"28":0.006359,"29":0.006359,"30":0.019077,"31":0.006359,"32":0.012718,"33":0.019077,"34":0.025436,"35":0.031795,"36":0.158975,"37":0.069949,"38":1.545237,"39":0.012718,"40":0.012718},"safari":{"3.1":null,"3.2":null,"4":0.012718,"5":0.006359,"5.1":0.019077,"6":0.006359,"6.1":null,"7":0.012718,"7.1":null,"8":0.038154,"9":0.031795,"9.1":0.12718,"10":null,"0":null},"ios_saf":{"3.2":0,"4.0-4.1":0,"4.2-4.3":0,"5.0-5.1":0,"6.0-6.1":0,"7.0-7.1":0.0338811277761,"8":0,"8.1-8.4":0.0799842148869,"9.0-9.2":0.121910176656,"9.3":1.28980348068},"android":{"2.1":0,"2.2":0,"2.3":0.01816329107,"3":0,"4":0.129161180942,"4.1":0.484354428534,"4.2-4.3":1.17657763265,"4.4":3.38846285629,"4.4.3-4.4.4":2.55496961052,"51":null},"op_mob":{"10":0,"11":0,"11.1":0,"11.5":0,"12":0,"12.1":0.003064884035,"0":0.13485489754},"ie":{"5.5":null,"6":0.03398090625,"7":0.0679618125,"8":0.5572868625,"9":0.190293075,"10":0.14271980625,"11":1.1825355375},"bb":{"7":0.0091025,"10":null},"ie_mob":{"10":0.117862033708,"11":0.370031966292},"edge":{"12":0.050872,"13":0.241642,"14":null},"and_ff":{"0":0.032769},"samsung":{"0":1.74768},"and_uc":{"0":2.308394},"op_mini":{"0":1.61340121842},"and_chr":{"0":24.076336}},"total":97.4050485}