{"id":"EC","name":"Ecuador","month":"2016-07","access_date":"2016-08-02","data":{"chrome":{"4":null,"5":null,"6":null,"7":null,"8":null,"9":0.007048,"10":null,"11":0.028192,"12":null,"13":null,"14":null,"15":null,"16":null,"17":null,"18":0.021144,"19":null,"20":null,"21":0.014096,"22":0.1762,"23":0.014096,"24":null,"25":0.021144,"26":0.056384,"27":0.014096,"28":null,"29":0.197344,"30":0.021144,"31":0.03524,"32":0.028192,"33":0.021144,"34":0.056384,"35":0.042288,"36":0.049336,"37":0.063432,"38":0.056384,"39":0.084576,"40":0.063432,"41":0.049336,"42":0.07048,"43":0.253728,"44":0.14096,"45":0.169152,"46":0.169152,"47":0.288968,"48":0.267824,"49":2.36108,"50":0.732992,"51":41.005264,"52":1.169968,"53":0.063432,"54":0.014096,"55":null},"firefox":{"2":null,"3":0.007048,"3.5":null,"3.6":0.021144,"4":0.014096,"5":null,"6":0.021144,"7":null,"8":null,"9":null,"10":0.007048,"11":0.007048,"12":0.014096,"13":0.014096,"14":0.021144,"15":0.007048,"16":0.021144,"17":0.021144,"18":0.007048,"19":0.014096,"20":0.021144,"21":0.028192,"22":0.014096,"23":0.014096,"24":0.014096,"25":0.021144,"26":0.014096,"27":0.014096,"28":0.021144,"29":0.042288,"30":0.03524,"31":0.042288,"32":0.042288,"33":0.077528,"34":0.077528,"35":0.056384,"36":0.056384,"37":0.098672,"38":0.126864,"39":0.10572,"40":0.098672,"41":0.112768,"42":0.14096,"43":0.436976,"44":0.190296,"45":0.303064,"46":0.338304,"47":10.832776,"48":0.133912,"49":0.014096,"50":null},"opera":{"9":null,"9.5-9.6":null,"10.0-10.1":0,"10.5":null,"10.6":null,"11":null,"11.1":null,"11.5":null,"11.6":null,"12":null,"12.1":0.021144,"15":null,"16":null,"17":null,"18":null,"19":null,"20":null,"21":null,"22":null,"23":null,"24":null,"25":null,"26":null,"27":null,"28":null,"29":null,"30":null,"31":null,"32":null,"33":null,"34":null,"35":0.007048,"36":0.03524,"37":0.028192,"38":0.63432,"39":0.007048,"40":null},"safari":{"3.1":null,"3.2":null,"4":0.014096,"5":0.028192,"5.1":0.07048,"6":0.028192,"6.1":0.049336,"7":0.07048,"7.1":0.028192,"8":0.338304,"9":0.408784,"9.1":1.649232,"10":null,"0":null},"ios_saf":{"3.2":0,"4.0-4.1":0,"4.2-4.3":0,"5.0-5.1":0,"6.0-6.1":0,"7.0-7.1":0.0707393319136,"8":0,"8.1-8.4":0.16699650502,"9.0-9.2":0.25453239063,"9.3":2.69293977244},"android":{"2.1":0,"2.2":0,"2.3":0.00923412652955,"3":0,"4":0.0656648997657,"4.1":0.246243374121,"4.2-4.3":0.598166196303,"4.4":1.72267760479,"4.4.3-4.4.4":1.29893379849,"51":null},"op_mob":{"10":0,"11":0,"11.1":0,"11.5":0,"12":0,"12.1":0.00294985557207,"0":0.129793645171},"ie":{"5.5":null,"6":0.00737581395349,"7":null,"8":0.243401860465,"9":0.132764651163,"10":0.221274418605,"11":1.29814325581},"bb":{"7":0.078966,"10":null},"ie_mob":{"10":0.302364404494,"11":0.949283595506},"edge":{"12":0.126864,"13":0.690704,"14":null},"and_ff":{"0":0.020664},"samsung":{"0":2.521008},"and_uc":{"0":0.404424},"op_mini":{"0":1.55284849926},"and_chr":{"0":17.441656}},"total":98.219078}