{"id":"EE","name":"Estonia","month":"2016-07","access_date":"2016-08-02","data":{"chrome":{"4":null,"5":null,"6":null,"7":null,"8":null,"9":null,"10":null,"11":0.007669,"12":null,"13":null,"14":null,"15":null,"16":null,"17":null,"18":0.007669,"19":null,"20":null,"21":0.015338,"22":0.030676,"23":null,"24":0.007669,"25":null,"26":0.038345,"27":0.007669,"28":0.007669,"29":0.682541,"30":null,"31":0.038345,"32":0.007669,"33":0.015338,"34":0.030676,"35":0.023007,"36":0.023007,"37":0.015338,"38":0.046014,"39":0.053683,"40":0.030676,"41":0.038345,"42":0.023007,"43":0.207063,"44":0.122704,"45":0.053683,"46":0.107366,"47":0.283753,"48":0.15338,"49":2.108975,"50":0.621189,"51":38.153275,"52":0.99697,"53":0.161049,"54":0.023007,"55":null},"firefox":{"2":null,"3":null,"3.5":0.015338,"3.6":0.053683,"4":null,"5":null,"6":null,"7":null,"8":null,"9":null,"10":null,"11":null,"12":0.007669,"13":null,"14":null,"15":null,"16":0.007669,"17":0.038345,"18":null,"19":0.007669,"20":0.015338,"21":0.007669,"22":null,"23":null,"24":0.030676,"25":null,"26":null,"27":null,"28":0.015338,"29":0.023007,"30":0.007669,"31":0.038345,"32":0.015338,"33":0.046014,"34":0.023007,"35":0.023007,"36":0.030676,"37":0.053683,"38":0.214732,"39":0.115035,"40":0.038345,"41":0.07669,"42":0.138042,"43":0.237739,"44":0.122704,"45":0.314429,"46":0.30676,"47":12.301076,"48":0.122704,"49":0.015338,"50":0.015338},"opera":{"9":null,"9.5-9.6":null,"10.0-10.1":0,"10.5":null,"10.6":null,"11":null,"11.1":null,"11.5":null,"11.6":0.007669,"12":0.023007,"12.1":0.276084,"15":null,"16":null,"17":null,"18":null,"19":null,"20":null,"21":null,"22":null,"23":null,"24":null,"25":null,"26":null,"27":0.007669,"28":null,"29":null,"30":0.023007,"31":0.145711,"32":null,"33":0.023007,"34":0.015338,"35":0.007669,"36":0.084359,"37":0.038345,"38":1.587483,"39":0.053683,"40":null},"safari":{"3.1":null,"3.2":null,"4":0,"5":0.023007,"5.1":0.069021,"6":0.007669,"6.1":0.092028,"7":0.030676,"7.1":0.023007,"8":0.237739,"9":0.444802,"9.1":2.668812,"10":0.015338,"0":null},"ios_saf":{"3.2":0,"4.0-4.1":0,"4.2-4.3":0,"5.0-5.1":0,"6.0-6.1":0,"7.0-7.1":0.122380691208,"8":0,"8.1-8.4":0.288907841801,"9.0-9.2":0.440346961971,"9.3":4.65884850502},"android":{"2.1":0,"2.2":0,"2.3":0.00330988648789,"3":0,"4":0.0235369705806,"4.1":0.0882636396772,"4.2-4.3":0.214407091382,"4.4":0.617477712575,"4.4.3-4.4.4":0.465590699297,"51":null},"op_mob":{"10":0,"11":0,"11.1":0,"11.5":0,"12":0,"12.1":0.000477283506686,"0":0.0210004742942},"ie":{"5.5":null,"6":0.0153537798354,"7":0.0153537798354,"8":0.19959913786,"9":0.153537798354,"10":0.191922247942,"11":6.88617025617},"bb":{"7":0.00407925,"10":null},"ie_mob":{"10":0.10755338764,"11":0.33766761236},"edge":{"12":0.099697,"13":1.779208,"14":0.007669},"and_ff":{"0":0.025641},"samsung":{"0":2.319345},"and_uc":{"0":0.452214},"op_mini":{"0":0.251249242199},"and_chr":{"0":13.540314}},"total":97.85808825}