{"id":"EG","name":"Egypt","month":"2016-07","access_date":"2016-08-02","data":{"chrome":{"4":0.066195,"5":0.07355,"6":0.036775,"7":null,"8":null,"9":0.066195,"10":0.01471,"11":0.13239,"12":0.07355,"13":null,"14":null,"15":null,"16":0.080905,"17":0.11768,"18":0.007355,"19":1.11796,"20":0.154455,"21":0.07355,"22":0.02942,"23":0.080905,"24":3.30975,"25":0.139745,"26":0.23536,"27":0.13239,"28":0.198585,"29":0.26478,"30":1.26506,"31":0.757565,"32":0.55898,"33":1.07383,"34":0.669305,"35":2.611025,"36":0.55898,"37":0.639885,"38":0.35304,"39":0.522205,"40":0.57369,"41":0.80905,"42":0.79434,"43":3.73634,"44":1.3239,"45":0.684015,"46":0.345685,"47":0.375105,"48":0.360395,"49":1.89759,"50":0.32362,"51":9.436465,"52":0.4413,"53":0.04413,"54":null,"55":null},"firefox":{"2":1.081185,"3":0.07355,"3.5":0.01471,"3.6":0.183875,"4":0.07355,"5":0.080905,"6":0.01471,"7":0.036775,"8":0.07355,"9":0.066195,"10":0.051485,"11":0.11768,"12":0.095615,"13":0.125035,"14":0.051485,"15":1.198865,"16":0.110325,"17":0.066195,"18":1.1768,"19":0.10297,"20":0.10297,"21":1.228285,"22":0.110325,"23":1.198865,"24":0.139745,"25":2.316825,"26":0.25007,"27":0.23536,"28":0.32362,"29":0.345685,"30":0.345685,"31":0.39717,"32":0.23536,"33":0.095615,"34":0.11768,"35":0.154455,"36":0.20594,"37":0.242715,"38":0.26478,"39":0.19123,"40":0.198585,"41":0.11768,"42":0.051485,"43":0.316265,"44":0.110325,"45":0.125035,"46":0.257425,"47":4.76604,"48":0.4413,"49":null,"50":null},"opera":{"9":null,"9.5-9.6":null,"10.0-10.1":1.110605,"10.5":null,"10.6":null,"11":0.036775,"11.1":null,"11.5":null,"11.6":0.07355,"12":null,"12.1":0.05884,"15":0.036775,"16":null,"17":0.02942,"18":0.036775,"19":0.095615,"20":0.139745,"21":0.139745,"22":0.095615,"23":0.095615,"24":null,"25":null,"26":0.007355,"27":null,"28":0.066195,"29":0.066195,"30":0.07355,"31":0.051485,"32":null,"33":null,"34":0.007355,"35":0.007355,"36":0.066195,"37":0.01471,"38":0.39717,"39":null,"40":null},"safari":{"3.1":null,"3.2":null,"4":0,"5":1.08854,"5.1":0.01471,"6":0.036775,"6.1":null,"7":0.04413,"7.1":null,"8":0.051485,"9":0.036775,"9.1":0.110325,"10":null,"0":null},"ios_saf":{"3.2":0,"4.0-4.1":0,"4.2-4.3":0,"5.0-5.1":0,"6.0-6.1":0,"7.0-7.1":0.045801448129,"8":0,"8.1-8.4":0.10812487983,"9.0-9.2":0.164801557651,"9.3":1.74359211439},"android":{"2.1":0,"2.2":0,"2.3":0.00880966206717,"3":0,"4":0.062646485811,"4.1":0.234924321791,"4.2-4.3":0.570670331684,"4.4":1.6434914012,"4.4.3-4.4.4":1.23922579745,"51":null},"op_mob":{"10":0,"11":0,"11.1":0,"11.5":0,"12":0,"12.1":0.00297523117055,"0":0.130910171504},"ie":{"5.5":null,"6":0.00741613881962,"7":0.0296645552785,"8":2.92937483375,"9":2.4176612552,"10":2.36574828346,"11":1.1717499335},"bb":{"7":0.007271,"10":null},"ie_mob":{"10":0.0811173258427,"11":0.254670674157},"edge":{"12":0.04413,"13":0.16181,"14":null},"and_ff":{"0":0.058168},"samsung":{"0":1.649856},"and_uc":{"0":1.0576},"op_mini":{"0":1.56620659733},"and_chr":{"0":16.379807}},"total":96.47129}