{"id":"ER","name":"Eritrea","month":"2016-07","access_date":"2016-08-02","data":{"chrome":{"4":null,"5":null,"6":null,"7":null,"8":null,"9":null,"10":null,"11":null,"12":null,"13":null,"14":null,"15":null,"16":null,"17":null,"18":0.072048,"19":null,"20":null,"21":null,"22":0.048032,"23":null,"24":0.072048,"25":0.318212,"26":0.042028,"27":null,"28":0.048032,"29":0.012008,"30":null,"31":0.078052,"32":null,"33":null,"34":null,"35":null,"36":null,"37":null,"38":0.012008,"39":null,"40":0.054036,"41":null,"42":0.03002,"43":0.042028,"44":0.054036,"45":0.648432,"46":0.18012,"47":0.138092,"48":0.336224,"49":0.426284,"50":0.354236,"51":5.28352,"52":0.03002,"53":0.012008,"54":null,"55":null},"firefox":{"2":0.402268,"3":0.042028,"3.5":0.054036,"3.6":0.33022,"4":0.786524,"5":1.543028,"6":0.048032,"7":0.312208,"8":0.48032,"9":0.372248,"10":0.258172,"11":0.12008,"12":0.432288,"13":0.444296,"14":0.63042,"15":0.234156,"16":0.072048,"17":0.546364,"18":0.486324,"19":0.552368,"20":0.258172,"21":0.66044,"22":0.414276,"23":0.288192,"24":0.702468,"25":0.384256,"26":0.18012,"27":0.438292,"28":0.318212,"29":0.426284,"30":2.899932,"31":0.54036,"32":0.336224,"33":0.636424,"34":0.504336,"35":0.384256,"36":7.787188,"37":0.57038,"38":1.002668,"39":0.444296,"40":3.608404,"41":1.26084,"42":1.056704,"43":2.923948,"44":0.882588,"45":1.627084,"46":1.0507,"47":6.880584,"48":0.294196,"49":null,"50":null},"opera":{"9":null,"9.5-9.6":null,"10.0-10.1":0,"10.5":null,"10.6":null,"11":null,"11.1":null,"11.5":null,"11.6":null,"12":null,"12.1":null,"15":0.066044,"16":null,"17":null,"18":null,"19":null,"20":null,"21":null,"22":null,"23":null,"24":null,"25":null,"26":null,"27":null,"28":null,"29":null,"30":null,"31":null,"32":null,"33":0.012008,"34":null,"35":null,"36":0.03002,"37":null,"38":0.18012,"39":null,"40":null},"safari":{"3.1":null,"3.2":null,"4":0,"5":0.012008,"5.1":null,"6":null,"6.1":null,"7":null,"7.1":null,"8":null,"9":0.714476,"9.1":0.168112,"10":null,"0":null},"ios_saf":{"3.2":0,"4.0-4.1":0,"4.2-4.3":0,"5.0-5.1":0,"6.0-6.1":0,"7.0-7.1":0.0223639841801,"8":0,"8.1-8.4":0.0527953416489,"9.0-9.2":0.0804694955887,"9.3":0.851363178582},"android":{"2.1":0,"2.2":0,"2.3":0.0205990106743,"3":0,"4":0.146481853684,"4.1":0.549306951315,"4.2-4.3":1.3343581359,"4.4":3.84285988024,"4.4.3-4.4.4":2.89759416819,"51":null},"op_mob":{"10":0,"11":0,"11.1":0,"11.5":0,"12":0,"12.1":0.00425184427935,"0":0.187081148291},"ie":{"5.5":null,"6":0.054036,"7":0.012008,"8":0.246164,"9":0.162108,"10":0.162108,"11":2.257504},"bb":{"7":0.010989,"10":null},"ie_mob":{"10":0.00482662921348,"11":0.0151533707865},"edge":{"12":0.084056,"13":0.048032,"14":null},"and_ff":{"0":0.531468},"samsung":{"0":1.930068},"and_uc":{"0":11.924064},"op_mini":{"0":2.23823500743},"and_chr":{"0":13.522904}},"total":99.576813}