{"id":"ES","name":"Spain","month":"2016-07","access_date":"2016-08-02","data":{"chrome":{"4":null,"5":null,"6":null,"7":null,"8":null,"9":null,"10":null,"11":0.060346,"12":null,"13":null,"14":null,"15":null,"16":null,"17":null,"18":0.010972,"19":null,"20":null,"21":0.010972,"22":0.02743,"23":null,"24":null,"25":null,"26":0.016458,"27":0.010972,"28":null,"29":0.230412,"30":0.005486,"31":0.032916,"32":0.010972,"33":0.02743,"34":0.05486,"35":0.043888,"36":0.032916,"37":0.038402,"38":0.05486,"39":0.087776,"40":0.049374,"41":0.05486,"42":0.043888,"43":0.104234,"44":0.13715,"45":0.153608,"46":0.13715,"47":0.159094,"48":0.181038,"49":3.23674,"50":0.499226,"51":26.25051,"52":0.691236,"53":0.021944,"54":0.005486,"55":null},"firefox":{"2":null,"3":0.005486,"3.5":null,"3.6":0.016458,"4":null,"5":null,"6":0.005486,"7":null,"8":null,"9":null,"10":0.005486,"11":null,"12":0.010972,"13":null,"14":null,"15":null,"16":0.016458,"17":null,"18":null,"19":0.005486,"20":0.021944,"21":0.010972,"22":null,"23":null,"24":0.021944,"25":0.005486,"26":0.021944,"27":0.005486,"28":0.010972,"29":0.016458,"30":0.016458,"31":0.02743,"32":0.021944,"33":0.049374,"34":0.038402,"35":0.038402,"36":0.02743,"37":0.038402,"38":0.120692,"39":0.08229,"40":0.08229,"41":0.05486,"42":0.049374,"43":0.16458,"44":0.093262,"45":0.224926,"46":0.241384,"47":8.327748,"48":0.049374,"49":0.010972,"50":null},"opera":{"9":null,"9.5-9.6":null,"10.0-10.1":0,"10.5":null,"10.6":null,"11":null,"11.1":null,"11.5":null,"11.6":null,"12":null,"12.1":0.032916,"15":null,"16":null,"17":null,"18":null,"19":null,"20":null,"21":null,"22":0.010972,"23":null,"24":null,"25":null,"26":null,"27":null,"28":0.005486,"29":null,"30":null,"31":null,"32":null,"33":null,"34":null,"35":null,"36":0.049374,"37":0.02743,"38":0.340132,"39":null,"40":null},"safari":{"3.1":null,"3.2":null,"4":0.016458,"5":0.05486,"5.1":0.142636,"6":0.010972,"6.1":0.08229,"7":0.049374,"7.1":0.02743,"8":0.224926,"9":0.378534,"9.1":1.859754,"10":0.010972,"0":null},"ios_saf":{"3.2":0,"4.0-4.1":0,"4.2-4.3":0,"5.0-5.1":0,"6.0-6.1":0,"7.0-7.1":0.224359670216,"8":0,"8.1-8.4":0.529652737451,"9.0-9.2":0.807285023426,"9.3":8.54103456891},"android":{"2.1":0,"2.2":0,"2.3":0.00669519864619,"3":0,"4":0.047610301484,"4.1":0.178538630565,"4.2-4.3":0.433700090081,"4.4":1.24902650299,"4.4.3-4.4.4":0.94179127623,"51":null},"op_mob":{"10":0,"11":0,"11.1":0,"11.5":0,"12":0,"12.1":0.000221191216774,"0":0.00973241353806},"ie":{"5.5":null,"6":0.0110486379511,"7":0.0220972759022,"8":0.425372561118,"9":0.254118672875,"10":0.215448440047,"11":3.81730441211},"bb":{"7":0.0124135,"10":null},"ie_mob":{"10":0.0926891573034,"11":0.291000842697},"edge":{"12":0.093262,"13":1.50865,"14":null},"and_ff":{"0":0.06771},"samsung":{"0":2.916044},"and_uc":{"0":0.072224},"op_mini":{"0":0.116438395245},"and_chr":{"0":30.359272}},"total":98.9924955}