{"id":"FI","name":"Finland","month":"2016-07","access_date":"2016-08-02","data":{"chrome":{"4":null,"5":null,"6":null,"7":null,"8":null,"9":null,"10":null,"11":0.00663,"12":null,"13":null,"14":null,"15":null,"16":null,"17":null,"18":null,"19":null,"20":null,"21":null,"22":0.01326,"23":0.01326,"24":null,"25":null,"26":0.01989,"27":null,"28":null,"29":0.17238,"30":null,"31":0.07956,"32":null,"33":0.01326,"34":0.02652,"35":0.01326,"36":0.01326,"37":0.01989,"38":0.01989,"39":0.02652,"40":0.01326,"41":0.01989,"42":0.01326,"43":0.0663,"44":0.03315,"45":0.05967,"46":0.05967,"47":0.14586,"48":0.17901,"49":1.27296,"50":0.60333,"51":28.36977,"52":0.7956,"53":0.04641,"54":0.01326,"55":null},"firefox":{"2":null,"3":null,"3.5":null,"3.6":0.01989,"4":null,"5":null,"6":null,"7":null,"8":null,"9":null,"10":0.00663,"11":null,"12":null,"13":0.01326,"14":null,"15":0.01326,"16":0.03315,"17":0.00663,"18":null,"19":null,"20":0.00663,"21":null,"22":null,"23":null,"24":0.01326,"25":null,"26":null,"27":null,"28":0.01326,"29":0.00663,"30":0.01989,"31":0.03315,"32":0.01326,"33":0.01989,"34":0.01989,"35":0.01989,"36":0.03315,"37":0.01989,"38":0.1326,"39":0.04641,"40":0.04641,"41":0.03978,"42":0.07956,"43":0.12597,"44":0.11934,"45":0.74919,"46":0.27846,"47":15.42138,"48":0.1989,"49":null,"50":null},"opera":{"9":null,"9.5-9.6":null,"10.0-10.1":0,"10.5":null,"10.6":0.00663,"11":null,"11.1":null,"11.5":null,"11.6":0.00663,"12":null,"12.1":0.13923,"15":null,"16":null,"17":null,"18":null,"19":null,"20":null,"21":null,"22":null,"23":null,"24":null,"25":null,"26":null,"27":null,"28":0.00663,"29":null,"30":null,"31":null,"32":null,"33":null,"34":null,"35":0.00663,"36":0.05967,"37":0.05967,"38":1.10721,"39":0.01326,"40":null},"safari":{"3.1":null,"3.2":null,"4":0.04641,"5":0.03978,"5.1":0.1326,"6":0.00663,"6.1":0.08619,"7":0.02652,"7.1":0.02652,"8":0.22542,"9":0.3978,"9.1":2.63874,"10":0.01326,"0":null},"ios_saf":{"3.2":0,"4.0-4.1":0,"4.2-4.3":0,"5.0-5.1":0,"6.0-6.1":0,"7.0-7.1":0.196912780651,"8":0,"8.1-8.4":0.464858025555,"9.0-9.2":0.708526352297,"9.3":7.4961728415},"android":{"2.1":0,"2.2":0,"2.3":0.00356916428014,"3":0,"4":0.0253807237699,"4.1":0.0951777141369,"4.2-4.3":0.231202530591,"4.4":0.66584742515,"4.4.3-4.4.4":0.502062442072,"51":null},"op_mob":{"10":0,"11":0,"11.1":0,"11.5":0,"12":0,"12.1":0.000465913488526,"0":0.0205001934951},"ie":{"5.5":null,"6":null,"7":0.0199287341772,"8":0.126215316456,"9":0.279002278481,"10":0.19264443038,"11":6.20447924051},"bb":{"7":0.00337,"10":null},"ie_mob":{"10":0.745716629213,"11":2.34120337079},"edge":{"12":0.10608,"13":2.45973,"14":0.03315},"and_ff":{"0":0.07751},"samsung":{"0":3.99345},"and_uc":{"0":0.13817},"op_mini":{"0":0.245263893016},"and_chr":{"0":16.01906}},"total":98.11967}