{"id":"FJ","name":"Fiji","month":"2016-07","access_date":"2016-08-02","data":{"chrome":{"4":null,"5":null,"6":null,"7":null,"8":null,"9":null,"10":null,"11":0.033873,"12":0.009678,"13":null,"14":null,"15":null,"16":null,"17":null,"18":null,"19":null,"20":0.009678,"21":0.009678,"22":null,"23":null,"24":null,"25":null,"26":null,"27":0.014517,"28":0.009678,"29":0.019356,"30":0.029034,"31":0.043551,"32":0.019356,"33":0.024195,"34":0.024195,"35":0.024195,"36":0.038712,"37":0.029034,"38":0.029034,"39":0.024195,"40":0.014517,"41":0.029034,"42":0.019356,"43":0.029034,"44":0.019356,"45":0.125814,"46":0.053229,"47":0.198399,"48":0.116136,"49":0.991995,"50":0.256467,"51":19.380195,"52":1.83882,"53":0.077424,"54":null,"55":null},"firefox":{"2":null,"3":0.014517,"3.5":null,"3.6":0.009678,"4":0.024195,"5":0.009678,"6":0.009678,"7":0.009678,"8":0.019356,"9":0.072585,"10":0.019356,"11":0.04839,"12":0.033873,"13":0.014517,"14":0.004839,"15":0.019356,"16":0.072585,"17":0.009678,"18":0.009678,"19":0.019356,"20":0.024195,"21":0.029034,"22":0.014517,"23":0.019356,"24":0.024195,"25":0.009678,"26":null,"27":0.038712,"28":0.004839,"29":0.04839,"30":0.029034,"31":0.024195,"32":0.024195,"33":0.029034,"34":0.033873,"35":0.077424,"36":0.067746,"37":0.038712,"38":0.087102,"39":0.106458,"40":0.116136,"41":0.062907,"42":0.053229,"43":0.420993,"44":0.198399,"45":0.125814,"46":0.266145,"47":8.134359,"48":0.808113,"49":null,"50":null},"opera":{"9":null,"9.5-9.6":null,"10.0-10.1":0,"10.5":null,"10.6":null,"11":null,"11.1":null,"11.5":null,"11.6":null,"12":null,"12.1":0.014517,"15":null,"16":null,"17":null,"18":null,"19":null,"20":null,"21":null,"22":null,"23":null,"24":null,"25":null,"26":null,"27":null,"28":0.019356,"29":null,"30":null,"31":0.009678,"32":0.004839,"33":null,"34":0.004839,"35":0.043551,"36":0.009678,"37":0.072585,"38":0.174204,"39":null,"40":null},"safari":{"3.1":null,"3.2":null,"4":0,"5":0.009678,"5.1":0.077424,"6":0.004839,"6.1":0.014517,"7":0.029034,"7.1":null,"8":0.09678,"9":0.154848,"9.1":0.682299,"10":null,"0":null},"ios_saf":{"3.2":0,"4.0-4.1":0,"4.2-4.3":0,"5.0-5.1":0,"6.0-6.1":0,"7.0-7.1":0.0898439671433,"8":0,"8.1-8.4":0.212097401886,"9.0-9.2":0.323274183146,"9.3":3.42022444782},"android":{"2.1":0,"2.2":0,"2.3":0.0210255558448,"3":0,"4":0.149515063785,"4.1":0.560681489196,"4.2-4.3":1.36198878417,"4.4":3.9224342515,"4.4.3-4.4.4":2.95759485551,"51":null},"op_mob":{"10":0,"11":0,"11.1":0,"11.5":0,"12":0,"12.1":0.00447898563645,"0":0.197075368004},"ie":{"5.5":null,"6":null,"7":0.0194420266667,"8":0.30621192,"9":0.243025333333,"10":0.315932933333,"11":2.39622978667},"bb":{"7":0.02709,"10":null},"ie_mob":{"10":0.701788988764,"11":2.20329101124},"edge":{"12":0.125814,"13":0.658104,"14":null},"and_ff":{"0":0.0258},"samsung":{"0":5.58312},"and_uc":{"0":3.49332},"op_mini":{"0":2.35780564636},"and_chr":{"0":30.982968}},"total":98.962356}