{"id":"FM","name":"Micronesia","month":"2016-07","access_date":"2016-08-02","data":{"chrome":{"4":null,"5":null,"6":null,"7":null,"8":null,"9":null,"10":null,"11":null,"12":null,"13":null,"14":null,"15":null,"16":null,"17":null,"18":null,"19":null,"20":null,"21":null,"22":null,"23":null,"24":null,"25":null,"26":0.04046,"27":null,"28":null,"29":0.008092,"30":null,"31":null,"32":null,"33":0.024276,"34":null,"35":0.064736,"36":0.048552,"37":null,"38":null,"39":0.032368,"40":0.072828,"41":0.097104,"42":0.008092,"43":0.089012,"44":0.032368,"45":0.12138,"46":0.129472,"47":0.08092,"48":0.04046,"49":0.663544,"50":0.169932,"51":54.70192,"52":5.033224,"53":0.024276,"54":null,"55":null},"firefox":{"2":null,"3":null,"3.5":null,"3.6":0.016184,"4":null,"5":null,"6":null,"7":null,"8":null,"9":null,"10":0.016184,"11":0.024276,"12":0.016184,"13":null,"14":null,"15":null,"16":0.016184,"17":null,"18":null,"19":0.016184,"20":null,"21":null,"22":null,"23":null,"24":0.032368,"25":null,"26":null,"27":0.016184,"28":0.016184,"29":null,"30":null,"31":0.008092,"32":null,"33":null,"34":null,"35":null,"36":0.016184,"37":null,"38":0.024276,"39":0.056644,"40":null,"41":0.097104,"42":null,"43":0.064736,"44":0.064736,"45":0.032368,"46":0.032368,"47":5.30026,"48":0.218484,"49":null,"50":null},"opera":{"9":null,"9.5-9.6":null,"10.0-10.1":0,"10.5":null,"10.6":null,"11":null,"11.1":null,"11.5":null,"11.6":null,"12":null,"12.1":null,"15":null,"16":null,"17":null,"18":null,"19":null,"20":null,"21":null,"22":null,"23":null,"24":null,"25":null,"26":null,"27":0.016184,"28":null,"29":null,"30":null,"31":null,"32":null,"33":null,"34":null,"35":null,"36":null,"37":0.153748,"38":0.105196,"39":null,"40":null},"safari":{"3.1":null,"3.2":null,"4":0,"5":0.032368,"5.1":0.12138,"6":null,"6.1":0.08092,"7":0.024276,"7.1":null,"8":0.793016,"9":0.08092,"9.1":0.784924,"10":null,"0":null},"ios_saf":{"3.2":0,"4.0-4.1":0,"4.2-4.3":0,"5.0-5.1":0,"6.0-6.1":0,"7.0-7.1":0.0558360721022,"8":0,"8.1-8.4":0.131813923639,"9.0-9.2":0.200907875875,"9.3":2.12559512838},"android":{"2.1":0,"2.2":0,"2.3":0.00988992215569,"3":0,"4":0.0703283353293,"4.1":0.263731257485,"4.2-4.3":0.640647179641,"4.4":1.84501992216,"4.4.3-4.4.4":1.39118238323,"51":null},"op_mob":{"10":0,"11":0,"11.1":0,"11.5":0,"12":0,"12.1":0.00159023450553,"0":0.0699703182434},"ie":{"5.5":null,"6":null,"7":null,"8":0.2023,"9":0.218484,"10":0.28322,"11":6.449324},"bb":{"7":0.02624875,"10":null},"ie_mob":{"10":0.0387376853933,"11":0.121618314607},"edge":{"12":0.372232,"13":1.6184,"14":null},"and_ff":{"0":0.299713},"samsung":{"0":0.89723},"and_uc":{"0":1.193125},"op_mini":{"0":0.837123447251},"and_chr":{"0":10.125816}},"total":99.25121675}