{"id":"FM","name":"Micronesia","month":"2016-01","access_date":"2016-02-03","data":{"firefox":{"2":0.016786,"3":0.008393,"3.5":0.008393,"3.6":0.016786,"4":0,"5":0,"6":0,"7":0,"8":0,"9":0.008393,"10":1.351273,"11":0.025179,"12":0.008393,"13":0.058751,"14":0.033572,"15":0,"16":0.033572,"17":0,"18":0.008393,"19":0.016786,"20":0.016786,"21":0.360899,"22":0.058751,"23":0.08393,"24":0.268576,"25":0.117502,"26":0.235004,"27":0.058751,"28":0.058751,"29":0.092323,"30":0,"31":0.134288,"32":0.008393,"33":0.025179,"34":0.016786,"35":0,"36":0.100716,"37":0.360899,"38":3.097017,"39":0.08393,"40":0.058751,"41":0.109109,"42":0.864479,"43":6.177248,"44":0.436436,"45":0.008393,"46":0,"47":0},"chrome":{"4":0.008393,"5":0,"6":0,"7":0,"8":0,"9":0,"10":0,"11":0.008393,"12":0,"13":0.016786,"14":0,"15":0,"16":0,"17":0,"18":0.008393,"19":0,"20":0.008393,"21":0,"22":0,"23":0,"24":0.008393,"25":0,"26":1.955569,"27":0.16786,"28":0.050358,"29":0.092323,"30":0.025179,"31":0.276969,"32":0.08393,"33":0.058751,"34":0.067144,"35":0.184646,"36":0.151074,"37":0.117502,"38":0.008393,"39":0.092323,"40":0.050358,"41":0.679833,"42":0.117502,"43":10.046421,"44":0.016786,"45":0.360899,"46":0.25179,"47":19.38783,"48":1.368059,"49":0.117502,"50":0,"51":0},"opera":{"9":0,"9.5-9.6":0,"10.0-10.1":0,"10.5":0,"10.6":0,"11":0,"11.1":0,"11.5":0.058751,"11.6":0.092323,"12":0.16786,"12.1":0.134288,"15":0,"16":0,"17":0,"18":0,"19":0,"20":0,"21":0,"22":0,"23":0,"24":0,"25":0,"26":0,"27":0,"28":0.511973,"29":0.016786,"30":0,"31":0,"32":0,"33":0,"34":0.100716,"35":0,"36":0},"safari":{"3.1":0,"3.2":0,"4":0.008393,"5":0.075537,"5.1":0.545545,"6":0.041965,"6.1":0.058751,"7":0.100716,"7.1":0.663047,"8":2.895585,"9":1.51074,"9.1":0},"android":{"2.1":0,"2.2":0,"2.3":0.030827514559,"3":0,"4":0.128126857386,"4.1":0.438328722635,"4.2-4.3":0.975883507758,"4.4":1.94213341722,"4.4.3-4.4.4":1.01730798045,"47":null},"ios_saf":{"3.2":0,"4.0-4.1":0,"4.2-4.3":0,"5.0-5.1":0,"6.0-6.1":0,"7.0-7.1":0.330732649634,"8":0.0231942377666,"8.1-8.4":0.944950427527,"9.0-9.2":7.03988068507,"9.3":null},"op_mob":{"10":0,"11":0,"11.1":0,"11.5":0,"12":3.08169879368e-5,"12.1":3.08169879368e-5,"0":0.00163330036065},"ie":{"5.5":0,"6":0.008393,"7":0.016786,"8":0.360899,"9":0.461615,"10":1.812888,"11":13.923987},"bb":{"7":0.056245,"10":null},"ie_mob":{"10":0.0811062352941,"11":0.357604764706},"edge":{"12":0.629475,"13":0.553938,"14":0},"and_uc":{"0":2.325329},"op_mini":{"5.0-8.0":0.411304065663},"and_chr":{"0":7.574683},"and_ff":{"0":0.03214}},"total":98.677749}