{"id":"FO","name":"Faroe Islands","month":"2016-07","access_date":"2016-08-02","data":{"chrome":{"4":null,"5":null,"6":null,"7":null,"8":null,"9":null,"10":null,"11":0.01044,"12":null,"13":null,"14":null,"15":null,"16":null,"17":null,"18":null,"19":null,"20":null,"21":null,"22":0.01566,"23":null,"24":null,"25":null,"26":0.00522,"27":null,"28":null,"29":null,"30":null,"31":null,"32":null,"33":0.07308,"34":0.03132,"35":0.02088,"36":0.01566,"37":0.00522,"38":0.02088,"39":null,"40":0.00522,"41":null,"42":null,"43":0.02088,"44":0.06786,"45":0.01044,"46":null,"47":0.04176,"48":0.0522,"49":1.83744,"50":0.15138,"51":20.22228,"52":0.30798,"53":0.06264,"54":0.01044,"55":null},"firefox":{"2":null,"3":null,"3.5":null,"3.6":null,"4":null,"5":null,"6":null,"7":null,"8":null,"9":null,"10":null,"11":0.01044,"12":null,"13":null,"14":null,"15":null,"16":null,"17":null,"18":null,"19":null,"20":0.01566,"21":null,"22":null,"23":null,"24":0.00522,"25":null,"26":null,"27":null,"28":null,"29":null,"30":null,"31":0.01044,"32":null,"33":null,"34":null,"35":null,"36":null,"37":null,"38":0.0522,"39":0.01044,"40":null,"41":null,"42":0.02088,"43":0.0261,"44":0.03132,"45":0.4959,"46":0.07308,"47":5.00076,"48":0.02088,"49":null,"50":null},"opera":{"9":null,"9.5-9.6":null,"10.0-10.1":0,"10.5":null,"10.6":null,"11":null,"11.1":null,"11.5":null,"11.6":null,"12":null,"12.1":0.00522,"15":null,"16":null,"17":null,"18":null,"19":null,"20":null,"21":null,"22":null,"23":null,"24":null,"25":null,"26":null,"27":null,"28":null,"29":null,"30":null,"31":null,"32":null,"33":null,"34":null,"35":null,"36":0.01044,"37":0.03132,"38":0.12528,"39":null,"40":null},"safari":{"3.1":null,"3.2":null,"4":0,"5":0.01566,"5.1":0.12006,"6":0.0261,"6.1":0.32364,"7":0.02088,"7.1":0.03132,"8":0.24012,"9":0.40716,"9.1":3.12156,"10":0.01044,"0":null},"ios_saf":{"3.2":0,"4.0-4.1":0,"4.2-4.3":0,"5.0-5.1":0,"6.0-6.1":0,"7.0-7.1":0.671977547916,"8":0,"8.1-8.4":1.58635795558,"9.0-9.2":2.41789181625,"9.3":25.5811726803},"android":{"2.1":0,"2.2":0,"2.3":0.00190403540745,"3":0,"4":0.0135398073418,"4.1":0.0507742775319,"4.2-4.3":0.123339182505,"4.4":0.355208383234,"4.4.3-4.4.4":0.267834313981,"51":null},"op_mob":{"10":0,"11":0,"11.1":0,"11.5":0,"12":0,"12.1":0.000100382367509,"0":0.00441682417038},"ie":{"5.5":null,"6":null,"7":0.02088,"8":0.22446,"9":0.48024,"10":0.25578,"11":12.2931},"bb":{"7":0.00717,"10":null},"ie_mob":{"10":0.333713820225,"11":1.04770617978},"edge":{"12":0.1566,"13":4.73454,"14":0.0261},"and_ff":{"0":0.0239},"samsung":{"0":5.65952},"and_uc":{"0":null},"op_mini":{"0":0.0528427934621},"and_chr":{"0":9.70262}},"total":99.34509}