{"id":"FR","name":"France","month":"2016-07","access_date":"2016-08-02","data":{"chrome":{"4":null,"5":null,"6":null,"7":null,"8":null,"9":null,"10":null,"11":0.020865,"12":null,"13":null,"14":null,"15":null,"16":0.02782,"17":null,"18":null,"19":null,"20":null,"21":0.006955,"22":0.01391,"23":0.020865,"24":0.006955,"25":0.020865,"26":0.01391,"27":0.006955,"28":0.006955,"29":1.05716,"30":0.01391,"31":0.06955,"32":0.020865,"33":0.034775,"34":0.04173,"35":0.06955,"36":0.034775,"37":0.048685,"38":0.062595,"39":0.09737,"40":0.076505,"41":0.09737,"42":0.090415,"43":0.19474,"44":0.09737,"45":0.15301,"46":0.16692,"47":0.19474,"48":0.25038,"49":2.385565,"50":0.591175,"51":26.62374,"52":0.730275,"53":0.02782,"54":0.01391,"55":null},"firefox":{"2":null,"3":0.006955,"3.5":null,"3.6":0.02782,"4":null,"5":null,"6":0.006955,"7":null,"8":null,"9":null,"10":0.006955,"11":null,"12":0.02782,"13":null,"14":null,"15":0.01391,"16":0.02782,"17":0.02782,"18":null,"19":null,"20":0.01391,"21":0.01391,"22":null,"23":0.006955,"24":0.05564,"25":0.006955,"26":0.020865,"27":0.006955,"28":0.01391,"29":0.020865,"30":0.020865,"31":0.11128,"32":0.020865,"33":0.020865,"34":0.06955,"35":0.05564,"36":0.048685,"37":0.04173,"38":0.340795,"39":0.08346,"40":0.062595,"41":0.076505,"42":0.090415,"43":0.243425,"44":0.118235,"45":0.410345,"46":0.368615,"47":13.277095,"48":0.132145,"49":0.04173,"50":null},"opera":{"9":null,"9.5-9.6":null,"10.0-10.1":0,"10.5":null,"10.6":null,"11":null,"11.1":null,"11.5":null,"11.6":null,"12":0.006955,"12.1":0.04173,"15":null,"16":null,"17":null,"18":null,"19":null,"20":null,"21":null,"22":null,"23":null,"24":null,"25":null,"26":null,"27":null,"28":0.006955,"29":null,"30":null,"31":null,"32":null,"33":null,"34":null,"35":null,"36":0.034775,"37":0.02782,"38":0.507715,"39":null,"40":null},"safari":{"3.1":null,"3.2":null,"4":0.02782,"5":0.104325,"5.1":0.26429,"6":0.020865,"6.1":0.18083,"7":0.076505,"7.1":0.034775,"8":0.37557,"9":0.72332,"9.1":3.68615,"10":0.020865,"0":null},"ios_saf":{"3.2":0,"4.0-4.1":0,"4.2-4.3":0,"5.0-5.1":0,"6.0-6.1":0,"7.0-7.1":0.229453302403,"8":0,"8.1-8.4":0.541677430788,"9.0-9.2":0.825612795862,"9.3":8.73494147095},"android":{"2.1":0,"2.2":0,"2.3":0.00365304868524,"3":0,"4":0.025977235095,"4.1":0.0974146316064,"4.2-4.3":0.236636375944,"4.4":0.681496526946,"4.4.3-4.4.4":0.513862181724,"51":null},"op_mob":{"10":0,"11":0,"11.1":0,"11.5":0,"12":0,"12.1":0.000426310054482,"0":0.0187576423972},"ie":{"5.5":null,"6":0.0281339409722,"7":0.0422009114583,"8":0.443109570313,"9":0.5064109375,"10":0.400908658854,"11":6.6818109809},"bb":{"7":0.01750875,"10":null},"ie_mob":{"10":0.189782191011,"11":0.595827808989},"edge":{"12":0.20865,"13":3.08802,"14":0.01391},"and_ff":{"0":0.057855},"samsung":{"0":3.175935},"and_uc":{"0":0.3654},"op_mini":{"0":0.224416047548},"and_chr":{"0":14.96914}},"total":98.39200875}