{"id":"GA","name":"Gabon","month":"2016-07","access_date":"2016-08-02","data":{"chrome":{"4":0.005144,"5":0.005144,"6":0.007716,"7":0.015432,"8":null,"9":null,"10":0.005144,"11":0.05144,"12":null,"13":0.007716,"14":null,"15":null,"16":null,"17":0.007716,"18":0.005144,"19":null,"20":0.002572,"21":0.020576,"22":0.015432,"23":0.007716,"24":null,"25":0.007716,"26":0.018004,"27":0.010288,"28":0.007716,"29":0.018004,"30":0.023148,"31":0.028292,"32":0.01286,"33":0.023148,"34":0.005144,"35":0.015432,"36":0.023148,"37":0.030864,"38":0.015432,"39":0.020576,"40":0.010288,"41":0.010288,"42":0.02572,"43":0.149176,"44":0.015432,"45":0.11574,"46":0.02572,"47":0.169752,"48":0.061728,"49":0.828184,"50":0.14146,"51":8.106944,"52":0.20576,"53":0.010288,"54":0.002572,"55":null},"firefox":{"2":0.005144,"3":0.02572,"3.5":0.05144,"3.6":0.010288,"4":0.005144,"5":0.002572,"6":0.005144,"7":null,"8":0.010288,"9":null,"10":0.010288,"11":0.018004,"12":0.041152,"13":0.010288,"14":0.015432,"15":0.041152,"16":0.036008,"17":0.010288,"18":0.030864,"19":0.015432,"20":0.010288,"21":0.015432,"22":0.005144,"23":0.010288,"24":0.010288,"25":0.020576,"26":0.015432,"27":0.005144,"28":0.005144,"29":0.023148,"30":0.020576,"31":0.030864,"32":0.018004,"33":0.036008,"34":0.036008,"35":0.0643,"36":0.028292,"37":0.036008,"38":0.033436,"39":0.079732,"40":0.09002,"41":0.043724,"42":0.033436,"43":0.403804,"44":0.084876,"45":0.087448,"46":0.277776,"47":5.236592,"48":0.108024,"49":0.01286,"50":0.023148},"opera":{"9":null,"9.5-9.6":0.005144,"10.0-10.1":0,"10.5":null,"10.6":null,"11":null,"11.1":null,"11.5":null,"11.6":0.002572,"12":null,"12.1":0.018004,"15":null,"16":null,"17":null,"18":0.002572,"19":null,"20":null,"21":0.002572,"22":null,"23":null,"24":null,"25":null,"26":null,"27":null,"28":0.005144,"29":0.005144,"30":0.005144,"31":null,"32":0.002572,"33":0.002572,"34":0.002572,"35":0.01286,"36":0.079732,"37":0.14146,"38":0.33436,"39":0.002572,"40":null},"safari":{"3.1":null,"3.2":null,"4":0.007716,"5":0.023148,"5.1":0.041152,"6":0.018004,"6.1":0.023148,"7":0.007716,"7.1":0.087448,"8":0.07716,"9":0.09002,"9.1":0.342076,"10":null,"0":null},"ios_saf":{"3.2":0,"4.0-4.1":0,"4.2-4.3":0,"5.0-5.1":0,"6.0-6.1":0,"7.0-7.1":0.0349681326437,"8":0,"8.1-8.4":0.0825503405334,"9.0-9.2":0.125821408782,"9.3":1.33118411804},"android":{"2.1":0,"2.2":0,"2.3":0.0150705644363,"3":0,"4":0.107168458214,"4.1":0.401881718303,"4.2-4.3":0.976237674043,"4.4":2.81149752096,"4.4.3-4.4.4":2.11992606405,"51":null},"op_mob":{"10":0,"11":0,"11.1":0,"11.5":0,"12":0,"12.1":0.0774134467888,"0":3.40619165871},"ie":{"5.5":0.00518984670232,"6":0.015569540107,"7":0.0259492335116,"8":0.544933903743,"9":0.212783714795,"10":0.42556742959,"11":3.11650294474},"bb":{"7":0.6498625,"10":null},"ie_mob":{"10":0.525689735955,"11":1.65042126404},"edge":{"12":0.126028,"13":0.576128,"14":null},"and_ff":{"0":0.029708},"samsung":{"0":3.676365},"and_uc":{"0":1.589378},"op_mini":{"0":40.7516068945},"and_chr":{"0":11.561038}},"total":95.8614011132}