{"id":"GD","name":"Grenada","month":"2016-07","access_date":"2016-08-02","data":{"chrome":{"4":null,"5":null,"6":null,"7":null,"8":null,"9":null,"10":null,"11":0.03144,"12":null,"13":null,"14":null,"15":null,"16":null,"17":null,"18":null,"19":null,"20":null,"21":null,"22":0.106896,"23":null,"24":null,"25":0.006288,"26":null,"27":null,"28":null,"29":0.018864,"30":0.012576,"31":1.094112,"32":0.037728,"33":0.012576,"34":0.018864,"35":0.037728,"36":0.006288,"37":0.006288,"38":0.012576,"39":0.012576,"40":0.025152,"41":0.018864,"42":0.025152,"43":0.09432,"44":0.069168,"45":0.396144,"46":0.03144,"47":0.339552,"48":0.081744,"49":1.439952,"50":0.182352,"51":30.52824,"52":0.56592,"53":0.238944,"54":0.025152,"55":null},"firefox":{"2":null,"3":null,"3.5":null,"3.6":0.006288,"4":null,"5":0.088032,"6":null,"7":null,"8":null,"9":null,"10":0.018864,"11":null,"12":null,"13":null,"14":null,"15":null,"16":null,"17":null,"18":null,"19":null,"20":null,"21":null,"22":null,"23":null,"24":null,"25":null,"26":null,"27":null,"28":null,"29":null,"30":null,"31":null,"32":null,"33":0.012576,"34":null,"35":null,"36":0.012576,"37":0.018864,"38":0.018864,"39":0.09432,"40":0.006288,"41":null,"42":0.069168,"43":0.088032,"44":0.012576,"45":0.03144,"46":0.037728,"47":4.300992,"48":0.056592,"49":null,"50":null},"opera":{"9":null,"9.5-9.6":null,"10.0-10.1":0,"10.5":null,"10.6":null,"11":null,"11.1":null,"11.5":null,"11.6":null,"12":null,"12.1":0.03144,"15":null,"16":null,"17":null,"18":null,"19":null,"20":null,"21":null,"22":null,"23":null,"24":null,"25":null,"26":null,"27":null,"28":null,"29":0.037728,"30":null,"31":null,"32":null,"33":0.012576,"34":null,"35":null,"36":0.113184,"37":0.18864,"38":0.4716,"39":null,"40":null},"safari":{"3.1":null,"3.2":null,"4":0,"5":0.03144,"5.1":0.081744,"6":null,"6.1":null,"7":0.056592,"7.1":null,"8":0.081744,"9":0.264096,"9.1":1.91784,"10":null,"0":null},"ios_saf":{"3.2":0,"4.0-4.1":0,"4.2-4.3":0,"5.0-5.1":0,"6.0-6.1":0,"7.0-7.1":0.0901054968056,"8":0,"8.1-8.4":0.212714802961,"9.0-9.2":0.32421521225,"9.3":3.43018048798},"android":{"2.1":0,"2.2":0,"2.3":0.0181695683416,"3":0,"4":0.129205819318,"4.1":0.484521822442,"4.2-4.3":1.17698426035,"4.4":3.38963391617,"4.4.3-4.4.4":2.55585261338,"51":null},"op_mob":{"10":0,"11":0,"11.1":0,"11.5":0,"12":0,"12.1":0.000311815354136,"0":0.013719875582},"ie":{"5.5":null,"6":0.0253312304038,"7":null,"8":0.0886593064133,"9":0.474960570071,"10":0.170985805226,"11":7.23839908789},"bb":{"7":0.192096,"10":null},"ie_mob":{"10":0.229560089888,"11":0.720711910112},"edge":{"12":0.270384,"13":4.96752,"14":null},"and_ff":{"0":0.025984},"samsung":{"0":2.939904},"and_uc":{"0":0.304384},"op_mini":{"0":0.164144309064},"and_chr":{"0":25.130128}},"total":98.407488}