{"id":"GF","name":"French Guiana","month":"2016-07","access_date":"2016-08-02","data":{"chrome":{"4":null,"5":null,"6":null,"7":null,"8":null,"9":null,"10":null,"11":null,"12":0.039354,"13":null,"14":null,"15":null,"16":null,"17":null,"18":null,"19":null,"20":null,"21":null,"22":0.013118,"23":null,"24":null,"25":null,"26":null,"27":null,"28":0.013118,"29":0.439453,"30":null,"31":0.013118,"32":null,"33":0.013118,"34":0.006559,"35":0.013118,"36":0.039354,"37":0.013118,"38":0.013118,"39":0.137739,"40":0.032795,"41":null,"42":0.019677,"43":0.052472,"44":0.157416,"45":0.354186,"46":0.059031,"47":0.282037,"48":0.163975,"49":1.331477,"50":2.328445,"51":27.029639,"52":0.72149,"53":0.013118,"54":null,"55":null},"firefox":{"2":null,"3":0.032795,"3.5":null,"3.6":null,"4":null,"5":null,"6":null,"7":null,"8":null,"9":null,"10":null,"11":null,"12":null,"13":null,"14":null,"15":null,"16":0.019677,"17":null,"18":null,"19":null,"20":null,"21":null,"22":null,"23":0.124621,"24":0.019677,"25":null,"26":0.052472,"27":null,"28":null,"29":0.006559,"30":0.006559,"31":0.026236,"32":0.019677,"33":0.026236,"34":0.045913,"35":0.013118,"36":null,"37":0.13118,"38":0.249242,"39":0.085267,"40":0.052472,"41":0.039354,"42":0.072149,"43":0.203329,"44":0.072149,"45":0.104944,"46":0.13118,"47":11.097828,"48":0.144298,"49":null,"50":null},"opera":{"9":null,"9.5-9.6":null,"10.0-10.1":0,"10.5":null,"10.6":null,"11":null,"11.1":null,"11.5":null,"11.6":null,"12":null,"12.1":null,"15":null,"16":null,"17":null,"18":null,"19":null,"20":null,"21":null,"22":null,"23":null,"24":null,"25":null,"26":null,"27":null,"28":null,"29":null,"30":null,"31":null,"32":null,"33":null,"34":0.26236,"35":null,"36":0.013118,"37":0.019677,"38":0.314832,"39":null,"40":null},"safari":{"3.1":null,"3.2":null,"4":0.032795,"5":0.091826,"5.1":0.059031,"6":null,"6.1":0.098385,"7":0.006559,"7.1":0.013118,"8":0.183652,"9":0.413217,"9.1":2.564569,"10":0.026236,"0":null},"ios_saf":{"3.2":0,"4.0-4.1":0,"4.2-4.3":0,"5.0-5.1":0,"6.0-6.1":0,"7.0-7.1":0.0782542233039,"8":0,"8.1-8.4":0.184737139033,"9.0-9.2":0.281572273806,"9.3":2.97902036386},"android":{"2.1":0,"2.2":0,"2.3":0.00854650872169,"3":0,"4":0.060775173132,"4.1":0.227906899245,"4.2-4.3":0.553623842749,"4.4":1.59439868263,"4.4.3-4.4.4":1.20220889352,"51":null},"op_mob":{"10":0,"11":0,"11.1":0,"11.5":0,"12":0,"12.1":0.000782845963348,"0":0.0344452223873},"ie":{"5.5":null,"6":null,"7":0.0359869336779,"8":0.597383099053,"9":0.50381707149,"10":0.611777872524,"11":6.60720102326},"bb":{"7":0.0154845,"10":null},"ie_mob":{"10":0.0423938932584,"11":0.133097106742},"edge":{"12":0.308273,"13":2.853165,"14":null},"and_ff":{"0":0.058497},"samsung":{"0":3.674988},"and_uc":{"0":0.457653},"op_mini":{"0":0.412101931649},"and_chr":{"0":24.952559}},"total":98.6470005}