{"id":"GG","name":"Guernsey","month":"2016-07","access_date":"2016-08-02","data":{"chrome":{"4":null,"5":null,"6":null,"7":null,"8":null,"9":null,"10":null,"11":0.091376,"12":null,"13":null,"14":null,"15":null,"16":null,"17":null,"18":null,"19":null,"20":null,"21":null,"22":0.011422,"23":null,"24":null,"25":null,"26":0.011422,"27":null,"28":null,"29":null,"30":null,"31":0.005711,"32":null,"33":0.039977,"34":0.011422,"35":null,"36":0.011422,"37":null,"38":0.074243,"39":null,"40":null,"41":0.005711,"42":null,"43":0.011422,"44":0.079954,"45":0.028555,"46":0.039977,"47":0.051399,"48":0.051399,"49":1.787543,"50":0.51399,"51":19.954234,"52":0.451169,"53":0.005711,"54":null,"55":null},"firefox":{"2":0.017133,"3":null,"3.5":null,"3.6":null,"4":null,"5":null,"6":null,"7":null,"8":null,"9":null,"10":0.005711,"11":null,"12":null,"13":null,"14":null,"15":null,"16":0.005711,"17":null,"18":null,"19":null,"20":0.011422,"21":null,"22":null,"23":null,"24":0.005711,"25":null,"26":null,"27":null,"28":0.011422,"29":null,"30":0.011422,"31":0.062821,"32":0.022844,"33":null,"34":0.017133,"35":null,"36":0.005711,"37":0.022844,"38":0.062821,"39":0.011422,"40":null,"41":null,"42":0.017133,"43":0.039977,"44":0.05711,"45":0.296972,"46":0.108509,"47":6.539095,"48":0.068532,"49":null,"50":null},"opera":{"9":null,"9.5-9.6":null,"10.0-10.1":0,"10.5":null,"10.6":null,"11":null,"11.1":null,"11.5":null,"11.6":null,"12":null,"12.1":null,"15":null,"16":null,"17":null,"18":null,"19":null,"20":null,"21":null,"22":null,"23":null,"24":null,"25":null,"26":null,"27":null,"28":null,"29":null,"30":null,"31":null,"32":null,"33":null,"34":null,"35":null,"36":null,"37":null,"38":0.199885,"39":null,"40":null},"safari":{"3.1":null,"3.2":0.017133,"4":0.051399,"5":0.085665,"5.1":0.28555,"6":0.022844,"6.1":0.251284,"7":0.148486,"7.1":null,"8":0.371215,"9":0.822384,"9.1":6.179302,"10":0.034266,"0":null},"ios_saf":{"3.2":0,"4.0-4.1":0,"4.2-4.3":0,"5.0-5.1":0,"6.0-6.1":0,"7.0-7.1":0.589373173106,"8":0,"8.1-8.4":1.3913512808,"9.0-9.2":2.1206669425,"9.3":22.4365486036},"android":{"2.1":0,"2.2":0,"2.3":0.00194004946628,"3":0,"4":0.0137959073158,"4.1":0.0517346524343,"4.2-4.3":0.125672093205,"4.4":0.361927005988,"4.4.3-4.4.4":0.272900291591,"51":null},"op_mob":{"10":0,"11":0,"11.1":0,"11.5":0,"12":0,"12.1":0.000563075780089,"0":0.0247753343239},"ie":{"5.5":null,"6":null,"7":0.017133,"8":0.331238,"9":0.605366,"10":0.188463,"11":12.124453},"bb":{"7":0.0182325,"10":null},"ie_mob":{"10":0.247687247191,"11":0.777622752809},"edge":{"12":0.165619,"13":3.506554,"14":0.022844},"and_ff":{"0":null},"samsung":{"0":4.09695},"and_uc":{"0":0.01716},"op_mini":{"0":0.296411589896},"and_chr":{"0":10.290846}},"total":99.2067565}