{"id":"GH","name":"Ghana","month":"2016-07","access_date":"2016-08-02","data":{"chrome":{"4":null,"5":null,"6":null,"7":null,"8":null,"9":0.002454,"10":null,"11":0.041718,"12":0.004908,"13":0.002454,"14":0.002454,"15":0.004908,"16":0.002454,"17":null,"18":0.002454,"19":0.002454,"20":0.007362,"21":0.007362,"22":0.014724,"23":0.009816,"24":0.004908,"25":0.01227,"26":0.007362,"27":0.009816,"28":0.009816,"29":0.031902,"30":0.007362,"31":0.044172,"32":0.009816,"33":0.053988,"34":0.004908,"35":0.01227,"36":0.017178,"37":0.007362,"38":0.004908,"39":0.014724,"40":0.019632,"41":0.007362,"42":0.019632,"43":0.164418,"44":0.039264,"45":0.088344,"46":0.041718,"47":0.323928,"48":0.076074,"49":0.476076,"50":0.166872,"51":7.732554,"52":0.350922,"53":0.144786,"54":0.007362,"55":null},"firefox":{"2":null,"3":0.063804,"3.5":null,"3.6":0.022086,"4":0.017178,"5":0.007362,"6":0.007362,"7":0.004908,"8":0.004908,"9":null,"10":0.01227,"11":0.068712,"12":0.029448,"13":0.022086,"14":0.017178,"15":0.022086,"16":0.029448,"17":0.01227,"18":0.014724,"19":0.02454,"20":0.022086,"21":0.02454,"22":0.019632,"23":0.017178,"24":0.017178,"25":0.01227,"26":0.017178,"27":0.026994,"28":0.017178,"29":0.078528,"30":0.053988,"31":0.046626,"32":0.03681,"33":0.03681,"34":0.068712,"35":0.071166,"36":0.080982,"37":0.09816,"38":0.105522,"39":0.105522,"40":0.127608,"41":0.1227,"42":0.115338,"43":0.500616,"44":0.336198,"45":0.250308,"46":0.409818,"47":4.591434,"48":1.11657,"49":0.014724,"50":null},"opera":{"9":null,"9.5-9.6":null,"10.0-10.1":0,"10.5":null,"10.6":null,"11":0.004908,"11.1":null,"11.5":0.007362,"11.6":0.009816,"12":0.002454,"12.1":0.02454,"15":0.002454,"16":0.002454,"17":0.004908,"18":0.004908,"19":0.002454,"20":0.004908,"21":0.002454,"22":null,"23":null,"24":null,"25":null,"26":null,"27":0.002454,"28":0.002454,"29":0.041718,"30":0.004908,"31":0.009816,"32":0.007362,"33":0.009816,"34":0.022086,"35":0.03681,"36":0.034356,"37":0.164418,"38":0.655218,"39":null,"40":null},"safari":{"3.1":null,"3.2":null,"4":0.004908,"5":0.004908,"5.1":0.02454,"6":0.002454,"6.1":0.009816,"7":0.004908,"7.1":0.004908,"8":0.058896,"9":0.1227,"9.1":0.353376,"10":0.004908,"0":null},"ios_saf":{"3.2":0,"4.0-4.1":0,"4.2-4.3":0,"5.0-5.1":0,"6.0-6.1":0,"7.0-7.1":0.04842618345,"8":0,"8.1-8.4":0.114321172802,"9.0-9.2":0.17424581077,"9.3":1.84351183298},"android":{"2.1":0,"2.2":0,"2.3":0.0113322324915,"3":0,"4":0.0805847643843,"4.1":0.302192866441,"4.2-4.3":0.734076838063,"4.4":2.11409092814,"4.4.3-4.4.4":1.59406737048,"51":null},"op_mob":{"10":0,"11":0,"11.1":0,"11.5":0,"12":0,"12.1":0.0872524378405,"0":3.83910726498},"ie":{"5.5":null,"6":0.00502400727273,"7":0.00251200363636,"8":0.246176356364,"9":0.0653120945455,"10":0.130624189091,"11":0.926929341818},"bb":{"7":0.0716775,"10":null},"ie_mob":{"10":0.481184494382,"11":1.51069550562},"edge":{"12":0.164418,"13":0.363192,"14":0.002454},"and_ff":{"0":0.04527},"samsung":{"0":1.199655},"and_uc":{"0":5.35695},"op_mini":{"0":45.9310002972},"and_chr":{"0":10.288986}},"total":98.3366004927}