{"id":"GI","name":"Gibraltar","month":"2016-07","access_date":"2016-08-02","data":{"chrome":{"4":null,"5":null,"6":null,"7":null,"8":null,"9":null,"10":null,"11":0.004974,"12":null,"13":null,"14":null,"15":null,"16":null,"17":null,"18":null,"19":null,"20":null,"21":0.009948,"22":0.014922,"23":null,"24":null,"25":null,"26":null,"27":null,"28":null,"29":null,"30":null,"31":null,"32":0.009948,"33":0.014922,"34":0.009948,"35":0.019896,"36":0.02487,"37":0.019896,"38":0.009948,"39":0.532218,"40":0.014922,"41":0.009948,"42":0.029844,"43":0.044766,"44":0.07461,"45":0.044766,"46":0.059688,"47":0.268596,"48":0.765996,"49":1.238526,"50":0.780918,"51":22.696362,"52":0.606828,"53":0.044766,"54":0.054714,"55":null},"firefox":{"2":null,"3":null,"3.5":null,"3.6":null,"4":null,"5":null,"6":null,"7":null,"8":null,"9":null,"10":null,"11":null,"12":null,"13":null,"14":null,"15":null,"16":null,"17":null,"18":null,"19":null,"20":null,"21":null,"22":null,"23":null,"24":null,"25":0.034818,"26":0.034818,"27":0.034818,"28":0.039792,"29":0.044766,"30":0.04974,"31":0.084558,"32":0.039792,"33":0.039792,"34":0.029844,"35":0.039792,"36":0.064662,"37":0.04974,"38":0.12435,"39":0.139272,"40":0.07461,"41":0.094506,"42":0.114402,"43":0.363102,"44":0.144246,"45":0.114402,"46":0.233778,"47":4.183134,"48":0.009948,"49":null,"50":null},"opera":{"9":null,"9.5-9.6":null,"10.0-10.1":0,"10.5":null,"10.6":null,"11":null,"11.1":null,"11.5":null,"11.6":0.004974,"12":null,"12.1":null,"15":null,"16":null,"17":null,"18":null,"19":null,"20":null,"21":null,"22":null,"23":null,"24":null,"25":null,"26":null,"27":null,"28":null,"29":null,"30":null,"31":null,"32":null,"33":null,"34":null,"35":null,"36":0.009948,"37":null,"38":1.079358,"39":null,"40":null},"safari":{"3.1":null,"3.2":null,"4":0,"5":0.019896,"5.1":0.139272,"6":null,"6.1":0.179064,"7":0.02487,"7.1":0.009948,"8":0.7461,"9":0.72123,"9.1":2.68596,"10":0.009948,"0":null},"ios_saf":{"3.2":0,"4.0-4.1":0,"4.2-4.3":0,"5.0-5.1":0,"6.0-6.1":0,"7.0-7.1":0.622857076057,"8":0,"8.1-8.4":1.47039775489,"9.0-9.2":2.24114783531,"9.3":23.7112303337},"android":{"2.1":0,"2.2":0,"2.3":0.00454668003124,"3":0,"4":0.0323319468888,"4.1":0.121244800833,"4.2-4.3":0.29452382869,"4.4":0.848208419162,"4.4.3-4.4.4":0.639566324395,"51":null},"op_mob":{"10":0,"11":0,"11.1":0,"11.5":0,"12":0,"12.1":7.91771173848e-5,"0":0.00348379316493},"ie":{"5.5":null,"6":null,"7":0.004974,"8":0.139272,"9":0.29844,"10":0.368076,"11":5.207778},"bb":{"7":0.015081,"10":null},"ie_mob":{"10":0.126296314607,"11":0.396511685393},"edge":{"12":0.069636,"13":2.158716,"14":0.009948},"and_ff":{"0":0.010054},"samsung":{"0":3.151929},"and_uc":{"0":0.095513},"op_mini":{"0":0.0416800297177},"and_chr":{"0":16.550625}},"total":97.854138}