{"id":"GL","name":"Greenland","month":"2016-07","access_date":"2016-08-02","data":{"chrome":{"4":null,"5":null,"6":null,"7":null,"8":null,"9":null,"10":null,"11":0.009606,"12":null,"13":null,"14":null,"15":null,"16":null,"17":null,"18":null,"19":null,"20":null,"21":null,"22":null,"23":null,"24":null,"25":null,"26":null,"27":null,"28":null,"29":0.052833,"30":null,"31":0.028818,"32":0.033621,"33":null,"34":null,"35":0.004803,"36":0.019212,"37":null,"38":0.019212,"39":null,"40":null,"41":null,"42":null,"43":0.009606,"44":null,"45":0.038424,"46":0.038424,"47":0.148893,"48":0.043227,"49":0.883752,"50":0.869343,"51":13.967124,"52":0.557148,"53":0.024015,"54":null,"55":null},"firefox":{"2":0.014409,"3":0.057636,"3.5":null,"3.6":1.402476,"4":null,"5":null,"6":null,"7":null,"8":null,"9":null,"10":null,"11":null,"12":null,"13":null,"14":null,"15":null,"16":null,"17":null,"18":null,"19":null,"20":0.009606,"21":null,"22":0.009606,"23":null,"24":null,"25":null,"26":null,"27":null,"28":null,"29":null,"30":0.004803,"31":null,"32":null,"33":0.067242,"34":0.014409,"35":null,"36":null,"37":null,"38":0.062439,"39":0.004803,"40":0.004803,"41":0.009606,"42":0.052833,"43":0.062439,"44":0.09606,"45":0.374634,"46":0.244953,"47":6.397596,"48":0.019212,"49":null,"50":0.043227},"opera":{"9":null,"9.5-9.6":null,"10.0-10.1":0,"10.5":0.009606,"10.6":null,"11":null,"11.1":null,"11.5":null,"11.6":null,"12":null,"12.1":0.028818,"15":null,"16":null,"17":null,"18":null,"19":null,"20":null,"21":null,"22":null,"23":null,"24":null,"25":null,"26":null,"27":null,"28":null,"29":null,"30":null,"31":null,"32":null,"33":null,"34":0.014409,"35":null,"36":0.024015,"37":0.033621,"38":0.408255,"39":null,"40":null},"safari":{"3.1":null,"3.2":null,"4":0,"5":0.009606,"5.1":0.052833,"6":0.024015,"6.1":0.14409,"7":0.028818,"7.1":0.043227,"8":0.312195,"9":1.609005,"9.1":3.664689,"10":0.009606,"0":null},"ios_saf":{"3.2":0,"4.0-4.1":0,"4.2-4.3":0,"5.0-5.1":0,"6.0-6.1":0,"7.0-7.1":0.310822340432,"8":0,"8.1-8.4":0.733767808234,"9.0-9.2":1.11839271352,"9.3":11.8325381378},"android":{"2.1":0,"2.2":0,"2.3":0.00445689091382,"3":0,"4":0.0316934464983,"4.1":0.118850424369,"4.2-4.3":0.288707489196,"4.4":0.831457760479,"4.4.3-4.4.4":0.626935988545,"51":null},"op_mob":{"10":0,"11":0,"11.1":0,"11.5":0,"12":0,"12.1":0.0266391510319,"0":1.1721226454},"ie":{"5.5":null,"6":null,"7":null,"8":0.043227,"9":0.427467,"10":0.441876,"11":9.874968},"bb":{"7":0.00389775,"10":null},"ie_mob":{"10":0.104202769663,"11":0.327148230337},"edge":{"12":0.437073,"13":3.563826,"14":null},"and_ff":{"0":0.015591},"samsung":{"0":5.555593},"and_uc":{"0":4.391465},"op_mini":{"0":14.0232512036},"and_chr":{"0":10.436814}},"total":98.86044575}