{"id":"GN","name":"Guinea","month":"2016-07","access_date":"2016-08-02","data":{"chrome":{"4":null,"5":0.005584,"6":null,"7":null,"8":0.005584,"9":null,"10":0.001396,"11":0.05584,"12":null,"13":null,"14":null,"15":0.002792,"16":0.005584,"17":0.001396,"18":null,"19":null,"20":null,"21":0.004188,"22":0.001396,"23":0.002792,"24":null,"25":0.008376,"26":0.004188,"27":null,"28":0.009772,"29":0.008376,"30":0.004188,"31":0.022336,"32":0.004188,"33":0.032108,"34":0.004188,"35":0.001396,"36":0.004188,"37":0.094928,"38":0.002792,"39":0.005584,"40":0.009772,"41":null,"42":0.012564,"43":0.228944,"44":0.008376,"45":0.149372,"46":0.023732,"47":0.241508,"48":0.036296,"49":0.233132,"50":0.194044,"51":4.04142,"52":0.171708,"53":0.018148,"54":null,"55":null},"firefox":{"2":null,"3":0.06282,"3.5":0.004188,"3.6":0.019544,"4":0.008376,"5":0.001396,"6":0.002792,"7":null,"8":0.002792,"9":0.001396,"10":0.005584,"11":0.023732,"12":0.004188,"13":0.005584,"14":0.004188,"15":0.005584,"16":0.015356,"17":0.005584,"18":0.005584,"19":0.008376,"20":0.016752,"21":0.005584,"22":0.01396,"23":0.00698,"24":0.011168,"25":0.012564,"26":0.004188,"27":0.012564,"28":0.023732,"29":0.022336,"30":0.0349,"31":0.01396,"32":0.019544,"33":0.01396,"34":0.018148,"35":0.02094,"36":0.01396,"37":0.019544,"38":0.026524,"39":0.064216,"40":0.032108,"41":0.023732,"42":0.023732,"43":0.34202,"44":0.122848,"45":0.108888,"46":0.171708,"47":2.06608,"48":0.064216,"49":0.008376,"50":null},"opera":{"9":null,"9.5-9.6":null,"10.0-10.1":0,"10.5":null,"10.6":null,"11":null,"11.1":0.001396,"11.5":null,"11.6":0.004188,"12":null,"12.1":0.009772,"15":0.002792,"16":null,"17":0.002792,"18":0.002792,"19":null,"20":0.001396,"21":0.001396,"22":null,"23":0.002792,"24":null,"25":null,"26":0.009772,"27":null,"28":0.002792,"29":0.108888,"30":0.009772,"31":null,"32":0.029316,"33":0.058632,"34":0.015356,"35":0.124244,"36":0.033504,"37":0.208004,"38":0.508144,"39":0.005584,"40":null},"safari":{"3.1":null,"3.2":null,"4":0,"5":0.002792,"5.1":0.026524,"6":null,"6.1":0.002792,"7":0.002792,"7.1":0.00698,"8":0.019544,"9":0.101908,"9.1":0.30014,"10":0.002792,"0":null},"ios_saf":{"3.2":0,"4.0-4.1":0,"4.2-4.3":0,"5.0-5.1":0,"6.0-6.1":0,"7.0-7.1":0.0349642461211,"8":0,"8.1-8.4":0.0825411655005,"9.0-9.2":0.125807424399,"9.3":1.33103616398},"android":{"2.1":0,"2.2":0,"2.3":0.0220528867482,"3":0,"4":0.156820527988,"4.1":0.588076979953,"4.2-4.3":1.42853699714,"4.4":4.11408853892,"4.4.3-4.4.4":3.10210606925,"51":null},"op_mob":{"10":0,"11":0,"11.1":0,"11.5":0,"12":0,"12.1":0.0596954741621,"0":2.62660086313},"ie":{"5.5":null,"6":null,"7":0.008376,"8":0.19544,"9":0.029316,"10":0.145184,"11":0.478828},"bb":{"7":0.008603,"10":null},"ie_mob":{"10":0.201590522472,"11":0.632900477528},"edge":{"12":0.64216,"13":0.192648,"14":null},"and_ff":{"0":0.223678},"samsung":{"0":1.625967},"and_uc":{"0":4.000395},"op_mini":{"0":31.4245986627},"and_chr":{"0":30.844614}},"total":95.124686}