{"id":"GP","name":"Guadeloupe","month":"2016-01","access_date":"2016-02-03","data":{"firefox":{"2":0.015728,"3":0.007864,"3.5":0,"3.6":0.031456,"4":0,"5":0.007864,"6":0.015728,"7":0,"8":0,"9":0,"10":0.007864,"11":0,"12":0.007864,"13":0.031456,"14":0,"15":0.015728,"16":0.023592,"17":0.015728,"18":0,"19":0.007864,"20":0.015728,"21":0.007864,"22":0.007864,"23":0.007864,"24":0.031456,"25":0.007864,"26":0.007864,"27":0.007864,"28":0.062912,"29":0.007864,"30":0.055048,"31":0.023592,"32":0.015728,"33":0.007864,"34":0.023592,"35":0.11796,"36":0.031456,"37":0.031456,"38":0.212328,"39":0.094368,"40":0.141552,"41":0.11796,"42":0.298832,"43":9.075056,"44":0.574072,"45":0.007864,"46":0,"47":0},"chrome":{"4":0.007864,"5":0.007864,"6":0,"7":0.047184,"8":0,"9":0,"10":0,"11":0.031456,"12":0,"13":0,"14":0,"15":0,"16":0,"17":0,"18":0.007864,"19":0,"20":0,"21":0.007864,"22":0.636984,"23":0.015728,"24":0,"25":0.007864,"26":0.015728,"27":0,"28":0.007864,"29":0.007864,"30":0.031456,"31":0.015728,"32":0.023592,"33":0.023592,"34":0.055048,"35":0.110096,"36":0.03932,"37":0.03932,"38":0.062912,"39":0.086504,"40":0.070776,"41":0.062912,"42":0.15728,"43":0.125824,"44":0.125824,"45":0.23592,"46":1.305424,"47":28.011568,"48":2.862496,"49":0.094368,"50":0.007864,"51":0},"opera":{"9":0,"9.5-9.6":0.007864,"10.0-10.1":0,"10.5":0,"10.6":0,"11":0,"11.1":0,"11.5":0,"11.6":0,"12":0,"12.1":0.03932,"15":0,"16":0,"17":0,"18":0,"19":0,"20":0,"21":0,"22":0,"23":0,"24":0,"25":0,"26":0,"27":0,"28":0,"29":0.007864,"30":0,"31":0.015728,"32":0,"33":0.007864,"34":0.652712,"35":0,"36":0.007864},"safari":{"3.1":0,"3.2":0,"4":0.047184,"5":0.204464,"5.1":0.487568,"6":0.141552,"6.1":0.43252,"7":0.086504,"7.1":0.267376,"8":0.951544,"9":4.160056,"9.1":0},"android":{"2.1":0,"2.2":0,"2.3":0.0330495727949,"3":0,"4":0.137362286929,"4.1":0.469923613177,"4.2-4.3":1.04622553879,"4.4":2.08212308608,"4.4.3-4.4.4":1.09063590223,"47":null},"ios_saf":{"3.2":0,"4.0-4.1":0,"4.2-4.3":0,"5.0-5.1":0,"6.0-6.1":0,"7.0-7.1":0.379659894921,"8":0.0266254991243,"8.1-8.4":1.08474255692,"9.0-9.2":8.08133204904,"9.3":null},"op_mob":{"10":0,"11":0,"11.1":0,"11.5":0,"12":3.57018281308e-5,"12.1":3.57018281308e-5,"0":0.00189219689093},"ie":{"5.5":0,"6":0.00810438427948,"7":0.0243131528384,"8":1.06167434061,"9":0.421427982533,"10":0.810438427948,"11":8.78515255895},"bb":{"7":0.019758,"10":null},"ie_mob":{"10":0.063972302521,"11":0.282059697479},"edge":{"12":0.849312,"13":2.225512,"14":0},"and_uc":{"0":0.143112},"op_mini":{"5.0-8.0":0.476500399453},"and_chr":{"0":15.914288},"and_ff":{"0":0.040584}},"total":98.6103968472}