{"id":"GR","name":"Greece","month":"2016-07","access_date":"2016-08-02","data":{"chrome":{"4":null,"5":null,"6":null,"7":null,"8":null,"9":null,"10":null,"11":0.13662,"12":null,"13":null,"14":null,"15":null,"16":0.12144,"17":0.01518,"18":null,"19":null,"20":null,"21":null,"22":0.15939,"23":0.03795,"24":null,"25":null,"26":0.02277,"27":null,"28":null,"29":0.19734,"30":0.03036,"31":0.06072,"32":0.00759,"33":0.02277,"34":0.10626,"35":0.06072,"36":0.02277,"37":0.02277,"38":0.05313,"39":0.06072,"40":0.04554,"41":0.04554,"42":0.03036,"43":0.22011,"44":0.11385,"45":0.09108,"46":0.06072,"47":0.22011,"48":0.21252,"49":6.7551,"50":0.33396,"51":34.26885,"52":0.81213,"53":0.06831,"54":0.00759,"55":null},"firefox":{"2":null,"3":null,"3.5":null,"3.6":0.01518,"4":0.12903,"5":0.12144,"6":0.12903,"7":null,"8":null,"9":null,"10":0.00759,"11":0.01518,"12":0.13662,"13":null,"14":null,"15":null,"16":0.01518,"17":null,"18":null,"19":null,"20":null,"21":null,"22":null,"23":null,"24":null,"25":null,"26":0.01518,"27":0.06831,"28":null,"29":0.00759,"30":0.04554,"31":0.02277,"32":0.00759,"33":0.01518,"34":0.01518,"35":0.02277,"36":0.02277,"37":0.03795,"38":0.06831,"39":0.04554,"40":0.06831,"41":0.06072,"42":0.0759,"43":0.18216,"44":0.10626,"45":0.25806,"46":0.22011,"47":15.26349,"48":0.12903,"49":0.00759,"50":0.00759},"opera":{"9":null,"9.5-9.6":null,"10.0-10.1":0,"10.5":null,"10.6":null,"11":null,"11.1":null,"11.5":null,"11.6":null,"12":0.32637,"12.1":0.14421,"15":null,"16":null,"17":null,"18":null,"19":null,"20":null,"21":null,"22":null,"23":null,"24":null,"25":null,"26":0.02277,"27":null,"28":null,"29":null,"30":null,"31":null,"32":null,"33":null,"34":null,"35":0.00759,"36":0.09867,"37":0.03795,"38":0.78177,"39":0.01518,"40":null},"safari":{"3.1":null,"3.2":null,"4":0.02277,"5":0.09867,"5.1":0.26565,"6":0.00759,"6.1":0.03795,"7":0.01518,"7.1":0.00759,"8":0.06072,"9":0.10626,"9.1":0.78936,"10":null,"0":null},"ios_saf":{"3.2":0,"4.0-4.1":0,"4.2-4.3":0,"5.0-5.1":0,"6.0-6.1":0,"7.0-7.1":0.0869213020992,"8":0,"8.1-8.4":0.205197777102,"9.0-9.2":0.312757927188,"9.3":3.30896299361},"android":{"2.1":0,"2.2":0,"2.3":0.00683847695913,"3":0,"4":0.0486291694871,"4.1":0.182359385577,"4.2-4.3":0.442981340797,"4.4":1.27575586826,"4.4.3-4.4.4":0.961945758917,"51":null},"op_mob":{"10":0,"11":0,"11.1":0,"11.5":0,"12":0,"12.1":0.000447065543999,"0":0.0196708839359},"ie":{"5.5":null,"6":0.0759,"7":0.14421,"8":0.75141,"9":0.40986,"10":0.34914,"11":3.93921},"bb":{"7":0.0162675,"10":null},"ie_mob":{"10":0.193869606742,"11":0.608660393258},"edge":{"12":0.09108,"13":1.22199,"14":null},"and_ff":{"0":0.02651},"samsung":{"0":1.76653},"and_uc":{"0":0.11086},"op_mini":{"0":0.23534205052},"and_chr":{"0":15.32805}},"total":96.7350275}