{"id":"GT","name":"Guatemala","month":"2016-07","access_date":"2016-08-02","data":{"chrome":{"4":null,"5":null,"6":null,"7":null,"8":null,"9":null,"10":0.00576,"11":0.01728,"12":null,"13":null,"14":null,"15":null,"16":null,"17":null,"18":0.02304,"19":null,"20":null,"21":0.01728,"22":0.04032,"23":null,"24":null,"25":0.01152,"26":0.02304,"27":0.01152,"28":0.00576,"29":0.04032,"30":0.01152,"31":0.0288,"32":0.01152,"33":0.02304,"34":0.04032,"35":0.04032,"36":0.0288,"37":0.04032,"38":0.03456,"39":0.07488,"40":0.0576,"41":0.05184,"42":0.0288,"43":0.12096,"44":0.10368,"45":0.06336,"46":0.10368,"47":0.2016,"48":0.17856,"49":3.07584,"50":0.43776,"51":32.75136,"52":0.88128,"53":0.0288,"54":0.01728,"55":null},"firefox":{"2":null,"3":0.02304,"3.5":null,"3.6":0.01728,"4":null,"5":null,"6":null,"7":null,"8":null,"9":null,"10":null,"11":null,"12":0.0576,"13":0.00576,"14":null,"15":null,"16":0.01152,"17":null,"18":null,"19":null,"20":null,"21":0.01152,"22":0.01152,"23":null,"24":null,"25":0.00576,"26":null,"27":null,"28":null,"29":0.01152,"30":0.01152,"31":0.01728,"32":0.01728,"33":0.01152,"34":0.01152,"35":0.01728,"36":0.01152,"37":0.03456,"38":0.05184,"39":0.04608,"40":0.03456,"41":0.03456,"42":0.06336,"43":0.19584,"44":0.07488,"45":0.13824,"46":0.16704,"47":5.03424,"48":0.04608,"49":0.01152,"50":null},"opera":{"9":null,"9.5-9.6":null,"10.0-10.1":0,"10.5":null,"10.6":null,"11":null,"11.1":null,"11.5":null,"11.6":null,"12":null,"12.1":0.00576,"15":null,"16":null,"17":null,"18":null,"19":null,"20":null,"21":null,"22":null,"23":null,"24":null,"25":null,"26":null,"27":null,"28":0.00576,"29":0.01728,"30":0.01152,"31":null,"32":null,"33":0.00576,"34":0.00576,"35":0.01728,"36":0.04608,"37":0.0864,"38":0.40896,"39":0.00576,"40":null},"safari":{"3.1":null,"3.2":null,"4":0.01152,"5":0.05184,"5.1":0.0864,"6":0.01728,"6.1":0.04608,"7":0.05184,"7.1":0.0288,"8":0.33408,"9":0.49536,"9.1":1.66464,"10":null,"0":null},"ios_saf":{"3.2":0,"4.0-4.1":0,"4.2-4.3":0,"5.0-5.1":0,"6.0-6.1":0,"7.0-7.1":0.101886413143,"8":0,"8.1-8.4":0.240526372579,"9.0-9.2":0.366604993408,"9.3":3.87866222087},"android":{"2.1":0,"2.2":0,"2.3":0.0150017183025,"3":0,"4":0.106678885707,"4.1":0.400045821401,"4.2-4.3":0.971777974486,"4.4":2.79865389222,"4.4.3-4.4.4":2.11024170789,"51":null},"op_mob":{"10":0,"11":0,"11.1":0,"11.5":0,"12":0,"12.1":0.00591387947829,"0":0.260210697045},"ie":{"5.5":null,"6":0.00584449877751,"7":0.011688997555,"8":0.30391393643,"9":0.169490464548,"10":0.268846943765,"11":1.62477066015},"bb":{"7":0.0742,"10":null},"ie_mob":{"10":0.186417078652,"11":0.585262921348},"edge":{"12":0.1728,"13":0.77184,"14":null},"and_ff":{"0":0.0212},"samsung":{"0":3.23936},"and_uc":{"0":1.45856},"op_mini":{"0":3.11315542348},"and_chr":{"0":27.4212}},"total":98.9074755012}