{"id":"GW","name":"Guinea-Bissau","month":"2016-07","access_date":"2016-08-02","data":{"chrome":{"4":null,"5":null,"6":null,"7":0.012336,"8":null,"9":null,"10":null,"11":0.148032,"12":null,"13":null,"14":null,"15":null,"16":null,"17":null,"18":null,"19":null,"20":null,"21":0.003084,"22":null,"23":null,"24":null,"25":0.095604,"26":0.20046,"27":0.003084,"28":null,"29":null,"30":0.055512,"31":0.012336,"32":0.03084,"33":0.283728,"34":null,"35":null,"36":0.055512,"37":0.006168,"38":0.009252,"39":0.037008,"40":0.089436,"41":null,"42":0.012336,"43":0.808008,"44":0.037008,"45":0.178872,"46":0.083268,"47":0.27756,"48":0.09252,"49":0.484188,"50":0.299148,"51":13.147092,"52":0.41634,"53":0.040092,"54":null,"55":null},"firefox":{"2":0.003084,"3":0.01542,"3.5":null,"3.6":0.024672,"4":0.003084,"5":null,"6":null,"7":0.006168,"8":null,"9":null,"10":0.006168,"11":0.024672,"12":0.117192,"13":0.024672,"14":null,"15":0.141864,"16":0.01542,"17":null,"18":null,"19":null,"20":0.03084,"21":0.003084,"22":0.012336,"23":null,"24":0.012336,"25":null,"26":0.03084,"27":0.003084,"28":0.067848,"29":0.003084,"30":0.027756,"31":0.01542,"32":0.009252,"33":0.021588,"34":0.040092,"35":0.01542,"36":0.006168,"37":0.03084,"38":0.006168,"39":0.003084,"40":0.027756,"41":null,"42":0.012336,"43":0.1542,"44":0.194292,"45":0.006168,"46":0.413256,"47":4.184988,"48":0.228216,"49":null,"50":null},"opera":{"9":null,"9.5-9.6":null,"10.0-10.1":0.003084,"10.5":null,"10.6":null,"11":null,"11.1":null,"11.5":null,"11.6":0.006168,"12":null,"12.1":null,"15":null,"16":null,"17":null,"18":null,"19":null,"20":0.009252,"21":null,"22":null,"23":null,"24":null,"25":null,"26":null,"27":null,"28":null,"29":null,"30":null,"31":0.003084,"32":null,"33":null,"34":0.009252,"35":null,"36":0.166536,"37":null,"38":0.240552,"39":null,"40":null},"safari":{"3.1":0.003084,"3.2":null,"4":0,"5":null,"5.1":0.04626,"6":0.027756,"6.1":0.012336,"7":0.003084,"7.1":0.003084,"8":0.012336,"9":0.101772,"9.1":0.049344,"10":null,"0":null},"ios_saf":{"3.2":0,"4.0-4.1":0,"4.2-4.3":0,"5.0-5.1":0,"6.0-6.1":0,"7.0-7.1":0.0322550289017,"8":0,"8.1-8.4":0.076145433526,"9.0-9.2":0.116059190751,"9.3":1.22790034682},"android":{"2.1":0,"2.2":0,"2.3":0.0251504004166,"3":0,"4":0.178847291851,"4.1":0.670677344442,"4.2-4.3":1.62918704921,"4.4":4.69194692216,"4.4.3-4.4.4":3.53782299193,"51":null},"op_mob":{"10":0,"11":0,"11.1":0,"11.5":0,"12":0,"12.1":0.0349058752518,"0":1.53585851108},"ie":{"5.5":null,"6":null,"7":null,"8":0.324689602465,"9":0.0842944160247,"10":0.649379204931,"11":2.99401277658},"bb":{"7":0.076076,"10":null},"ie_mob":{"10":0.280680808989,"11":0.881207191011},"edge":{"12":0.126444,"13":0.564372,"14":null},"and_ff":{"0":0.62244},"samsung":{"0":3.236688},"and_uc":{"0":12.808432},"op_mini":{"0":18.3749796137},"and_chr":{"0":19.030124}},"total":97.369252}