{"id":"GY","name":"Guyana","month":"2016-07","access_date":"2016-08-02","data":{"chrome":{"4":null,"5":null,"6":null,"7":null,"8":null,"9":0.009734,"10":null,"11":0.09734,"12":null,"13":null,"14":null,"15":null,"16":null,"17":null,"18":0.019468,"19":null,"20":0.004867,"21":null,"22":0.058404,"23":0.004867,"24":null,"25":0.009734,"26":0.009734,"27":0.004867,"28":0.014601,"29":0.803055,"30":null,"31":0.038936,"32":0.009734,"33":0.058404,"34":0.043803,"35":0.019468,"36":0.077872,"37":0.014601,"38":0.053537,"39":0.019468,"40":0.029202,"41":0.019468,"42":0.04867,"43":0.301754,"44":0.068138,"45":0.150877,"46":0.043803,"47":0.686247,"48":0.121675,"49":0.622976,"50":0.783587,"51":21.643549,"52":0.914996,"53":0.111941,"54":0.004867,"55":null},"firefox":{"2":null,"3":0.029202,"3.5":null,"3.6":0.029202,"4":null,"5":null,"6":null,"7":null,"8":null,"9":null,"10":null,"11":null,"12":null,"13":0.014601,"14":null,"15":null,"16":0.004867,"17":null,"18":null,"19":0.004867,"20":null,"21":0.004867,"22":0.009734,"23":null,"24":0.009734,"25":0.004867,"26":null,"27":null,"28":null,"29":0.004867,"30":0.102207,"31":0.019468,"32":0.009734,"33":0.004867,"34":0.004867,"35":0.04867,"36":0.009734,"37":0.009734,"38":0.024335,"39":0.029202,"40":0.009734,"41":0.024335,"42":0.073005,"43":0.14601,"44":0.058404,"45":0.073005,"46":0.306621,"47":4.735591,"48":0.408828,"49":null,"50":0.009734},"opera":{"9":null,"9.5-9.6":null,"10.0-10.1":0,"10.5":null,"10.6":null,"11":null,"11.1":null,"11.5":null,"11.6":null,"12":null,"12.1":0.019468,"15":0.004867,"16":null,"17":null,"18":null,"19":null,"20":null,"21":null,"22":null,"23":null,"24":null,"25":null,"26":null,"27":0.04867,"28":null,"29":0.282286,"30":0.009734,"31":null,"32":null,"33":0.228749,"34":0.004867,"35":0.024335,"36":0.009734,"37":0.442897,"38":0.744651,"39":0.004867,"40":null},"safari":{"3.1":null,"3.2":null,"4":0,"5":0.184946,"5.1":0.073005,"6":0.014601,"6.1":null,"7":0.014601,"7.1":0.04867,"8":0.024335,"9":0.034069,"9.1":0.326089,"10":null,"0":null},"ios_saf":{"3.2":0,"4.0-4.1":0,"4.2-4.3":0,"5.0-5.1":0,"6.0-6.1":0,"7.0-7.1":0.0840159820505,"8":0,"8.1-8.4":0.198339099179,"9.0-9.2":0.302304081533,"9.3":3.19836183724},"android":{"2.1":0,"2.2":0,"2.3":0.0165015058578,"3":0,"4":0.117344041656,"4.1":0.440040156209,"4.2-4.3":1.06893087946,"4.4":3.07844759281,"4.4.3-4.4.4":2.321211824,"51":null},"op_mob":{"10":0,"11":0,"11.1":0,"11.5":0,"12":0,"12.1":0.00588384001981,"0":0.258888960872},"ie":{"5.5":null,"6":0.0197433606789,"7":0.0296150410184,"8":0.301086250354,"9":0.18756192645,"10":0.315893770863,"11":2.63573865064},"bb":{"7":0.65830725,"10":null},"ie_mob":{"10":0.270318775281,"11":0.848675224719},"edge":{"12":0.38936,"13":1.781322,"14":null},"and_ff":{"0":0.066729},"samsung":{"0":4.229592},"and_uc":{"0":3.305652},"op_mini":{"0":3.09734219911},"and_chr":{"0":31.713401}},"total":96.63518625}