{"id":"HK","name":"Hong Kong","month":"2016-07","access_date":"2016-08-02","data":{"chrome":{"4":null,"5":null,"6":null,"7":null,"8":null,"9":null,"10":null,"11":0.032265,"12":null,"13":null,"14":null,"15":null,"16":0.006453,"17":null,"18":0.032265,"19":null,"20":null,"21":0.012906,"22":0.012906,"23":null,"24":null,"25":0.019359,"26":0.012906,"27":0.006453,"28":0.006453,"29":0.161325,"30":0.012906,"31":0.06453,"32":0.012906,"33":0.058077,"34":0.032265,"35":0.032265,"36":0.038718,"37":0.038718,"38":0.051624,"39":0.058077,"40":0.051624,"41":0.051624,"42":0.167778,"43":0.187137,"44":0.174231,"45":0.929232,"46":0.154872,"47":0.303291,"48":0.309744,"49":2.884491,"50":0.832437,"51":31.090554,"52":0.871155,"53":0.077436,"54":0.032265,"55":null},"firefox":{"2":null,"3":null,"3.5":null,"3.6":0.012906,"4":0.012906,"5":0.006453,"6":null,"7":null,"8":null,"9":null,"10":null,"11":0.006453,"12":0.012906,"13":null,"14":0.006453,"15":null,"16":0.019359,"17":0.012906,"18":null,"19":null,"20":null,"21":0.006453,"22":null,"23":null,"24":null,"25":null,"26":null,"27":null,"28":0.012906,"29":0.012906,"30":0.045171,"31":0.019359,"32":0.006453,"33":0.045171,"34":0.077436,"35":0.038718,"36":0.019359,"37":0.025812,"38":0.109701,"39":0.070983,"40":0.051624,"41":0.038718,"42":0.083889,"43":0.135513,"44":0.070983,"45":0.174231,"46":0.154872,"47":5.788341,"48":0.070983,"49":null,"50":null},"opera":{"9":null,"9.5-9.6":null,"10.0-10.1":0,"10.5":null,"10.6":null,"11":null,"11.1":null,"11.5":null,"11.6":null,"12":null,"12.1":0.032265,"15":null,"16":null,"17":null,"18":null,"19":null,"20":null,"21":null,"22":null,"23":null,"24":null,"25":null,"26":null,"27":null,"28":null,"29":null,"30":null,"31":null,"32":null,"33":null,"34":null,"35":null,"36":0.012906,"37":0.025812,"38":0.25812,"39":0.006453,"40":null},"safari":{"3.1":0.006453,"3.2":null,"4":0.006453,"5":0.058077,"5.1":0.154872,"6":0.045171,"6.1":0.090342,"7":0.122607,"7.1":0.06453,"8":0.471069,"9":0.600129,"9.1":2.5812,"10":0.019359,"0":null},"ios_saf":{"3.2":0,"4.0-4.1":0,"4.2-4.3":0,"5.0-5.1":0,"6.0-6.1":0,"7.0-7.1":0.281538591421,"8":0,"8.1-8.4":0.664636766048,"9.0-9.2":1.01302470338,"9.3":10.7177499392},"android":{"2.1":0,"2.2":0,"2.3":0.00513482218172,"3":0,"4":0.03651429107,"4.1":0.136928591513,"4.2-4.3":0.332622370216,"4.4":0.95792960479,"4.4.3-4.4.4":0.722298320229,"51":null},"op_mob":{"10":0,"11":0,"11.1":0,"11.5":0,"12":0,"12.1":0.000223403268945,"0":0.00982974383358},"ie":{"5.5":null,"6":0.0197659459459,"7":0.0592978378378,"8":0.691808108108,"9":0.48756,"10":0.382141621622,"11":7.12891783784},"bb":{"7":0.0079785,"10":null},"ie_mob":{"10":0.0248419213483,"11":0.0779920786517},"edge":{"12":0.103248,"13":2.006883,"14":null},"and_ff":{"0":0.03546},"samsung":{"0":4.21974},"and_uc":{"0":0.475164},"op_mini":{"0":0.117602852897},"and_chr":{"0":17.592669}},"total":98.8364918514}