{"id":"HN","name":"Honduras","month":"2016-07","access_date":"2016-08-02","data":{"chrome":{"4":null,"5":null,"6":null,"7":null,"8":null,"9":null,"10":null,"11":0.031614,"12":null,"13":null,"14":null,"15":null,"16":null,"17":null,"18":0.026345,"19":null,"20":null,"21":0.005269,"22":0.036883,"23":null,"24":null,"25":0.005269,"26":0.010538,"27":0.010538,"28":0.010538,"29":0.205491,"30":0.010538,"31":0.047421,"32":0.010538,"33":0.015807,"34":0.031614,"35":0.021076,"36":0.042152,"37":0.036883,"38":0.047421,"39":0.063228,"40":0.079035,"41":0.031614,"42":0.021076,"43":0.136994,"44":0.089573,"45":0.094842,"46":0.084304,"47":0.189684,"48":0.237105,"49":2.060179,"50":0.774543,"51":30.386323,"52":0.84304,"53":0.026345,"54":0.005269,"55":null},"firefox":{"2":0.005269,"3":0.021076,"3.5":null,"3.6":0.010538,"4":0.005269,"5":null,"6":0.010538,"7":null,"8":null,"9":null,"10":null,"11":null,"12":0.015807,"13":null,"14":null,"15":null,"16":0.026345,"17":null,"18":null,"19":null,"20":0.010538,"21":0.010538,"22":null,"23":0.015807,"24":0.005269,"25":null,"26":null,"27":null,"28":0.005269,"29":0.015807,"30":0.010538,"31":0.015807,"32":0.015807,"33":0.010538,"34":0.010538,"35":0.021076,"36":0.015807,"37":0.021076,"38":0.036883,"39":0.031614,"40":0.026345,"41":0.042152,"42":0.073766,"43":0.152801,"44":0.063228,"45":0.163339,"46":0.131725,"47":5.226848,"48":0.063228,"49":null,"50":null},"opera":{"9":null,"9.5-9.6":null,"10.0-10.1":0,"10.5":null,"10.6":null,"11":null,"11.1":null,"11.5":null,"11.6":null,"12":null,"12.1":0.036883,"15":null,"16":null,"17":null,"18":null,"19":null,"20":null,"21":null,"22":null,"23":null,"24":null,"25":null,"26":null,"27":0.021076,"28":0.015807,"29":0.200222,"30":null,"31":null,"32":null,"33":0.042152,"34":0.015807,"35":0.015807,"36":0.05269,"37":0.173877,"38":0.558514,"39":0.005269,"40":0.005269},"safari":{"3.1":null,"3.2":null,"4":0.005269,"5":0.010538,"5.1":0.026345,"6":null,"6.1":0.057959,"7":0.031614,"7.1":0.010538,"8":0.115918,"9":0.258181,"9.1":1.143373,"10":null,"0":null},"ios_saf":{"3.2":0,"4.0-4.1":0,"4.2-4.3":0,"5.0-5.1":0,"6.0-6.1":0,"7.0-7.1":0.104964294798,"8":0,"8.1-8.4":0.247792421965,"9.0-9.2":0.377679745665,"9.3":3.99583253757},"android":{"2.1":0,"2.2":0,"2.3":0.0215389213746,"3":0,"4":0.153165663109,"4.1":0.574371236657,"4.2-4.3":1.39524346238,"4.4":4.01820544311,"4.4.3-4.4.4":3.02980827337,"51":null},"op_mob":{"10":0,"11":0,"11.1":0,"11.5":0,"12":0,"12.1":0.00488487270926,"0":0.214934399208},"ie":{"5.5":null,"6":0.0160661311475,"7":0.0107107540984,"8":0.267768852459,"9":0.187438196721,"10":0.214215081967,"11":1.59054698361},"bb":{"7":0.11945775,"10":null},"ie_mob":{"10":0.122288376404,"11":0.383928623596},"edge":{"12":0.205491,"13":0.927344,"14":null},"and_ff":{"0":0.014193},"samsung":{"0":3.392127},"and_uc":{"0":1.334142},"op_mini":{"0":2.57147072808},"and_chr":{"0":28.461652}},"total":98.78064475}