{"id":"HR","name":"Croatia","month":"2016-07","access_date":"2016-08-02","data":{"chrome":{"4":null,"5":null,"6":null,"7":null,"8":null,"9":null,"10":null,"11":0.028472,"12":null,"13":null,"14":null,"15":null,"16":null,"17":null,"18":0.021354,"19":null,"20":null,"21":null,"22":0.121006,"23":null,"24":null,"25":null,"26":0.099652,"27":null,"28":null,"29":0.121006,"30":0.007118,"31":0.056944,"32":0.021354,"33":0.042708,"34":0.163714,"35":0.028472,"36":0.028472,"37":0.042708,"38":0.064062,"39":0.099652,"40":0.049826,"41":0.028472,"42":0.028472,"43":0.185068,"44":0.113888,"45":0.078298,"46":0.085416,"47":0.220658,"48":0.170832,"49":2.697722,"50":0.42708,"51":38.01012,"52":0.968048,"53":0.092534,"54":0.049826,"55":null},"firefox":{"2":null,"3":0.007118,"3.5":null,"3.6":0.021354,"4":null,"5":null,"6":null,"7":null,"8":null,"9":null,"10":null,"11":null,"12":0.021354,"13":null,"14":null,"15":null,"16":0.014236,"17":null,"18":0.014236,"19":null,"20":0.007118,"21":null,"22":0.014236,"23":null,"24":null,"25":null,"26":0.014236,"27":null,"28":0.021354,"29":0.007118,"30":0.014236,"31":0.014236,"32":0.021354,"33":0.014236,"34":0.021354,"35":0.028472,"36":0.021354,"37":0.042708,"38":0.099652,"39":0.10677,"40":0.056944,"41":0.078298,"42":0.085416,"43":0.227776,"44":0.135242,"45":0.234894,"46":0.263366,"47":12.926288,"48":0.128124,"49":0.007118,"50":null},"opera":{"9":null,"9.5-9.6":null,"10.0-10.1":0,"10.5":null,"10.6":null,"11":null,"11.1":null,"11.5":null,"11.6":null,"12":null,"12.1":0.14236,"15":null,"16":null,"17":null,"18":null,"19":null,"20":null,"21":null,"22":null,"23":null,"24":null,"25":null,"26":null,"27":null,"28":0.03559,"29":null,"30":null,"31":null,"32":0.007118,"33":0.007118,"34":0.014236,"35":0.014236,"36":0.113888,"37":0.049826,"38":1.444954,"39":0.007118,"40":null},"safari":{"3.1":null,"3.2":null,"4":0,"5":0.014236,"5.1":0.042708,"6":null,"6.1":0.03559,"7":0.021354,"7.1":null,"8":0.078298,"9":0.113888,"9.1":0.690446,"10":null,"0":null},"ios_saf":{"3.2":0,"4.0-4.1":0,"4.2-4.3":0,"5.0-5.1":0,"6.0-6.1":0,"7.0-7.1":0.121290377244,"8":0,"8.1-8.4":0.286333904269,"9.0-9.2":0.436423823142,"9.3":4.61734189535},"android":{"2.1":0,"2.2":0,"2.3":0.00565895443895,"3":0,"4":0.0402414537881,"4.1":0.150905451705,"4.2-4.3":0.366574493101,"4.4":1.05570938922,"4.4.3-4.4.4":0.796026257745,"51":null},"op_mob":{"10":0,"11":0,"11.1":0,"11.5":0,"12":0,"12.1":0.000721237510319,"0":0.031734450454},"ie":{"5.5":null,"6":null,"7":0.0142591479675,"8":0.221016793496,"9":0.163980201626,"10":0.192498497561,"11":3.79293335935},"bb":{"7":0.007205,"10":null},"ie_mob":{"10":0.256902775281,"11":0.806555224719},"edge":{"12":0.14236,"13":1.537488,"14":0.014236},"and_ff":{"0":0.02882},"samsung":{"0":2.884882},"and_uc":{"0":0.083578},"op_mini":{"0":0.379670312036},"and_chr":{"0":17.480924}},"total":97.572387}