{"id":"HU","name":"Hungary","month":"2016-07","access_date":"2016-08-02","data":{"chrome":{"4":0.048378,"5":null,"6":null,"7":0.008063,"8":null,"9":null,"10":0.008063,"11":0.016126,"12":0.016126,"13":null,"14":null,"15":null,"16":0.008063,"17":null,"18":null,"19":null,"20":null,"21":null,"22":0.032252,"23":null,"24":null,"25":null,"26":0.032252,"27":0.008063,"28":null,"29":0.177386,"30":null,"31":0.024189,"32":null,"33":0.024189,"34":0.048378,"35":0.024189,"36":0.016126,"37":0.040315,"38":0.032252,"39":0.056441,"40":0.032252,"41":0.016126,"42":0.024189,"43":0.08063,"44":0.048378,"45":0.040315,"46":0.056441,"47":0.112882,"48":0.137071,"49":4.241138,"50":3.039751,"51":29.179997,"52":0.88693,"53":0.048378,"54":0.008063,"55":null},"firefox":{"2":null,"3":0.008063,"3.5":null,"3.6":0.024189,"4":null,"5":null,"6":null,"7":null,"8":null,"9":0.008063,"10":null,"11":null,"12":0.016126,"13":null,"14":null,"15":0.016126,"16":0.008063,"17":0.008063,"18":0.008063,"19":0.016126,"20":null,"21":null,"22":null,"23":null,"24":0.016126,"25":null,"26":0.016126,"27":0.008063,"28":0.016126,"29":0.008063,"30":0.024189,"31":0.040315,"32":0.016126,"33":0.024189,"34":0.024189,"35":0.048378,"36":0.024189,"37":0.032252,"38":0.096756,"39":0.072567,"40":0.048378,"41":0.08063,"42":0.08063,"43":0.266079,"44":4.200823,"45":0.298331,"46":7.063188,"47":15.23907,"48":0.056441,"49":null,"50":null},"opera":{"9":null,"9.5-9.6":null,"10.0-10.1":0,"10.5":null,"10.6":null,"11":null,"11.1":null,"11.5":null,"11.6":0.008063,"12":0.008063,"12.1":4.249201,"15":null,"16":null,"17":null,"18":null,"19":null,"20":null,"21":null,"22":null,"23":null,"24":null,"25":null,"26":null,"27":null,"28":0.008063,"29":0.008063,"30":null,"31":null,"32":null,"33":0.008063,"34":0.008063,"35":0.032252,"36":0.16126,"37":0.048378,"38":1.378773,"39":0.032252,"40":null},"safari":{"3.1":null,"3.2":null,"4":0,"5":null,"5.1":0.032252,"6":null,"6.1":0.024189,"7":0.016126,"7.1":null,"8":0.064504,"9":0.096756,"9.1":0.701481,"10":0.008063,"0":null},"ios_saf":{"3.2":0,"4.0-4.1":0,"4.2-4.3":0,"5.0-5.1":0,"6.0-6.1":0,"7.0-7.1":0.0692951445087,"8":0,"8.1-8.4":0.16358716763,"9.0-9.2":0.249335953757,"9.3":2.6379617341},"android":{"2.1":0,"2.2":0,"2.3":0.00385531319969,"3":0,"4":0.0274155605311,"4.1":0.102808351992,"4.2-4.3":0.249738621713,"4.4":0.719230095808,"4.4.3-4.4.4":0.542314056756,"51":null},"op_mob":{"10":0,"11":0,"11.1":0,"11.5":0,"12":0,"12.1":0.00144142149579,"0":0.0634225458148},"ie":{"5.5":null,"6":0.0162719366516,"7":0.0162719366516,"8":0.219671144796,"9":0.244079049774,"10":0.15458339819,"11":2.94522053394},"bb":{"7":0.0130815,"10":null},"ie_mob":{"10":0.262174382022,"11":0.823105617978},"edge":{"12":0.088693,"13":1.20945,"14":null},"and_ff":{"0":0.023256},"samsung":{"0":1.27908},"and_uc":{"0":0.098838},"op_mini":{"0":0.758786032689},"and_chr":{"0":11.872064}},"total":98.2363955}