{"id":"ID","name":"Indonesia","month":"2016-07","access_date":"2016-08-02","data":{"chrome":{"4":0.007644,"5":0.010192,"6":0.015288,"7":0.007644,"8":0.002548,"9":0.005096,"10":0.010192,"11":0.033124,"12":0.010192,"13":0.005096,"14":0.005096,"15":0.007644,"16":0.007644,"17":0.005096,"18":0.010192,"19":0.007644,"20":0.007644,"21":0.010192,"22":0.010192,"23":0.010192,"24":0.007644,"25":0.010192,"26":0.01274,"27":0.01274,"28":0.015288,"29":0.07644,"30":0.022932,"31":0.160524,"32":0.017836,"33":0.056056,"34":0.022932,"35":0.017836,"36":0.015288,"37":0.040768,"38":0.022932,"39":0.048412,"40":0.040768,"41":0.017836,"42":0.043316,"43":0.3185,"44":0.068796,"45":0.086632,"46":0.157976,"47":0.155428,"48":0.183456,"49":0.863772,"50":0.328692,"51":7.740824,"52":0.310856,"53":0.056056,"54":0.005096,"55":null},"firefox":{"2":null,"3":0.244608,"3.5":0.005096,"3.6":0.03822,"4":0.017836,"5":0.010192,"6":0.01274,"7":0.007644,"8":0.007644,"9":0.010192,"10":0.017836,"11":0.022932,"12":0.048412,"13":0.020384,"14":0.020384,"15":0.022932,"16":0.030576,"17":0.022932,"18":0.020384,"19":0.022932,"20":0.02548,"21":0.02548,"22":0.020384,"23":0.020384,"24":0.028028,"25":0.033124,"26":0.028028,"27":0.028028,"28":0.02548,"29":0.073892,"30":0.078988,"31":0.053508,"32":0.05096,"33":0.071344,"34":0.129948,"35":0.11466,"36":0.1274,"37":0.150332,"38":0.170716,"39":0.16562,"40":0.160524,"41":0.16562,"42":0.160524,"43":0.608972,"44":0.295568,"45":0.323596,"46":0.422968,"47":4.932928,"48":0.606424,"49":0.007644,"50":0.002548},"opera":{"9":null,"9.5-9.6":null,"10.0-10.1":0,"10.5":null,"10.6":0.002548,"11":null,"11.1":null,"11.5":null,"11.6":0.002548,"12":0.002548,"12.1":0.022932,"15":null,"16":null,"17":null,"18":0.002548,"19":null,"20":null,"21":null,"22":null,"23":null,"24":null,"25":null,"26":null,"27":null,"28":0.002548,"29":0.005096,"30":0.007644,"31":null,"32":0.005096,"33":0.007644,"34":0.094276,"35":0.015288,"36":0.022932,"37":0.078988,"38":0.259896,"39":null,"40":null},"safari":{"3.1":null,"3.2":null,"4":0,"5":0.005096,"5.1":0.02548,"6":0.007644,"6.1":0.007644,"7":0.01274,"7.1":0.015288,"8":0.068796,"9":0.081536,"9.1":0.282828,"10":null,"0":null},"ios_saf":{"3.2":0,"4.0-4.1":0,"4.2-4.3":0,"5.0-5.1":0,"6.0-6.1":0,"7.0-7.1":0.0486502470338,"8":0,"8.1-8.4":0.114850126559,"9.0-9.2":0.175052030423,"9.3":1.85204159598},"android":{"2.1":0,"2.2":0,"2.3":0.00932296433221,"3":0,"4":0.0662966352512,"4.1":0.248612382192,"4.2-4.3":0.603920911742,"4.4":1.73925079042,"4.4.3-4.4.4":1.31143031606,"51":null},"op_mob":{"10":0,"11":0,"11.1":0,"11.5":0,"12":0,"12.1":0.0194419802873,"0":0.85544713264},"ie":{"5.5":null,"6":0.0157174382022,"7":0.00785871910112,"8":0.154554808989,"9":0.0288153033708,"10":0.0419131685393,"11":0.214804988764},"bb":{"7":0.59421725,"10":null},"ie_mob":{"10":0.0755983483146,"11":0.237343651685},"edge":{"12":0.028028,"13":0.11466,"14":null},"and_ff":{"0":0.059608},"samsung":{"0":1.840397},"and_uc":{"0":39.19226},"op_mini":{"0":10.2345518871},"and_chr":{"0":14.87404}},"total":96.638361677}