{"id":"IE","name":"Ireland","month":"2016-07","access_date":"2016-08-02","data":{"chrome":{"4":null,"5":null,"6":null,"7":null,"8":null,"9":null,"10":null,"11":0.030342,"12":null,"13":null,"14":null,"15":null,"16":null,"17":null,"18":null,"19":null,"20":null,"21":null,"22":0.030342,"23":null,"24":null,"25":null,"26":0.010114,"27":null,"28":null,"29":0.839462,"30":null,"31":0.020228,"32":0.015171,"33":0.161824,"34":0.030342,"35":0.05057,"36":0.020228,"37":0.025285,"38":0.035399,"39":0.070798,"40":0.146653,"41":0.020228,"42":0.035399,"43":0.085969,"44":0.096083,"45":0.237679,"46":0.080912,"47":0.182052,"48":0.15171,"49":1.911546,"50":0.399503,"51":25.53785,"52":0.687752,"53":0.030342,"54":0.015171,"55":null},"firefox":{"2":null,"3":0.005057,"3.5":0.020228,"3.6":0.010114,"4":null,"5":null,"6":0.010114,"7":null,"8":null,"9":null,"10":0.040456,"11":null,"12":0.010114,"13":null,"14":null,"15":null,"16":0.040456,"17":null,"18":null,"19":null,"20":null,"21":null,"22":null,"23":null,"24":null,"25":null,"26":null,"27":null,"28":null,"29":0.010114,"30":0.005057,"31":0.010114,"32":0.010114,"33":0.010114,"34":0.010114,"35":0.015171,"36":0.010114,"37":0.015171,"38":0.060684,"39":0.040456,"40":0.020228,"41":0.045513,"42":0.035399,"43":0.106197,"44":0.075855,"45":0.15171,"46":0.156767,"47":5.689125,"48":0.070798,"49":0.005057,"50":null},"opera":{"9":null,"9.5-9.6":null,"10.0-10.1":0,"10.5":null,"10.6":null,"11":null,"11.1":null,"11.5":null,"11.6":null,"12":null,"12.1":0.030342,"15":null,"16":null,"17":null,"18":null,"19":null,"20":null,"21":null,"22":null,"23":null,"24":null,"25":null,"26":null,"27":null,"28":null,"29":null,"30":null,"31":null,"32":null,"33":null,"34":null,"35":0.005057,"36":0.030342,"37":0.010114,"38":0.348933,"39":null,"40":null},"safari":{"3.1":null,"3.2":null,"4":0.020228,"5":0.05057,"5.1":0.141596,"6":0.015171,"6.1":0.096083,"7":0.040456,"7.1":0.020228,"8":0.232622,"9":0.35399,"9.1":1.952002,"10":0.015171,"0":null},"ios_saf":{"3.2":0,"4.0-4.1":0,"4.2-4.3":0,"5.0-5.1":0,"6.0-6.1":0,"7.0-7.1":0.426376232431,"8":0,"8.1-8.4":1.00655941629,"9.0-9.2":1.53417566738,"9.3":16.2315006839},"android":{"2.1":0,"2.2":0,"2.3":0.00488766310857,"3":0,"4":0.0347567154387,"4.1":0.130337682895,"4.2-4.3":0.316611954699,"4.4":0.911820706587,"4.4.3-4.4.4":0.687531277272,"51":null},"op_mob":{"10":0,"11":0,"11.1":0,"11.5":0,"12":0,"12.1":0.000354668614826,"0":0.0156054190523},"ie":{"5.5":null,"6":0.00514054616132,"7":0.015421638484,"8":0.282730038873,"9":0.529476254616,"10":0.287870585034,"11":4.16898293683},"bb":{"7":0.00865025,"10":null},"ie_mob":{"10":0.222101764045,"11":0.697296235955},"edge":{"12":0.141596,"13":1.780064,"14":0.015171},"and_ff":{"0":0.029658},"samsung":{"0":4.428928},"and_uc":{"0":0.044487},"op_mini":{"0":0.186702912333},"and_chr":{"0":23.352921}},"total":98.50998625}