{"id":"IL","name":"Israel","month":"2016-01","access_date":"2016-02-03","data":{"firefox":{"2":0,"3":0.041142,"3.5":0,"3.6":0.013714,"4":0,"5":0,"6":0.006857,"7":0.006857,"8":0,"9":0,"10":0.006857,"11":0.013714,"12":0.006857,"13":0,"14":0,"15":0,"16":0.006857,"17":0,"18":0,"19":0.041142,"20":0.006857,"21":0.006857,"22":0,"23":0.006857,"24":0.013714,"25":0.020571,"26":0.047999,"27":0.013714,"28":0.013714,"29":0.013714,"30":0.006857,"31":0.020571,"32":0.006857,"33":0.020571,"34":0.329136,"35":0.013714,"36":0.027428,"37":0.041142,"38":0.06857,"39":0.075427,"40":0.047999,"41":0.095998,"42":0.143997,"43":4.079915,"44":0.219424,"45":0.006857,"46":0.006857,"47":0},"chrome":{"4":0,"5":0,"6":0,"7":0,"8":0,"9":0,"10":0,"11":0.034285,"12":0.006857,"13":0.006857,"14":0,"15":0,"16":0.006857,"17":0,"18":0.013714,"19":0,"20":0,"21":0.006857,"22":0.047999,"23":0.013714,"24":0.006857,"25":0,"26":0.027428,"27":0.013714,"28":0.006857,"29":0.054856,"30":0.020571,"31":0.109712,"32":0.027428,"33":0.034285,"34":0.034285,"35":0.075427,"36":0.054856,"37":0.075427,"38":0.164568,"39":0.178282,"40":0.075427,"41":0.075427,"42":0.082284,"43":0.294851,"44":0.226281,"45":0.294851,"46":0.452562,"47":38.899761,"48":3.394215,"49":0.157711,"50":0.013714,"51":0},"opera":{"9":0,"9.5-9.6":0,"10.0-10.1":0,"10.5":0,"10.6":0,"11":0,"11.1":0,"11.5":0,"11.6":0.006857,"12":0.006857,"12.1":0.06857,"15":0,"16":0,"17":0,"18":0,"19":0,"20":0,"21":0,"22":0,"23":0,"24":0,"25":0,"26":0,"27":0.006857,"28":0.006857,"29":0,"30":0.006857,"31":0.006857,"32":0.006857,"33":0.006857,"34":0.356564,"35":0.006857,"36":0},"safari":{"3.1":0,"3.2":0,"4":0.020571,"5":0.027428,"5.1":0.089141,"6":0.020571,"6.1":0.06857,"7":0.047999,"7.1":0.047999,"8":0.198853,"9":0.939409,"9.1":0.006857},"android":{"2.1":0,"2.2":0,"2.3":0.0188362950053,"3":0,"4":0.0782883511158,"4.1":0.267828569607,"4.2-4.3":0.596286463762,"4.4":1.18668658533,"4.4.3-4.4.4":0.621597735175,"47":null},"ios_saf":{"3.2":0,"4.0-4.1":0,"4.2-4.3":0,"5.0-5.1":0,"6.0-6.1":0,"7.0-7.1":0.376506639023,"8":0.0264043616977,"8.1-8.4":1.07573325435,"9.0-9.2":8.01421274493,"9.3":null},"op_mob":{"10":0,"11":0,"11.1":0,"11.5":0,"12":0.000139541226216,"12.1":0.000139541226216,"0":0.00739568498943},"ie":{"5.5":0,"6":0.0206945907877,"7":0.027592787717,"8":0.889867403872,"9":0.655328708278,"10":0.696717889853,"11":8.00880663485},"bb":{"7":1.084335,"10":null},"ie_mob":{"10":0.0238234117647,"11":0.105039588235},"edge":{"12":0.287994,"13":0.946266,"14":0},"and_uc":{"0":0.374017},"op_mini":{"5.0-8.0":1.86241023256},"and_chr":{"0":16.13066},"and_ff":{"0":0.022001}},"total":95.8479460154}