{"id":"IM","name":"Isle of Man","month":"2016-07","access_date":"2016-08-02","data":{"chrome":{"4":null,"5":null,"6":null,"7":null,"8":null,"9":null,"10":null,"11":0.019611,"12":null,"13":null,"14":null,"15":null,"16":null,"17":null,"18":null,"19":null,"20":null,"21":null,"22":0.019611,"23":null,"24":null,"25":null,"26":null,"27":null,"28":null,"29":0.575256,"30":null,"31":null,"32":0.104592,"33":0.013074,"34":0.137277,"35":null,"36":0.248406,"37":null,"38":null,"39":0.019611,"40":0.039222,"41":null,"42":null,"43":0.039222,"44":null,"45":0.026148,"46":0.019611,"47":0.052296,"48":0.058833,"49":1.856508,"50":0.614478,"51":30.991917,"52":0.307239,"53":0.013074,"54":0.019611,"55":null},"firefox":{"2":null,"3":null,"3.5":null,"3.6":null,"4":null,"5":null,"6":null,"7":null,"8":null,"9":null,"10":null,"11":null,"12":null,"13":null,"14":null,"15":null,"16":null,"17":null,"18":null,"19":null,"20":null,"21":null,"22":0.032685,"23":null,"24":null,"25":null,"26":0.045759,"27":null,"28":null,"29":null,"30":null,"31":null,"32":0.013074,"33":null,"34":null,"35":null,"36":null,"37":null,"38":0.026148,"39":0.143814,"40":null,"41":0.006537,"42":0.039222,"43":0.052296,"44":0.019611,"45":0.084981,"46":0.045759,"47":5.000805,"48":0.026148,"49":null,"50":null},"opera":{"9":null,"9.5-9.6":null,"10.0-10.1":0,"10.5":null,"10.6":null,"11":null,"11.1":null,"11.5":null,"11.6":null,"12":null,"12.1":0.019611,"15":null,"16":null,"17":null,"18":null,"19":null,"20":null,"21":null,"22":null,"23":null,"24":null,"25":null,"26":null,"27":null,"28":0.006537,"29":null,"30":null,"31":null,"32":null,"33":null,"34":null,"35":0.019611,"36":null,"37":null,"38":0.13074,"39":null,"40":null},"safari":{"3.1":null,"3.2":null,"4":0.013074,"5":0.058833,"5.1":0.366072,"6":0.026148,"6.1":0.06537,"7":0.019611,"7.1":0.209184,"8":0.183036,"9":0.98055,"9.1":3.536517,"10":0.026148,"0":null},"ios_saf":{"3.2":0,"4.0-4.1":0,"4.2-4.3":0,"5.0-5.1":0,"6.0-6.1":0,"7.0-7.1":0.395387787953,"8":0,"8.1-8.4":0.933404047358,"9.0-9.2":1.42267386715,"9.3":15.0518172975},"android":{"2.1":0,"2.2":0,"2.3":0.00219085915126,"3":0,"4":0.0155794428534,"4.1":0.0584229107003,"4.2-4.3":0.141918987243,"4.4":0.408716946108,"4.4.3-4.4.4":0.308180853944,"51":null},"op_mob":{"10":0,"11":0,"11.1":0,"11.5":0,"12":0,"12.1":0.000109087072808,"0":0.00479983120357},"ie":{"5.5":null,"6":null,"7":0.013074,"8":0.451053,"9":0.974013,"10":0.418368,"11":9.511335},"bb":{"7":0.0190465,"10":null},"ie_mob":{"10":0.230892606742,"11":0.724895393258},"edge":{"12":0.189573,"13":6.680814,"14":null},"and_ff":{"0":0.010389},"samsung":{"0":4.481122},"and_uc":{"0":0.027704},"op_mini":{"0":0.0574250817236},"and_chr":{"0":10.266125}},"total":99.1725095}