{"id":"IM","name":"Isle of Man","month":"2016-01","access_date":"2016-02-03","data":{"firefox":{"2":0,"3":0,"3.5":0,"3.6":0,"4":0,"5":0,"6":0,"7":0,"8":0,"9":0,"10":0.016652,"11":0.008326,"12":0,"13":0,"14":0,"15":0,"16":0,"17":0,"18":0.158194,"19":0,"20":0,"21":0,"22":0.033304,"23":0,"24":0,"25":0,"26":0,"27":0,"28":0.008326,"29":0,"30":0,"31":0,"32":0.024978,"33":0,"34":0.008326,"35":0.008326,"36":0.008326,"37":0.008326,"38":0.033304,"39":0.149868,"40":0.016652,"41":0.033304,"42":0.241454,"43":5.320314,"44":0.316388,"45":0.008326,"46":0,"47":0},"chrome":{"4":0,"5":0,"6":0,"7":0,"8":0,"9":0,"10":0,"11":0.024978,"12":0,"13":0,"14":0,"15":0,"16":0,"17":0,"18":0,"19":0,"20":0,"21":0,"22":0.008326,"23":0,"24":0,"25":0,"26":0,"27":0,"28":0.008326,"29":0,"30":0.024978,"31":0.033304,"32":0.049956,"33":0.049956,"34":0.008326,"35":0,"36":0.04163,"37":0.033304,"38":0.116564,"39":0.024978,"40":0.024978,"41":0.024978,"42":0.033304,"43":0.091586,"44":0.058282,"45":0.099912,"46":0.4163,"47":27.209368,"48":2.214716,"49":0.04163,"50":0,"51":0},"opera":{"9":0,"9.5-9.6":0,"10.0-10.1":0,"10.5":0,"10.6":0,"11":0,"11.1":0,"11.5":0,"11.6":0,"12":0,"12.1":0.016652,"15":0,"16":0,"17":0,"18":0,"19":0,"20":0,"21":0,"22":0,"23":0,"24":0,"25":0,"26":0,"27":0,"28":0,"29":0,"30":0,"31":0.008326,"32":0,"33":0,"34":0.216476,"35":0,"36":0},"safari":{"3.1":0,"3.2":0,"4":0.049956,"5":0.066608,"5.1":0.574494,"6":0.191498,"6.1":0.158194,"7":0.049956,"7.1":0.424626,"8":0.716036,"9":3.430312,"9.1":0},"android":{"2.1":0,"2.2":0,"2.3":0.0159988437832,"3":0,"4":0.066495194474,"4.1":0.227483560043,"4.2-4.3":0.506463398512,"4.4":1.00792715834,"4.4.3-4.4.4":0.527961844846,"47":null},"ios_saf":{"3.2":0,"4.0-4.1":0,"4.2-4.3":0,"5.0-5.1":0,"6.0-6.1":0,"7.0-7.1":0.977844235088,"8":0.068576089214,"8.1-8.4":2.79384067168,"9.0-9.2":20.814113004,"9.3":null},"op_mob":{"10":0,"11":0,"11.1":0,"11.5":0,"12":6.24549185425e-6,"12.1":6.24549185425e-6,"0":0.000331011068275},"ie":{"5.5":0,"6":0.00832994971537,"7":0.00832994971537,"8":0.674725926945,"9":1.21617265844,"10":0.982934066414,"11":14.6607114991},"bb":{"7":0.0104625,"10":null},"ie_mob":{"10":0.165261781513,"11":0.728654218487},"edge":{"12":1.107358,"13":2.322954,"14":0},"and_uc":{"0":0.005022},"op_mini":{"5.0-8.0":0.083356497948},"and_chr":{"0":6.8957},"and_ff":{"0":0.010044}},"total":98.8325725503}