{"id":"IN","name":"India","month":"2016-07","access_date":"2016-08-02","data":{"chrome":{"4":0.008397,"5":0.011196,"6":0.011196,"7":0.008397,"8":0.011196,"9":0.005598,"10":0.013995,"11":0.022392,"12":0.019593,"13":0.008397,"14":0.013995,"15":0.008397,"16":0.013995,"17":0.013995,"18":0.022392,"19":0.016794,"20":0.016794,"21":0.013995,"22":0.022392,"23":0.019593,"24":0.016794,"25":0.030789,"26":0.022392,"27":0.033588,"28":0.05598,"29":0.058779,"30":0.041985,"31":0.190332,"32":0.022392,"33":0.095166,"34":0.022392,"35":0.022392,"36":0.025191,"37":0.025191,"38":0.033588,"39":0.033588,"40":0.039186,"41":0.036387,"42":0.016794,"43":0.078372,"44":0.044784,"45":0.047583,"46":0.131553,"47":0.131553,"48":0.103563,"49":1.654209,"50":0.260307,"51":13.625532,"52":0.554202,"53":0.148347,"54":0.011196,"55":null},"firefox":{"2":null,"3":0.131553,"3.5":0.008397,"3.6":0.02799,"4":0.016794,"5":0.008397,"6":0.008397,"7":0.005598,"8":0.005598,"9":0.008397,"10":0.013995,"11":0.019593,"12":0.030789,"13":0.016794,"14":0.019593,"15":0.019593,"16":0.019593,"17":0.013995,"18":0.016794,"19":0.016794,"20":0.016794,"21":0.025191,"22":0.013995,"23":0.016794,"24":0.016794,"25":0.013995,"26":0.011196,"27":0.013995,"28":0.022392,"29":0.036387,"30":0.022392,"31":0.041985,"32":0.019593,"33":0.025191,"34":0.02799,"35":0.030789,"36":0.025191,"37":0.036387,"38":0.053181,"39":0.047583,"40":0.039186,"41":0.039186,"42":0.041985,"43":0.173538,"44":0.11196,"45":0.128754,"46":0.131553,"47":2.597472,"48":0.573795,"49":0.005598,"50":null},"opera":{"9":null,"9.5-9.6":null,"10.0-10.1":0,"10.5":null,"10.6":0.002799,"11":null,"11.1":null,"11.5":0.002799,"11.6":0.005598,"12":0.005598,"12.1":0.019593,"15":null,"16":0.002799,"17":null,"18":null,"19":null,"20":null,"21":null,"22":null,"23":null,"24":null,"25":null,"26":null,"27":null,"28":0.019593,"29":0.002799,"30":0.008397,"31":null,"32":0.008397,"33":0.002799,"34":0.039186,"35":0.008397,"36":0.025191,"37":0.050382,"38":0.257508,"39":null,"40":null},"safari":{"3.1":null,"3.2":null,"4":0,"5":0.002799,"5.1":0.011196,"6":null,"6.1":0.002799,"7":0.008397,"7.1":0.002799,"8":0.02799,"9":0.033588,"9.1":0.137151,"10":null,"0":null},"ios_saf":{"3.2":0,"4.0-4.1":0,"4.2-4.3":0,"5.0-5.1":0,"6.0-6.1":0,"7.0-7.1":0.0409407630058,"8":0,"8.1-8.4":0.0966501117534,"9.0-9.2":0.147311969171,"9.3":1.55855315607},"android":{"2.1":0,"2.2":0,"2.3":0.00679979875033,"3":0,"4":0.0483541244468,"4.1":0.181327966675,"4.2-4.3":0.440475852382,"4.4":1.26854023353,"4.4.3-4.4.4":0.956505024212,"51":null},"op_mob":{"10":0,"11":0,"11.1":0,"11.5":0,"12":0,"12.1":0.0227971034175,"0":1.00307255037},"ie":{"5.5":null,"6":0.0140959254808,"7":0.0112767403846,"8":0.298833620192,"9":0.0902139230769,"10":0.118405774038,"11":0.637135831731},"bb":{"7":0.03420475,"10":null},"ie_mob":{"10":0.222664629213,"11":0.699063370787},"edge":{"12":0.072774,"13":0.221121,"14":null},"and_ff":{"0":0.028804},"samsung":{"0":1.865059},"and_uc":{"0":34.809634},"op_mini":{"0":12.0007393462},"and_chr":{"0":16.773924}},"total":97.0241345649}