{"id":"IQ","name":"Iraq","month":"2016-01","access_date":"2016-02-03","data":{"firefox":{"2":0,"3":0.003428,"3.5":0.003428,"3.6":0.027424,"4":0.003428,"5":0.006856,"6":0.041136,"7":0.003428,"8":0.006856,"9":0.010284,"10":0.013712,"11":0.01714,"12":0.041136,"13":0.020568,"14":0.006856,"15":0.020568,"16":0.006856,"17":0.006856,"18":0.020568,"19":0.006856,"20":0.013712,"21":0.01714,"22":0.010284,"23":0.020568,"24":0.01714,"25":0.013712,"26":0.010284,"27":0.010284,"28":0.006856,"29":0.027424,"30":0.030852,"31":0.027424,"32":0.023996,"33":0.044564,"34":0.020568,"35":0.03428,"36":0.023996,"37":0.05142,"38":0.05142,"39":0.065132,"40":0.047992,"41":0.089128,"42":0.143976,"43":2.882948,"44":0.486776,"45":0.01714,"46":0.006856,"47":0},"chrome":{"4":0.013712,"5":0.023996,"6":0.03428,"7":0,"8":0.013712,"9":0,"10":0.010284,"11":0.041136,"12":0.006856,"13":0.03428,"14":0.020568,"15":0.01714,"16":0.006856,"17":0.003428,"18":0.006856,"19":0.006856,"20":0.006856,"21":0.006856,"22":0.023996,"23":0.006856,"24":0.003428,"25":0.013712,"26":0.013712,"27":0.01714,"28":0.01714,"29":0.010284,"30":0.020568,"31":0.027424,"32":0.013712,"33":0.147404,"34":0.03428,"35":0.023996,"36":0.020568,"37":0.013712,"38":0.133692,"39":0.047992,"40":0.095984,"41":0.03428,"42":0.198824,"43":1.751708,"44":0.212536,"45":0.579332,"46":0.294808,"47":14.32904,"48":1.498036,"49":0.133692,"50":0.010284,"51":0},"opera":{"9":0,"9.5-9.6":0,"10.0-10.1":0,"10.5":0,"10.6":0,"11":0,"11.1":0,"11.5":0.003428,"11.6":0.003428,"12":0.006856,"12.1":0.027424,"15":0.003428,"16":0,"17":0,"18":0.003428,"19":0,"20":0.003428,"21":0,"22":0,"23":0,"24":0,"25":0,"26":0,"27":0,"28":0.013712,"29":0.003428,"30":0.006856,"31":0.003428,"32":0.006856,"33":0.010284,"34":0.466208,"35":0.006856,"36":0.013712},"safari":{"3.1":0,"3.2":0,"4":0.003428,"5":0.006856,"5.1":0.01714,"6":0,"6.1":0.003428,"7":0.003428,"7.1":0.003428,"8":0.027424,"9":0.099412,"9.1":0},"android":{"2.1":0,"2.2":0,"2.3":0.0870852148778,"3":0,"4":0.361947924336,"4.1":1.23824289904,"4.2-4.3":2.75679133348,"4.4":5.4863685373,"4.4.3-4.4.4":2.87381209097,"47":null},"ios_saf":{"3.2":0,"4.0-4.1":0,"4.2-4.3":0,"5.0-5.1":0,"6.0-6.1":0,"7.0-7.1":0.638975302359,"8":0.0448112549706,"8.1-8.4":1.82564372103,"9.0-9.2":13.6010457216,"9.3":null},"op_mob":{"10":0,"11":0,"11.1":0,"11.5":0,"12":5.68848650665e-5,"12.1":5.68848650665e-5,"0":0.00301489784853},"ie":{"5.5":0,"6":0.00347816585366,"7":0.00347816585366,"8":0.448683395122,"9":0.156517463415,"10":0.146082965854,"11":1.37735367805},"bb":{"7":0.009858,"10":null},"ie_mob":{"10":0.0449546890756,"11":0.198209310924},"edge":{"12":0.06856,"13":0.113124,"14":0},"and_uc":{"0":0.538904},"op_mini":{"5.0-8.0":0.759223332421},"and_chr":{"0":40.908964},"and_ff":{"0":0.059148}},"total":98.9467638341}