{"id":"IQ","name":"Iraq","month":"2016-07","access_date":"2016-08-02","data":{"chrome":{"4":null,"5":0.007836,"6":0.01306,"7":null,"8":0.007836,"9":null,"10":0.002612,"11":0.036568,"12":0.005224,"13":0.018284,"14":0.015672,"15":0.01306,"16":0.002612,"17":0.005224,"18":0.007836,"19":0.007836,"20":0.005224,"21":0.01306,"22":0.020896,"23":0.010448,"24":0.015672,"25":0.01306,"26":0.010448,"27":0.010448,"28":0.015672,"29":0.062688,"30":0.02612,"31":0.073136,"32":0.015672,"33":0.1306,"34":0.057464,"35":0.028732,"36":0.010448,"37":0.01306,"38":0.101868,"39":0.041792,"40":0.07836,"41":0.036568,"42":0.041792,"43":1.52802,"44":0.094032,"45":0.138436,"46":0.094032,"47":0.514564,"48":0.216796,"49":0.383964,"50":1.130996,"51":12.618572,"52":0.459712,"53":0.062688,"54":0.010448,"55":null},"firefox":{"2":null,"3":0.002612,"3.5":null,"3.6":0.020896,"4":0.005224,"5":0.007836,"6":0.028732,"7":null,"8":0.005224,"9":0.002612,"10":0.005224,"11":0.007836,"12":0.033956,"13":0.015672,"14":0.002612,"15":0.007836,"16":0.005224,"17":0.002612,"18":0.005224,"19":null,"20":0.010448,"21":0.005224,"22":0.005224,"23":0.010448,"24":0.005224,"25":0.010448,"26":0.007836,"27":0.005224,"28":null,"29":0.015672,"30":0.020896,"31":0.020896,"32":0.015672,"33":0.015672,"34":0.007836,"35":0.015672,"36":0.007836,"37":0.031344,"38":0.028732,"39":0.023508,"40":0.015672,"41":0.023508,"42":0.020896,"43":0.11754,"44":0.062688,"45":0.086196,"46":0.11754,"47":2.463116,"48":0.292544,"49":0.005224,"50":0.002612},"opera":{"9":null,"9.5-9.6":null,"10.0-10.1":0,"10.5":null,"10.6":null,"11":null,"11.1":null,"11.5":null,"11.6":null,"12":null,"12.1":0.023508,"15":0.002612,"16":null,"17":null,"18":null,"19":null,"20":null,"21":null,"22":null,"23":null,"24":null,"25":null,"26":null,"27":null,"28":null,"29":0.002612,"30":0.005224,"31":null,"32":0.002612,"33":0.002612,"34":0.002612,"35":0.002612,"36":0.01306,"37":0.023508,"38":0.370904,"39":0.005224,"40":null},"safari":{"3.1":null,"3.2":null,"4":0,"5":null,"5.1":0.010448,"6":null,"6.1":null,"7":0.002612,"7.1":null,"8":0.023508,"9":0.018284,"9.1":0.11754,"10":null,"0":null},"ios_saf":{"3.2":0,"4.0-4.1":0,"4.2-4.3":0,"5.0-5.1":0,"6.0-6.1":0,"7.0-7.1":0.320400731062,"8":0,"8.1-8.4":0.756379808032,"9.0-9.2":1.15285742501,"9.3":12.1971730359},"android":{"2.1":0,"2.2":0,"2.3":0.0244919148659,"3":0,"4":0.174164727935,"4.1":0.653117729758,"4.2-4.3":1.58653181854,"4.4":4.56910278443,"4.4.3-4.4.4":3.44519602447,"51":null},"op_mob":{"10":0,"11":0,"11.1":0,"11.5":0,"12":0,"12.1":0.00139617592868,"0":0.0614317408618},"ie":{"5.5":null,"6":0.00540837647059,"7":null,"8":0.156842917647,"9":0.105463341176,"10":0.0730130823529,"11":0.808552282353},"bb":{"7":0.00554025,"10":null},"ie_mob":{"10":0.0553195,"11":0.1736775},"edge":{"12":0.054852,"13":0.219408,"14":null},"and_ff":{"0":0.044322},"samsung":{"0":9.396264},"and_uc":{"0":0.539251},"op_mini":{"0":0.73496808321},"and_chr":{"0":39.078058}},"total":98.88250425}