{"id":"IR","name":"Iran","month":"2016-07","access_date":"2016-08-02","data":{"chrome":{"4":0.011768,"5":0.011768,"6":0.017652,"7":0.005884,"8":0.011768,"9":null,"10":0.005884,"11":0.100028,"12":0.017652,"13":0.017652,"14":0.02942,"15":0.017652,"16":0.005884,"17":0.005884,"18":0.017652,"19":0.005884,"20":0.017652,"21":0.017652,"22":0.047072,"23":0.023536,"24":0.023536,"25":0.011768,"26":0.023536,"27":0.017652,"28":0.023536,"29":0.188288,"30":0.02942,"31":0.052956,"32":0.017652,"33":0.064724,"34":0.02942,"35":0.041188,"36":0.047072,"37":0.02942,"38":0.111796,"39":0.08826,"40":0.052956,"41":0.05884,"42":0.041188,"43":0.164752,"44":0.111796,"45":0.182404,"46":0.253012,"47":0.370692,"48":0.376576,"49":1.400392,"50":0.41188,"51":16.175116,"52":0.541328,"53":0.064724,"54":0.011768,"55":null},"firefox":{"2":0.011768,"3":0.035304,"3.5":0.017652,"3.6":0.052956,"4":0.052956,"5":0.011768,"6":0.035304,"7":0.017652,"8":0.017652,"9":0.023536,"10":0.023536,"11":0.02942,"12":0.100028,"13":0.047072,"14":0.041188,"15":0.041188,"16":0.047072,"17":0.02942,"18":0.02942,"19":0.017652,"20":0.02942,"21":0.035304,"22":0.023536,"23":0.035304,"24":0.064724,"25":0.052956,"26":0.052956,"27":0.041188,"28":0.02942,"29":0.076492,"30":0.082376,"31":0.070608,"32":0.064724,"33":0.129448,"34":0.076492,"35":0.105912,"36":0.076492,"37":0.111796,"38":0.170636,"39":0.152984,"40":0.164752,"41":0.20594,"42":0.241244,"43":1.00028,"44":0.429532,"45":0.488372,"46":0.659008,"47":12.85654,"48":1.047352,"49":0.011768,"50":null},"opera":{"9":null,"9.5-9.6":null,"10.0-10.1":0,"10.5":null,"10.6":null,"11":0.005884,"11.1":null,"11.5":0.017652,"11.6":0.011768,"12":0.005884,"12.1":0.052956,"15":null,"16":null,"17":null,"18":0.005884,"19":null,"20":null,"21":null,"22":null,"23":null,"24":null,"25":null,"26":null,"27":null,"28":null,"29":null,"30":0.005884,"31":null,"32":0.011768,"33":0.005884,"34":0.011768,"35":0.017652,"36":0.052956,"37":0.02942,"38":0.417764,"39":null,"40":null},"safari":{"3.1":null,"3.2":null,"4":0.011768,"5":null,"5.1":0.011768,"6":null,"6.1":null,"7":0.011768,"7.1":null,"8":0.064724,"9":0.076492,"9.1":0.282432,"10":null,"0":null},"ios_saf":{"3.2":0,"4.0-4.1":0,"4.2-4.3":0,"5.0-5.1":0,"6.0-6.1":0,"7.0-7.1":0.069198136903,"8":0,"8.1-8.4":0.163358158807,"9.0-9.2":0.248986903559,"9.3":2.63426880073},"android":{"2.1":0,"2.2":0,"2.3":0.0177842061963,"3":0,"4":0.126465466285,"4.1":0.474245498568,"4.2-4.3":1.15202135694,"4.4":3.31774246707,"4.4.3-4.4.4":2.50164500495,"51":null},"op_mob":{"10":0,"11":0,"11.1":0,"11.5":0,"12":0,"12.1":0.00914082258544,"0":0.402196193759},"ie":{"5.5":null,"6":0.877397796825,"7":1.08489051905,"8":4.9323984254,"9":1.52951778095,"10":1.29238324127,"11":5.21103150952},"bb":{"7":0.013377,"10":null},"ie_mob":{"10":0.0288351235955,"11":0.0905288764045},"edge":{"12":0.182404,"13":0.311852,"14":null},"and_ff":{"0":0.271656},"samsung":{"0":5.88588},"and_uc":{"0":1.37886},"op_mini":{"0":4.81186698366},"and_chr":{"0":18.179912}},"total":98.988012273}