{"id":"IS","name":"Iceland","month":"2016-07","access_date":"2016-08-02","data":{"chrome":{"4":null,"5":null,"6":null,"7":null,"8":null,"9":null,"10":null,"11":null,"12":null,"13":null,"14":null,"15":null,"16":null,"17":null,"18":null,"19":null,"20":null,"21":0.007013,"22":0.021039,"23":null,"24":null,"25":null,"26":null,"27":null,"28":null,"29":0.378702,"30":0.007013,"31":0.014026,"32":0.007013,"33":0.014026,"34":0.063117,"35":0.007013,"36":0.014026,"37":0.035065,"38":0.014026,"39":0.035065,"40":0.021039,"41":0.028052,"42":0.021039,"43":0.07013,"44":0.147273,"45":0.056104,"46":0.07013,"47":0.182338,"48":0.14026,"49":2.202082,"50":0.575066,"51":36.670977,"52":0.869612,"53":0.077143,"54":0.014026,"55":null},"firefox":{"2":null,"3":null,"3.5":null,"3.6":0.021039,"4":null,"5":null,"6":null,"7":null,"8":null,"9":null,"10":null,"11":null,"12":null,"13":null,"14":null,"15":null,"16":0.021039,"17":0.028052,"18":null,"19":null,"20":0.007013,"21":0.014026,"22":null,"23":null,"24":0.035065,"25":0.007013,"26":null,"27":0.014026,"28":0.014026,"29":0.014026,"30":0.007013,"31":0.014026,"32":0.007013,"33":0.014026,"34":0.014026,"35":0.105195,"36":0.007013,"37":0.028052,"38":0.084156,"39":0.063117,"40":0.035065,"41":0.07013,"42":0.077143,"43":0.329611,"44":0.056104,"45":0.568053,"46":0.294546,"47":8.191184,"48":0.105195,"49":0.175325,"50":0.028052},"opera":{"9":null,"9.5-9.6":null,"10.0-10.1":0,"10.5":null,"10.6":null,"11":null,"11.1":null,"11.5":null,"11.6":0.014026,"12":null,"12.1":0.175325,"15":null,"16":null,"17":null,"18":null,"19":null,"20":null,"21":null,"22":null,"23":null,"24":null,"25":null,"26":null,"27":null,"28":null,"29":null,"30":null,"31":null,"32":null,"33":null,"34":null,"35":0.014026,"36":0.105195,"37":0.028052,"38":0.56104,"39":null,"40":null},"safari":{"3.1":null,"3.2":null,"4":0.035065,"5":0.084156,"5.1":0.203377,"6":0.021039,"6.1":0.238442,"7":0.084156,"7.1":0.042078,"8":0.434806,"9":0.834547,"9.1":3.639747,"10":0.021039,"0":null},"ios_saf":{"3.2":0,"4.0-4.1":0,"4.2-4.3":0,"5.0-5.1":0,"6.0-6.1":0,"7.0-7.1":0.260772278978,"8":0,"8.1-8.4":0.615613096948,"9.0-9.2":0.93830390792,"9.3":9.92720771615},"android":{"2.1":0,"2.2":0,"2.3":0.0020157000781,"3":0,"4":0.0143338672221,"4.1":0.0537520020828,"4.2-4.3":0.130572571726,"4.4":0.376040047904,"4.4.3-4.4.4":0.283541810987,"51":null},"op_mob":{"10":0,"11":0,"11.1":0,"11.5":0,"12":0,"12.1":0.000172503318474,"0":0.00759014601288},"ie":{"5.5":null,"6":0.00703344606414,"7":0.0211003381924,"8":0.147702367347,"9":0.147702367347,"10":0.168802705539,"11":4.33260277551},"bb":{"7":0.00821425,"10":null},"ie_mob":{"10":0.114731005618,"11":0.360201994382},"edge":{"12":0.14026,"13":2.517667,"14":0.014026},"and_ff":{"0":0.122467},"samsung":{"0":3.279726},"and_uc":{"0":0.047792},"op_mini":{"0":0.0908083506686},"and_chr":{"0":13.79475}},"total":96.67340425}