{"id":"IT","name":"Italy","month":"2016-07","access_date":"2016-08-02","data":{"chrome":{"4":null,"5":null,"6":null,"7":null,"8":null,"9":null,"10":null,"11":0.025116,"12":null,"13":null,"14":null,"15":null,"16":null,"17":null,"18":null,"19":null,"20":null,"21":0.012558,"22":0.043953,"23":null,"24":null,"25":0.037674,"26":0.031395,"27":0.012558,"28":0.006279,"29":0.276276,"30":0.012558,"31":0.056511,"32":0.031395,"33":0.025116,"34":0.050232,"35":0.043953,"36":0.06279,"37":0.037674,"38":0.056511,"39":0.075348,"40":0.037674,"41":0.06279,"42":0.043953,"43":0.163254,"44":0.069069,"45":0.106743,"46":0.100464,"47":0.144417,"48":0.169533,"49":3.120663,"50":0.684411,"51":28.701309,"52":0.809991,"53":0.043953,"54":0.012558,"55":null},"firefox":{"2":null,"3":0.006279,"3.5":null,"3.6":0.025116,"4":null,"5":null,"6":0.006279,"7":null,"8":null,"9":null,"10":null,"11":0.012558,"12":0.012558,"13":null,"14":0.006279,"15":0.006279,"16":0.037674,"17":null,"18":null,"19":null,"20":0.012558,"21":0.018837,"22":0.006279,"23":0.006279,"24":0.012558,"25":0.006279,"26":0.006279,"27":0.006279,"28":0.018837,"29":0.037674,"30":0.018837,"31":0.031395,"32":0.012558,"33":0.018837,"34":0.031395,"35":0.025116,"36":0.025116,"37":0.043953,"38":0.094185,"39":0.056511,"40":0.037674,"41":0.043953,"42":0.06279,"43":0.244881,"44":0.100464,"45":0.383019,"46":0.295113,"47":9.525243,"48":0.081627,"49":0.012558,"50":null},"opera":{"9":null,"9.5-9.6":null,"10.0-10.1":0,"10.5":null,"10.6":null,"11":0.012558,"11.1":null,"11.5":null,"11.6":null,"12":null,"12.1":0.050232,"15":null,"16":null,"17":null,"18":null,"19":null,"20":null,"21":null,"22":null,"23":null,"24":null,"25":null,"26":null,"27":null,"28":0.018837,"29":null,"30":null,"31":null,"32":null,"33":null,"34":null,"35":0.006279,"36":0.043953,"37":0.037674,"38":0.464646,"39":null,"40":null},"safari":{"3.1":null,"3.2":null,"4":0.031395,"5":0.094185,"5.1":0.238602,"6":0.018837,"6.1":0.144417,"7":0.043953,"7.1":0.018837,"8":0.25116,"9":0.477204,"9.1":2.76276,"10":0.018837,"0":null},"ios_saf":{"3.2":0,"4.0-4.1":0,"4.2-4.3":0,"5.0-5.1":0,"6.0-6.1":0,"7.0-7.1":0.210067260724,"8":0,"8.1-8.4":0.495912209107,"9.0-9.2":0.755858454112,"9.3":7.99694407606},"android":{"2.1":0,"2.2":0,"2.3":0.00702737151783,"3":0,"4":0.0499724196824,"4.1":0.187396573809,"4.2-4.3":0.455217510544,"4.4":1.3109951976,"4.4.3-4.4.4":0.988516926842,"51":null},"op_mob":{"10":0,"11":0,"11.1":0,"11.5":0,"12":0,"12.1":0.000462345154367,"0":0.0203431867921},"ie":{"5.5":null,"6":0.0126177431018,"7":0.0315443577545,"8":0.618269411989,"9":0.372223421503,"10":0.296516962892,"11":5.29945210276},"bb":{"7":0.02325625,"10":null},"ie_mob":{"10":0.427873191011,"11":1.34332280899},"edge":{"12":0.156975,"13":2.185092,"14":0.012558},"and_ff":{"0":0.081862},"samsung":{"0":3.575881},"and_uc":{"0":0.439078},"op_mini":{"0":0.243385468053},"and_chr":{"0":19.416374}},"total":98.30814625}