{"id":"JE","name":"Jersey","month":"2016-07","access_date":"2016-08-02","data":{"chrome":{"4":null,"5":null,"6":null,"7":null,"8":null,"9":null,"10":null,"11":0.016092,"12":null,"13":null,"14":null,"15":null,"16":null,"17":null,"18":null,"19":null,"20":null,"21":null,"22":null,"23":null,"24":null,"25":null,"26":null,"27":null,"28":null,"29":null,"30":null,"31":null,"32":null,"33":0.032184,"34":0.016092,"35":null,"36":0.016092,"37":null,"38":0.016092,"39":0.021456,"40":0.010728,"41":0.005364,"42":0.005364,"43":0.032184,"44":0.021456,"45":0.032184,"46":0.085824,"47":0.064368,"48":0.02682,"49":1.432188,"50":0.654408,"51":19.916532,"52":0.418392,"53":0.010728,"54":0.010728,"55":null},"firefox":{"2":null,"3":null,"3.5":null,"3.6":0.021456,"4":null,"5":null,"6":null,"7":null,"8":null,"9":null,"10":null,"11":null,"12":0.005364,"13":0.139464,"14":null,"15":0.005364,"16":0.005364,"17":null,"18":0.010728,"19":0.010728,"20":null,"21":0.021456,"22":null,"23":null,"24":null,"25":null,"26":0.016092,"27":null,"28":null,"29":null,"30":null,"31":null,"32":null,"33":0.037548,"34":0.010728,"35":null,"36":0.005364,"37":0.005364,"38":0.032184,"39":0.010728,"40":0.016092,"41":0.037548,"42":0.010728,"43":0.032184,"44":0.05364,"45":0.05364,"46":0.123372,"47":5.637564,"48":0.32184,"49":null,"50":null},"opera":{"9":0.005364,"9.5-9.6":null,"10.0-10.1":0,"10.5":null,"10.6":null,"11":null,"11.1":null,"11.5":null,"11.6":null,"12":null,"12.1":0.021456,"15":null,"16":null,"17":null,"18":null,"19":null,"20":null,"21":null,"22":null,"23":null,"24":null,"25":null,"26":null,"27":null,"28":null,"29":null,"30":null,"31":null,"32":null,"33":0.005364,"34":null,"35":null,"36":0.005364,"37":0.010728,"38":0.343296,"39":null,"40":null},"safari":{"3.1":null,"3.2":null,"4":0.037548,"5":0.042912,"5.1":0.541764,"6":0.075096,"6.1":0.257472,"7":0.059004,"7.1":0.069732,"8":0.686592,"9":0.890424,"9.1":4.972428,"10":0.037548,"0":null},"ios_saf":{"3.2":0,"4.0-4.1":0,"4.2-4.3":0,"5.0-5.1":0,"6.0-6.1":0,"7.0-7.1":0.569346365987,"8":0,"8.1-8.4":1.34407338455,"9.0-9.2":2.04860701552,"9.3":21.674158234},"android":{"2.1":0,"2.2":0,"2.3":0.00268253189274,"3":0,"4":0.0190757823483,"4.1":0.0715341838063,"4.2-4.3":0.173768454829,"4.4":0.500441227545,"4.4.3-4.4.4":0.377342819578,"51":null},"op_mob":{"10":0,"11":0,"11.1":0,"11.5":0,"12":0,"12.1":0.000356903417533,"0":0.0157037503715},"ie":{"5.5":null,"6":null,"7":0.005364,"8":0.50958,"9":0.343296,"10":0.665136,"11":10.229148},"bb":{"7":0.02781,"10":null},"ie_mob":{"10":0.388532780899,"11":1.2198122191},"edge":{"12":0.252108,"13":2.408436,"14":0.010728},"and_ff":{"0":0.032445},"samsung":{"0":4.60719},"and_uc":{"0":0.10197},"op_mini":{"0":0.187879346211},"and_chr":{"0":13.382946}},"total":98.70138}