{"id":"JM","name":"Jamaica","month":"2016-07","access_date":"2016-08-02","data":{"chrome":{"4":null,"5":null,"6":null,"7":null,"8":null,"9":null,"10":0.005838,"11":0.035028,"12":null,"13":null,"14":null,"15":null,"16":null,"17":null,"18":0.017514,"19":null,"20":0.011676,"21":0.011676,"22":0.081732,"23":null,"24":null,"25":null,"26":0.017514,"27":0.011676,"28":0.023352,"29":0.180978,"30":0.011676,"31":0.02919,"32":0.02919,"33":0.035028,"34":0.05838,"35":0.02919,"36":0.040866,"37":0.081732,"38":0.02919,"39":0.070056,"40":0.035028,"41":0.046704,"42":0.02919,"43":0.192654,"44":0.075894,"45":0.093408,"46":0.075894,"47":0.531258,"48":0.256872,"49":1.815618,"50":0.373632,"51":30.73707,"52":0.969108,"53":0.356118,"54":0.064218,"55":null},"firefox":{"2":null,"3":0.011676,"3.5":0.011676,"3.6":0.017514,"4":null,"5":null,"6":0.064218,"7":0.017514,"8":null,"9":null,"10":0.035028,"11":0.011676,"12":0.011676,"13":null,"14":null,"15":null,"16":null,"17":0.02919,"18":null,"19":null,"20":null,"21":0.011676,"22":0.011676,"23":0.005838,"24":null,"25":0.005838,"26":null,"27":null,"28":null,"29":0.011676,"30":null,"31":0.005838,"32":0.005838,"33":0.011676,"34":0.017514,"35":0.005838,"36":0.005838,"37":0.040866,"38":0.040866,"39":0.035028,"40":0.040866,"41":0.02919,"42":0.08757,"43":0.157626,"44":0.05838,"45":0.128436,"46":0.180978,"47":5.073222,"48":0.402822,"49":0.017514,"50":null},"opera":{"9":null,"9.5-9.6":null,"10.0-10.1":0,"10.5":null,"10.6":null,"11":null,"11.1":null,"11.5":null,"11.6":null,"12":null,"12.1":0.040866,"15":null,"16":null,"17":null,"18":null,"19":null,"20":null,"21":null,"22":null,"23":null,"24":null,"25":null,"26":null,"27":0.017514,"28":0.017514,"29":0.099246,"30":null,"31":null,"32":null,"33":0.02919,"34":0.064218,"35":0.017514,"36":0.023352,"37":0.297738,"38":0.566286,"39":null,"40":null},"safari":{"3.1":null,"3.2":null,"4":0.005838,"5":0.02919,"5.1":0.08757,"6":0.023352,"6.1":0.035028,"7":0.023352,"7.1":0.017514,"8":0.151788,"9":0.227682,"9.1":1.395282,"10":null,"0":null},"ios_saf":{"3.2":0,"4.0-4.1":0,"4.2-4.3":0,"5.0-5.1":0,"6.0-6.1":0,"7.0-7.1":0.103894257378,"8":0,"8.1-8.4":0.245266351891,"9.0-9.2":0.373829565358,"9.3":3.95509782537},"android":{"2.1":0,"2.2":0,"2.3":0.0179439520958,"3":0,"4":0.127601437126,"4.1":0.478505389222,"4.2-4.3":1.16236934132,"4.4":3.3475439521,"4.4.3-4.4.4":2.52411592814,"51":null},"op_mob":{"10":0,"11":0,"11.1":0,"11.5":0,"12":0,"12.1":0.00302272379066,"0":0.132999846789},"ie":{"5.5":null,"6":0.0176011343284,"7":0.00586704477612,"8":0.269884059701,"9":0.281618149254,"10":0.222947701493,"11":2.73990991045},"bb":{"7":0.2153835,"10":null},"ie_mob":{"10":0.220188505618,"11":0.691289494382},"edge":{"12":0.297738,"13":2.434446,"14":0.035028},"and_ff":{"0":0.033296},"samsung":{"0":2.064352},"and_uc":{"0":2.592926},"op_mini":{"0":1.59120742942},"and_chr":{"0":25.099116}},"total":97.5219495}