{"id":"JO","name":"Jordan","month":"2016-07","access_date":"2016-08-02","data":{"chrome":{"4":null,"5":null,"6":0.008218,"7":0.008218,"8":0.008218,"9":0.008218,"10":0.004109,"11":0.028763,"12":0.008218,"13":0.004109,"14":0.008218,"15":0.004109,"16":0.012327,"17":0.012327,"18":0.012327,"19":0.012327,"20":0.008218,"21":0.004109,"22":0.020545,"23":0.008218,"24":0.008218,"25":0.008218,"26":0.020545,"27":0.024654,"28":0.016436,"29":0.349265,"30":0.020545,"31":0.320502,"32":0.04109,"33":0.098616,"34":0.016436,"35":0.020545,"36":0.016436,"37":0.020545,"38":0.045199,"39":0.045199,"40":0.057526,"41":0.049308,"42":0.032872,"43":0.316393,"44":0.08218,"45":0.131488,"46":0.090398,"47":0.423227,"48":0.217777,"49":1.655927,"50":0.402682,"51":21.987259,"52":0.805364,"53":0.053417,"54":0.020545,"55":null},"firefox":{"2":null,"3":0.008218,"3.5":null,"3.6":0.012327,"4":0.004109,"5":null,"6":0.004109,"7":null,"8":0.004109,"9":null,"10":0.008218,"11":0.008218,"12":0.012327,"13":0.004109,"14":0.012327,"15":null,"16":0.012327,"17":null,"18":null,"19":null,"20":0.004109,"21":0.004109,"22":0.004109,"23":null,"24":0.004109,"25":null,"26":null,"27":null,"28":null,"29":0.012327,"30":0.028763,"31":0.008218,"32":0.008218,"33":0.028763,"34":0.024654,"35":0.028763,"36":0.016436,"37":0.012327,"38":0.032872,"39":0.032872,"40":0.036981,"41":0.045199,"42":0.049308,"43":0.12327,"44":0.057526,"45":0.110943,"46":0.197232,"47":3.459778,"48":0.152033,"49":null,"50":0.008218},"opera":{"9":null,"9.5-9.6":null,"10.0-10.1":0,"10.5":null,"10.6":null,"11":null,"11.1":null,"11.5":null,"11.6":0.004109,"12":null,"12.1":0.028763,"15":null,"16":null,"17":null,"18":null,"19":0.012327,"20":null,"21":null,"22":null,"23":null,"24":null,"25":null,"26":null,"27":null,"28":0.012327,"29":null,"30":null,"31":null,"32":0.008218,"33":0.004109,"34":0.016436,"35":0.004109,"36":0.057526,"37":0.028763,"38":0.521843,"39":null,"40":0.008218},"safari":{"3.1":null,"3.2":null,"4":0.008218,"5":0.016436,"5.1":0.04109,"6":0.012327,"6.1":0.016436,"7":0.028763,"7.1":null,"8":0.08218,"9":0.172578,"9.1":0.595805,"10":null,"0":null},"ios_saf":{"3.2":0,"4.0-4.1":0,"4.2-4.3":0,"5.0-5.1":0,"6.0-6.1":0,"7.0-7.1":0.200075255248,"8":0,"8.1-8.4":0.472323776088,"9.0-9.2":0.719905484636,"9.3":7.61656348403},"android":{"2.1":0,"2.2":0,"2.3":0.0189415298099,"3":0,"4":0.134695323093,"4.1":0.505107461599,"4.2-4.3":1.2269902088,"4.4":3.53364761677,"4.4.3-4.4.4":2.66444185993,"51":null},"op_mob":{"10":0,"11":0,"11.1":0,"11.5":0,"12":0,"12.1":0.00361924635958,"0":0.159246839822},"ie":{"5.5":null,"6":0.0125313854922,"7":0.00835425699482,"8":0.898082626943,"9":0.313284637306,"10":0.346701665285,"11":2.45197442798},"bb":{"7":0.01473,"10":null},"ie_mob":{"10":0.323100067416,"11":1.01438393258},"edge":{"12":0.098616,"13":0.710857,"14":null},"and_ff":{"0":0.02946},"samsung":{"0":5.86254},"and_uc":{"0":1.44354},"op_mini":{"0":1.90522591382},"and_chr":{"0":32.050964}},"total":98.581628}