{"id":"JO","name":"Jordan","month":"2016-01","access_date":"2016-02-03","data":{"firefox":{"2":0,"3":0.009066,"3.5":0.004533,"3.6":0.027198,"4":0.036264,"5":0.004533,"6":0.022665,"7":0.004533,"8":0.004533,"9":0.009066,"10":0.018132,"11":0.018132,"12":0.031731,"13":0.004533,"14":0.018132,"15":0.009066,"16":0.013599,"17":0.009066,"18":0.004533,"19":0.009066,"20":0.009066,"21":0.077061,"22":0.013599,"23":0.018132,"24":0.018132,"25":0.018132,"26":0.009066,"27":0.018132,"28":0.013599,"29":0.031731,"30":0.013599,"31":0.022665,"32":0.022665,"33":0.031731,"34":0.031731,"35":0.013599,"36":0.022665,"37":0.099726,"38":0.063462,"39":0.067995,"40":0.081594,"41":0.099726,"42":0.190386,"43":3.413349,"44":0.31731,"45":0.013599,"46":0.004533,"47":0},"chrome":{"4":0.009066,"5":0.009066,"6":0.013599,"7":0.009066,"8":0.018132,"9":0.009066,"10":0.013599,"11":0.040797,"12":0.013599,"13":0.018132,"14":0.013599,"15":0.009066,"16":0.009066,"17":0.004533,"18":0.018132,"19":0.009066,"20":0.013599,"21":0.009066,"22":0.022665,"23":0.013599,"24":0.004533,"25":0.009066,"26":0.022665,"27":0.063462,"28":0.022665,"29":0.027198,"30":0.117858,"31":0.04533,"32":0.031731,"33":0.108792,"34":0.031731,"35":0.04533,"36":0.072528,"37":0.040797,"38":0.095193,"39":0.058929,"40":0.086127,"41":0.167721,"42":0.13599,"43":0.457833,"44":0.326376,"45":0.448767,"46":0.435168,"47":23.870778,"48":2.234769,"49":0.126924,"50":0.013599,"51":0},"opera":{"9":0,"9.5-9.6":0,"10.0-10.1":0,"10.5":0,"10.6":0,"11":0,"11.1":0,"11.5":0.004533,"11.6":0.018132,"12":0.018132,"12.1":0.049863,"15":0,"16":0,"17":0,"18":0,"19":0.004533,"20":0.004533,"21":0,"22":0,"23":0,"24":0,"25":0,"26":0,"27":0,"28":0.108792,"29":0.009066,"30":0.013599,"31":0.009066,"32":0.013599,"33":0.027198,"34":0.670884,"35":0.009066,"36":0},"safari":{"3.1":0,"3.2":0,"4":0.004533,"5":0.018132,"5.1":0.058929,"6":0.027198,"6.1":0.031731,"7":0.018132,"7.1":0.018132,"8":0.154122,"9":0.516762,"9.1":0.004533},"android":{"2.1":0,"2.2":0,"2.3":0.0832040059511,"3":0,"4":0.345816649734,"4.1":1.18305695962,"4.2-4.3":2.63392681339,"4.4":5.24185237492,"4.4.3-4.4.4":2.74573219639,"47":null},"ios_saf":{"3.2":0,"4.0-4.1":0,"4.2-4.3":0,"5.0-5.1":0,"6.0-6.1":0,"7.0-7.1":0.27908192696,"8":0.0195719792933,"8.1-8.4":0.797376934171,"9.0-9.2":5.94045815958,"9.3":null},"op_mob":{"10":0,"11":0,"11.1":0,"11.5":0,"12":0.000188057729138,"12.1":0.000188057729138,"0":0.00996705964432},"ie":{"5.5":0,"6":0.032170045283,"7":0.0229786037736,"8":0.909952709434,"9":0.335487615094,"10":0.2435732,"11":2.10484010566},"bb":{"7":0.0246015,"10":null},"ie_mob":{"10":0.267837058824,"11":1.18091794118},"edge":{"12":0.172254,"13":0.36264,"14":0},"and_uc":{"0":1.350349},"op_mini":{"5.0-8.0":2.5099438249},"and_chr":{"0":33.620866},"and_ff":{"0":0.060137}},"total":98.6659087792}