{"id":"JP","name":"Japan","month":"2016-07","access_date":"2016-08-02","data":{"chrome":{"4":null,"5":null,"6":null,"7":null,"8":null,"9":null,"10":null,"11":0.021279,"12":null,"13":null,"14":null,"15":null,"16":null,"17":0.042558,"18":null,"19":null,"20":null,"21":0.021279,"22":0.007093,"23":null,"24":null,"25":null,"26":0.007093,"27":0.021279,"28":null,"29":0.120581,"30":0.007093,"31":0.028372,"32":0.007093,"33":0.014186,"34":0.014186,"35":0.021279,"36":0.021279,"37":0.021279,"38":0.021279,"39":0.028372,"40":0.028372,"41":0.021279,"42":0.078023,"43":0.07093,"44":0.042558,"45":0.304999,"46":0.056744,"47":0.113488,"48":0.120581,"49":2.234295,"50":0.290813,"51":21.279,"52":0.659649,"53":0.07093,"54":0.028372,"55":null},"firefox":{"2":null,"3":null,"3.5":0.014186,"3.6":0.028372,"4":null,"5":null,"6":null,"7":null,"8":null,"9":null,"10":0.014186,"11":0.014186,"12":0.028372,"13":null,"14":null,"15":null,"16":0.035465,"17":null,"18":null,"19":0.014186,"20":null,"21":0.007093,"22":null,"23":0.007093,"24":0.021279,"25":0.007093,"26":0.007093,"27":0.007093,"28":0.021279,"29":0.021279,"30":0.014186,"31":0.021279,"32":0.007093,"33":0.021279,"34":0.042558,"35":0.063837,"36":0.042558,"37":0.035465,"38":0.120581,"39":0.063837,"40":0.056744,"41":0.042558,"42":0.063837,"43":0.170232,"44":0.092209,"45":0.21279,"46":0.184418,"47":10.547291,"48":0.092209,"49":0.021279,"50":0.007093},"opera":{"9":null,"9.5-9.6":null,"10.0-10.1":0,"10.5":null,"10.6":null,"11":null,"11.1":null,"11.5":null,"11.6":0.007093,"12":null,"12.1":0.255348,"15":null,"16":null,"17":null,"18":null,"19":null,"20":null,"21":null,"22":null,"23":null,"24":null,"25":null,"26":null,"27":null,"28":0.007093,"29":null,"30":0.007093,"31":null,"32":null,"33":null,"34":0.007093,"35":null,"36":0.042558,"37":0.049651,"38":0.397208,"39":null,"40":null},"safari":{"3.1":null,"3.2":null,"4":0.063837,"5":0.177325,"5.1":0.517789,"6":0.106395,"6.1":0.340464,"7":0.156046,"7.1":0.063837,"8":0.397208,"9":0.439766,"9.1":2.950688,"10":0.007093,"0":null},"ios_saf":{"3.2":0,"4.0-4.1":0,"4.2-4.3":0,"5.0-5.1":0,"6.0-6.1":0,"7.0-7.1":0.433331375723,"8":0,"8.1-8.4":1.02297863584,"9.0-9.2":1.55920147977,"9.3":16.4962725087},"android":{"2.1":0,"2.2":0,"2.3":0.00514268810206,"3":0,"4":0.0365702265035,"4.1":0.137138349388,"4.2-4.3":0.333131907055,"4.4":0.959397035928,"4.4.3-4.4.4":0.723404793023,"51":null},"op_mob":{"10":0,"11":0,"11.1":0,"11.5":0,"12":0,"12.1":0.000142446359584,"0":0.00626763982169},"ie":{"5.5":null,"6":0.0570243770429,"7":0.0855365655644,"8":0.57737181756,"9":0.933774174078,"10":0.441938922083,"11":16.6511180965},"bb":{"7":0.002907,"10":null},"ie_mob":{"10":0.00772478089888,"11":0.0242522191011},"edge":{"12":0.078023,"13":3.298245,"14":null},"and_ff":{"0":0.037791},"samsung":{"0":0.828495},"and_uc":{"0":0.23256},"op_mini":{"0":0.0749859138187},"and_chr":{"0":8.445035}},"total":97.4805479529}