{"id":"KE","name":"Kenya","month":"2016-07","access_date":"2016-08-02","data":{"chrome":{"4":null,"5":0.001798,"6":null,"7":null,"8":null,"9":null,"10":null,"11":0.015283,"12":null,"13":null,"14":null,"15":null,"16":null,"17":null,"18":0.000899,"19":null,"20":null,"21":null,"22":0.001798,"23":null,"24":null,"25":0.001798,"26":0.002697,"27":0.001798,"28":0.001798,"29":0.005394,"30":0.001798,"31":0.010788,"32":0.003596,"33":0.012586,"34":0.003596,"35":0.001798,"36":0.003596,"37":0.000899,"38":0.001798,"39":0.003596,"40":0.020677,"41":0.001798,"42":0.005394,"43":0.018879,"44":0.006293,"45":0.018879,"46":0.00899,"47":0.048546,"48":0.018879,"49":0.177103,"50":0.043152,"51":2.781506,"52":0.097092,"53":0.019778,"54":0.002697,"55":null},"firefox":{"2":null,"3":0.006293,"3.5":0.001798,"3.6":0.005394,"4":0.004495,"5":0.000899,"6":0.000899,"7":0.005394,"8":0.002697,"9":0.001798,"10":0.004495,"11":0.007192,"12":0.00899,"13":0.005394,"14":0.007192,"15":0.008091,"16":0.006293,"17":0.015283,"18":0.006293,"19":0.004495,"20":0.00899,"21":0.004495,"22":0.002697,"23":0.002697,"24":0.006293,"25":0.004495,"26":0.004495,"27":0.005394,"28":0.004495,"29":0.012586,"30":0.015283,"31":0.010788,"32":0.008091,"33":0.011687,"34":0.014384,"35":0.015283,"36":0.012586,"37":0.01798,"38":0.025172,"39":0.021576,"40":0.02697,"41":0.02697,"42":0.029667,"43":0.141143,"44":0.082708,"45":0.090799,"46":0.104284,"47":2.189964,"48":0.36859,"49":0.003596,"50":null},"opera":{"9":null,"9.5-9.6":null,"10.0-10.1":0,"10.5":null,"10.6":null,"11":null,"11.1":null,"11.5":null,"11.6":0.000899,"12":null,"12.1":0.004495,"15":null,"16":null,"17":null,"18":null,"19":0.000899,"20":null,"21":null,"22":null,"23":null,"24":null,"25":null,"26":null,"27":0.002697,"28":0.003596,"29":0.014384,"30":0.007192,"31":null,"32":0.010788,"33":0.010788,"34":0.025172,"35":0.035061,"36":0.015283,"37":0.138446,"38":0.122264,"39":null,"40":null},"safari":{"3.1":null,"3.2":null,"4":0,"5":0.001798,"5.1":0.004495,"6":0.001798,"6.1":0.002697,"7":0.002697,"7.1":0.002697,"8":0.014384,"9":0.020677,"9.1":0.102486,"10":0.000899,"0":null},"ios_saf":{"3.2":0,"4.0-4.1":0,"4.2-4.3":0,"5.0-5.1":0,"6.0-6.1":0,"7.0-7.1":0.00687212716763,"8":0,"8.1-8.4":0.0162232408478,"9.0-9.2":0.024727105973,"9.3":0.261611526012},"android":{"2.1":0,"2.2":0,"2.3":0.0060562759698,"3":0,"4":0.0430668513408,"4.1":0.161500692528,"4.2-4.3":0.392312098933,"4.4":1.12983192814,"4.4.3-4.4.4":0.851916153085,"51":null},"op_mob":{"10":0,"11":0,"11.1":0,"11.5":0,"12":0,"12.1":0.137865199538,"0":6.06606877966},"ie":{"5.5":null,"6":0.00181814565826,"7":0.00181814565826,"8":0.0445445686275,"9":0.0163633109244,"10":0.0272721848739,"11":0.232722644258},"bb":{"7":0.02957825,"10":null},"ie_mob":{"10":0.279216634831,"11":0.876610365169},"edge":{"12":0.026071,"13":0.088102,"14":null},"and_ff":{"0":0.036404},"samsung":{"0":0.72808},"and_uc":{"0":2.739401},"op_mini":{"0":72.5743220208},"and_chr":{"0":5.005937}},"total":99.07742525}