{"id":"KG","name":"Kyrgyzstan","month":"2016-07","access_date":"2016-08-02","data":{"chrome":{"4":0.024916,"5":null,"6":null,"7":null,"8":0.024916,"9":0.012458,"10":0.037374,"11":0.049832,"12":0.056061,"13":0.087206,"14":0.043603,"15":0.018687,"16":0.080977,"17":0.080977,"18":0.080977,"19":0.043603,"20":0.037374,"21":0.087206,"22":0.074748,"23":0.031145,"24":0.049832,"25":0.024916,"26":0.012458,"27":0.043603,"28":0.037374,"29":0.317679,"30":0.006229,"31":0.018687,"32":0.018687,"33":0.018687,"34":0.024916,"35":0.018687,"36":0.018687,"37":0.068519,"38":0.031145,"39":0.236702,"40":0.18687,"41":0.080977,"42":0.056061,"43":0.323908,"44":0.112122,"45":0.49832,"46":0.093435,"47":0.791083,"48":0.205557,"49":2.547661,"50":1.164823,"51":32.689792,"52":0.93435,"53":0.230473,"54":0.043603,"55":null},"firefox":{"2":0.018687,"3":0.06229,"3.5":0.205557,"3.6":0.323908,"4":0.043603,"5":0.006229,"6":0.037374,"7":null,"8":0.012458,"9":0.031145,"10":0.006229,"11":0.024916,"12":0.024916,"13":0.006229,"14":0.012458,"15":0.006229,"16":0.012458,"17":0.018687,"18":0.012458,"19":0.012458,"20":0.031145,"21":0.012458,"22":0.024916,"23":0.031145,"24":0.031145,"25":0.024916,"26":0.006229,"27":0.012458,"28":0.024916,"29":null,"30":0.006229,"31":0.056061,"32":0.006229,"33":0.037374,"34":0.012458,"35":0.06229,"36":0.043603,"37":null,"38":0.024916,"39":0.024916,"40":0.012458,"41":0.037374,"42":0.087206,"43":0.149496,"44":0.024916,"45":0.06229,"46":0.137038,"47":3.077126,"48":0.037374,"49":0.031145,"50":null},"opera":{"9":null,"9.5-9.6":null,"10.0-10.1":0,"10.5":0.012458,"10.6":0.037374,"11":0.018687,"11.1":0.018687,"11.5":0.080977,"11.6":0.118351,"12":0.093435,"12.1":0.666503,"15":null,"16":0.018687,"17":null,"18":0.006229,"19":null,"20":0.024916,"21":0.006229,"22":0.012458,"23":null,"24":0.024916,"25":0.018687,"26":0.012458,"27":0.056061,"28":0.024916,"29":0.024916,"30":0.012458,"31":null,"32":0.006229,"33":null,"34":0.024916,"35":0.043603,"36":0.242931,"37":0.193099,"38":3.432179,"39":0.024916,"40":null},"safari":{"3.1":0.018687,"3.2":null,"4":0.043603,"5":0.068519,"5.1":0.049832,"6":0.012458,"6.1":0.012458,"7":0.012458,"7.1":null,"8":0.049832,"9":0.149496,"9.1":0.828457,"10":null,"0":null},"ios_saf":{"3.2":0,"4.0-4.1":0,"4.2-4.3":0,"5.0-5.1":0,"6.0-6.1":0,"7.0-7.1":0.0972326020688,"8":0,"8.1-8.4":0.2295399784,"9.0-9.2":0.349859773654,"9.3":3.70149864588},"android":{"2.1":0,"2.2":0,"2.3":0.0119020653476,"3":0,"4":0.0846369091382,"4.1":0.317388409268,"4.2-4.3":0.770989344181,"4.4":2.22039641317,"4.4.3-4.4.4":1.67422385889,"51":null},"op_mob":{"10":0,"11":0,"11.1":0,"11.5":0,"12":0,"12.1":0.0130602237741,"0":0.574649846062},"ie":{"5.5":null,"6":0.0199397597765,"7":0.0598192793296,"8":0.983694815642,"9":0.219337357542,"10":0.225983944134,"11":0.870702843575},"bb":{"7":0.00848475,"10":null},"ie_mob":{"10":0.107494685393,"11":0.337483314607},"edge":{"12":0.074748,"13":0.6229,"14":0.043603},"and_ff":{"0":0.015084},"samsung":{"0":2.756601},"and_uc":{"0":2.688723},"op_mini":{"0":6.87509893016},"and_chr":{"0":15.773385}},"total":95.01755675}