{"id":"KH","name":"Cambodia","month":"2016-07","access_date":"2016-08-02","data":{"chrome":{"4":null,"5":null,"6":null,"7":null,"8":null,"9":null,"10":null,"11":0.07496,"12":0.00937,"13":null,"14":null,"15":0.004685,"16":0.00937,"17":null,"18":null,"19":null,"20":0.01874,"21":0.089015,"22":0.014055,"23":0.04685,"24":0.00937,"25":0.023425,"26":0.004685,"27":0.014055,"28":0.01874,"29":1.213415,"30":0.03748,"31":0.03748,"32":0.014055,"33":0.126495,"34":0.042165,"35":0.014055,"36":0.03748,"37":0.01874,"38":0.03748,"39":0.07496,"40":0.032795,"41":0.05622,"42":0.032795,"43":0.92763,"44":0.0937,"45":0.49661,"46":0.529405,"47":1.06818,"48":0.632475,"49":0.941685,"50":0.416965,"51":18.369885,"52":0.707435,"53":0.33732,"54":0.05622,"55":null},"firefox":{"2":null,"3":0.02811,"3.5":null,"3.6":0.051535,"4":null,"5":null,"6":0.201455,"7":null,"8":null,"9":null,"10":0.004685,"11":0.01874,"12":0.032795,"13":0.00937,"14":0.014055,"15":0.014055,"16":0.01874,"17":0.00937,"18":0.014055,"19":0.004685,"20":0.02811,"21":0.014055,"22":0.02811,"23":0.02811,"24":0.014055,"25":0.032795,"26":0.220195,"27":0.06559,"28":0.02811,"29":0.089015,"30":0.07496,"31":0.04685,"32":0.05622,"33":0.135865,"34":0.070275,"35":0.089015,"36":0.107755,"37":0.079645,"38":0.16866,"39":0.135865,"40":0.13118,"41":0.1874,"42":0.295155,"43":0.68401,"44":0.304525,"45":0.323265,"46":0.45913,"47":6.51215,"48":1.485145,"49":0.014055,"50":null},"opera":{"9":null,"9.5-9.6":null,"10.0-10.1":0,"10.5":null,"10.6":null,"11":null,"11.1":null,"11.5":null,"11.6":null,"12":null,"12.1":0.03748,"15":null,"16":null,"17":null,"18":null,"19":null,"20":null,"21":null,"22":null,"23":null,"24":null,"25":null,"26":0.014055,"27":null,"28":null,"29":0.04685,"30":null,"31":null,"32":null,"33":0.00937,"34":0.02811,"35":0.00937,"36":0.014055,"37":0.03748,"38":0.632475,"39":null,"40":0.00937},"safari":{"3.1":null,"3.2":null,"4":0.032795,"5":null,"5.1":0.01874,"6":0.014055,"6.1":0.04685,"7":0.05622,"7.1":null,"8":0.145235,"9":0.201455,"9.1":0.75897,"10":0.00937,"0":null},"ios_saf":{"3.2":0,"4.0-4.1":0,"4.2-4.3":0,"5.0-5.1":0,"6.0-6.1":0,"7.0-7.1":0.467229448737,"8":0,"8.1-8.4":1.10300285387,"9.0-9.2":1.68117262833,"9.3":17.7867210691},"android":{"2.1":0,"2.2":0,"2.3":0.0227114355637,"3":0,"4":0.161503541786,"4.1":0.605638281697,"4.2-4.3":1.47119632596,"4.4":4.23694447904,"4.4.3-4.4.4":3.19474193595,"51":null},"op_mob":{"10":0,"11":0,"11.1":0,"11.5":0,"12":0,"12.1":0.00500324900116,"0":0.220142956051},"ie":{"5.5":null,"6":0.121618384458,"7":0.0442248670757,"8":0.906609775051,"9":0.210068118609,"10":0.298517852761,"11":1.12220600204},"bb":{"7":0.0066425,"10":null},"ie_mob":{"10":0.150195134831,"11":0.471542865169},"edge":{"12":0.098385,"13":0.47787,"14":null},"and_ff":{"0":0.047826},"samsung":{"0":3.565694},"and_uc":{"0":1.099998},"op_mini":{"0":2.63378579495},"and_chr":{"0":14.935139}},"total":98.2900015}