{"id":"KI","name":"Kiribati","month":"2016-07","access_date":"2016-08-02","data":{"chrome":{"4":null,"5":0.03589,"6":null,"7":null,"8":null,"9":null,"10":null,"11":null,"12":0.064602,"13":null,"14":null,"15":null,"16":null,"17":null,"18":null,"19":null,"20":null,"21":null,"22":0.03589,"23":0.03589,"24":null,"25":0.03589,"26":null,"27":null,"28":null,"29":0.03589,"30":0.064602,"31":null,"32":null,"33":null,"34":null,"35":null,"36":null,"37":0.03589,"38":null,"39":null,"40":null,"41":0.03589,"42":null,"43":0.796758,"44":null,"45":0.064602,"46":0.301476,"47":0.100492,"48":0.165094,"49":0.667554,"50":0.961852,"51":25.424476,"52":1.32793,"53":null,"54":null,"55":null},"firefox":{"2":null,"3":0.03589,"3.5":null,"3.6":0.03589,"4":1.033632,"5":null,"6":null,"7":null,"8":null,"9":null,"10":null,"11":null,"12":null,"13":0.064602,"14":null,"15":null,"16":null,"17":0.03589,"18":null,"19":null,"20":null,"21":0.136382,"22":null,"23":0.567062,"24":0.064602,"25":0.064602,"26":0.03589,"27":null,"28":null,"29":null,"30":null,"31":null,"32":1.765788,"33":null,"34":0.229696,"35":0.064602,"36":0.03589,"37":0.136382,"38":0.997742,"39":null,"40":0.200984,"41":0.03589,"42":null,"43":2.29696,"44":0.03589,"45":0.165094,"46":3.725382,"47":14.67901,"48":2.792242,"49":null,"50":null},"opera":{"9":null,"9.5-9.6":null,"10.0-10.1":0,"10.5":null,"10.6":null,"11":null,"11.1":null,"11.5":null,"11.6":null,"12":null,"12.1":0.100492,"15":null,"16":null,"17":null,"18":null,"19":null,"20":null,"21":null,"22":null,"23":null,"24":null,"25":null,"26":null,"27":null,"28":null,"29":null,"30":null,"31":null,"32":null,"33":null,"34":null,"35":null,"36":null,"37":0.531172,"38":0.100492,"39":null,"40":null},"safari":{"3.1":null,"3.2":null,"4":0,"5":null,"5.1":0.229696,"6":null,"6.1":null,"7":null,"7.1":null,"8":null,"9":0.868538,"9.1":null,"10":null,"0":null},"ios_saf":{"3.2":0,"4.0-4.1":0,"4.2-4.3":0,"5.0-5.1":0,"6.0-6.1":0,"7.0-7.1":0.0520812248251,"8":0,"8.1-8.4":0.122949740797,"9.0-9.2":0.187397283845,"9.3":1.98265375053},"android":{"2.1":0,"2.2":0,"2.3":0.0407121806821,"3":0,"4":0.289508840406,"4.1":1.08565815152,"4.2-4.3":2.63724459307,"4.4":7.59508348503,"4.4.3-4.4.4":5.72684674928,"51":null},"op_mob":{"10":0,"11":0,"11.1":0,"11.5":0,"12":0,"12.1":0,"0":0},"ie":{"5.5":0.03589,"6":null,"7":0.229696,"8":1.098234,"9":0.136382,"10":1.464312,"11":5.06049},"bb":{"7":0,"10":null},"ie_mob":{"10":0.182019,"11":0.571455},"edge":{"12":0.768046,"13":1.033632,"14":null},"and_ff":{"0":null},"samsung":{"0":0.08466},"and_uc":{"0":0.08466},"op_mini":{"0":0},"and_chr":{"0":7.767258}},"total":99.493922}