{"id":"KM","name":"Comoros","month":"2016-07","access_date":"2016-08-02","data":{"chrome":{"4":null,"5":null,"6":null,"7":null,"8":null,"9":0.022022,"10":null,"11":0.012584,"12":0.003146,"13":0.056628,"14":null,"15":null,"16":null,"17":null,"18":0.006292,"19":0.006292,"20":null,"21":null,"22":null,"23":0.151008,"24":null,"25":0.072358,"26":0.040898,"27":0.03146,"28":0.018876,"29":0.122694,"30":0.059774,"31":0.034606,"32":0.050336,"33":0.025168,"34":0.018876,"35":0.037752,"36":0.500214,"37":0.113256,"38":0.128986,"39":0.33033,"40":0.018876,"41":1.28986,"42":0.012584,"43":0.254826,"44":0.025168,"45":0.506506,"46":0.01573,"47":0.33033,"48":0.20449,"49":0.783354,"50":0.386958,"51":12.014574,"52":0.36179,"53":0.022022,"54":0.003146,"55":null},"firefox":{"2":null,"3":0.01573,"3.5":0.003146,"3.6":0.01573,"4":0.018876,"5":0.006292,"6":null,"7":null,"8":null,"9":0.006292,"10":0.119548,"11":0.018876,"12":0.053482,"13":null,"14":0.044044,"15":null,"16":null,"17":null,"18":0.034606,"19":null,"20":0.009438,"21":0.018876,"22":null,"23":0.018876,"24":0.003146,"25":null,"26":null,"27":null,"28":null,"29":0.088088,"30":0.012584,"31":1.066494,"32":0.122694,"33":0.229658,"34":0.066066,"35":0.018876,"36":0.151008,"37":0.069212,"38":0.059774,"39":0.012584,"40":0.103818,"41":0.103818,"42":0.040898,"43":0.641784,"44":0.144716,"45":0.28314,"46":0.12584,"47":4.045756,"48":0.066066,"49":0.138424,"50":null},"opera":{"9":null,"9.5-9.6":null,"10.0-10.1":0,"10.5":null,"10.6":null,"11":null,"11.1":null,"11.5":null,"11.6":null,"12":null,"12.1":0.003146,"15":null,"16":null,"17":null,"18":0.006292,"19":null,"20":null,"21":null,"22":null,"23":null,"24":null,"25":null,"26":null,"27":null,"28":null,"29":null,"30":0.003146,"31":null,"32":null,"33":0.006292,"34":0.034606,"35":0.012584,"36":0.59774,"37":0.06292,"38":0.515944,"39":null,"40":null},"safari":{"3.1":null,"3.2":null,"4":0,"5":null,"5.1":0.009438,"6":0.003146,"6.1":null,"7":null,"7.1":null,"8":0.003146,"9":0.03146,"9.1":0.14157,"10":null,"0":null},"ios_saf":{"3.2":0,"4.0-4.1":0,"4.2-4.3":0,"5.0-5.1":0,"6.0-6.1":0,"7.0-7.1":0.0281563020992,"8":0,"8.1-8.4":0.0664694437684,"9.0-9.2":0.101311260521,"9.3":1.07186799361},"android":{"2.1":0,"2.2":0,"2.3":0.0193975048165,"3":0,"4":0.137937812028,"4.1":0.517266795105,"4.2-4.3":1.25652725644,"4.4":3.61871228743,"4.4.3-4.4.4":2.72858234418,"51":null},"op_mob":{"10":0,"11":0,"11.1":0,"11.5":0,"12":0,"12.1":0.0683842733366,"0":3.00890802681},"ie":{"5.5":null,"6":null,"7":0.00319647058824,"8":0.143841176471,"9":0.0287682352941,"10":0.198181176471,"11":1.41923294118},"bb":{"7":0.02912525,"10":null},"ie_mob":{"10":0.06622,"11":0.2079},"edge":{"12":0.044044,"13":0.226512,"14":null},"and_ff":{"0":0.041118},"samsung":{"0":0.657888},"and_uc":{"0":3.90621},"op_mini":{"0":35.9985136999},"and_chr":{"0":15.414817}},"total":98.49254525}