{"id":"KP","name":"North Korea","month":"2016-01","access_date":"2016-02-03","data":{"firefox":{"2":0.083016,"3":0,"3.5":0,"3.6":0,"4":0,"5":0,"6":0,"7":0,"8":0,"9":0,"10":0,"11":0.083016,"12":1.309808,"13":0,"14":0,"15":0,"16":0.027672,"17":0,"18":0.166032,"19":0,"20":0,"21":0,"22":0.083016,"23":0,"24":2.232208,"25":0,"26":0,"27":0,"28":0.027672,"29":0.110688,"30":0.027672,"31":0,"32":0,"33":0,"34":0.027672,"35":0.055344,"36":0.055344,"37":0.166032,"38":0.110688,"39":0.950072,"40":0.27672,"41":0.27672,"42":0.166032,"43":25.366,"44":0.110688,"45":0,"46":0,"47":0},"chrome":{"4":0,"5":0,"6":0,"7":0,"8":0,"9":0,"10":0,"11":0,"12":0,"13":0,"14":0,"15":0,"16":0,"17":0,"18":0,"19":0,"20":0,"21":0,"22":3.59736,"23":0,"24":0,"25":0.193704,"26":0,"27":0.4612,"28":0.27672,"29":0.027672,"30":0,"31":12.701448,"32":0,"33":0.083016,"34":0,"35":0,"36":0,"37":0,"38":0,"39":0.083016,"40":0,"41":0,"42":0,"43":0.488872,"44":0.027672,"45":1.448168,"46":0.221376,"47":26.9802,"48":2.25988,"49":0,"50":0,"51":0},"opera":{"9":0,"9.5-9.6":0,"10.0-10.1":0,"10.5":0,"10.6":0,"11":0,"11.1":0,"11.5":0,"11.6":0,"12":0,"12.1":0,"15":0,"16":0,"17":0,"18":0,"19":0,"20":0,"21":0,"22":0,"23":0,"24":0,"25":0,"26":0,"27":0,"28":0,"29":0,"30":0,"31":0,"32":0,"33":0,"34":1.005416,"35":0,"36":0},"safari":{"3.1":0,"3.2":0,"4":0,"5":0,"5.1":0,"6":0,"6.1":0,"7":0,"7.1":0,"8":0,"9":0.295168,"9.1":0},"android":{"2.1":0,"2.2":0,"2.3":0.00226237619554,"3":0,"4":0.0094030010627,"4.1":0.0321681615303,"4.2-4.3":0.07161834644,"4.4":0.142529700319,"4.4.3-4.4.4":0.0746584144527,"47":null},"ios_saf":{"3.2":0,"4.0-4.1":0,"4.2-4.3":0,"5.0-5.1":0,"6.0-6.1":0,"7.0-7.1":0.29559877202,"8":0.0207303034923,"8.1-8.4":0.844567920058,"9.0-9.2":6.29203100443,"9.3":null},"op_mob":{"10":0,"11":0,"11.1":0,"11.5":0,"12":0,"12.1":0,"0":0},"ie":{"5.5":0,"6":0.911954900204,"7":0,"8":1.38025606517,"9":0.369711446029,"10":0.616185743381,"11":2.77283584521},"bb":{"7":0.055484,"10":null},"ie_mob":{"10":0.0153504537815,"11":0.0676815462185},"edge":{"12":0.166032,"13":0.433528,"14":0},"and_uc":{"0":0.055096},"op_mini":{"5.0-8.0":0},"and_chr":{"0":1.274688},"and_ff":{"0":0}},"total":97.767372}