{"id":"KW","name":"Kuwait","month":"2016-07","access_date":"2016-08-02","data":{"chrome":{"4":null,"5":null,"6":null,"7":null,"8":null,"9":null,"10":0.002671,"11":0.008013,"12":0.002671,"13":0.002671,"14":0.002671,"15":0.002671,"16":0.002671,"17":null,"18":0.010684,"19":0.005342,"20":0.005342,"21":0.002671,"22":0.008013,"23":null,"24":0.005342,"25":null,"26":0.008013,"27":0.013355,"28":0.010684,"29":0.066775,"30":0.016026,"31":0.216351,"32":0.013355,"33":0.032052,"34":0.029381,"35":0.029381,"36":0.018697,"37":0.008013,"38":0.010684,"39":0.029381,"40":0.013355,"41":0.008013,"42":0.058762,"43":0.216351,"44":0.05342,"45":0.045407,"46":0.034723,"47":0.152247,"48":0.064104,"49":0.932179,"50":0.162931,"51":12.112985,"52":0.392637,"53":0.08013,"54":0.008013,"55":null},"firefox":{"2":null,"3":0.008013,"3.5":null,"3.6":0.016026,"4":0.002671,"5":null,"6":0.010684,"7":null,"8":null,"9":null,"10":0.002671,"11":null,"12":0.008013,"13":null,"14":null,"15":null,"16":0.002671,"17":null,"18":null,"19":null,"20":0.005342,"21":0.002671,"22":0.005342,"23":0.002671,"24":null,"25":null,"26":null,"27":null,"28":0.008013,"29":0.005342,"30":0.008013,"31":0.008013,"32":0.005342,"33":0.008013,"34":0.010684,"35":0.005342,"36":0.008013,"37":0.008013,"38":0.016026,"39":0.021368,"40":0.013355,"41":0.024039,"42":0.032052,"43":0.066775,"44":0.048078,"45":0.074788,"46":0.096156,"47":2.000579,"48":0.104169,"49":null,"50":null},"opera":{"9":null,"9.5-9.6":null,"10.0-10.1":0.005342,"10.5":null,"10.6":null,"11":null,"11.1":null,"11.5":null,"11.6":null,"12":null,"12.1":0.013355,"15":null,"16":null,"17":null,"18":null,"19":null,"20":null,"21":null,"22":null,"23":null,"24":null,"25":null,"26":null,"27":null,"28":null,"29":null,"30":null,"31":null,"32":null,"33":null,"34":0.005342,"35":0.005342,"36":0.016026,"37":0.08013,"38":0.227035,"39":0.002671,"40":null},"safari":{"3.1":null,"3.2":null,"4":0.002671,"5":0.021368,"5.1":0.05342,"6":0.02671,"6.1":0.050749,"7":0.037394,"7.1":0.005342,"8":0.194983,"9":0.227035,"9.1":1.116478,"10":0.002671,"0":null},"ios_saf":{"3.2":0,"4.0-4.1":0,"4.2-4.3":0,"5.0-5.1":0,"6.0-6.1":0,"7.0-7.1":0.342625733191,"8":0,"8.1-8.4":0.808847050502,"9.0-9.2":1.23282683906,"9.3":13.0432453772},"android":{"2.1":0,"2.2":0,"2.3":0.00800255818797,"3":0,"4":0.0569070804478,"4.1":0.213401551679,"4.2-4.3":0.518387935954,"4.4":1.49292168862,"4.4.3-4.4.4":1.12569318511,"51":null},"op_mob":{"10":0,"11":0,"11.1":0,"11.5":0,"12":0,"12.1":0.0144677872214,"0":0.636582637741},"ie":{"5.5":null,"6":0.00538236775819,"7":0.0188382871537,"8":0.366001007557,"9":0.363309823678,"10":0.306794962217,"11":3.2052},"bb":{"7":0.01282575,"10":null},"ie_mob":{"10":0.079671994382,"11":0.250133005618},"edge":{"12":0.128208,"13":0.8013,"14":null},"and_ff":{"0":0.029316},"samsung":{"0":6.368901},"and_uc":{"0":17.560284},"op_mini":{"0":7.61606157504},"and_chr":{"0":21.376081}},"total":97.6140681984}