{"id":"KZ","name":"Kazakhstan","month":"2016-07","access_date":"2016-08-02","data":{"chrome":{"4":0.013348,"5":0.006674,"6":0.013348,"7":null,"8":0.013348,"9":0.013348,"10":0.013348,"11":0.040044,"12":0.026696,"13":0.013348,"14":0.020022,"15":0.026696,"16":0.03337,"17":0.046718,"18":0.03337,"19":0.013348,"20":0.026696,"21":0.026696,"22":0.073414,"23":0.026696,"24":0.053392,"25":0.020022,"26":0.073414,"27":0.03337,"28":0.06674,"29":0.40044,"30":0.020022,"31":0.080088,"32":0.013348,"33":0.026696,"34":0.053392,"35":0.03337,"36":0.040044,"37":0.03337,"38":0.040044,"39":0.113458,"40":0.06674,"41":0.073414,"42":0.060066,"43":0.393766,"44":0.080088,"45":0.23359,"46":0.120132,"47":0.160176,"48":0.360396,"49":2.3359,"50":0.520572,"51":31.414518,"52":0.820902,"53":0.320352,"54":0.03337,"55":null},"firefox":{"2":0.006674,"3":0.026696,"3.5":0.040044,"3.6":0.160176,"4":0.013348,"5":null,"6":null,"7":null,"8":null,"9":null,"10":0.020022,"11":null,"12":0.020022,"13":0.006674,"14":0.013348,"15":0.013348,"16":0.013348,"17":0.006674,"18":0.006674,"19":null,"20":0.013348,"21":0.013348,"22":0.013348,"23":0.013348,"24":0.020022,"25":0.013348,"26":0.006674,"27":null,"28":0.013348,"29":0.006674,"30":0.013348,"31":0.03337,"32":0.006674,"33":0.026696,"34":0.013348,"35":0.03337,"36":0.026696,"37":0.040044,"38":0.093436,"39":0.03337,"40":0.03337,"41":0.046718,"42":0.073414,"43":0.23359,"44":0.086762,"45":0.246938,"46":0.160176,"47":6.113384,"48":0.040044,"49":null,"50":null},"opera":{"9":null,"9.5-9.6":null,"10.0-10.1":0,"10.5":null,"10.6":0.020022,"11":0.006674,"11.1":null,"11.5":0.026696,"11.6":0.073414,"12":0.073414,"12.1":0.914338,"15":null,"16":null,"17":0.006674,"18":0.013348,"19":null,"20":0.013348,"21":0.013348,"22":null,"23":null,"24":null,"25":null,"26":0.013348,"27":0.026696,"28":0.026696,"29":0.013348,"30":0.046718,"31":0.03337,"32":0.020022,"33":0.040044,"34":0.053392,"35":0.073414,"36":0.387092,"37":0.120132,"38":3.390392,"39":0.013348,"40":null},"safari":{"3.1":null,"3.2":null,"4":0.020022,"5":0.046718,"5.1":0.040044,"6":0.006674,"6.1":0.020022,"7":0.006674,"7.1":0.006674,"8":0.086762,"9":0.153502,"9.1":0.854272,"10":null,"0":null},"ios_saf":{"3.2":0,"4.0-4.1":0,"4.2-4.3":0,"5.0-5.1":0,"6.0-6.1":0,"7.0-7.1":0.164745809249,"8":0,"8.1-8.4":0.388920472062,"9.0-9.2":0.592784007707,"9.3":6.27162471098},"android":{"2.1":0,"2.2":0,"2.3":0.00631066128612,"3":0,"4":0.0448758135902,"4.1":0.168284300963,"4.2-4.3":0.408790614423,"4.4":1.17728892216,"4.4.3-4.4.4":0.887699687581,"51":null},"op_mob":{"10":0,"11":0,"11.1":0,"11.5":0,"12":0,"12.1":0.00235083044411,"0":0.103436539541},"ie":{"5.5":null,"6":0.0206250722892,"7":0.0206250722892,"8":0.770002698795,"9":0.165000578313,"10":0.343751204819,"11":2.10375737349},"bb":{"7":0.00665,"10":null},"ie_mob":{"10":0.0674713483146,"11":0.211828651685},"edge":{"12":0.046718,"13":0.580638,"14":null},"and_ff":{"0":0.029925},"samsung":{"0":3.155425},"and_uc":{"0":1.446375},"op_mini":{"0":1.23751263001},"and_chr":{"0":18.124885}},"total":91.599929}