{"id":"LB","name":"Lebanon","month":"2016-07","access_date":"2016-08-02","data":{"chrome":{"4":0.003959,"5":0.003959,"6":0.007918,"7":null,"8":0.007918,"9":null,"10":0.015836,"11":0.035631,"12":0.007918,"13":0.015836,"14":0.011877,"15":0.011877,"16":0.019795,"17":null,"18":0.007918,"19":0.003959,"20":0.003959,"21":0.007918,"22":0.011877,"23":0.003959,"24":null,"25":0.007918,"26":0.023754,"27":0.011877,"28":0.003959,"29":0.063344,"30":0.011877,"31":0.146483,"32":0.015836,"33":0.059385,"34":0.019795,"35":0.015836,"36":0.015836,"37":0.015836,"38":0.07918,"39":0.031672,"40":0.019795,"41":0.019795,"42":0.043549,"43":0.134606,"44":0.071262,"45":0.071262,"46":0.098975,"47":0.213786,"48":0.134606,"49":1.413363,"50":0.803677,"51":19.763328,"52":0.530506,"53":0.114811,"54":0.007918,"55":null},"firefox":{"2":null,"3":0.015836,"3.5":null,"3.6":0.019795,"4":0.003959,"5":0.019795,"6":null,"7":null,"8":null,"9":0.011877,"10":0.015836,"11":null,"12":0.019795,"13":0.003959,"14":null,"15":0.007918,"16":0.011877,"17":null,"18":0.007918,"19":null,"20":null,"21":0.011877,"22":null,"23":null,"24":null,"25":null,"26":null,"27":null,"28":0.003959,"29":0.035631,"30":0.015836,"31":0.015836,"32":0.011877,"33":0.011877,"34":0.015836,"35":0.03959,"36":0.015836,"37":0.011877,"38":0.03959,"39":0.055426,"40":0.051467,"41":0.043549,"42":0.075221,"43":0.126688,"44":0.055426,"45":0.142524,"46":0.166278,"47":4.505342,"48":0.245458,"49":null,"50":null},"opera":{"9":null,"9.5-9.6":null,"10.0-10.1":0,"10.5":null,"10.6":null,"11":null,"11.1":null,"11.5":null,"11.6":null,"12":null,"12.1":0.011877,"15":null,"16":null,"17":null,"18":null,"19":null,"20":null,"21":null,"22":null,"23":null,"24":null,"25":null,"26":null,"27":null,"28":null,"29":null,"30":0.007918,"31":null,"32":null,"33":null,"34":null,"35":null,"36":0.015836,"37":0.023754,"38":0.387982,"39":null,"40":null},"safari":{"3.1":null,"3.2":null,"4":0.007918,"5":0.051467,"5.1":0.122729,"6":0.03959,"6.1":0.075221,"7":0.07918,"7.1":0.027713,"8":0.451326,"9":0.605727,"9.1":1.472748,"10":null,"0":null},"ios_saf":{"3.2":0,"4.0-4.1":0,"4.2-4.3":0,"5.0-5.1":0,"6.0-6.1":0,"7.0-7.1":0.310452632187,"8":0,"8.1-8.4":0.732895026671,"9.0-9.2":1.1170624391,"9.3":11.818463902},"android":{"2.1":0,"2.2":0,"2.3":0.02043968654,"3":0,"4":0.145348882062,"4.1":0.545058307732,"4.2-4.3":1.32403747253,"4.4":3.81313707784,"4.4.3-4.4.4":2.87518257329,"51":null},"op_mob":{"10":0,"11":0,"11.1":0,"11.5":0,"12":0,"12.1":0.0032561757966,"0":0.14327173505},"ie":{"5.5":null,"6":0.00797084538376,"7":0.0278979588432,"8":0.46629445495,"9":0.370644310345,"10":0.235139938821,"11":2.45900580089},"bb":{"7":0.04379725,"10":null},"ie_mob":{"10":0.0335648820225,"11":0.105378117978},"edge":{"12":0.174196,"13":0.63344,"14":null},"and_ff":{"0":0.024164},"samsung":{"0":8.831942},"and_uc":{"0":1.884792},"op_mini":{"0":1.71410008915},"and_chr":{"0":25.612251}},"total":98.8356775592}