{"id":"LC","name":"Saint Lucia","month":"2016-01","access_date":"2016-02-03","data":{"firefox":{"2":0,"3":0.040536,"3.5":0.013512,"3.6":0.020268,"4":0.006756,"5":0.006756,"6":0,"7":0,"8":0,"9":0,"10":0,"11":0.040536,"12":0,"13":0.03378,"14":0.006756,"15":0,"16":0,"17":0,"18":0,"19":0,"20":0,"21":0,"22":0,"23":0,"24":0,"25":0,"26":0,"27":0,"28":0,"29":0,"30":0.006756,"31":0.006756,"32":0.006756,"33":0.027024,"34":0.006756,"35":0.013512,"36":0.027024,"37":0.013512,"38":0.087828,"39":0.567504,"40":0.047292,"41":0.047292,"42":0.20268,"43":4.79676,"44":0.385092,"45":0.013512,"46":0,"47":0},"chrome":{"4":0,"5":0,"6":0,"7":0,"8":0,"9":0,"10":0,"11":0.040536,"12":0,"13":0,"14":0,"15":0.006756,"16":0,"17":0,"18":0.027024,"19":0,"20":0,"21":0,"22":0.081072,"23":0,"24":0,"25":0,"26":0.013512,"27":0.027024,"28":0.006756,"29":0.020268,"30":0.006756,"31":0.03378,"32":0.027024,"33":0.027024,"34":0.020268,"35":0.087828,"36":0.040536,"37":0.03378,"38":0.020268,"39":0.128364,"40":0.054048,"41":0.047292,"42":0.189168,"43":0.189168,"44":0.189168,"45":0.486432,"46":0.391848,"47":27.645552,"48":2.682132,"49":0.256728,"50":0.013512,"51":0},"opera":{"9":0,"9.5-9.6":0,"10.0-10.1":0,"10.5":0,"10.6":0,"11":0,"11.1":0,"11.5":0,"11.6":0,"12":0,"12.1":0.040536,"15":0,"16":0,"17":0.013512,"18":0,"19":0,"20":0,"21":0,"22":0,"23":0,"24":0,"25":0,"26":0.006756,"27":0.013512,"28":0.006756,"29":0.054048,"30":0.013512,"31":0.006756,"32":0,"33":0.027024,"34":1.141764,"35":0.03378,"36":0.006756},"safari":{"3.1":0,"3.2":0,"4":0.006756,"5":0.027024,"5.1":0.128364,"6":0.013512,"6.1":0.081072,"7":0.047292,"7.1":0.081072,"8":0.216192,"9":1.648464,"9.1":0},"android":{"2.1":0,"2.2":0,"2.3":0.0728257428268,"3":0,"4":0.302681993624,"4.1":1.03549103082,"4.2-4.3":2.30538992136,"4.4":4.58802179809,"4.4.3-4.4.4":2.40324951328,"47":null},"ios_saf":{"3.2":0,"4.0-4.1":0,"4.2-4.3":0,"5.0-5.1":0,"6.0-6.1":0,"7.0-7.1":0.294147773772,"8":0.0206285451736,"8.1-8.4":0.840422210776,"9.0-9.2":6.26114547028,"9.3":null},"op_mob":{"10":0,"11":0,"11.1":0,"11.5":0,"12":5.44633752021e-5,"12.1":5.44633752021e-5,"0":0.00288655888571},"ie":{"5.5":0,"6":0,"7":0,"8":0.368377480519,"9":0.607140662338,"10":0.422951922078,"11":6.9650631039},"bb":{"7":0.446861,"10":null},"ie_mob":{"10":0.21650292437,"11":0.95458107563},"edge":{"12":1.053936,"13":1.641708,"14":0},"and_uc":{"0":1.099716},"op_mini":{"5.0-8.0":0.726904514364},"and_chr":{"0":20.12648},"and_ff":{"0":0.04866}},"total":95.6389221688}