{"id":"LK","name":"Sri Lanka","month":"2016-07","access_date":"2016-08-02","data":{"chrome":{"4":0.005102,"5":0.010204,"6":0.012755,"7":0.010204,"8":null,"9":0.010204,"10":0.012755,"11":0.084183,"12":0.020408,"13":0.007653,"14":0.005102,"15":0.005102,"16":0.010204,"17":0.005102,"18":0.007653,"19":0.012755,"20":0.010204,"21":0.012755,"22":0.012755,"23":0.007653,"24":0.005102,"25":0.017857,"26":0.012755,"27":0.015306,"28":0.038265,"29":0.05102,"30":0.028061,"31":0.058673,"32":0.010204,"33":0.045918,"34":0.012755,"35":0.020408,"36":0.012755,"37":0.012755,"38":0.030612,"39":0.045918,"40":0.022959,"41":0.007653,"42":0.043367,"43":0.099489,"44":0.038265,"45":0.056122,"46":0.05102,"47":0.267855,"48":0.079081,"49":0.752545,"50":0.158162,"51":12.811122,"52":0.438772,"53":0.056122,"54":0.007653,"55":null},"firefox":{"2":null,"3":0.012755,"3.5":0.005102,"3.6":0.035714,"4":0.015306,"5":0.007653,"6":0.012755,"7":0.005102,"8":0.005102,"9":0.007653,"10":0.012755,"11":0.015306,"12":0.038265,"13":0.02551,"14":0.017857,"15":0.020408,"16":0.017857,"17":0.012755,"18":0.015306,"19":0.015306,"20":0.015306,"21":0.012755,"22":0.010204,"23":0.010204,"24":0.010204,"25":0.022959,"26":0.007653,"27":0.010204,"28":0.012755,"29":0.020408,"30":0.030612,"31":0.02551,"32":0.017857,"33":0.020408,"34":0.017857,"35":0.02551,"36":0.022959,"37":0.022959,"38":0.043367,"39":0.043367,"40":0.038265,"41":0.038265,"42":0.053571,"43":0.265304,"44":0.117346,"45":0.112244,"46":0.163264,"47":3.275484,"48":0.227039,"49":0.007653,"50":null},"opera":{"9":null,"9.5-9.6":null,"10.0-10.1":0,"10.5":null,"10.6":null,"11":null,"11.1":null,"11.5":0.002551,"11.6":0.007653,"12":0.002551,"12.1":0.017857,"15":0.005102,"16":0.002551,"17":0.002551,"18":0.002551,"19":null,"20":0.002551,"21":null,"22":0.002551,"23":null,"24":null,"25":null,"26":null,"27":null,"28":0.002551,"29":0.007653,"30":0.010204,"31":null,"32":0.005102,"33":0.007653,"34":0.02551,"35":0.017857,"36":0.02551,"37":0.079081,"38":0.528057,"39":0.002551,"40":null},"safari":{"3.1":null,"3.2":null,"4":0,"5":0.007653,"5.1":0.012755,"6":null,"6.1":0.005102,"7":0.007653,"7.1":0.002551,"8":0.040816,"9":0.053571,"9.1":0.206631,"10":null,"0":null},"ios_saf":{"3.2":0,"4.0-4.1":0,"4.2-4.3":0,"5.0-5.1":0,"6.0-6.1":0,"7.0-7.1":0.0602174712504,"8":0,"8.1-8.4":0.14215722665,"9.0-9.2":0.216672910253,"9.3":2.29238839185},"android":{"2.1":0,"2.2":0,"2.3":0.0263905212184,"3":0,"4":0.187665928664,"4.1":0.703747232492,"4.2-4.3":1.70951931893,"4.4":4.92329834731,"4.4.3-4.4.4":3.71226665139,"51":null},"op_mob":{"10":0,"11":0,"11.1":0,"11.5":0,"12":0,"12.1":0.0326813960376,"0":1.43798142566},"ie":{"5.5":null,"6":0.0181582024096,"7":0.00518805783133,"8":0.228274544578,"9":0.0518805783133,"10":0.121919359036,"11":0.648507228916},"bb":{"7":0.0260715,"10":null},"ie_mob":{"10":0.728788398876,"11":2.28805660112},"edge":{"12":0.091836,"13":0.239794,"14":null},"and_ff":{"0":0.022347},"samsung":{"0":7.292571},"and_uc":{"0":9.46023},"op_mini":{"0":17.2039801783},"and_chr":{"0":21.819735}},"total":97.3605184711}