{"id":"LR","name":"Liberia","month":"2016-07","access_date":"2016-08-02","data":{"chrome":{"4":0.001789,"5":null,"6":null,"7":null,"8":null,"9":null,"10":null,"11":0.023257,"12":null,"13":null,"14":null,"15":null,"16":null,"17":null,"18":null,"19":0.005367,"20":0.023257,"21":null,"22":0.003578,"23":null,"24":null,"25":0.008945,"26":0.010734,"27":null,"28":0.001789,"29":0.007156,"30":null,"31":0.030413,"32":0.007156,"33":0.025046,"34":0.005367,"35":0.005367,"36":0.007156,"37":0.003578,"38":0.003578,"39":0.005367,"40":0.091239,"41":0.014312,"42":0.016101,"43":0.128808,"44":0.012523,"45":0.093028,"46":0.012523,"47":0.227203,"48":0.019679,"49":0.39358,"50":0.137753,"51":5.535166,"52":0.12523,"53":0.048303,"54":0.003578,"55":null},"firefox":{"2":0.016101,"3":0.019679,"3.5":0.005367,"3.6":0.041147,"4":0.026835,"5":0.001789,"6":null,"7":0.005367,"8":0.001789,"9":null,"10":0.042936,"11":0.050092,"12":0.037569,"13":0.005367,"14":0.025046,"15":0.021468,"16":0.039358,"17":0.059037,"18":0.012523,"19":0.037569,"20":0.03578,"21":0.021468,"22":0.037569,"23":0.008945,"24":0.03578,"25":0.010734,"26":0.014312,"27":0.005367,"28":0.001789,"29":0.059037,"30":0.012523,"31":0.050092,"32":0.026835,"33":0.025046,"34":0.023257,"35":0.01789,"36":0.014312,"37":0.050092,"38":0.03578,"39":0.025046,"40":0.032202,"41":0.044725,"42":0.146698,"43":0.270139,"44":0.180689,"45":0.121652,"46":0.166377,"47":2.241617,"48":0.254038,"49":null,"50":null},"opera":{"9":null,"9.5-9.6":null,"10.0-10.1":0,"10.5":null,"10.6":0.001789,"11":0.005367,"11.1":0.001789,"11.5":null,"11.6":0.003578,"12":0.005367,"12.1":0.032202,"15":null,"16":0.008945,"17":0.001789,"18":0.001789,"19":null,"20":0.001789,"21":0.005367,"22":0.01789,"23":null,"24":0.008945,"25":null,"26":null,"27":0.003578,"28":0.003578,"29":0.164588,"30":0.148487,"31":null,"32":0.003578,"33":0.019679,"34":0.016101,"35":0.030413,"36":0.112707,"37":0.148487,"38":0.502709,"39":null,"40":null},"safari":{"3.1":null,"3.2":null,"4":0,"5":null,"5.1":0.014312,"6":0.010734,"6.1":0.057248,"7":0.007156,"7.1":0.001789,"8":0.046514,"9":0.109129,"9.1":0.295185,"10":null,"0":null},"ios_saf":{"3.2":0,"4.0-4.1":0,"4.2-4.3":0,"5.0-5.1":0,"6.0-6.1":0,"7.0-7.1":0.0556184712504,"8":0,"8.1-8.4":0.13130022665,"9.0-9.2":0.200124910253,"9.3":2.11731139185},"android":{"2.1":0,"2.2":0,"2.3":0.0361510598802,"3":0,"4":0.257074203593,"4.1":0.964028263473,"4.2-4.3":2.34178532335,"4.4":6.74418105988,"4.4.3-4.4.4":5.08524908982,"51":null},"op_mob":{"10":0,"11":0,"11.1":0,"11.5":0,"12":0,"12.1":0.0509114534918,"0":2.24010395364},"ie":{"5.5":null,"6":null,"7":0.00179235962441,"8":0.274231022535,"9":0.0663173061033,"10":0.277815741784,"11":1.28870656995},"bb":{"7":0.02258025,"10":null},"ie_mob":{"10":0.307451207865,"11":0.965253792135},"edge":{"12":0.459773,"13":0.558168,"14":null},"and_ff":{"0":0.024633},"samsung":{"0":1.855686},"and_uc":{"0":8.523018},"op_mini":{"0":26.8005575929},"and_chr":{"0":24.075715}},"total":98.97487225}