{"id":"LS","name":"Lesotho","month":"2016-01","access_date":"2016-02-03","data":{"firefox":{"2":0,"3":0.042672,"3.5":0.012192,"3.6":0.018288,"4":0.004572,"5":0.006096,"6":0.004572,"7":0,"8":0,"9":0.001524,"10":0.006096,"11":0.00762,"12":0.012192,"13":0.013716,"14":0.009144,"15":0.006096,"16":0.013716,"17":0.003048,"18":0.003048,"19":0.006096,"20":0.01524,"21":0.018288,"22":0.003048,"23":0.006096,"24":0,"25":0.004572,"26":0.003048,"27":0,"28":0.003048,"29":0.016764,"30":0.021336,"31":0.009144,"32":0.004572,"33":0.03048,"34":0.012192,"35":0.01524,"36":0.012192,"37":0.035052,"38":0.025908,"39":0.10668,"40":0.028956,"41":0.041148,"42":0.204216,"43":1.139952,"44":0.164592,"45":0.001524,"46":0,"47":0},"chrome":{"4":0,"5":0,"6":0,"7":0,"8":0,"9":0,"10":0,"11":0.01524,"12":0.003048,"13":0,"14":0.001524,"15":0,"16":0.003048,"17":0,"18":0.001524,"19":0,"20":0,"21":0.003048,"22":0,"23":0,"24":0,"25":0,"26":0.013716,"27":0.001524,"28":0.001524,"29":0.003048,"30":0.001524,"31":0.025908,"32":0.001524,"33":0.012192,"34":0.00762,"35":0.003048,"36":0.025908,"37":0.001524,"38":0.004572,"39":0.018288,"40":0.0381,"41":0.03048,"42":0.032004,"43":0.06096,"44":0.085344,"45":0.086868,"46":0.085344,"47":3.456432,"48":0.278892,"49":0.013716,"50":0,"51":0},"opera":{"9":0,"9.5-9.6":0.001524,"10.0-10.1":0.001524,"10.5":0,"10.6":0.004572,"11":0.016764,"11.1":0,"11.5":0.003048,"11.6":0.004572,"12":0.001524,"12.1":0.047244,"15":0.044196,"16":0.001524,"17":0.003048,"18":0.001524,"19":0,"20":0.012192,"21":0,"22":0.003048,"23":0,"24":0.001524,"25":0,"26":0,"27":0,"28":0.01524,"29":0.018288,"30":0.024384,"31":0.001524,"32":0.033528,"33":0.08382,"34":0.376428,"35":0.036576,"36":0},"safari":{"3.1":0,"3.2":0,"4":0,"5":0.004572,"5.1":0.044196,"6":0,"6.1":0.003048,"7":0.009144,"7.1":0.01524,"8":0.018288,"9":0.082296,"9.1":0},"android":{"2.1":0,"2.2":0,"2.3":0.0246768493092,"3":0,"4":0.102563154942,"4.1":0.350873951116,"4.2-4.3":0.781176510946,"4.4":1.55464150648,"4.4.3-4.4.4":0.814336027205,"47":null},"ios_saf":{"3.2":0,"4.0-4.1":0,"4.2-4.3":0,"5.0-5.1":0,"6.0-6.1":0,"7.0-7.1":0.0335471556609,"8":0.00235265766972,"8.1-8.4":0.0958490161739,"9.0-9.2":0.714075170496,"9.3":null},"op_mob":{"10":0,"11":0,"11.1":0,"11.5":0,"12":0.00438167352319,"12.1":0.00438167352319,"0":0.232228696729},"ie":{"5.5":0,"6":0.006096,"7":0.010668,"8":0.4572,"9":0.237744,"10":0.819912,"11":1.93548},"bb":{"7":0.334802,"10":null},"ie_mob":{"10":0.398015865546,"11":1.75488813445},"edge":{"12":0.079248,"13":0.074676,"14":0},"and_uc":{"0":9.942348},"op_mini":{"5.0-8.0":58.4807359562},"and_chr":{"0":9.710432},"and_ff":{"0":0.016952}},"total":96.30015}