{"id":"LS","name":"Lesotho","month":"2016-07","access_date":"2016-08-02","data":{"chrome":{"4":null,"5":null,"6":null,"7":null,"8":null,"9":null,"10":null,"11":0.014076,"12":null,"13":null,"14":null,"15":null,"16":null,"17":null,"18":0.002346,"19":null,"20":0.003519,"21":0.029325,"22":null,"23":null,"24":null,"25":null,"26":0.02346,"27":0.002346,"28":0.001173,"29":null,"30":null,"31":0.019941,"32":null,"33":0.012903,"34":0.008211,"35":0.003519,"36":0.012903,"37":0.001173,"38":0.002346,"39":0.018768,"40":0.060996,"41":0.009384,"42":0.009384,"43":0.062169,"44":0.004692,"45":0.022287,"46":0.049266,"47":0.072726,"48":0.02346,"49":0.172431,"50":0.089148,"51":3.011091,"52":0.07038,"53":0.009384,"54":0.001173,"55":null},"firefox":{"2":null,"3":0.069207,"3.5":0.02346,"3.6":0.007038,"4":0.002346,"5":0.002346,"6":null,"7":null,"8":null,"9":0.001173,"10":0.004692,"11":0.014076,"12":0.001173,"13":null,"14":0.002346,"15":0.001173,"16":0.003519,"17":0.015249,"18":0.003519,"19":0.005865,"20":0.005865,"21":null,"22":0.012903,"23":0.003519,"24":null,"25":null,"26":null,"27":0.001173,"28":null,"29":0.007038,"30":0.016422,"31":0.002346,"32":0.030498,"33":0.002346,"34":0.002346,"35":0.003519,"36":0.007038,"37":0.016422,"38":0.007038,"39":0.018768,"40":0.004692,"41":0.01173,"42":0.016422,"43":0.137241,"44":0.050439,"45":0.03519,"46":0.069207,"47":1.14954,"48":0.165393,"49":0.003519,"50":null},"opera":{"9":null,"9.5-9.6":null,"10.0-10.1":0,"10.5":null,"10.6":null,"11":null,"11.1":null,"11.5":0.004692,"11.6":0.003519,"12":0.001173,"12.1":0.007038,"15":null,"16":null,"17":null,"18":0.001173,"19":0.003519,"20":null,"21":0.008211,"22":0.004692,"23":null,"24":null,"25":null,"26":0.004692,"27":0.003519,"28":0.001173,"29":0.008211,"30":0.024633,"31":null,"32":0.009384,"33":0.021114,"34":0.025806,"35":0.063342,"36":0.012903,"37":0.089148,"38":0.137241,"39":0.021114,"40":null},"safari":{"3.1":null,"3.2":null,"4":0,"5":0.002346,"5.1":0.021114,"6":null,"6.1":0.002346,"7":0.002346,"7.1":0.010557,"8":0.007038,"9":0.004692,"9.1":0.045747,"10":null,"0":null},"ios_saf":{"3.2":0,"4.0-4.1":0,"4.2-4.3":0,"5.0-5.1":0,"6.0-6.1":0,"7.0-7.1":0.0141146066322,"8":0,"8.1-8.4":0.0333207836933,"9.0-9.2":0.0507868037724,"9.3":0.537321805902},"android":{"2.1":0,"2.2":0,"2.3":0.00620486852382,"3":0,"4":0.0441235095027,"4.1":0.165463160635,"4.2-4.3":0.401937594376,"4.4":1.15755269461,"4.4.3-4.4.4":0.872818172351,"51":null},"op_mob":{"10":0,"11":0,"11.1":0,"11.5":0,"12":0,"12.1":0.116212402609,"0":5.11334571478},"ie":{"5.5":null,"6":0.01173,"7":0.002346,"8":0.313191,"9":0.110262,"10":0.193545,"11":1.136637},"bb":{"7":0.273637,"10":null},"ie_mob":{"10":0.462723241573,"11":1.45273575843},"edge":{"12":0.069207,"13":0.272136,"14":null},"and_ff":{"0":null},"samsung":{"0":0.935662},"and_uc":{"0":5.666934},"op_mini":{"0":61.1759628826},"and_chr":{"0":10.139611}},"total":97.043781}