{"id":"LT","name":"Lithuania","month":"2016-07","access_date":"2016-08-02","data":{"chrome":{"4":null,"5":null,"6":null,"7":null,"8":null,"9":null,"10":null,"11":0.01736,"12":0.01736,"13":null,"14":null,"15":null,"16":null,"17":null,"18":0.01736,"19":null,"20":null,"21":null,"22":0.02604,"23":null,"24":null,"25":null,"26":0.01736,"27":null,"28":0.00868,"29":21.70868,"30":null,"31":0.03472,"32":0.00868,"33":0.01736,"34":0.03472,"35":0.01736,"36":0.02604,"37":0.02604,"38":0.02604,"39":0.1736,"40":0.01736,"41":0.05208,"42":0.01736,"43":0.6076,"44":0.05208,"45":0.0434,"46":0.06076,"47":0.14756,"48":0.19964,"49":2.0832,"50":1.24992,"51":29.60748,"52":0.64232,"53":0.05208,"54":0.01736,"55":null},"firefox":{"2":null,"3":null,"3.5":0.00868,"3.6":0.01736,"4":null,"5":null,"6":null,"7":null,"8":null,"9":null,"10":null,"11":0.01736,"12":null,"13":null,"14":null,"15":null,"16":null,"17":0.00868,"18":null,"19":null,"20":null,"21":null,"22":null,"23":null,"24":0.00868,"25":null,"26":null,"27":null,"28":null,"29":null,"30":0.00868,"31":0.01736,"32":null,"33":0.01736,"34":0.01736,"35":0.01736,"36":0.01736,"37":0.03472,"38":0.41664,"39":0.05208,"40":0.0434,"41":0.0434,"42":0.0868,"43":0.65968,"44":0.09548,"45":0.58156,"46":0.92876,"47":12.39504,"48":0.50344,"49":null,"50":null},"opera":{"9":null,"9.5-9.6":null,"10.0-10.1":0,"10.5":null,"10.6":null,"11":null,"11.1":null,"11.5":null,"11.6":null,"12":null,"12.1":0.13888,"15":null,"16":null,"17":null,"18":null,"19":null,"20":null,"21":null,"22":null,"23":null,"24":null,"25":null,"26":null,"27":null,"28":null,"29":null,"30":0.00868,"31":null,"32":null,"33":null,"34":0.00868,"35":0.01736,"36":0.14756,"37":0.05208,"38":2.81232,"39":0.01736,"40":null},"safari":{"3.1":null,"3.2":null,"4":0.00868,"5":0.02604,"5.1":0.0434,"6":null,"6.1":0.01736,"7":0.01736,"7.1":null,"8":0.07812,"9":0.18228,"9.1":1.10236,"10":null,"0":null},"ios_saf":{"3.2":0,"4.0-4.1":0,"4.2-4.3":0,"5.0-5.1":0,"6.0-6.1":0,"7.0-7.1":0.0525814313964,"8":0,"8.1-8.4":0.124130593753,"9.0-9.2":0.189197113883,"9.3":2.00169586097},"android":{"2.1":0,"2.2":0,"2.3":0.00233031346004,"3":0,"4":0.016571117938,"4.1":0.0621416922676,"4.2-4.3":0.150952527467,"4.4":0.434732922156,"4.4.3-4.4.4":0.327797426712,"51":null},"op_mob":{"10":0,"11":0,"11.1":0,"11.5":0,"12":0,"12.1":0.000597850850256,"0":0.0263054374113},"ie":{"5.5":null,"6":0.0174710447761,"7":0.0174710447761,"8":0.22712358209,"9":0.148503880597,"10":0.192181492537,"11":3.49420895522},"bb":{"7":0.00494625,"10":null},"ie_mob":{"10":0.0946345449438,"11":0.297108455056},"edge":{"12":0.06944,"13":1.52768,"14":null},"and_ff":{"0":0.031656},"samsung":{"0":1.954758},"and_uc":{"0":0.072545},"op_mini":{"0":0.314717711738},"and_chr":{"0":7.318627}},"total":96.87546725}