{"id":"LV","name":"Latvia","month":"2016-07","access_date":"2016-08-02","data":{"chrome":{"4":null,"5":null,"6":null,"7":null,"8":null,"9":null,"10":null,"11":0.024099,"12":null,"13":null,"14":null,"15":null,"16":null,"17":null,"18":0.016066,"19":null,"20":0.016066,"21":null,"22":0.08033,"23":null,"24":null,"25":null,"26":0.032132,"27":0.008033,"28":null,"29":0.674772,"30":null,"31":0.040165,"32":0.024099,"33":0.024099,"34":0.064264,"35":0.024099,"36":0.008033,"37":0.040165,"38":0.040165,"39":0.048198,"40":0.048198,"41":0.032132,"42":0.024099,"43":0.281155,"44":0.096396,"45":0.088363,"46":0.08033,"47":0.224924,"48":0.265089,"49":2.522362,"50":0.658706,"51":41.185191,"52":1.084455,"53":0.16066,"54":0.032132,"55":null},"firefox":{"2":null,"3":0.008033,"3.5":0.016066,"3.6":0.056231,"4":null,"5":0.008033,"6":0.016066,"7":null,"8":null,"9":null,"10":0.008033,"11":0.072297,"12":0.096396,"13":0.008033,"14":null,"15":0.016066,"16":0.024099,"17":0.040165,"18":null,"19":null,"20":0.008033,"21":null,"22":null,"23":0.008033,"24":0.032132,"25":null,"26":0.016066,"27":null,"28":0.008033,"29":0.016066,"30":0.016066,"31":0.024099,"32":0.008033,"33":0.056231,"34":0.024099,"35":0.024099,"36":0.032132,"37":0.032132,"38":0.168693,"39":0.072297,"40":0.08033,"41":0.064264,"42":0.168693,"43":0.273122,"44":0.265089,"45":0.867564,"46":0.377551,"47":14.796786,"48":0.208858,"49":0.032132,"50":0.016066},"opera":{"9":null,"9.5-9.6":null,"10.0-10.1":0,"10.5":null,"10.6":null,"11":null,"11.1":null,"11.5":null,"11.6":0.016066,"12":0.016066,"12.1":0.305254,"15":null,"16":null,"17":null,"18":null,"19":null,"20":null,"21":null,"22":null,"23":null,"24":null,"25":null,"26":null,"27":null,"28":null,"29":null,"30":0.008033,"31":null,"32":null,"33":0.008033,"34":0.024099,"35":0.032132,"36":0.176726,"37":0.064264,"38":1.799392,"39":0.016066,"40":null},"safari":{"3.1":null,"3.2":null,"4":0.008033,"5":0.024099,"5.1":0.08033,"6":0.008033,"6.1":0.064264,"7":0.040165,"7.1":null,"8":0.200825,"9":0.337386,"9.1":2.144811,"10":0.016066,"0":null},"ios_saf":{"3.2":0,"4.0-4.1":0,"4.2-4.3":0,"5.0-5.1":0,"6.0-6.1":0,"7.0-7.1":0.0997317471859,"8":0,"8.1-8.4":0.235439786736,"9.0-9.2":0.358852131427,"9.3":3.79663733465},"android":{"2.1":0,"2.2":0,"2.3":0.00298199453267,"3":0,"4":0.0212052944546,"4.1":0.0795198542046,"4.2-4.3":0.193166979172,"4.4":0.556307646707,"4.4.3-4.4.4":0.419467230929,"51":null},"op_mob":{"10":0,"11":0,"11.1":0,"11.5":0,"12":0,"12.1":0.000588638632987,"0":0.0259000998514},"ie":{"5.5":null,"6":0.00807804485981,"7":0.0161560897196,"8":0.379668108411,"9":0.161560897196,"10":0.218107211215,"11":3.5381836486},"bb":{"7":0.0049175,"10":null},"ie_mob":{"10":0.138275679775,"11":0.434121320225},"edge":{"12":0.072297,"13":1.558402,"14":0.008033},"and_ff":{"0":0.07868},"samsung":{"0":2.722328},"and_uc":{"0":0.114086},"op_mini":{"0":0.309868261516},"and_chr":{"0":10.937006}},"total":97.8949045}