{"id":"LY","name":"Libya","month":"2016-07","access_date":"2016-08-02","data":{"chrome":{"4":0.0115,"5":0.0115,"6":0.031625,"7":null,"8":0.020125,"9":0.014375,"10":0.00575,"11":0.02875,"12":0.02875,"13":0.0575,"14":0.031625,"15":0.069,"16":0.02875,"17":0.020125,"18":0.0115,"19":0.020125,"20":0.00575,"21":null,"22":0.00575,"23":0.025875,"24":0.020125,"25":0.02875,"26":0.031625,"27":0.037375,"28":0.023,"29":0.043125,"30":0.0345,"31":0.066125,"32":0.0345,"33":0.158125,"34":0.02875,"35":0.023,"36":0.023,"37":0.01725,"38":0.05175,"39":0.031625,"40":0.0575,"41":0.054625,"42":0.037375,"43":0.5405,"44":0.083375,"45":0.077625,"46":0.089125,"47":0.399625,"48":0.296125,"49":0.784875,"50":0.342125,"51":13.457875,"52":0.537625,"53":0.043125,"54":0.008625,"55":null},"firefox":{"2":0.00575,"3":0.02875,"3.5":0.002875,"3.6":0.025875,"4":0.00575,"5":0.008625,"6":0.025875,"7":0.0115,"8":0.0115,"9":0.01725,"10":0.0115,"11":0.0115,"12":0.0575,"13":0.023,"14":0.00575,"15":0.031625,"16":0.014375,"17":0.008625,"18":0.00575,"19":0.008625,"20":0.014375,"21":0.002875,"22":0.0115,"23":0.0115,"24":0.0115,"25":0.025875,"26":0.014375,"27":0.01725,"28":0.008625,"29":0.06325,"30":0.01725,"31":0.023,"32":0.01725,"33":0.037375,"34":0.01725,"35":0.0345,"36":0.025875,"37":0.020125,"38":0.043125,"39":0.037375,"40":0.0575,"41":0.077625,"42":0.046,"43":0.27025,"44":0.106375,"45":0.092,"46":0.198375,"47":3.0245,"48":0.253,"49":0.002875,"50":null},"opera":{"9":null,"9.5-9.6":null,"10.0-10.1":0,"10.5":null,"10.6":null,"11":null,"11.1":null,"11.5":0.0115,"11.6":0.008625,"12":0.008625,"12.1":0.06325,"15":null,"16":null,"17":0.00575,"18":0.0115,"19":null,"20":0.002875,"21":null,"22":null,"23":null,"24":null,"25":null,"26":null,"27":null,"28":null,"29":0.00575,"30":null,"31":0.002875,"32":null,"33":0.014375,"34":0.0115,"35":0.01725,"36":0.023,"37":0.07475,"38":0.782,"39":0.0115,"40":0.020125},"safari":{"3.1":null,"3.2":null,"4":0,"5":0.002875,"5.1":0.01725,"6":0.00575,"6.1":null,"7":0.0115,"7.1":null,"8":0.0345,"9":0.054625,"9.1":0.117875,"10":null,"0":null},"ios_saf":{"3.2":0,"4.0-4.1":0,"4.2-4.3":0,"5.0-5.1":0,"6.0-6.1":0,"7.0-7.1":0.0811869710983,"8":0,"8.1-8.4":0.191660566474,"9.0-9.2":0.292124809249,"9.3":3.09066565318},"android":{"2.1":0,"2.2":0,"2.3":0.0206544540484,"3":0,"4":0.146876117678,"4.1":0.550785441291,"4.2-4.3":1.33794963447,"4.4":3.8532031497,"4.4.3-4.4.4":2.90539320281,"51":null},"op_mob":{"10":0,"11":0,"11.1":0,"11.5":0,"12":0,"12.1":0.0608450045237,"0":2.67718019904},"ie":{"5.5":0.00289175407925,"6":0.011567016317,"7":0.00289175407925,"8":0.62172712704,"9":0.202422785548,"10":0.266041375291,"11":1.37358318765},"bb":{"7":0.0017815,"10":null},"ie_mob":{"10":0.0241002921348,"11":0.0756637078652},"edge":{"12":0.069,"13":0.618125,"14":null},"and_ff":{"0":0.057008},"samsung":{"0":2.522604},"and_uc":{"0":2.109296},"op_mini":{"0":32.0297287964},"and_chr":{"0":18.98996}},"total":98.3024175}