{"id":"MC","name":"Monaco","month":"2016-07","access_date":"2016-08-02","data":{"chrome":{"4":null,"5":null,"6":null,"7":null,"8":null,"9":null,"10":null,"11":null,"12":null,"13":null,"14":null,"15":null,"16":null,"17":null,"18":null,"19":null,"20":null,"21":0.022257,"22":null,"23":null,"24":null,"25":0.014838,"26":null,"27":null,"28":null,"29":1.684113,"30":0.022257,"31":0.081609,"32":null,"33":null,"34":null,"35":0.022257,"36":0.044514,"37":0.022257,"38":null,"39":null,"40":null,"41":0.014838,"42":null,"43":0.200313,"44":null,"45":0.037095,"46":null,"47":0.875442,"48":0.118704,"49":2.129253,"50":0.652872,"51":28.778301,"52":1.008984,"53":0.044514,"54":null,"55":null},"firefox":{"2":null,"3":0.007419,"3.5":null,"3.6":0.007419,"4":null,"5":null,"6":null,"7":null,"8":null,"9":null,"10":null,"11":null,"12":null,"13":null,"14":null,"15":null,"16":0.037095,"17":null,"18":null,"19":null,"20":null,"21":null,"22":null,"23":null,"24":null,"25":0.022257,"26":null,"27":null,"28":null,"29":null,"30":null,"31":0.022257,"32":null,"33":0.029676,"34":null,"35":0.044514,"36":0.066771,"37":null,"38":0.081609,"39":0.007419,"40":null,"41":null,"42":null,"43":0.22257,"44":0.066771,"45":0.140961,"46":0.111285,"47":8.709906,"48":0.170637,"49":null,"50":null},"opera":{"9":null,"9.5-9.6":null,"10.0-10.1":0,"10.5":null,"10.6":null,"11":null,"11.1":null,"11.5":null,"11.6":null,"12":null,"12.1":0.007419,"15":null,"16":null,"17":null,"18":null,"19":null,"20":null,"21":null,"22":null,"23":null,"24":null,"25":null,"26":null,"27":null,"28":null,"29":null,"30":null,"31":null,"32":null,"33":null,"34":null,"35":null,"36":null,"37":null,"38":0.378369,"39":null,"40":null},"safari":{"3.1":null,"3.2":null,"4":0.029676,"5":0.022257,"5.1":0.638034,"6":0.029676,"6.1":0.356112,"7":0.081609,"7.1":0.126123,"8":0.897699,"9":2.29989,"9.1":11.588478,"10":0.022257,"0":null},"ios_saf":{"3.2":0,"4.0-4.1":0,"4.2-4.3":0,"5.0-5.1":0,"6.0-6.1":0,"7.0-7.1":0.403438375418,"8":0,"8.1-8.4":0.952409315485,"9.0-9.2":1.45164127776,"9.3":15.3582910313},"android":{"2.1":0,"2.2":0,"2.3":0.00110024472794,"3":0,"4":0.00782396250976,"4.1":0.0293398594116,"4.2-4.3":0.0712714084874,"4.4":0.205256766467,"4.4.3-4.4.4":0.154767758396,"51":null},"op_mob":{"10":0,"11":0,"11.1":0,"11.5":0,"12":0,"12.1":4.9666171372e-5,"0":0.00218531154037},"ie":{"5.5":null,"6":null,"7":0.007419,"8":0.185475,"9":0.630615,"10":0.348693,"11":7.686084},"bb":{"7":0.021285,"10":null},"ie_mob":{"10":0.0236838202247,"11":0.0743561797753},"edge":{"12":0.029676,"13":1.988292,"14":null},"and_ff":{"0":0.0645},"samsung":{"0":1.77504},"and_uc":{"0":0.13932},"op_mini":{"0":0.0261450222883},"and_chr":{"0":5.109423}},"total":98.748165}