{"id":"MD","name":"Moldova","month":"2016-07","access_date":"2016-08-02","data":{"chrome":{"4":0.024858,"5":0.016572,"6":0.008286,"7":0.016572,"8":0.024858,"9":0.016572,"10":0.024858,"11":0.024858,"12":0.049716,"13":0.024858,"14":0.033144,"15":0.033144,"16":0.033144,"17":0.049716,"18":0.058002,"19":0.033144,"20":0.058002,"21":0.058002,"22":0.066288,"23":0.049716,"24":0.049716,"25":0.04143,"26":0.049716,"27":0.033144,"28":0.033144,"29":1.16004,"30":0.016572,"31":0.033144,"32":0.04143,"33":0.033144,"34":0.066288,"35":0.04143,"36":0.033144,"37":0.016572,"38":0.04143,"39":0.273438,"40":0.091146,"41":0.099432,"42":0.058002,"43":0.323154,"44":0.116004,"45":0.20715,"46":0.157434,"47":0.522018,"48":0.522018,"49":4.507584,"50":0.803742,"51":47.611356,"52":1.425192,"53":0.182292,"54":0.024858,"55":null},"firefox":{"2":0.016572,"3":0.066288,"3.5":0.099432,"3.6":0.397728,"4":0.016572,"5":0.008286,"6":0.008286,"7":null,"8":null,"9":0.008286,"10":0.033144,"11":0.016572,"12":0.008286,"13":0.016572,"14":0.016572,"15":0.016572,"16":0.024858,"17":0.058002,"18":0.016572,"19":0.008286,"20":0.016572,"21":0.016572,"22":0.033144,"23":0.016572,"24":0.058002,"25":0.016572,"26":0.008286,"27":0.033144,"28":0.016572,"29":0.024858,"30":0.016572,"31":0.024858,"32":0.024858,"33":0.066288,"34":0.024858,"35":0.058002,"36":0.08286,"37":0.016572,"38":0.190578,"39":0.049716,"40":0.058002,"41":0.033144,"42":0.157434,"43":0.24858,"44":0.066288,"45":0.853458,"46":0.348012,"47":6.206214,"48":0.12429,"49":0.008286,"50":null},"opera":{"9":null,"9.5-9.6":null,"10.0-10.1":0,"10.5":0.016572,"10.6":0.049716,"11":0.024858,"11.1":0.016572,"11.5":0.024858,"11.6":0.099432,"12":0.099432,"12.1":0.430872,"15":null,"16":null,"17":null,"18":0.016572,"19":null,"20":0.016572,"21":0.008286,"22":null,"23":null,"24":0.016572,"25":0.016572,"26":0.016572,"27":0.074574,"28":0.008286,"29":0.016572,"30":0.04143,"31":null,"32":0.008286,"33":null,"34":0.024858,"35":0.033144,"36":0.215436,"37":0.074574,"38":2.013498,"39":null,"40":null},"safari":{"3.1":null,"3.2":null,"4":0.033144,"5":0.074574,"5.1":0.049716,"6":null,"6.1":0.008286,"7":0.008286,"7.1":null,"8":0.058002,"9":0.08286,"9.1":0.629736,"10":null,"0":null},"ios_saf":{"3.2":0,"4.0-4.1":0,"4.2-4.3":0,"5.0-5.1":0,"6.0-6.1":0,"7.0-7.1":0.0602580243383,"8":0,"8.1-8.4":0.142252961566,"9.0-9.2":0.216818827299,"9.3":2.2939321868},"android":{"2.1":0,"2.2":0,"2.3":0.00461454673262,"3":0,"4":0.0328145545431,"4.1":0.123054579537,"4.2-4.3":0.298920082791,"4.4":0.860869329341,"4.4.3-4.4.4":0.649112907055,"51":null},"op_mob":{"10":0,"11":0,"11.1":0,"11.5":0,"12":0,"12.1":0.00156577592868,"0":0.0688941408618},"ie":{"5.5":null,"6":0.0424035509138,"7":0.0763263916449,"8":1.0346466423,"9":0.186575624021,"10":0.30530556658,"11":1.60285422454},"bb":{"7":0.010284,"10":null},"ie_mob":{"10":0.142021269663,"11":0.445880730337},"edge":{"12":0.066288,"13":0.671166,"14":0.008286},"and_ff":{"0":0.0857},"samsung":{"0":1.048968},"and_uc":{"0":0.313662},"op_mini":{"0":0.82424808321},"and_chr":{"0":10.105346}},"total":95.087314}