{"id":"ME","name":"Montenegro","month":"2016-07","access_date":"2016-08-02","data":{"chrome":{"4":null,"5":null,"6":null,"7":null,"8":0.022916,"9":null,"10":0.068748,"11":0.040103,"12":0.011458,"13":null,"14":null,"15":null,"16":0.017187,"17":0.005729,"18":0.063019,"19":null,"20":0.011458,"21":null,"22":0.11458,"23":null,"24":0.011458,"25":0.011458,"26":0.097393,"27":0.017187,"28":0.005729,"29":0.040103,"30":0.011458,"31":0.074477,"32":0.017187,"33":0.068748,"34":0.189057,"35":0.017187,"36":0.051561,"37":0.040103,"38":0.05729,"39":0.091664,"40":0.223431,"41":0.063019,"42":0.034374,"43":0.131767,"44":0.131767,"45":0.126038,"46":0.091664,"47":0.274992,"48":0.148954,"49":4.216544,"50":0.664564,"51":31.841782,"52":0.80206,"53":0.22916,"54":0.011458,"55":null},"firefox":{"2":null,"3":null,"3.5":0.022916,"3.6":0.022916,"4":null,"5":null,"6":null,"7":null,"8":null,"9":null,"10":0.005729,"11":null,"12":null,"13":0.005729,"14":null,"15":0.011458,"16":null,"17":null,"18":0.022916,"19":0.005729,"20":null,"21":0.011458,"22":null,"23":null,"24":null,"25":null,"26":0.017187,"27":0.005729,"28":null,"29":0.011458,"30":0.011458,"31":0.017187,"32":0.005729,"33":0.005729,"34":0.011458,"35":0.011458,"36":0.005729,"37":0.034374,"38":0.045832,"39":0.045832,"40":0.034374,"41":0.022916,"42":0.051561,"43":0.166141,"44":0.068748,"45":0.143225,"46":0.143225,"47":7.040941,"48":0.320824,"49":0.011458,"50":0.011458},"opera":{"9":null,"9.5-9.6":null,"10.0-10.1":0,"10.5":null,"10.6":null,"11":null,"11.1":null,"11.5":null,"11.6":null,"12":0.011458,"12.1":0.183328,"15":0.005729,"16":null,"17":0.005729,"18":null,"19":0.005729,"20":null,"21":null,"22":null,"23":0.005729,"24":null,"25":null,"26":null,"27":null,"28":0.011458,"29":null,"30":0.005729,"31":0.022916,"32":0.011458,"33":null,"34":0.011458,"35":0.022916,"36":0.154683,"37":0.051561,"38":1.231735,"39":null,"40":null},"safari":{"3.1":null,"3.2":null,"4":0,"5":0.011458,"5.1":0.028645,"6":null,"6.1":0.022916,"7":0.017187,"7.1":null,"8":0.045832,"9":0.126038,"9.1":0.475507,"10":null,"0":null},"ios_saf":{"3.2":0,"4.0-4.1":0,"4.2-4.3":0,"5.0-5.1":0,"6.0-6.1":0,"7.0-7.1":0.158178363249,"8":0,"8.1-8.4":0.373416501369,"9.0-9.2":0.569153197444,"9.3":6.02161193794},"android":{"2.1":0,"2.2":0,"2.3":0.0115960348867,"3":0,"4":0.082460692528,"4.1":0.30922759698,"4.2-4.3":0.751165370997,"4.4":2.16330473054,"4.4.3-4.4.4":1.63117557407,"51":null},"op_mob":{"10":0,"11":0,"11.1":0,"11.5":0,"12":0,"12.1":0.00266774541852,"0":0.117380798415},"ie":{"5.5":null,"6":0.0116149589041,"7":0.0116149589041,"8":0.25552909589,"9":0.104534630137,"10":0.0929196712329,"11":1.21957068493},"bb":{"7":0.0117425,"10":null},"ie_mob":{"10":0.156790561798,"11":0.492249438202},"edge":{"12":0.05729,"13":0.475507,"14":null},"and_ff":{"0":0.01708},"samsung":{"0":3.71063},"and_uc":{"0":0.13664},"op_mini":{"0":1.40434145617},"and_chr":{"0":26.799766}},"total":98.1200725}