{"id":"MG","name":"Madagascar","month":"2016-07","access_date":"2016-08-02","data":{"chrome":{"4":null,"5":null,"6":null,"7":null,"8":null,"9":null,"10":null,"11":0.034827,"12":null,"13":null,"14":null,"15":null,"16":0.005358,"17":null,"18":0.010716,"19":0.002679,"20":null,"21":0.005358,"22":null,"23":null,"24":0.002679,"25":0.010716,"26":0.005358,"27":0.010716,"28":0.008037,"29":0.02679,"30":0.005358,"31":0.037506,"32":0.016074,"33":0.005358,"34":0.018753,"35":0.005358,"36":0.010716,"37":0.005358,"38":0.021432,"39":0.008037,"40":0.016074,"41":0.013395,"42":0.010716,"43":0.329517,"44":0.016074,"45":0.050901,"46":0.050901,"47":0.243789,"48":0.075012,"49":1.079637,"50":0.141987,"51":8.548689,"52":0.342912,"53":0.013395,"54":0.005358,"55":null},"firefox":{"2":0.013395,"3":0.166098,"3.5":0.005358,"3.6":0.034827,"4":0.02679,"5":0.005358,"6":0.008037,"7":0.005358,"8":0.005358,"9":0.010716,"10":0.029469,"11":0.008037,"12":0.032148,"13":0.032148,"14":0.016074,"15":0.024111,"16":0.029469,"17":0.013395,"18":0.032148,"19":0.056259,"20":0.042864,"21":0.021432,"22":0.158061,"23":0.034827,"24":0.013395,"25":0.072333,"26":0.029469,"27":0.077691,"28":0.056259,"29":0.096444,"30":0.13395,"31":0.192888,"32":0.093765,"33":0.096444,"34":0.066975,"35":0.139308,"36":0.064296,"37":0.206283,"38":0.32148,"39":0.184851,"40":0.174135,"41":0.144666,"42":0.13395,"43":0.56259,"44":0.286653,"45":0.259863,"46":0.334875,"47":7.085955,"48":0.222357,"49":0.042864,"50":null},"opera":{"9":null,"9.5-9.6":null,"10.0-10.1":0.061617,"10.5":null,"10.6":null,"11":0.002679,"11.1":null,"11.5":null,"11.6":0.013395,"12":0.002679,"12.1":0.037506,"15":0.002679,"16":null,"17":null,"18":null,"19":null,"20":0.005358,"21":null,"22":null,"23":null,"24":null,"25":null,"26":0.002679,"27":null,"28":0.005358,"29":0.002679,"30":0.013395,"31":null,"32":0.005358,"33":0.010716,"34":0.018753,"35":0.013395,"36":0.091086,"37":0.061617,"38":0.597417,"39":null,"40":null},"safari":{"3.1":null,"3.2":null,"4":0,"5":0.010716,"5.1":0.037506,"6":0.005358,"6.1":0.010716,"7":0.005358,"7.1":null,"8":0.048222,"9":0.045543,"9.1":0.310764,"10":null,"0":null},"ios_saf":{"3.2":0,"4.0-4.1":0,"4.2-4.3":0,"5.0-5.1":0,"6.0-6.1":0,"7.0-7.1":0.011867441436,"8":0,"8.1-8.4":0.0280158320657,"9.0-9.2":0.0427011134773,"9.3":0.451775613021},"android":{"2.1":0,"2.2":0,"2.3":0.0140301588128,"3":0,"4":0.0997700182244,"4.1":0.374137568342,"4.2-4.3":0.908842509763,"4.4":2.61740407186,"4.4.3-4.4.4":1.973575673,"51":null},"op_mob":{"10":0,"11":0,"11.1":0,"11.5":0,"12":0,"12.1":0.0857137315503,"0":3.77140418821},"ie":{"5.5":null,"6":0.02679,"7":0.02679,"8":0.174135,"9":0.101802,"10":0.050901,"11":0.380418},"bb":{"7":0.08784,"10":null},"ie_mob":{"10":0.127318651685,"11":0.399721348315},"edge":{"12":0.088407,"13":0.235752,"14":0.002679},"and_ff":{"0":0.549},"samsung":{"0":0.38796},"and_uc":{"0":9.31836},"op_mini":{"0":45.1210020802},"and_chr":{"0":4.069815}},"total":96.051495}