{"id":"MH","name":"Marshall Islands","month":"2016-07","access_date":"2016-08-02","data":{"chrome":{"4":null,"5":null,"6":null,"7":null,"8":null,"9":null,"10":null,"11":null,"12":null,"13":null,"14":null,"15":null,"16":null,"17":null,"18":null,"19":null,"20":null,"21":null,"22":null,"23":null,"24":null,"25":null,"26":null,"27":0.037356,"28":0.03113,"29":0.049808,"30":0.074712,"31":0.080938,"32":0.03113,"33":null,"34":0.018678,"35":null,"36":0.09339,"37":0.18678,"38":0.105842,"39":0.074712,"40":0.018678,"41":0.143198,"42":0.068486,"43":null,"44":null,"45":0.15565,"46":0.130746,"47":0.080938,"48":0.884092,"49":2.328524,"50":0.130746,"51":31.06774,"52":0.603922,"53":0.56034,"54":0.087164,"55":null},"firefox":{"2":null,"3":null,"3.5":null,"3.6":null,"4":null,"5":0.012452,"6":0.03113,"7":null,"8":0.024904,"9":null,"10":null,"11":null,"12":null,"13":null,"14":null,"15":null,"16":null,"17":null,"18":null,"19":0.012452,"20":null,"21":null,"22":null,"23":null,"24":null,"25":null,"26":null,"27":null,"28":null,"29":0.049808,"30":null,"31":0.037356,"32":null,"33":0.03113,"34":0.099616,"35":null,"36":null,"37":null,"38":null,"39":0.018678,"40":null,"41":0.037356,"42":0.018678,"43":0.3113,"44":0.087164,"45":null,"46":0.236588,"47":8.834694,"48":0.423368,"49":null,"50":null},"opera":{"9":null,"9.5-9.6":null,"10.0-10.1":0,"10.5":null,"10.6":null,"11":null,"11.1":null,"11.5":null,"11.6":null,"12":null,"12.1":null,"15":null,"16":null,"17":null,"18":null,"19":null,"20":null,"21":null,"22":null,"23":null,"24":null,"25":null,"26":null,"27":0.018678,"28":null,"29":0.087164,"30":null,"31":null,"32":null,"33":null,"34":null,"35":null,"36":null,"37":0.012452,"38":0.43582,"39":null,"40":null},"safari":{"3.1":null,"3.2":null,"4":0,"5":0.087164,"5.1":0.168102,"6":null,"6.1":0.34243,"7":null,"7.1":null,"8":0.018678,"9":0.105842,"9.1":3.23752,"10":null,"0":null},"ios_saf":{"3.2":0,"4.0-4.1":0,"4.2-4.3":0,"5.0-5.1":0,"6.0-6.1":0,"7.0-7.1":0.247339945847,"8":0,"8.1-8.4":0.583902977183,"9.0-9.2":0.889972042592,"9.3":9.41585903438},"android":{"2.1":0,"2.2":0,"2.3":0.0164126258787,"3":0,"4":0.116712006248,"4.1":0.437670023431,"4.2-4.3":1.06317343192,"4.4":3.06186653892,"4.4.3-4.4.4":2.3087093736,"51":null},"op_mob":{"10":0,"11":0,"11.1":0,"11.5":0,"12":0,"12.1":0.000138697771174,"0":0.00610270193165},"ie":{"5.5":null,"6":null,"7":null,"8":0.037356,"9":0.080938,"10":0.759572,"11":4.302166},"bb":{"7":0.0235875,"10":null},"ie_mob":{"10":0.307241764045,"11":0.964596235955},"edge":{"12":1.295008,"13":1.998546,"14":null},"and_ff":{"0":0.007548},"samsung":{"0":0.407592},"and_uc":{"0":1.237872},"op_mini":{"0":0.0730126002972},"and_chr":{"0":17.805852}},"total":99.2739715}