{"id":"MK","name":"Macedonia","month":"2016-07","access_date":"2016-08-02","data":{"chrome":{"4":null,"5":null,"6":null,"7":null,"8":null,"9":null,"10":null,"11":0.020997,"12":null,"13":0.006999,"14":null,"15":null,"16":0.013998,"17":null,"18":0.013998,"19":null,"20":null,"21":null,"22":0.090987,"23":null,"24":0.006999,"25":null,"26":0.062991,"27":null,"28":0.034995,"29":0.825882,"30":0.013998,"31":0.041994,"32":0.020997,"33":0.048993,"34":0.13998,"35":0.027996,"36":0.090987,"37":0.055992,"38":0.125982,"39":0.104985,"40":0.055992,"41":0.034995,"42":0.048993,"43":0.202971,"44":0.132981,"45":0.076989,"46":0.132981,"47":0.461934,"48":0.251964,"49":5.515212,"50":0.461934,"51":39.922296,"52":1.154835,"53":0.13998,"54":0.020997,"55":null},"firefox":{"2":0.013998,"3":0.006999,"3.5":null,"3.6":0.118983,"4":0.013998,"5":0.034995,"6":0.062991,"7":null,"8":null,"9":null,"10":null,"11":0.020997,"12":null,"13":0.020997,"14":0.006999,"15":null,"16":0.013998,"17":0.055992,"18":0.013998,"19":null,"20":0.006999,"21":0.006999,"22":null,"23":0.013998,"24":0.020997,"25":null,"26":0.013998,"27":null,"28":null,"29":0.020997,"30":0.020997,"31":0.034995,"32":null,"33":0.020997,"34":0.027996,"35":0.034995,"36":0.020997,"37":0.027996,"38":0.083988,"39":0.062991,"40":0.055992,"41":0.097986,"42":0.090987,"43":0.20997,"44":0.13998,"45":0.13998,"46":0.202971,"47":9.280674,"48":0.174975,"49":0.013998,"50":null},"opera":{"9":null,"9.5-9.6":null,"10.0-10.1":0,"10.5":null,"10.6":null,"11":null,"11.1":null,"11.5":null,"11.6":null,"12":null,"12.1":0.083988,"15":null,"16":null,"17":null,"18":null,"19":null,"20":null,"21":null,"22":null,"23":null,"24":null,"25":null,"26":null,"27":null,"28":0.020997,"29":null,"30":0.013998,"31":0.006999,"32":0.006999,"33":null,"34":0.013998,"35":0.020997,"36":0.307956,"37":0.027996,"38":1.32981,"39":0.013998,"40":0.006999},"safari":{"3.1":null,"3.2":null,"4":0,"5":0.006999,"5.1":0.041994,"6":null,"6.1":0.013998,"7":0.020997,"7.1":null,"8":0.027996,"9":0.041994,"9.1":0.293958,"10":null,"0":null},"ios_saf":{"3.2":0,"4.0-4.1":0,"4.2-4.3":0,"5.0-5.1":0,"6.0-6.1":0,"7.0-7.1":0.0968399966535,"8":0,"8.1-8.4":0.228613142785,"9.0-9.2":0.348447111246,"9.3":3.68655274932},"android":{"2.1":0,"2.2":0,"2.3":0.00928192658162,"3":0,"4":0.0660048112471,"4.1":0.247518042177,"4.2-4.3":0.601262577454,"4.4":1.73159497006,"4.4.3-4.4.4":1.30565767248,"51":null},"op_mob":{"10":0,"11":0,"11.1":0,"11.5":0,"12":0,"12.1":0.0010188635298,"0":0.0448299953112},"ie":{"5.5":null,"6":0.00713842231076,"7":0.028553689243,"8":0.299813737052,"9":0.128491601594,"10":0.114214756972,"11":1.21353179283},"bb":{"7":0.00975325,"10":null},"ie_mob":{"10":0.129767960674,"11":0.407411039326},"edge":{"12":0.06999,"13":0.643908,"14":0.006999},"and_ff":{"0":0.015005},"samsung":{"0":1.683561},"and_uc":{"0":0.126042},"op_mini":{"0":0.536345141159},"and_chr":{"0":20.609858}},"total":98.27787925}