{"id":"ML","name":"Mali","month":"2016-07","access_date":"2016-08-02","data":{"chrome":{"4":null,"5":0.000627,"6":null,"7":null,"8":null,"9":0.000627,"10":0.001881,"11":0.060192,"12":null,"13":0.000627,"14":null,"15":0.001881,"16":0.003135,"17":null,"18":null,"19":0.001254,"20":null,"21":0.001254,"22":null,"23":null,"24":null,"25":0.030096,"26":0.004389,"27":0.001881,"28":0.006897,"29":0.001254,"30":0.003762,"31":0.036993,"32":0.000627,"33":0.007524,"34":null,"35":null,"36":0.002508,"37":0.000627,"38":0.005016,"39":0.005016,"40":0.022572,"41":null,"42":0.000627,"43":0.01254,"44":0.005643,"45":0.023199,"46":0.010659,"47":0.03762,"48":0.008778,"49":0.151107,"50":0.016302,"51":1.413885,"52":0.048279,"53":0.002508,"54":null,"55":null},"firefox":{"2":0.001881,"3":0.586872,"3.5":0.001881,"3.6":0.010659,"4":0.002508,"5":0.011913,"6":0.000627,"7":0.001254,"8":0.003135,"9":0.003135,"10":0.002508,"11":0.00627,"12":0.010032,"13":0.005643,"14":0.001881,"15":0.004389,"16":0.049533,"17":0.001881,"18":0.005016,"19":0.002508,"20":0.01254,"21":0.005016,"22":0.011913,"23":0.002508,"24":0.010032,"25":0.006897,"26":0.00627,"27":0.001254,"28":0.003762,"29":0.003135,"30":0.019437,"31":0.058938,"32":0.011286,"33":0.013167,"34":0.013167,"35":0.011286,"36":0.013794,"37":0.015675,"38":0.02508,"39":0.011286,"40":0.032604,"41":0.013167,"42":0.05016,"43":0.189354,"44":0.0627,"45":0.105336,"46":0.064581,"47":1.164339,"48":0.020064,"49":0.000627,"50":null},"opera":{"9":null,"9.5-9.6":null,"10.0-10.1":0.005643,"10.5":null,"10.6":null,"11":0.002508,"11.1":null,"11.5":null,"11.6":null,"12":null,"12.1":0.001881,"15":null,"16":null,"17":0.000627,"18":0.002508,"19":null,"20":0.000627,"21":null,"22":null,"23":null,"24":null,"25":null,"26":null,"27":null,"28":null,"29":0.001881,"30":0.001254,"31":null,"32":0.000627,"33":0.004389,"34":0.001254,"35":0.000627,"36":0.008778,"37":0.018183,"38":0.070224,"39":null,"40":null},"safari":{"3.1":null,"3.2":null,"4":0.000627,"5":0.001254,"5.1":0.003762,"6":0.001881,"6.1":0.001254,"7":0.006897,"7.1":0.005643,"8":0.079629,"9":0.013167,"9.1":0.086526,"10":null,"0":null},"ios_saf":{"3.2":0,"4.0-4.1":0,"4.2-4.3":0,"5.0-5.1":0,"6.0-6.1":0,"7.0-7.1":0.0181101073928,"8":0,"8.1-8.4":0.0427530845756,"9.0-9.2":0.0651633087922,"9.3":0.689424499239},"android":{"2.1":0,"2.2":0,"2.3":0.0188655722468,"3":0,"4":0.134155180422,"4.1":0.503081926582,"4.2-4.3":1.22206984665,"4.4":3.51947731138,"4.4.3-4.4.4":2.65375716272,"51":null},"op_mob":{"10":0,"11":0,"11.1":0,"11.5":0,"12":0,"12.1":0.0276228824831,"0":1.21540682926},"ie":{"5.5":null,"6":0.00251822629969,"7":0.00944334862385,"8":0.0723990061162,"9":0.0195162538226,"10":0.0749172324159,"11":0.437541819572},"bb":{"7":0.02108925,"10":null},"ie_mob":{"10":0.131327314607,"11":0.412306685393},"edge":{"12":0.030723,"13":0.065835,"14":null},"and_ff":{"0":0.328055},"samsung":{"0":2.165163},"and_uc":{"0":50.717303},"op_mini":{"0":14.5411022883},"and_chr":{"0":13.005809}},"total":97.0712761369}