{"id":"MM","name":"Myanmar","month":"2016-07","access_date":"2016-08-02","data":{"chrome":{"4":null,"5":0.022231,"6":null,"7":null,"8":null,"9":null,"10":null,"11":0.064672,"12":0.004042,"13":0.002021,"14":0.002021,"15":null,"16":null,"17":0.004042,"18":0.004042,"19":0.004042,"20":0.008084,"21":null,"22":0.006063,"23":0.002021,"24":0.004042,"25":0.010105,"26":0.004042,"27":0.008084,"28":0.012126,"29":0.02021,"30":0.004042,"31":0.054567,"32":0.038399,"33":0.028294,"34":0.008084,"35":0.012126,"36":0.006063,"37":0.002021,"38":0.028294,"39":0.018189,"40":0.010105,"41":0.004042,"42":0.010105,"43":0.048504,"44":0.014147,"45":0.054567,"46":0.026273,"47":0.050525,"48":0.028294,"49":0.111155,"50":0.264751,"51":4.670531,"52":0.173806,"53":0.046483,"54":0.004042,"55":null},"firefox":{"2":0.028294,"3":0.026273,"3.5":0.006063,"3.6":0.052546,"4":0.02021,"5":0.010105,"6":0.012126,"7":0.004042,"8":0.008084,"9":0.02021,"10":0.014147,"11":0.042441,"12":0.070735,"13":0.038399,"14":0.030315,"15":0.044462,"16":0.018189,"17":0.016168,"18":0.026273,"19":0.062651,"20":0.028294,"21":0.050525,"22":0.030315,"23":0.054567,"24":0.036378,"25":0.056588,"26":0.086903,"27":0.052546,"28":0.024252,"29":0.157638,"30":0.135407,"31":0.062651,"32":0.058609,"33":0.092966,"34":0.070735,"35":0.111155,"36":0.173806,"37":0.10105,"38":0.143491,"39":0.143491,"40":0.12126,"41":0.204121,"42":0.196037,"43":0.529502,"44":0.339528,"45":0.234436,"46":0.329423,"47":4.492683,"48":1.099424,"49":0.034357,"50":0.002021},"opera":{"9":null,"9.5-9.6":null,"10.0-10.1":0,"10.5":null,"10.6":null,"11":null,"11.1":null,"11.5":null,"11.6":null,"12":null,"12.1":null,"15":null,"16":null,"17":null,"18":0.002021,"19":null,"20":null,"21":null,"22":null,"23":null,"24":null,"25":null,"26":null,"27":null,"28":0.002021,"29":0.002021,"30":null,"31":null,"32":null,"33":0.002021,"34":0.14147,"35":0.002021,"36":null,"37":0.02021,"38":0.165722,"39":null,"40":null},"safari":{"3.1":null,"3.2":null,"4":0,"5":0.002021,"5.1":0.006063,"6":0.004042,"6.1":0.002021,"7":0.012126,"7.1":null,"8":0.082861,"9":0.103071,"9.1":0.286982,"10":null,"0":null},"ios_saf":{"3.2":0,"4.0-4.1":0,"4.2-4.3":0,"5.0-5.1":0,"6.0-6.1":0,"7.0-7.1":0.101879084271,"8":0,"8.1-8.4":0.240509071088,"9.0-9.2":0.366578622858,"9.3":3.87838322178},"android":{"2.1":0,"2.2":0,"2.3":0.0578192101015,"3":0,"4":0.411158827389,"4.1":1.54184560271,"4.2-4.3":3.74539994324,"4.4":10.7864948623,"4.4.3-4.4.4":8.13323555428,"51":null},"op_mob":{"10":0,"11":0,"11.1":0,"11.5":0,"12":0,"12.1":0.00502625854383,"0":0.221155375929},"ie":{"5.5":null,"6":null,"7":null,"8":0.111464263345,"9":0.092886886121,"10":0.0495396725979,"11":0.326136177936},"bb":{"7":0,"10":null},"ie_mob":{"10":0.0115636179775,"11":0.0363043820225},"edge":{"12":0.038399,"13":0.082861,"14":null},"and_ff":{"0":0.287208},"samsung":{"0":3.35076},"and_uc":{"0":6.039346},"op_mini":{"0":2.64589836553},"and_chr":{"0":40.066358}},"total":99.170096}