{"id":"MN","name":"Mongolia","month":"2016-07","access_date":"2016-08-02","data":{"chrome":{"4":0.006167,"5":null,"6":null,"7":null,"8":null,"9":null,"10":0.012334,"11":0.024668,"12":0.06167,"13":null,"14":null,"15":null,"16":0.012334,"17":null,"18":0.037002,"19":0.030835,"20":null,"21":0.012334,"22":0.049336,"23":0.129507,"24":0.012334,"25":0.043169,"26":0.024668,"27":0.030835,"28":0.043169,"29":0.030835,"30":0.074004,"31":0.043169,"32":0.030835,"33":0.098672,"34":0.098672,"35":0.030835,"36":0.055503,"37":0.037002,"38":0.037002,"39":0.030835,"40":0.080171,"41":0.06167,"42":0.06167,"43":0.505694,"44":0.086338,"45":0.314517,"46":0.148008,"47":1.387575,"48":0.172676,"49":1.930271,"50":0.592032,"51":32.611096,"52":1.214899,"53":0.197344,"54":0.024668,"55":null},"firefox":{"2":null,"3":null,"3.5":0.024668,"3.6":0.024668,"4":0.012334,"5":null,"6":null,"7":null,"8":null,"9":0.006167,"10":0.012334,"11":0.024668,"12":0.043169,"13":0.024668,"14":0.098672,"15":0.037002,"16":0.043169,"17":0.006167,"18":0.012334,"19":0.024668,"20":0.012334,"21":null,"22":0.006167,"23":0.012334,"24":0.018501,"25":0.012334,"26":0.030835,"27":0.018501,"28":0.012334,"29":0.055503,"30":0.049336,"31":0.024668,"32":0.030835,"33":0.024668,"34":0.037002,"35":0.037002,"36":0.018501,"37":0.06167,"38":0.160342,"39":0.055503,"40":0.06167,"41":0.086338,"42":0.203511,"43":0.320684,"44":0.12334,"45":0.271348,"46":0.37002,"47":10.261888,"48":0.912716,"49":0.111006,"50":null},"opera":{"9":null,"9.5-9.6":null,"10.0-10.1":0,"10.5":null,"10.6":null,"11":null,"11.1":null,"11.5":null,"11.6":null,"12":null,"12.1":null,"15":null,"16":null,"17":null,"18":null,"19":null,"20":null,"21":null,"22":null,"23":null,"24":null,"25":null,"26":null,"27":null,"28":null,"29":null,"30":null,"31":null,"32":null,"33":0.012334,"34":0.006167,"35":0.037002,"36":0.024668,"37":0.018501,"38":1.393742,"39":null,"40":0.043169},"safari":{"3.1":null,"3.2":null,"4":0,"5":0.012334,"5.1":0.037002,"6":null,"6.1":0.012334,"7":0.018501,"7.1":null,"8":0.135674,"9":0.135674,"9.1":0.653702,"10":null,"0":null},"ios_saf":{"3.2":0,"4.0-4.1":0,"4.2-4.3":0,"5.0-5.1":0,"6.0-6.1":0,"7.0-7.1":0.172425022817,"8":0,"8.1-8.4":0.407049026468,"9.0-9.2":0.620415150593,"9.3":6.56396080012},"android":{"2.1":0,"2.2":0,"2.3":0.0349551799011,"3":0,"4":0.248570168185,"4.1":0.932138130695,"4.2-4.3":2.26431887581,"4.4":6.52108300599,"4.4.3-4.4.4":4.91702863942,"51":null},"op_mob":{"10":0,"11":0,"11.1":0,"11.5":0,"12":0,"12.1":0.00114735156018,"0":0.0504834686478},"ie":{"5.5":null,"6":0.014866875,"7":0.0074334375,"8":0.32707125,"9":0.074334375,"10":0.1263684375,"11":1.115015625},"bb":{"7":0.030672,"10":null},"ie_mob":{"10":0.0342690674157,"11":0.107588932584},"edge":{"12":0.067837,"13":0.407022,"14":null},"and_ff":{"0":0.046008},"samsung":{"0":3.170718},"and_uc":{"0":0.379566},"op_mini":{"0":0.603983179792},"and_chr":{"0":12.130134}},"total":98.199201}