{"id":"MO","name":"Macao","month":"2016-07","access_date":"2016-08-02","data":{"chrome":{"4":null,"5":null,"6":null,"7":null,"8":null,"9":null,"10":null,"11":0.061875,"12":0.005625,"13":null,"14":null,"15":null,"16":null,"17":0.01125,"18":0.01125,"19":null,"20":null,"21":null,"22":0.016875,"23":null,"24":null,"25":0.039375,"26":0.0225,"27":0.016875,"28":0.01125,"29":null,"30":0.045,"31":0.163125,"32":0.016875,"33":0.028125,"34":0.028125,"35":0.03375,"36":0.073125,"37":0.03375,"38":0.050625,"39":0.050625,"40":0.0675,"41":0.0225,"42":0.253125,"43":0.230625,"44":0.309375,"45":1.783125,"46":0.219375,"47":0.478125,"48":0.410625,"49":2.795625,"50":1.411875,"51":24.37875,"52":0.725625,"53":0.09,"54":0.0225,"55":null},"firefox":{"2":null,"3":null,"3.5":null,"3.6":0.005625,"4":null,"5":null,"6":null,"7":null,"8":null,"9":null,"10":null,"11":null,"12":0.01125,"13":null,"14":null,"15":null,"16":0.039375,"17":null,"18":null,"19":null,"20":null,"21":null,"22":null,"23":null,"24":null,"25":null,"26":null,"27":null,"28":null,"29":null,"30":null,"31":0.01125,"32":0.028125,"33":0.005625,"34":0.016875,"35":0.01125,"36":null,"37":0.01125,"38":0.045,"39":0.0675,"40":0.050625,"41":0.01125,"42":0.07875,"43":0.0675,"44":0.016875,"45":0.0675,"46":0.09,"47":4.910625,"48":0.0225,"49":null,"50":0.016875},"opera":{"9":null,"9.5-9.6":null,"10.0-10.1":0,"10.5":null,"10.6":null,"11":null,"11.1":null,"11.5":null,"11.6":null,"12":null,"12.1":0.061875,"15":null,"16":null,"17":null,"18":null,"19":null,"20":null,"21":null,"22":null,"23":null,"24":null,"25":null,"26":null,"27":null,"28":0.005625,"29":null,"30":null,"31":null,"32":null,"33":null,"34":null,"35":0.01125,"36":0.0225,"37":0.0225,"38":0.286875,"39":null,"40":null},"safari":{"3.1":null,"3.2":null,"4":0,"5":0.0225,"5.1":0.118125,"6":0.05625,"6.1":0.0675,"7":0.073125,"7.1":0.01125,"8":0.30375,"9":0.495,"9.1":2.401875,"10":0.03375,"0":null},"ios_saf":{"3.2":0,"4.0-4.1":0,"4.2-4.3":0,"5.0-5.1":0,"6.0-6.1":0,"7.0-7.1":0.499612488591,"8":0,"8.1-8.4":1.17945048677,"9.0-9.2":1.7976924247,"9.3":19.0194945999},"android":{"2.1":0,"2.2":0,"2.3":0.00433627310596,"3":0,"4":0.0308357198646,"4.1":0.115633949492,"4.2-4.3":0.280894135642,"4.4":0.808955838323,"4.4.3-4.4.4":0.609969083572,"51":null},"op_mob":{"10":0,"11":0,"11.1":0,"11.5":0,"12":0,"12.1":0.000206723625557,"0":0.00909583952452},"ie":{"5.5":null,"6":0.0521559278351,"7":0.0173853092784,"8":0.788134020619,"9":0.764953608247,"10":0.695412371134,"11":6.1022435567},"bb":{"7":0.0065625,"10":null},"ie_mob":{"10":0.0264220505618,"11":0.0829529494382},"edge":{"12":0.09,"13":1.38375,"14":0.01125},"and_ff":{"0":0.021875},"samsung":{"0":4.10375},"and_uc":{"0":1.439375},"op_mini":{"0":0.10882243685},"and_chr":{"0":14.891875}},"total":98.4412222938}