{"id":"MP","name":"Northern Mariana Islands","month":"2016-07","access_date":"2016-08-02","data":{"chrome":{"4":null,"5":null,"6":null,"7":null,"8":null,"9":null,"10":null,"11":0.019185,"12":null,"13":null,"14":null,"15":null,"16":null,"17":null,"18":null,"19":null,"20":null,"21":null,"22":null,"23":null,"24":null,"25":null,"26":0.01279,"27":null,"28":null,"29":null,"30":null,"31":0.326145,"32":null,"33":0.02558,"34":0.16627,"35":null,"36":0.019185,"37":null,"38":null,"39":null,"40":0.02558,"41":0.01279,"42":0.34533,"43":0.05116,"44":0.044765,"45":0.492415,"46":0.006395,"47":0.095925,"48":0.019185,"49":2.58358,"50":0.249405,"51":35.62015,"52":0.645895,"53":0.07674,"54":null,"55":null},"firefox":{"2":null,"3":null,"3.5":null,"3.6":0.06395,"4":null,"5":0.01279,"6":null,"7":null,"8":null,"9":null,"10":null,"11":null,"12":null,"13":null,"14":null,"15":null,"16":0.006395,"17":null,"18":0.06395,"19":null,"20":null,"21":null,"22":null,"23":null,"24":null,"25":null,"26":null,"27":null,"28":null,"29":null,"30":null,"31":0.01279,"32":null,"33":null,"34":null,"35":0.01279,"36":0.01279,"37":null,"38":0.02558,"39":0.057555,"40":0.01279,"41":0.070345,"42":0.159875,"43":0.02558,"44":null,"45":0.06395,"46":0.08953,"47":4.78346,"48":0.19185,"49":null,"50":null},"opera":{"9":null,"9.5-9.6":null,"10.0-10.1":0,"10.5":null,"10.6":null,"11":null,"11.1":null,"11.5":null,"11.6":null,"12":null,"12.1":null,"15":null,"16":null,"17":null,"18":null,"19":null,"20":null,"21":null,"22":null,"23":null,"24":null,"25":null,"26":null,"27":0.02558,"28":null,"29":0.159875,"30":null,"31":null,"32":null,"33":null,"34":null,"35":0.095925,"36":null,"37":0.172665,"38":0.10232,"39":null,"40":null},"safari":{"3.1":null,"3.2":null,"4":0.01279,"5":0.02558,"5.1":0.159875,"6":null,"6.1":0.01279,"7":0.044765,"7.1":0.377305,"8":0.11511,"9":0.223825,"9.1":0.876115,"10":null,"0":null},"ios_saf":{"3.2":0,"4.0-4.1":0,"4.2-4.3":0,"5.0-5.1":0,"6.0-6.1":0,"7.0-7.1":0.192630054761,"8":0,"8.1-8.4":0.454747663523,"9.0-9.2":0.693116361424,"9.3":7.33313592029},"android":{"2.1":0,"2.2":0,"2.3":0.0102462340536,"3":0,"4":0.0728621088258,"4.1":0.273232908097,"4.2-4.3":0.663728272585,"4.4":1.91149188623,"4.4.3-4.4.4":1.44130359021,"51":null},"op_mob":{"10":0,"11":0,"11.1":0,"11.5":0,"12":0,"12.1":0.00105358609873,"0":0.0463577883441},"ie":{"5.5":null,"6":null,"7":null,"8":0.722635,"9":0.198245,"10":0.402885,"11":5.92177},"bb":{"7":0.003605,"10":null},"ie_mob":{"10":0.0287387359551,"11":0.0902262640449},"edge":{"12":0.11511,"13":2.769035,"14":null},"and_ff":{"0":0.075705},"samsung":{"0":3.74199},"and_uc":{"0":0.522725},"op_mini":{"0":0.554623625557},"and_chr":{"0":21.608305}},"total":98.758465}