{"id":"MQ","name":"Martinique","month":"2016-01","access_date":"2016-02-03","data":{"firefox":{"2":0,"3":0.007771,"3.5":0,"3.6":0.015542,"4":0,"5":0,"6":0.015542,"7":0,"8":0,"9":0,"10":0,"11":0,"12":0.007771,"13":0.007771,"14":0.007771,"15":0.007771,"16":0.015542,"17":0.007771,"18":0,"19":0,"20":0.015542,"21":0.093252,"22":0,"23":0.007771,"24":0,"25":0.031084,"26":0.007771,"27":0.007771,"28":0.007771,"29":0.007771,"30":0.007771,"31":0.054397,"32":0.015542,"33":0.007771,"34":0.015542,"35":0.015542,"36":0.124336,"37":0.062168,"38":0.139878,"39":0.116565,"40":0.108794,"41":0.124336,"42":0.264214,"43":8.524787,"44":0.784871,"45":0.575054,"46":0.015542,"47":0},"chrome":{"4":0.007771,"5":0,"6":0,"7":0,"8":0,"9":0,"10":0,"11":0.046626,"12":0.023313,"13":0,"14":0,"15":0,"16":0,"17":0,"18":0,"19":0,"20":0,"21":0.007771,"22":0.015542,"23":0.031084,"24":0.015542,"25":0,"26":0.007771,"27":0,"28":0.007771,"29":0,"30":0.007771,"31":0.069939,"32":0.023313,"33":0.069939,"34":0.046626,"35":0.085481,"36":0.062168,"37":0.054397,"38":0.069939,"39":0.038855,"40":0.062168,"41":0.046626,"42":0.093252,"43":0.147649,"44":0.116565,"45":0.23313,"46":0.474031,"47":30.361297,"48":3.015148,"49":0.069939,"50":0.007771,"51":0},"opera":{"9":0,"9.5-9.6":0,"10.0-10.1":0,"10.5":0,"10.6":0,"11":0,"11.1":0,"11.5":0,"11.6":0,"12":0.023313,"12.1":0.062168,"15":0,"16":0,"17":0,"18":0,"19":0,"20":0,"21":0,"22":0,"23":0,"24":0,"25":0.007771,"26":0,"27":0,"28":0,"29":0,"30":0,"31":0,"32":0,"33":0.007771,"34":0.683848,"35":0.007771,"36":0},"safari":{"3.1":0.015542,"3.2":0,"4":0.023313,"5":0.202046,"5.1":0.46626,"6":0.023313,"6.1":0.202046,"7":0.209817,"7.1":0.093252,"8":0.551741,"9":3.737851,"9.1":0.007771},"android":{"2.1":0,"2.2":0,"2.3":0.0373876369819,"3":0,"4":0.155392366206,"4.1":0.531605463337,"4.2-4.3":1.18355238321,"4.4":2.35542112986,"4.4.3-4.4.4":1.2337920204,"47":null},"ios_saf":{"3.2":0,"4.0-4.1":0,"4.2-4.3":0,"5.0-5.1":0,"6.0-6.1":0,"7.0-7.1":0.317389645101,"8":0.0222584945915,"8.1-8.4":0.906827557433,"9.0-9.2":6.75586530287,"9.3":null},"op_mob":{"10":0,"11":0,"11.1":0,"11.5":0,"12":1.06446461883e-5,"12.1":1.06446461883e-5,"0":0.000564166247979},"ie":{"5.5":0,"6":0.00779417971663,"7":0.0389708985831,"8":0.389708985831,"9":0.467650782998,"10":0.654711096197,"11":8.88536487696},"bb":{"7":0.011145,"10":null},"ie_mob":{"10":0.0646971932773,"11":0.285255806723},"edge":{"12":0.924749,"13":1.927208,"14":0},"and_uc":{"0":0.071328},"op_mini":{"5.0-8.0":0.14207054446},"and_chr":{"0":18.258918},"and_ff":{"0":0.051267}},"total":98.5548008203}