{"id":"MR","name":"Mauritania","month":"2016-07","access_date":"2016-08-02","data":{"chrome":{"4":0.00286,"5":0.02288,"6":0.02002,"7":0.03432,"8":0.00858,"9":0.1144,"10":0.0143,"11":0.0858,"12":0.05434,"13":0.04004,"14":0.06006,"15":0.01144,"16":0.04862,"17":0.08866,"18":0.00858,"19":0.01716,"20":null,"21":0.00572,"22":0.02002,"23":0.01144,"24":null,"25":0.03146,"26":0.0572,"27":0.03432,"28":0.03432,"29":0.3146,"30":0.02288,"31":0.1144,"32":0.00572,"33":0.08294,"34":0.02002,"35":0.01716,"36":0.01716,"37":null,"38":0.01716,"39":0.00858,"40":0.0429,"41":0.03432,"42":0.05148,"43":0.54912,"44":0.0429,"45":0.26312,"46":0.08008,"47":0.24024,"48":0.18876,"49":1.36422,"50":0.29458,"51":11.18832,"52":0.29458,"53":0.01144,"54":null,"55":null},"firefox":{"2":0.00572,"3":0.0715,"3.5":0.00858,"3.6":0.04862,"4":0.0143,"5":0.01144,"6":0.02574,"7":null,"8":0.00572,"9":0.02002,"10":0.02288,"11":0.03146,"12":0.03718,"13":0.01144,"14":0.05434,"15":0.00858,"16":0.0429,"17":0.03146,"18":0.05148,"19":0.00572,"20":0.03146,"21":0.09724,"22":0.01144,"23":0.0286,"24":0.04862,"25":0.03146,"26":0.03718,"27":0.02574,"28":0.00858,"29":0.02002,"30":0.06578,"31":0.02574,"32":0.05148,"33":0.0286,"34":0.03432,"35":0.03432,"36":0.03432,"37":0.03718,"38":0.08008,"39":0.11154,"40":0.12012,"41":0.06006,"42":0.0715,"43":0.40612,"44":0.10582,"45":0.13156,"46":0.24024,"47":4.06692,"48":0.18876,"49":0.01144,"50":null},"opera":{"9":null,"9.5-9.6":null,"10.0-10.1":0,"10.5":null,"10.6":null,"11":null,"11.1":null,"11.5":null,"11.6":null,"12":null,"12.1":0.02288,"15":null,"16":0.00286,"17":null,"18":null,"19":null,"20":null,"21":null,"22":null,"23":null,"24":null,"25":null,"26":null,"27":null,"28":null,"29":0.01144,"30":null,"31":0.01716,"32":null,"33":null,"34":0.00858,"35":0.00572,"36":0.07436,"37":0.02574,"38":0.40898,"39":null,"40":null},"safari":{"3.1":null,"3.2":null,"4":0,"5":null,"5.1":0.00858,"6":null,"6.1":0.00572,"7":0.01144,"7.1":null,"8":0.0429,"9":0.03718,"9.1":0.1001,"10":null,"0":null},"ios_saf":{"3.2":0,"4.0-4.1":0,"4.2-4.3":0,"5.0-5.1":0,"6.0-6.1":0,"7.0-7.1":0.0667580225129,"8":0,"8.1-8.4":0.157597706115,"9.0-9.2":0.240206948585,"9.3":2.54137732279},"android":{"2.1":0,"2.2":0,"2.3":0.046442530591,"3":0,"4":0.330257995314,"4.1":1.23846748243,"4.2-4.3":3.00844392606,"4.4":8.66411209581,"4.4.3-4.4.4":6.5329159698,"51":null},"op_mob":{"10":0,"11":0,"11.1":0,"11.5":0,"12":0,"12.1":0.025477905894,"0":1.12102785934},"ie":{"5.5":null,"6":0.00578774957699,"7":0.023150998308,"8":0.387779221658,"9":0.0810284940778,"10":0.147587614213,"11":1.06494592217},"bb":{"7":0.005355,"10":null},"ie_mob":{"10":0.084516741573,"11":0.265343258427},"edge":{"12":0.05148,"13":0.2431,"14":null},"and_ff":{"0":0.05712},"samsung":{"0":3.93414},"and_uc":{"0":3.8556},"op_mini":{"0":13.4119542348},"and_chr":{"0":26.8527}},"total":98.076855}