{"id":"MT","name":"Malta","month":"2016-07","access_date":"2016-08-02","data":{"chrome":{"4":null,"5":null,"6":null,"7":null,"8":null,"9":null,"10":null,"11":0.108144,"12":null,"13":null,"14":null,"15":null,"16":null,"17":null,"18":0.013518,"19":null,"20":0.020277,"21":null,"22":0.040554,"23":0.006759,"24":null,"25":null,"26":0.047313,"27":null,"28":null,"29":0.168975,"30":null,"31":0.013518,"32":0.020277,"33":0.020277,"34":0.020277,"35":0.006759,"36":0.033795,"37":0.040554,"38":0.027036,"39":0.047313,"40":0.040554,"41":0.033795,"42":0.040554,"43":0.101385,"44":0.060831,"45":0.087867,"46":0.054072,"47":0.155457,"48":1.128753,"49":3.088863,"50":0.33795,"51":37.674666,"52":0.980055,"53":0.06759,"54":0.020277,"55":null},"firefox":{"2":null,"3":null,"3.5":null,"3.6":0.013518,"4":null,"5":null,"6":null,"7":null,"8":null,"9":null,"10":null,"11":null,"12":null,"13":null,"14":null,"15":null,"16":0.006759,"17":null,"18":null,"19":0.006759,"20":null,"21":null,"22":null,"23":null,"24":0.033795,"25":0.033795,"26":null,"27":null,"28":null,"29":0.033795,"30":0.013518,"31":0.013518,"32":0.027036,"33":0.020277,"34":0.027036,"35":0.020277,"36":0.033795,"37":0.054072,"38":0.148698,"39":0.087867,"40":0.054072,"41":0.087867,"42":0.060831,"43":0.243324,"44":0.114903,"45":0.297396,"46":0.304155,"47":7.630911,"48":0.297396,"49":0.013518,"50":0.006759},"opera":{"9":null,"9.5-9.6":null,"10.0-10.1":0,"10.5":null,"10.6":null,"11":null,"11.1":null,"11.5":null,"11.6":null,"12":null,"12.1":0.175734,"15":null,"16":null,"17":null,"18":null,"19":null,"20":null,"21":null,"22":null,"23":null,"24":null,"25":null,"26":null,"27":null,"28":null,"29":null,"30":null,"31":null,"32":null,"33":null,"34":null,"35":null,"36":0.033795,"37":null,"38":0.412299,"39":null,"40":null},"safari":{"3.1":null,"3.2":null,"4":0,"5":0.040554,"5.1":0.060831,"6":0.013518,"6.1":0.054072,"7":0.054072,"7.1":0.013518,"8":0.216288,"9":0.40554,"9.1":2.068254,"10":0.013518,"0":null},"ios_saf":{"3.2":0,"4.0-4.1":0,"4.2-4.3":0,"5.0-5.1":0,"6.0-6.1":0,"7.0-7.1":0.201529703073,"8":0,"8.1-8.4":0.475757335564,"9.0-9.2":0.72513884028,"9.3":7.67193212108},"android":{"2.1":0,"2.2":0,"2.3":0.0047174011976,"3":0,"4":0.0335459640719,"4.1":0.125797365269,"4.2-4.3":0.305582766467,"4.4":0.880057401198,"4.4.3-4.4.4":0.663581101796,"51":null},"op_mob":{"10":0,"11":0,"11.1":0,"11.5":0,"12":0,"12.1":0.0001872299158,"0":0.0082381162952},"ie":{"5.5":null,"6":null,"7":null,"8":0.243324,"9":0.20277,"10":0.162216,"11":4.548807},"bb":{"7":0.0186415,"10":null},"ie_mob":{"10":0.164467752809,"11":0.516352247191},"edge":{"12":0.148698,"13":2.588697,"14":null},"and_ff":{"0":0.019452},"samsung":{"0":3.5662},"and_uc":{"0":0.14589},"op_mini":{"0":0.098560653789},"and_chr":{"0":17.701307}},"total":98.9771035}