{"id":"MV","name":"Maldives","month":"2016-07","access_date":"2016-08-02","data":{"chrome":{"4":null,"5":null,"6":null,"7":null,"8":null,"9":null,"10":null,"11":0.014008,"12":0.038522,"13":null,"14":null,"15":0.003502,"16":0.007004,"17":0.010506,"18":0.003502,"19":0.010506,"20":0.007004,"21":0.014008,"22":null,"23":0.010506,"24":0.003502,"25":0.007004,"26":0.003502,"27":0.014008,"28":0.01751,"29":0.014008,"30":0.014008,"31":0.049028,"32":0.014008,"33":0.038522,"34":0.031518,"35":0.010506,"36":0.010506,"37":0.014008,"38":0.014008,"39":0.028016,"40":0.031518,"41":0.003502,"42":0.028016,"43":0.101558,"44":0.042024,"45":0.091052,"46":0.045526,"47":0.119068,"48":0.049028,"49":0.563822,"50":0.458762,"51":18.658656,"52":0.462264,"53":0.084048,"54":0.014008,"55":null},"firefox":{"2":null,"3":0.014008,"3.5":null,"3.6":0.038522,"4":0.01751,"5":0.003502,"6":null,"7":null,"8":0.007004,"9":null,"10":0.01751,"11":0.021012,"12":0.024514,"13":0.014008,"14":0.010506,"15":0.007004,"16":0.007004,"17":0.003502,"18":0.010506,"19":0.007004,"20":0.014008,"21":0.007004,"22":0.014008,"23":0.010506,"24":0.014008,"25":0.014008,"26":null,"27":0.010506,"28":null,"29":0.021012,"30":0.038522,"31":0.01751,"32":0.010506,"33":0.01751,"34":0.010506,"35":0.028016,"36":0.010506,"37":0.024514,"38":0.056032,"39":0.014008,"40":0.014008,"41":0.059534,"42":0.080546,"43":0.168096,"44":0.15759,"45":0.15759,"46":0.19261,"47":4.0273,"48":0.605846,"49":0.014008,"50":0.003502},"opera":{"9":null,"9.5-9.6":null,"10.0-10.1":0,"10.5":null,"10.6":null,"11":null,"11.1":null,"11.5":null,"11.6":null,"12":null,"12.1":0.007004,"15":null,"16":null,"17":null,"18":null,"19":null,"20":0.003502,"21":null,"22":null,"23":null,"24":null,"25":null,"26":null,"27":null,"28":0.003502,"29":null,"30":null,"31":null,"32":null,"33":null,"34":0.01751,"35":null,"36":null,"37":0.045526,"38":0.287164,"39":null,"40":null},"safari":{"3.1":null,"3.2":null,"4":0,"5":0.010506,"5.1":0.031518,"6":null,"6.1":0.014008,"7":0.007004,"7.1":0.007004,"8":0.059534,"9":0.182104,"9.1":0.78795,"10":null,"0":null},"ios_saf":{"3.2":0,"4.0-4.1":0,"4.2-4.3":0,"5.0-5.1":0,"6.0-6.1":0,"7.0-7.1":0.205067549133,"8":0,"8.1-8.4":0.484109236994,"9.0-9.2":0.737868624277,"9.3":7.8066125896},"android":{"2.1":0,"2.2":0,"2.3":0.0105971028378,"3":0,"4":0.0753571757355,"4.1":0.282589409008,"4.2-4.3":0.686456772715,"4.4":1.97694840719,"4.4.3-4.4.4":1.49065913252,"51":null},"op_mob":{"10":0,"11":0,"11.1":0,"11.5":0,"12":0,"12.1":0.0154428612184,"0":0.679485893611},"ie":{"5.5":null,"6":0.010506,"7":null,"8":0.154088,"9":0.059534,"10":0.161092,"11":0.794954},"bb":{"7":0.0048735,"10":null},"ie_mob":{"10":0.144416224719,"11":0.453399775281},"edge":{"12":0.19261,"13":0.346698,"14":0.007004},"and_ff":{"0":0.071478},"samsung":{"0":5.107428},"and_uc":{"0":5.1984},"op_mini":{"0":8.12935524517},"and_chr":{"0":35.011442}},"total":98.9343275}