{"id":"MW","name":"Malawi","month":"2016-07","access_date":"2016-08-02","data":{"chrome":{"4":null,"5":null,"6":null,"7":null,"8":null,"9":null,"10":0.005467,"11":0.010934,"12":0.001562,"13":null,"14":0.003905,"15":null,"16":null,"17":null,"18":0.004686,"19":0.003124,"20":0.003905,"21":0.002343,"22":0.002343,"23":0.000781,"24":null,"25":0.006248,"26":0.00781,"27":0.012496,"28":0.010934,"29":0.004686,"30":0.003124,"31":0.00781,"32":0.002343,"33":0.013277,"34":0.001562,"35":0.002343,"36":0.014058,"37":0.003905,"38":0.005467,"39":0.003124,"40":0.013277,"41":0.002343,"42":0.012496,"43":0.017963,"44":0.007029,"45":0.017963,"46":0.010153,"47":0.090596,"48":0.016401,"49":0.102311,"50":0.076538,"51":2.031381,"52":0.053889,"53":0.010934,"54":0.000781,"55":null},"firefox":{"2":0.001562,"3":0.032021,"3.5":0.000781,"3.6":0.013277,"4":0.005467,"5":0.00781,"6":0.013277,"7":0.001562,"8":0.005467,"9":0.002343,"10":0.013277,"11":0.007029,"12":0.020306,"13":0.005467,"14":0.007029,"15":0.007029,"16":0.009372,"17":0.005467,"18":0.006248,"19":0.014839,"20":0.014839,"21":0.008591,"22":0.011715,"23":0.021087,"24":0.008591,"25":0.009372,"26":0.005467,"27":0.010153,"28":0.004686,"29":0.048422,"30":0.013277,"31":0.017182,"32":0.007029,"33":0.010153,"34":0.027335,"35":0.022649,"36":0.027335,"37":0.014839,"38":0.032802,"39":0.019525,"40":0.021868,"41":0.073414,"42":0.028897,"43":0.110121,"44":0.083567,"45":0.060137,"46":0.089034,"47":1.237104,"48":0.212432,"49":0.005467,"50":0.013277},"opera":{"9":null,"9.5-9.6":null,"10.0-10.1":0,"10.5":0.002343,"10.6":0.001562,"11":0.004686,"11.1":null,"11.5":0.002343,"11.6":0.00781,"12":0.005467,"12.1":0.024211,"15":0.001562,"16":0.000781,"17":null,"18":0.003124,"19":0.001562,"20":0.004686,"21":0.003905,"22":0.003124,"23":null,"24":0.001562,"25":null,"26":null,"27":0.002343,"28":0.004686,"29":0.012496,"30":0.004686,"31":0.001562,"32":0.003905,"33":0.021868,"34":0.029678,"35":0.009372,"36":0.011715,"37":0.105435,"38":0.219461,"39":0.002343,"40":null},"safari":{"3.1":null,"3.2":null,"4":0.000781,"5":0.006248,"5.1":0.009372,"6":0.000781,"6.1":0.002343,"7":0.051546,"7.1":0.008591,"8":0.028897,"9":0.058575,"9.1":0.071852,"10":0.000781,"0":null},"ios_saf":{"3.2":0,"4.0-4.1":0,"4.2-4.3":0,"5.0-5.1":0,"6.0-6.1":0,"7.0-7.1":0.0147398259811,"8":0,"8.1-8.4":0.0347967581381,"9.0-9.2":0.0530364514755,"9.3":0.561122964405},"android":{"2.1":0,"2.2":0,"2.3":0.00488138818016,"3":0,"4":0.0347120937256,"4.1":0.130170351471,"4.2-4.3":0.316205478782,"4.4":0.910650083832,"4.4.3-4.4.4":0.686648604009,"51":null},"op_mob":{"10":0,"11":0,"11.1":0,"11.5":0,"12":0,"12.1":0.125780272016,"0":5.5343319687},"ie":{"5.5":null,"6":0.00234467716535,"7":0.00390779527559,"8":0.181321700787,"9":0.0406410708661,"10":0.114107622047,"11":0.747952015748},"bb":{"7":0.313412,"10":null},"ie_mob":{"10":0.469859067416,"11":1.47513893258},"edge":{"12":0.079662,"13":0.14058,"14":0.002343},"and_ff":{"0":0.018436},"samsung":{"0":0.746658},"and_uc":{"0":9.549848},"op_mini":{"0":66.2126337593},"and_chr":{"0":3.498506}},"total":97.7947618819}