{"id":"MX","name":"Mexico","month":"2016-07","access_date":"2016-08-02","data":{"chrome":{"4":null,"5":null,"6":null,"7":null,"8":null,"9":null,"10":null,"11":0.028925,"12":null,"13":null,"14":null,"15":null,"16":null,"17":null,"18":0.01157,"19":null,"20":null,"21":0.01157,"22":0.063635,"23":null,"24":null,"25":null,"26":0.017355,"27":0.01157,"28":0.005785,"29":0.1157,"30":null,"31":0.017355,"32":0.017355,"33":0.017355,"34":0.040495,"35":0.040495,"36":0.03471,"37":0.028925,"38":0.040495,"39":0.052065,"40":0.03471,"41":0.028925,"42":0.03471,"43":0.13884,"44":0.09256,"45":0.08099,"46":0.167765,"47":0.17355,"48":0.190905,"49":2.5454,"50":0.56693,"51":32.922435,"52":0.850395,"53":0.02314,"54":0.005785,"55":null},"firefox":{"2":null,"3":0.005785,"3.5":null,"3.6":0.01157,"4":null,"5":null,"6":null,"7":null,"8":null,"9":null,"10":null,"11":null,"12":0.005785,"13":null,"14":null,"15":0.005785,"16":0.01157,"17":null,"18":null,"19":null,"20":null,"21":null,"22":null,"23":null,"24":null,"25":null,"26":null,"27":null,"28":0.01157,"29":null,"30":0.005785,"31":0.017355,"32":0.005785,"33":0.01157,"34":0.028925,"35":0.01157,"36":0.01157,"37":0.017355,"38":0.06942,"39":0.03471,"40":0.03471,"41":0.03471,"42":0.04628,"43":0.109915,"44":0.05785,"45":0.098345,"46":0.12727,"47":4.58172,"48":0.03471,"49":0.005785,"50":null},"opera":{"9":null,"9.5-9.6":null,"10.0-10.1":0,"10.5":null,"10.6":null,"11":null,"11.1":null,"11.5":null,"11.6":null,"12":null,"12.1":0.017355,"15":null,"16":null,"17":null,"18":null,"19":null,"20":null,"21":null,"22":null,"23":null,"24":null,"25":null,"26":null,"27":null,"28":null,"29":0.01157,"30":null,"31":null,"32":null,"33":null,"34":0.005785,"35":0.01157,"36":0.028925,"37":0.075205,"38":0.399165,"39":0.005785,"40":null},"safari":{"3.1":null,"3.2":null,"4":0.005785,"5":0.040495,"5.1":0.09256,"6":0.017355,"6.1":0.075205,"7":0.05785,"7.1":0.017355,"8":0.271895,"9":0.42809,"9.1":1.648725,"10":0.005785,"0":null},"ios_saf":{"3.2":0,"4.0-4.1":0,"4.2-4.3":0,"5.0-5.1":0,"6.0-6.1":0,"7.0-7.1":0.146533897171,"8":0,"8.1-8.4":0.345927054051,"9.0-9.2":0.527254387993,"9.3":5.57832466078},"android":{"2.1":0,"2.2":0,"2.3":0.0116469606873,"3":0,"4":0.0828228315543,"4.1":0.310585618329,"4.2-4.3":0.75446423119,"4.4":2.17280522156,"4.4.3-4.4.4":1.63833913668,"51":null},"op_mob":{"10":0,"11":0,"11.1":0,"11.5":0,"12":0,"12.1":0.00230199029222,"0":0.101287572858},"ie":{"5.5":null,"6":0.00581421717172,"7":0.0174426515152,"8":0.319781944444,"9":0.366295681818,"10":0.459323156566,"11":3.43620234848},"bb":{"7":0.033728,"10":null},"ie_mob":{"10":0.27091352809,"11":0.85054247191},"edge":{"12":0.13884,"13":1.301625,"14":0.005785},"and_ff":{"0":0.033728},"samsung":{"0":1.378632},"and_uc":{"0":0.33728},"op_mini":{"0":1.21180243685},"and_chr":{"0":30.003292}},"total":98.869587}