{"id":"NA","name":"Namibia","month":"2016-07","access_date":"2016-08-02","data":{"chrome":{"4":null,"5":null,"6":null,"7":null,"8":null,"9":null,"10":null,"11":0.01888,"12":null,"13":null,"14":null,"15":null,"16":0.001888,"17":null,"18":0.003776,"19":0.001888,"20":0.003776,"21":0.001888,"22":null,"23":null,"24":null,"25":0.001888,"26":0.005664,"27":0.003776,"28":null,"29":0.007552,"30":0.011328,"31":0.015104,"32":0.005664,"33":0.011328,"34":0.00944,"35":null,"36":0.013216,"37":0.003776,"38":0.00944,"39":0.005664,"40":0.043424,"41":0.003776,"42":0.007552,"43":0.098176,"44":0.035872,"45":0.109504,"46":0.052864,"47":0.156704,"48":0.073632,"49":0.409696,"50":0.158592,"51":6.6552,"52":0.222784,"53":0.026432,"54":0.001888,"55":null},"firefox":{"2":0.003776,"3":0.007552,"3.5":0.001888,"3.6":0.011328,"4":0.003776,"5":null,"6":null,"7":null,"8":null,"9":null,"10":0.001888,"11":0.015104,"12":0.015104,"13":0.003776,"14":0.00944,"15":0.00944,"16":0.001888,"17":0.001888,"18":0.001888,"19":0.003776,"20":0.005664,"21":0.003776,"22":0.003776,"23":0.003776,"24":0.003776,"25":null,"26":0.001888,"27":0.003776,"28":0.003776,"29":0.005664,"30":0.001888,"31":0.00944,"32":0.02832,"33":0.007552,"34":0.003776,"35":0.01888,"36":0.003776,"37":0.016992,"38":0.01888,"39":0.02832,"40":0.00944,"41":0.024544,"42":0.016992,"43":0.08496,"44":0.049088,"45":0.054752,"46":0.105728,"47":2.258048,"48":0.164256,"49":0.003776,"50":null},"opera":{"9":null,"9.5-9.6":null,"10.0-10.1":0,"10.5":null,"10.6":null,"11":null,"11.1":0.003776,"11.5":null,"11.6":null,"12":null,"12.1":0.033984,"15":null,"16":null,"17":0.001888,"18":null,"19":null,"20":null,"21":null,"22":null,"23":null,"24":null,"25":null,"26":null,"27":null,"28":null,"29":null,"30":null,"31":null,"32":0.003776,"33":null,"34":0.007552,"35":0.005664,"36":0.035872,"37":0.120832,"38":0.392704,"39":0.001888,"40":null},"safari":{"3.1":null,"3.2":null,"4":0.016992,"5":null,"5.1":0.015104,"6":0.003776,"6.1":0.003776,"7":0.00944,"7.1":0.013216,"8":0.050976,"9":0.107616,"9.1":0.470112,"10":0.015104,"0":null},"ios_saf":{"3.2":0,"4.0-4.1":0,"4.2-4.3":0,"5.0-5.1":0,"6.0-6.1":0,"7.0-7.1":0.0380131232127,"8":0,"8.1-8.4":0.0897387429267,"9.0-9.2":0.136777813204,"9.3":1.44710232066},"android":{"2.1":0,"2.2":0,"2.3":0.0104921676647,"3":0,"4":0.0746109700599,"4.1":0.279791137725,"4.2-4.3":0.679659305389,"4.4":1.95737216766,"4.4.3-4.4.4":1.4758982515,"51":null},"op_mob":{"10":0,"11":0,"11.1":0,"11.5":0,"12":0,"12.1":0.102142629024,"0":4.49427567707},"ie":{"5.5":null,"6":0.00379508141494,"7":0.00948770353734,"8":0.370020437956,"9":0.263758158338,"10":0.256167995508,"11":2.46111029759},"bb":{"7":0.129792,"10":null},"ie_mob":{"10":0.276309303371,"11":0.867482696629},"edge":{"12":0.185024,"13":0.760864,"14":null},"and_ff":{"0":null},"samsung":{"0":3.950544},"and_uc":{"0":2.247024},"op_mini":{"0":53.7694216939},"and_chr":{"0":9.55456}},"total":98.4351076743}