{"id":"NC","name":"New Caledonia","month":"2016-07","access_date":"2016-08-02","data":{"chrome":{"4":null,"5":null,"6":null,"7":null,"8":null,"9":null,"10":null,"11":0.006956,"12":null,"13":null,"14":null,"15":null,"16":null,"17":null,"18":null,"19":null,"20":null,"21":0.006956,"22":null,"23":null,"24":null,"25":0.006956,"26":null,"27":0.013912,"28":null,"29":0.03478,"30":0.020868,"31":0.020868,"32":0.03478,"33":null,"34":0.013912,"35":0.090428,"36":0.076516,"37":0.041736,"38":0.041736,"39":0.020868,"40":0.041736,"41":0.006956,"42":null,"43":0.292152,"44":0.076516,"45":0.03478,"46":0.041736,"47":0.201724,"48":0.083472,"49":2.170272,"50":0.410404,"51":27.274476,"52":0.584304,"53":0.03478,"54":null,"55":null},"firefox":{"2":null,"3":null,"3.5":null,"3.6":null,"4":0.013912,"5":null,"6":null,"7":null,"8":null,"9":null,"10":0.020868,"11":null,"12":null,"13":null,"14":null,"15":null,"16":0.006956,"17":0.020868,"18":null,"19":null,"20":null,"21":null,"22":null,"23":0.013912,"24":0.090428,"25":0.013912,"26":0.006956,"27":null,"28":null,"29":0.027824,"30":0.013912,"31":0.083472,"32":0.006956,"33":0.013912,"34":0.048692,"35":0.20868,"36":0.020868,"37":0.159988,"38":0.146076,"39":0.111296,"40":0.048692,"41":0.285196,"42":0.118252,"43":0.201724,"44":0.13912,"45":0.500832,"46":0.257372,"47":14.231976,"48":0.076516,"49":null,"50":null},"opera":{"9":null,"9.5-9.6":null,"10.0-10.1":0,"10.5":null,"10.6":null,"11":null,"11.1":null,"11.5":null,"11.6":null,"12":null,"12.1":0.041736,"15":null,"16":null,"17":null,"18":null,"19":null,"20":null,"21":null,"22":null,"23":null,"24":null,"25":null,"26":null,"27":null,"28":null,"29":null,"30":null,"31":null,"32":null,"33":null,"34":0.048692,"35":null,"36":0.013912,"37":0.083472,"38":0.333888,"39":null,"40":null},"safari":{"3.1":null,"3.2":null,"4":0.006956,"5":0.125208,"5.1":0.361712,"6":0.020868,"6.1":0.368668,"7":0.041736,"7.1":0.020868,"8":0.41736,"9":0.952972,"9.1":5.161352,"10":0.006956,"0":null},"ios_saf":{"3.2":0,"4.0-4.1":0,"4.2-4.3":0,"5.0-5.1":0,"6.0-6.1":0,"7.0-7.1":0.160152183754,"8":0,"8.1-8.4":0.378076159822,"9.0-9.2":0.576255346111,"9.3":6.09675231031},"android":{"2.1":0,"2.2":0,"2.3":0.00852335850039,"3":0,"4":0.0606105493361,"4.1":0.22728956001,"4.2-4.3":0.552124222859,"4.4":1.59007988024,"4.4.3-4.4.4":1.19895242905,"51":null},"op_mob":{"10":0,"11":0,"11.1":0,"11.5":0,"12":0,"12.1":0.000197103648671,"0":0.00867256054152},"ie":{"5.5":null,"6":null,"7":0.013912,"8":0.340844,"9":0.146076,"10":0.354756,"11":4.876156},"bb":{"7":0.00761,"10":null},"ie_mob":{"10":0.0794176179775,"11":0.249334382022},"edge":{"12":0.146076,"13":3.672768,"14":null},"and_ff":{"0":0.057836},"samsung":{"0":4.441196},"and_uc":{"0":0.13698},"op_mini":{"0":0.10375833581},"and_chr":{"0":16.761388}},"total":98.825898}