{"id":"NG","name":"Nigeria","month":"2016-07","access_date":"2016-08-02","data":{"chrome":{"4":0.00137,"5":0.00137,"6":null,"7":null,"8":null,"9":0.00274,"10":null,"11":0.01781,"12":0.00137,"13":null,"14":0.00137,"15":0.02466,"16":0.00137,"17":0.00137,"18":0.00137,"19":0.00411,"20":0.00411,"21":0.0137,"22":0.01096,"23":0.02466,"24":0.00274,"25":0.00411,"26":0.03288,"27":0.00822,"28":0.01096,"29":0.0137,"30":0.01096,"31":0.05343,"32":0.00548,"33":0.02466,"34":0.00548,"35":0.00274,"36":0.00822,"37":0.00411,"38":0.00548,"39":0.01096,"40":0.0137,"41":0.00548,"42":0.00959,"43":0.0411,"44":0.01507,"45":0.04521,"46":0.01781,"47":0.10823,"48":0.0411,"49":0.17262,"50":0.08494,"51":4.02506,"52":0.15344,"53":0.03973,"54":0.00411,"55":null},"firefox":{"2":null,"3":0.04658,"3.5":0.00274,"3.6":0.03014,"4":0.02055,"5":0.00411,"6":0.00822,"7":0.03288,"8":0.00411,"9":0.00548,"10":0.02329,"11":0.02603,"12":0.0274,"13":0.04247,"14":0.01096,"15":0.07398,"16":0.01644,"17":0.00685,"18":0.01233,"19":0.03425,"20":0.00959,"21":0.0137,"22":0.01096,"23":0.00685,"24":0.00685,"25":0.00822,"26":0.00685,"27":0.00959,"28":0.00548,"29":0.03288,"30":0.02466,"31":0.02055,"32":0.0137,"33":0.02055,"34":0.02192,"35":0.03836,"36":0.02466,"37":0.0274,"38":0.04521,"39":0.04247,"40":0.06165,"41":0.06439,"42":0.06713,"43":0.30962,"44":0.22879,"45":0.14659,"46":0.20413,"47":2.37421,"48":0.41648,"49":0.00685,"50":0.00274},"opera":{"9":null,"9.5-9.6":0.00411,"10.0-10.1":0,"10.5":null,"10.6":null,"11":0.00137,"11.1":null,"11.5":0.00822,"11.6":0.00411,"12":0.00822,"12.1":0.02877,"15":0.00274,"16":0.00137,"17":null,"18":0.00411,"19":0.00548,"20":0.00411,"21":0.00137,"22":0.00137,"23":null,"24":null,"25":null,"26":0.00137,"27":0.00274,"28":0.00274,"29":0.00822,"30":0.01507,"31":0.00274,"32":0.0137,"33":0.02329,"34":0.02329,"35":0.03836,"36":0.01781,"37":0.12741,"38":0.26167,"39":0.00274,"40":null},"safari":{"3.1":null,"3.2":null,"4":0.00137,"5":0.00274,"5.1":0.00959,"6":0.00274,"6.1":0.00685,"7":0.00685,"7.1":0.04795,"8":0.03014,"9":0.03425,"9.1":0.12604,"10":null,"0":null},"ios_saf":{"3.2":0,"4.0-4.1":0,"4.2-4.3":0,"5.0-5.1":0,"6.0-6.1":0,"7.0-7.1":0.0245297766961,"8":0,"8.1-8.4":0.0579081943008,"9.0-9.2":0.0882623928608,"9.3":0.933811636142},"android":{"2.1":0,"2.2":0,"2.3":0.0049536435824,"3":0,"4":0.0352259099193,"4.1":0.132097162197,"4.2-4.3":0.320886023171,"4.4":0.924129730539,"4.4.3-4.4.4":0.696812530591,"51":null},"op_mob":{"10":0,"11":0,"11.1":0,"11.5":0,"12":0,"12.1":0.109815243982,"0":4.83187073522},"ie":{"5.5":null,"6":0.00420162420382,"7":0.00280108280255,"8":0.116244936306,"9":0.0574221974522,"10":0.12044656051,"11":0.578423598726},"bb":{"7":0.77661,"10":null},"ie_mob":{"10":0.306426455056,"11":0.962036544944},"edge":{"12":0.07946,"13":0.17673,"14":null},"and_ff":{"0":0.094919},"samsung":{"0":0.750723},"and_uc":{"0":8.525452},"op_mini":{"0":57.8084020208},"and_chr":{"0":7.461256}},"total":96.662378}