{"id":"NI","name":"Nicaragua","month":"2016-07","access_date":"2016-08-02","data":{"chrome":{"4":null,"5":null,"6":null,"7":null,"8":null,"9":null,"10":null,"11":0.034188,"12":null,"13":null,"14":null,"15":null,"16":null,"17":null,"18":0.039886,"19":null,"20":null,"21":0.005698,"22":0.017094,"23":0.011396,"24":null,"25":null,"26":0.017094,"27":0.039886,"28":0.011396,"29":0.17094,"30":0.02849,"31":0.062678,"32":0.022792,"33":0.022792,"34":0.017094,"35":0.039886,"36":0.062678,"37":0.074074,"38":0.068376,"39":0.068376,"40":0.079772,"41":0.062678,"42":0.045584,"43":0.210826,"44":0.11396,"45":0.148148,"46":0.176638,"47":0.301994,"48":0.330484,"49":1.93732,"50":0.450142,"51":32.096834,"52":1.019942,"53":0.034188,"54":0.017094,"55":null},"firefox":{"2":null,"3":0.017094,"3.5":null,"3.6":0.011396,"4":0.011396,"5":null,"6":0.045584,"7":null,"8":null,"9":null,"10":0.005698,"11":null,"12":0.017094,"13":null,"14":0.022792,"15":null,"16":0.005698,"17":0.005698,"18":0.005698,"19":0.017094,"20":0.02849,"21":0.039886,"22":0.022792,"23":0.011396,"24":0.011396,"25":0.022792,"26":0.011396,"27":0.02849,"28":0.011396,"29":0.02849,"30":0.02849,"31":0.039886,"32":0.017094,"33":0.02849,"34":0.045584,"35":0.02849,"36":0.051282,"37":0.068376,"38":0.108262,"39":0.08547,"40":0.096866,"41":0.091168,"42":0.102564,"43":0.2849,"44":0.809116,"45":0.233618,"46":0.25641,"47":6.43874,"48":0.096866,"49":null,"50":null},"opera":{"9":null,"9.5-9.6":null,"10.0-10.1":0,"10.5":null,"10.6":null,"11":null,"11.1":null,"11.5":null,"11.6":null,"12":0.005698,"12.1":0.017094,"15":null,"16":null,"17":null,"18":null,"19":null,"20":null,"21":null,"22":null,"23":null,"24":null,"25":null,"26":null,"27":0.011396,"28":0.039886,"29":0.210826,"30":null,"31":null,"32":null,"33":0.022792,"34":0.011396,"35":0.011396,"36":0.02849,"37":0.19943,"38":0.415954,"39":0.011396,"40":null},"safari":{"3.1":null,"3.2":null,"4":0.011396,"5":0.011396,"5.1":0.051282,"6":null,"6.1":0.011396,"7":0.022792,"7.1":null,"8":0.11396,"9":0.210826,"9.1":0.649572,"10":null,"0":null},"ios_saf":{"3.2":0,"4.0-4.1":0,"4.2-4.3":0,"5.0-5.1":0,"6.0-6.1":0,"7.0-7.1":0.0733761265592,"8":0,"8.1-8.4":0.173221266809,"9.0-9.2":0.264020035291,"9.3":2.79331857134},"android":{"2.1":0,"2.2":0,"2.3":0.0173177620411,"3":0,"4":0.12314853007,"4.1":0.461806987764,"4.2-4.3":1.12180614111,"4.4":3.23072471856,"4.4.3-4.4.4":2.43603186045,"51":null},"op_mob":{"10":0,"11":0,"11.1":0,"11.5":0,"12":0,"12.1":0.00845470490342,"0":0.37200701575},"ie":{"5.5":null,"6":0.0356713636364,"7":0.0535070454545,"8":0.439946818182,"9":0.297261363636,"10":0.386439772727,"11":1.66466363636},"bb":{"7":0.062379,"10":null},"ie_mob":{"10":0.333598348315,"11":1.04734365169},"edge":{"12":0.182336,"13":0.5698,"14":null},"and_ff":{"0":0.038718},"samsung":{"0":2.994192},"and_uc":{"0":1.669176},"op_mini":{"0":4.45068427935},"and_chr":{"0":23.94934}},"total":98.452521}