{"id":"NL","name":"Netherlands","month":"2016-01","access_date":"2016-02-03","data":{"firefox":{"2":0,"3":0.006778,"3.5":0,"3.6":0.020334,"4":0.013556,"5":0,"6":0.006778,"7":0,"8":0,"9":0,"10":0.013556,"11":0.006778,"12":0.006778,"13":0.006778,"14":0.006778,"15":0.006778,"16":0.020334,"17":0.013556,"18":0,"19":0.013556,"20":0.006778,"21":0.006778,"22":0.006778,"23":0.006778,"24":0.020334,"25":0.006778,"26":0.006778,"27":0.006778,"28":0.013556,"29":0.013556,"30":0.013556,"31":0.054224,"32":0.03389,"33":0.03389,"34":0.081336,"35":0.06778,"36":0.061002,"37":0.047446,"38":0.27112,"39":0.094892,"40":0.10167,"41":0.128782,"42":0.264342,"43":6.513658,"44":0.366012,"45":0.013556,"46":0.006778,"47":0},"chrome":{"4":0,"5":0,"6":0,"7":0,"8":0,"9":0,"10":0,"11":0.03389,"12":0,"13":0,"14":0,"15":0,"16":0,"17":0,"18":0.006778,"19":0,"20":0,"21":0.006778,"22":0.013556,"23":0.006778,"24":0.006778,"25":0,"26":0.006778,"27":0.006778,"28":0.006778,"29":0.020334,"30":0.006778,"31":0.054224,"32":0.027112,"33":0.040668,"34":0.06778,"35":0.047446,"36":0.040668,"37":0.040668,"38":0.06778,"39":0.10167,"40":0.074558,"41":0.210118,"42":0.13556,"43":0.149116,"44":0.189784,"45":0.250786,"46":0.366012,"47":23.28243,"48":2.216406,"49":0.074558,"50":0.006778,"51":0},"opera":{"9":0,"9.5-9.6":0,"10.0-10.1":0,"10.5":0,"10.6":0,"11":0,"11.1":0,"11.5":0.006778,"11.6":0,"12":0.006778,"12.1":0.054224,"15":0,"16":0,"17":0,"18":0,"19":0,"20":0,"21":0,"22":0,"23":0,"24":0,"25":0,"26":0,"27":0,"28":0.006778,"29":0,"30":0.006778,"31":0.006778,"32":0.006778,"33":0.020334,"34":0.44057,"35":0.006778,"36":0},"safari":{"3.1":0,"3.2":0,"4":0.020334,"5":0.081336,"5.1":0.20334,"6":0.020334,"6.1":0.149116,"7":0.094892,"7.1":0.074558,"8":0.562574,"9":3.138214,"9.1":0.013556},"android":{"2.1":0,"2.2":0,"2.3":0.0301225487779,"3":0,"4":0.125196843358,"4.1":0.428304990436,"4.2-4.3":0.95356693475,"4.4":1.89772057301,"4.4.3-4.4.4":0.994044109671,"47":null},"ios_saf":{"3.2":0,"4.0-4.1":0,"4.2-4.3":0,"5.0-5.1":0,"6.0-6.1":0,"7.0-7.1":0.760056394355,"8":0.0533026562275,"8.1-8.4":2.17158969816,"9.0-9.2":16.1783432513,"9.3":null},"op_mob":{"10":0,"11":0,"11.1":0,"11.5":0,"12":2.50034572814e-5,"12.1":2.50034572814e-5,"0":0.00132518323592},"ie":{"5.5":0,"6":0.013678540113,"7":0.027357080226,"8":0.403516933333,"9":0.745480436158,"10":0.745480436158,"11":10.1563160339},"bb":{"7":0.012888,"10":null},"ie_mob":{"10":0.0935192268908,"11":0.412334773109},"edge":{"12":0.887918,"13":1.877506,"14":0},"and_uc":{"0":0.78939},"op_mini":{"5.0-8.0":0.33371280985},"and_chr":{"0":18.046582},"and_ff":{"0":0.04833}},"total":99.0657514599}