{"id":"NO","name":"Norway","month":"2016-07","access_date":"2016-08-02","data":{"chrome":{"4":null,"5":null,"6":null,"7":null,"8":0.019356,"9":null,"10":null,"11":0.006452,"12":null,"13":null,"14":null,"15":null,"16":null,"17":null,"18":null,"19":null,"20":null,"21":null,"22":0.006452,"23":null,"24":null,"25":null,"26":null,"27":0.038712,"28":0.019356,"29":0.06452,"30":0.012904,"31":0.058068,"32":0.03226,"33":0.025808,"34":0.038712,"35":0.045164,"36":0.038712,"37":0.051616,"38":0.025808,"39":0.083876,"40":0.03226,"41":0.154848,"42":0.012904,"43":0.077424,"44":0.070972,"45":0.06452,"46":0.103232,"47":0.1613,"48":0.109684,"49":1.180716,"50":0.45164,"51":26.1306,"52":0.664556,"53":0.03226,"54":0.012904,"55":null},"firefox":{"2":null,"3":null,"3.5":null,"3.6":0.058068,"4":null,"5":null,"6":null,"7":null,"8":null,"9":null,"10":null,"11":null,"12":null,"13":null,"14":0.006452,"15":null,"16":0.006452,"17":0.006452,"18":null,"19":null,"20":null,"21":0.09678,"22":0.012904,"23":0.012904,"24":0.019356,"25":0.019356,"26":null,"27":0.006452,"28":0.006452,"29":0.019356,"30":0.006452,"31":0.019356,"32":null,"33":0.019356,"34":0.012904,"35":0.019356,"36":0.012904,"37":0.109684,"38":0.06452,"39":0.025808,"40":0.019356,"41":0.038712,"42":0.03226,"43":0.070972,"44":0.070972,"45":0.22582,"46":0.200012,"47":6.2907,"48":0.051616,"49":0.012904,"50":null},"opera":{"9":null,"9.5-9.6":null,"10.0-10.1":0,"10.5":0.019356,"10.6":null,"11":null,"11.1":null,"11.5":null,"11.6":0.006452,"12":0.012904,"12.1":2.9034,"15":null,"16":null,"17":null,"18":null,"19":null,"20":null,"21":null,"22":null,"23":null,"24":0.012904,"25":null,"26":null,"27":null,"28":0.070972,"29":null,"30":null,"31":null,"32":null,"33":0.006452,"34":null,"35":0.006452,"36":0.051616,"37":0.051616,"38":1.464604,"39":0.006452,"40":null},"safari":{"3.1":null,"3.2":null,"4":0,"5":0.025808,"5.1":0.09678,"6":0.012904,"6.1":0.109684,"7":0.06452,"7.1":0.038712,"8":0.438736,"9":0.619392,"9.1":3.716352,"10":0.019356,"0":null},"ios_saf":{"3.2":0,"4.0-4.1":0,"4.2-4.3":0,"5.0-5.1":0,"6.0-6.1":0,"7.0-7.1":0.371052581685,"8":0,"8.1-8.4":0.875955181422,"9.0-9.2":1.33511157246,"9.3":14.1254126644},"android":{"2.1":0,"2.2":0,"2.3":0.00266030721166,"3":0,"4":0.0189177401718,"4.1":0.0709415256444,"4.2-4.3":0.172328789378,"4.4":0.49629508982,"4.4.3-4.4.4":0.374216547774,"51":null},"op_mob":{"10":0,"11":0,"11.1":0,"11.5":0,"12":0,"12.1":0.000583659765561,"0":0.0256810296847},"ie":{"5.5":null,"6":0.0258348135065,"7":0.0193761101299,"8":0.167926287792,"9":0.290641651948,"10":0.297100355325,"11":11.5869138577},"bb":{"7":0.024836,"10":null},"ie_mob":{"10":0.144850089888,"11":0.454761910112},"edge":{"12":0.12904,"13":3.135672,"14":0.019356},"and_ff":{"0":0.085152},"samsung":{"0":4.424356},"and_uc":{"0":0.063864},"op_mini":{"0":0.30724731055},"and_chr":{"0":12.517464}},"total":98.7212170764}