{"id":"NP","name":"Nepal","month":"2016-07","access_date":"2016-08-02","data":{"chrome":{"4":0.008454,"5":0.029589,"6":0.016908,"7":0.008454,"8":0.016908,"9":0.008454,"10":0.025362,"11":0.046497,"12":0.088767,"13":0.025362,"14":0.016908,"15":0.012681,"16":0.008454,"17":0.050724,"18":0.016908,"19":0.071859,"20":0.033816,"21":0.008454,"22":0.029589,"23":0.012681,"24":0.038043,"25":0.033816,"26":0.021135,"27":0.025362,"28":0.04227,"29":0.135264,"30":0.105675,"31":0.164853,"32":0.304344,"33":0.202896,"34":0.033816,"35":0.012681,"36":0.012681,"37":0.008454,"38":0.021135,"39":0.033816,"40":0.016908,"41":0.016908,"42":0.025362,"43":0.219804,"44":0.105675,"45":0.08454,"46":0.114129,"47":0.481878,"48":0.139491,"49":1.356867,"50":0.317025,"51":22.441143,"52":0.773541,"53":0.359295,"54":0.021135,"55":null},"firefox":{"2":null,"3":0.139491,"3.5":0.004227,"3.6":0.025362,"4":0.012681,"5":0.012681,"6":0.038043,"7":null,"8":0.008454,"9":0.008454,"10":0.008454,"11":0.025362,"12":0.038043,"13":0.021135,"14":0.038043,"15":0.021135,"16":0.025362,"17":0.029589,"18":null,"19":0.012681,"20":0.008454,"21":0.012681,"22":0.016908,"23":0.012681,"24":0.008454,"25":0.016908,"26":0.008454,"27":0.012681,"28":0.021135,"29":0.038043,"30":0.038043,"31":0.054951,"32":0.033816,"33":0.038043,"34":0.033816,"35":0.046497,"36":0.033816,"37":0.025362,"38":0.054951,"39":0.067632,"40":0.054951,"41":0.054951,"42":0.080313,"43":0.308571,"44":0.164853,"45":0.143718,"46":0.190215,"47":5.70645,"48":1.242738,"49":0.012681,"50":null},"opera":{"9":null,"9.5-9.6":null,"10.0-10.1":0,"10.5":null,"10.6":null,"11":0.004227,"11.1":null,"11.5":null,"11.6":0.008454,"12":null,"12.1":0.021135,"15":null,"16":null,"17":0.004227,"18":null,"19":null,"20":0.004227,"21":null,"22":null,"23":null,"24":null,"25":null,"26":null,"27":null,"28":null,"29":0.004227,"30":0.004227,"31":null,"32":null,"33":0.004227,"34":0.016908,"35":0.008454,"36":0.029589,"37":0.063405,"38":0.604461,"39":null,"40":null},"safari":{"3.1":null,"3.2":null,"4":0,"5":0.004227,"5.1":0.016908,"6":null,"6.1":0.008454,"7":0.008454,"7.1":0.008454,"8":0.046497,"9":0.08454,"9.1":0.262074,"10":null,"0":null},"ios_saf":{"3.2":0,"4.0-4.1":0,"4.2-4.3":0,"5.0-5.1":0,"6.0-6.1":0,"7.0-7.1":0.0698627989048,"8":0,"8.1-8.4":0.16492724673,"9.0-9.2":0.251378472772,"9.3":2.65957148159},"android":{"2.1":0,"2.2":0,"2.3":0.0108873053892,"3":0,"4":0.0774208383234,"4.1":0.290328143713,"4.2-4.3":0.705255449102,"4.4":2.03108730539,"4.4.3-4.4.4":1.53148095808,"51":null},"op_mob":{"10":0,"11":0,"11.1":0,"11.5":0,"12":0,"12.1":0.0400110046558,"0":1.76048420485},"ie":{"5.5":null,"6":0.0132965825243,"7":0.00443219417476,"8":0.226041902913,"9":0.0576185242718,"10":0.110804854369,"11":0.500837941748},"bb":{"7":0.008658,"10":null},"ie_mob":{"10":0.110154404494,"11":0.345833595506},"edge":{"12":0.147945,"13":0.25362,"14":null},"and_ff":{"0":0.017316},"samsung":{"0":1.78932},"and_uc":{"0":7.111104},"op_mini":{"0":21.0623967905},"and_chr":{"0":18.558711}},"total":98.346897}