{"id":"NR","name":"Nauru","month":"2016-07","access_date":"2016-08-02","data":{"chrome":{"4":null,"5":null,"6":null,"7":null,"8":null,"9":null,"10":null,"11":0.014744,"12":null,"13":null,"14":null,"15":null,"16":null,"17":null,"18":null,"19":null,"20":null,"21":null,"22":null,"23":null,"24":null,"25":null,"26":null,"27":null,"28":null,"29":null,"30":null,"31":null,"32":0.022116,"33":null,"34":null,"35":0.07372,"36":null,"37":null,"38":null,"39":0.022116,"40":0.022116,"41":null,"42":0.03686,"43":0.03686,"44":null,"45":0.014744,"46":null,"47":null,"48":0.07372,"49":0.125324,"50":0.044232,"51":5.204632,"52":0.191672,"53":null,"54":null,"55":null},"firefox":{"2":null,"3":0.03686,"3.5":null,"3.6":null,"4":null,"5":null,"6":null,"7":null,"8":null,"9":null,"10":0.11058,"11":null,"12":null,"13":null,"14":4.098832,"15":null,"16":0.029488,"17":null,"18":null,"19":null,"20":null,"21":null,"22":null,"23":null,"24":null,"25":null,"26":0.132696,"27":null,"28":6.789612,"29":null,"30":0.265392,"31":null,"32":0.014744,"33":0.095836,"34":null,"35":0.03686,"36":null,"37":null,"38":0.44232,"39":null,"40":8.190292,"41":null,"42":null,"43":null,"44":0.044232,"45":0.022116,"46":0.007372,"47":0.412832,"48":null,"49":null,"50":null},"opera":{"9":null,"9.5-9.6":null,"10.0-10.1":0,"10.5":null,"10.6":null,"11":null,"11.1":null,"11.5":null,"11.6":null,"12":0.014744,"12.1":null,"15":null,"16":null,"17":null,"18":null,"19":null,"20":null,"21":null,"22":null,"23":null,"24":null,"25":null,"26":null,"27":null,"28":null,"29":null,"30":null,"31":null,"32":null,"33":null,"34":null,"35":null,"36":null,"37":null,"38":0.051604,"39":null,"40":null},"safari":{"3.1":null,"3.2":null,"4":0,"5":null,"5.1":0.03686,"6":null,"6.1":null,"7":null,"7.1":null,"8":0.058976,"9":0.206416,"9.1":0.051604,"10":null,"0":null},"ios_saf":{"3.2":0,"4.0-4.1":0,"4.2-4.3":0,"5.0-5.1":0,"6.0-6.1":0,"7.0-7.1":0.0158167703073,"8":0,"8.1-8.4":0.0373391335564,"9.0-9.2":0.056911484028,"9.3":0.602120612108},"android":{"2.1":0,"2.2":0,"2.3":0.012875900026,"3":0,"4":0.0915619557407,"4.1":0.343357334028,"4.2-4.3":0.834072190575,"4.4":2.40207068263,"4.4.3-4.4.4":1.811209937,"51":null},"op_mob":{"10":0,"11":0,"11.1":0,"11.5":0,"12":0,"12.1":0.00356430906389,"0":0.156829598811},"ie":{"5.5":null,"6":null,"7":null,"8":0.99522,"9":7.607904,"10":1.017336,"11":32.606356},"bb":{"7":0.003285,"10":null},"ie_mob":{"10":0.269178067416,"11":0.845093932584},"edge":{"12":0.7372,"13":3.192076,"14":null},"and_ff":{"0":null},"samsung":{"0":0.688536},"and_uc":{"0":2.756772},"op_mini":{"0":1.87630609212},"and_chr":{"0":13.882936}},"total":99.879053}