{"id":"NU","name":"Niue","month":"2016-07","access_date":"2016-08-02","data":{"chrome":{"4":null,"5":null,"6":null,"7":null,"8":null,"9":null,"10":null,"11":null,"12":null,"13":null,"14":null,"15":null,"16":0.050728,"17":null,"18":null,"19":null,"20":null,"21":null,"22":null,"23":null,"24":null,"25":null,"26":null,"27":null,"28":null,"29":null,"30":null,"31":null,"32":null,"33":null,"34":null,"35":null,"36":null,"37":null,"38":null,"39":null,"40":null,"41":null,"42":null,"43":null,"44":null,"45":null,"46":0.050728,"47":0.247299,"48":null,"49":1.096993,"50":null,"51":48.755949,"52":null,"53":null,"54":null,"55":null},"firefox":{"2":null,"3":null,"3.5":null,"3.6":null,"4":null,"5":null,"6":null,"7":null,"8":null,"9":null,"10":null,"11":null,"12":null,"13":null,"14":null,"15":null,"16":null,"17":null,"18":null,"19":null,"20":null,"21":null,"22":null,"23":null,"24":null,"25":null,"26":0.050728,"27":null,"28":null,"29":null,"30":null,"31":null,"32":null,"33":null,"34":null,"35":null,"36":null,"37":null,"38":0.450211,"39":null,"40":null,"41":null,"42":null,"43":null,"44":null,"45":null,"46":0.247299,"47":5.979563,"48":0.849694,"49":null,"50":null},"opera":{"9":null,"9.5-9.6":null,"10.0-10.1":0,"10.5":null,"10.6":null,"11":null,"11.1":null,"11.5":null,"11.6":null,"12":null,"12.1":null,"15":null,"16":null,"17":null,"18":0.050728,"19":null,"20":null,"21":null,"22":null,"23":null,"24":null,"25":null,"26":null,"27":null,"28":null,"29":null,"30":null,"31":null,"32":null,"33":null,"34":null,"35":null,"36":null,"37":null,"38":null,"39":null,"40":null},"safari":{"3.1":null,"3.2":null,"4":0,"5":null,"5.1":null,"6":0.247299,"6.1":null,"7":null,"7.1":null,"8":null,"9":null,"9.1":0.798966,"10":null,"0":null},"ios_saf":{"3.2":0,"4.0-4.1":0,"4.2-4.3":0,"5.0-5.1":0,"6.0-6.1":0,"7.0-7.1":0.0467254411317,"8":0,"8.1-8.4":0.110306178379,"9.0-9.2":0.168126244803,"9.3":1.77876713569},"android":{"2.1":0,"2.2":0,"2.3":0.0536961346004,"3":0,"4":0.38183917938,"4.1":1.43189692268,"4.2-4.3":3.47831627467,"4.4":10.0173122216,"4.4.3-4.4.4":7.55325626712,"51":null},"op_mob":{"10":0,"11":0,"11.1":0,"11.5":0,"12":0,"12.1":0.000262539441968,"0":0.0115517354466},"ie":{"5.5":null,"6":null,"7":null,"8":0.298027,"9":null,"10":0.247299,"11":1.642319},"bb":{"7":0,"10":null},"ie_mob":{"10":0.127283865169,"11":0.399612134831},"edge":{"12":null,"13":1.445748,"14":null},"and_ff":{"0":null},"samsung":{"0":0.450057},"and_uc":{"0":0.300038},"op_mini":{"0":0.138204725111},"and_chr":{"0":10.316867}},"total":99.273697}