{"id":"NZ","name":"New Zealand","month":"2016-07","access_date":"2016-08-02","data":{"chrome":{"4":null,"5":null,"6":null,"7":null,"8":null,"9":null,"10":null,"11":0.012602,"12":null,"13":null,"14":null,"15":null,"16":null,"17":null,"18":null,"19":null,"20":null,"21":null,"22":0.025204,"23":null,"24":null,"25":0.012602,"26":0.018903,"27":null,"28":null,"29":0.050408,"30":0.006301,"31":0.050408,"32":0.012602,"33":0.025204,"34":0.050408,"35":0.025204,"36":0.025204,"37":0.050408,"38":0.044107,"39":0.06301,"40":0.037806,"41":0.037806,"42":0.088214,"43":0.094515,"44":0.088214,"45":0.636401,"46":0.107117,"47":0.258341,"48":0.214234,"49":2.041524,"50":0.6301,"51":30.351917,"52":0.781324,"53":0.06301,"54":0.018903,"55":null},"firefox":{"2":null,"3":null,"3.5":null,"3.6":0.006301,"4":null,"5":null,"6":null,"7":null,"8":null,"9":null,"10":null,"11":null,"12":0.012602,"13":null,"14":null,"15":null,"16":0.012602,"17":null,"18":null,"19":null,"20":null,"21":null,"22":null,"23":null,"24":null,"25":null,"26":0.006301,"27":null,"28":0.012602,"29":0.012602,"30":null,"31":0.012602,"32":0.006301,"33":0.012602,"34":0.012602,"35":0.012602,"36":0.012602,"37":0.031505,"38":0.107117,"39":0.044107,"40":0.025204,"41":0.044107,"42":0.056709,"43":0.081913,"44":0.069311,"45":0.144923,"46":0.113418,"47":6.647555,"48":0.075612,"49":0.006301,"50":null},"opera":{"9":null,"9.5-9.6":null,"10.0-10.1":0,"10.5":null,"10.6":null,"11":null,"11.1":null,"11.5":null,"11.6":null,"12":null,"12.1":0.025204,"15":null,"16":null,"17":null,"18":null,"19":null,"20":null,"21":null,"22":null,"23":null,"24":null,"25":null,"26":null,"27":null,"28":0.006301,"29":null,"30":null,"31":null,"32":null,"33":null,"34":0.006301,"35":null,"36":0.031505,"37":0.018903,"38":0.182729,"39":null,"40":null},"safari":{"3.1":null,"3.2":null,"4":0.012602,"5":0.081913,"5.1":0.182729,"6":0.018903,"6.1":0.113418,"7":0.056709,"7.1":0.018903,"8":0.44107,"9":0.592294,"9.1":3.301724,"10":0.018903,"0":null},"ios_saf":{"3.2":0,"4.0-4.1":0,"4.2-4.3":0,"5.0-5.1":0,"6.0-6.1":0,"7.0-7.1":0.363283267417,"8":0,"8.1-8.4":0.857613923537,"9.0-9.2":1.30715623162,"9.3":13.8296465774},"android":{"2.1":0,"2.2":0,"2.3":0.00451687060661,"3":0,"4":0.0321199687581,"4.1":0.120449882843,"4.2-4.3":0.292592840406,"4.4":0.842647305389,"4.4.3-4.4.4":0.635373131997,"51":null},"op_mob":{"10":0,"11":0,"11.1":0,"11.5":0,"12":0,"12.1":0.000362608552088,"0":0.0159547762919},"ie":{"5.5":null,"6":null,"7":0.0127474476505,"8":0.274070124485,"9":0.344181086562,"10":0.305938743611,"11":6.79438959769},"bb":{"7":0.0111,"10":null},"ie_mob":{"10":0.10993988764,"11":0.34516011236},"edge":{"12":0.157525,"13":3.068587,"14":0.012602},"and_ff":{"0":0.037},"samsung":{"0":3.4669},"and_uc":{"0":0.4514},"op_mini":{"0":0.190882615156},"and_chr":{"0":16.37701}},"total":98.873366}