{"id":"OM","name":"Oman","month":"2016-07","access_date":"2016-08-02","data":{"chrome":{"4":null,"5":0.001261,"6":null,"7":null,"8":0.002522,"9":0.003783,"10":null,"11":0.013871,"12":0.002522,"13":null,"14":0.003783,"15":null,"16":0.002522,"17":0.001261,"18":0.001261,"19":0.003783,"20":0.008827,"21":0.006305,"22":0.010088,"23":0.002522,"24":0.001261,"25":0.006305,"26":0.005044,"27":0.002522,"28":0.002522,"29":0.047918,"30":0.006305,"31":0.016393,"32":0.003783,"33":0.029003,"34":0.013871,"35":0.007566,"36":0.007566,"37":0.002522,"38":0.022698,"39":0.013871,"40":0.006305,"41":0.006305,"42":0.017654,"43":0.080704,"44":0.027742,"45":0.021437,"46":0.023959,"47":0.085748,"48":0.02522,"49":0.409825,"50":0.104663,"51":6.127199,"52":0.187889,"53":0.035308,"54":0.002522,"55":null},"firefox":{"2":null,"3":0.001261,"3.5":null,"3.6":0.003783,"4":0.001261,"5":0.001261,"6":null,"7":null,"8":null,"9":0.001261,"10":0.003783,"11":0.002522,"12":0.006305,"13":null,"14":null,"15":0.001261,"16":0.002522,"17":null,"18":null,"19":null,"20":null,"21":0.001261,"22":0.002522,"23":0.006305,"24":null,"25":null,"26":null,"27":null,"28":0.003783,"29":0.002522,"30":0.002522,"31":0.006305,"32":0.003783,"33":0.002522,"34":0.007566,"35":0.002522,"36":0.005044,"37":0.003783,"38":0.006305,"39":0.005044,"40":0.003783,"41":0.005044,"42":0.008827,"43":0.029003,"44":0.015132,"45":0.030264,"46":0.049179,"47":0.923052,"48":0.083226,"49":null,"50":null},"opera":{"9":null,"9.5-9.6":null,"10.0-10.1":0,"10.5":null,"10.6":null,"11":null,"11.1":null,"11.5":null,"11.6":null,"12":null,"12.1":0.002522,"15":null,"16":null,"17":null,"18":null,"19":null,"20":null,"21":null,"22":null,"23":null,"24":null,"25":null,"26":null,"27":null,"28":null,"29":null,"30":0.002522,"31":null,"32":null,"33":0.002522,"34":0.003783,"35":0.001261,"36":0.008827,"37":0.016393,"38":0.131144,"39":0.001261,"40":null},"safari":{"3.1":null,"3.2":null,"4":0,"5":0.006305,"5.1":0.01261,"6":0.003783,"6.1":0.008827,"7":0.005044,"7.1":0.003783,"8":0.054223,"9":0.068094,"9.1":0.279942,"10":0.001261,"0":null},"ios_saf":{"3.2":0,"4.0-4.1":0,"4.2-4.3":0,"5.0-5.1":0,"6.0-6.1":0,"7.0-7.1":0.0706377048981,"8":0,"8.1-8.4":0.166756591015,"9.0-9.2":0.254166718994,"9.3":2.68907098509},"android":{"2.1":0,"2.2":0,"2.3":0.0341716995574,"3":0,"4":0.242998752408,"4.1":0.911245321531,"4.2-4.3":2.21356676022,"4.4":6.37492039521,"4.4.3-4.4.4":4.80681907108,"51":null},"op_mob":{"10":0,"11":0,"11.1":0,"11.5":0,"12":0,"12.1":0.000397588377084,"0":0.0174938885917},"ie":{"5.5":null,"6":0.00252830106184,"7":0.00126415053092,"8":0.21996219238,"9":0.169396171143,"10":0.178245224859,"11":1.45250896002},"bb":{"7":0.0283985,"10":null},"ie_mob":{"10":0.0506607640449,"11":0.159051235955},"edge":{"12":0.036569,"13":0.300118,"14":null},"and_ff":{"0":0.017476},"samsung":{"0":4.71852},"and_uc":{"0":0.192236},"op_mini":{"0":0.209296523031},"and_chr":{"0":63.572198}},"total":98.3552415}