{"id":"PA","name":"Panama","month":"2016-07","access_date":"2016-08-02","data":{"chrome":{"4":null,"5":null,"6":null,"7":null,"8":null,"9":null,"10":null,"11":0.028375,"12":null,"13":null,"14":null,"15":null,"16":null,"17":null,"18":0.01135,"19":null,"20":null,"21":0.005675,"22":0.0227,"23":null,"24":null,"25":null,"26":0.017025,"27":0.005675,"28":0.005675,"29":0.459675,"30":null,"31":0.039725,"32":0.01135,"33":0.01135,"34":0.028375,"35":0.0454,"36":0.03405,"37":0.05675,"38":0.05675,"39":0.0454,"40":0.03405,"41":0.0227,"42":0.0454,"43":0.119175,"44":0.0681,"45":0.12485,"46":0.7037,"47":0.1589,"48":0.17025,"49":2.00895,"50":0.459675,"51":29.3511,"52":0.78315,"53":0.017025,"54":0.01135,"55":null},"firefox":{"2":null,"3":0.005675,"3.5":0.017025,"3.6":0.0227,"4":null,"5":0.005675,"6":0.017025,"7":null,"8":null,"9":null,"10":null,"11":null,"12":null,"13":null,"14":null,"15":null,"16":0.005675,"17":null,"18":null,"19":null,"20":0.005675,"21":null,"22":0.005675,"23":null,"24":null,"25":null,"26":null,"27":null,"28":null,"29":null,"30":0.017025,"31":0.005675,"32":null,"33":null,"34":0.005675,"35":0.0227,"36":0.01135,"37":0.017025,"38":0.062425,"39":0.0681,"40":0.017025,"41":0.028375,"42":0.05675,"43":0.1589,"44":0.07945,"45":0.17025,"46":0.14755,"47":4.4719,"48":0.051075,"49":null,"50":null},"opera":{"9":null,"9.5-9.6":null,"10.0-10.1":0,"10.5":null,"10.6":null,"11":null,"11.1":null,"11.5":null,"11.6":null,"12":null,"12.1":0.017025,"15":null,"16":null,"17":null,"18":null,"19":null,"20":null,"21":null,"22":null,"23":null,"24":null,"25":null,"26":null,"27":null,"28":null,"29":0.028375,"30":null,"31":null,"32":null,"33":0.005675,"34":0.017025,"35":0.01135,"36":0.01135,"37":0.051075,"38":0.3178,"39":null,"40":null},"safari":{"3.1":null,"3.2":null,"4":0.0227,"5":0.051075,"5.1":0.1135,"6":0.01135,"6.1":0.073775,"7":0.051075,"7.1":0.07945,"8":0.5221,"9":0.618575,"9.1":2.75805,"10":0.01135,"0":null},"ios_saf":{"3.2":0,"4.0-4.1":0,"4.2-4.3":0,"5.0-5.1":0,"6.0-6.1":0,"7.0-7.1":0.115743421053,"8":0,"8.1-8.4":0.273239035088,"9.0-9.2":0.416464912281,"9.3":4.40617763158},"android":{"2.1":0,"2.2":0,"2.3":0.0165793543348,"3":0,"4":0.117897630825,"4.1":0.442116115595,"4.2-4.3":1.0739737308,"4.4":3.09297065868,"4.4.3-4.4.4":2.33216250976,"51":null},"op_mob":{"10":0,"11":0,"11.1":0,"11.5":0,"12":0,"12.1":0.00156676820208,"0":0.0689378008915},"ie":{"5.5":null,"6":null,"7":0.0171990204429,"8":0.487305579216,"9":0.349713415673,"10":0.343980408859,"11":5.49222052811},"bb":{"7":0.0410875,"10":null},"ie_mob":{"10":0.0511953651685,"11":0.160729634831},"edge":{"12":0.2043,"13":1.606025,"14":null},"and_ff":{"0":0.04325},"samsung":{"0":6.75565},"and_uc":{"0":0.26815},"op_mini":{"0":0.824770430906},"and_chr":{"0":24.63055}},"total":98.8466814523}