{"id":"PE","name":"Peru","month":"2016-01","access_date":"2016-02-03","data":{"firefox":{"2":0,"3":0.024246,"3.5":0,"3.6":0.024246,"4":0.008082,"5":0,"6":0.016164,"7":0,"8":0.008082,"9":0.008082,"10":0.008082,"11":0.008082,"12":0.008082,"13":0.008082,"14":0.016164,"15":0.008082,"16":0.008082,"17":0.008082,"18":0.008082,"19":0.008082,"20":0.024246,"21":0.016164,"22":0.008082,"23":0.008082,"24":0.008082,"25":0.008082,"26":0.008082,"27":0.008082,"28":0.016164,"29":0.032328,"30":0.024246,"31":0.137394,"32":0.016164,"33":0.032328,"34":0.032328,"35":0.032328,"36":0.04041,"37":0.088902,"38":0.105066,"39":0.129312,"40":0.129312,"41":0.145476,"42":0.20205,"43":3.855114,"44":0.20205,"45":0.008082,"46":0,"47":0},"chrome":{"4":0,"5":0,"6":0,"7":0,"8":0,"9":0,"10":0.008082,"11":0.032328,"12":0.008082,"13":0.016164,"14":0.008082,"15":0.008082,"16":0,"17":0.008082,"18":0.024246,"19":0,"20":0.016164,"21":0.016164,"22":0.113148,"23":0.024246,"24":0.016164,"25":0.04041,"26":0.088902,"27":0.032328,"28":0.024246,"29":0.072738,"30":0.032328,"31":0.096984,"32":0.04041,"33":0.088902,"34":0.096984,"35":0.105066,"36":0.169722,"37":0.137394,"38":0.137394,"39":0.234378,"40":0.177804,"41":0.20205,"42":0.24246,"43":0.598068,"44":0.897102,"45":0.92943,"46":1.65681,"47":51.336864,"48":5.05125,"49":0.088902,"50":0.016164,"51":0},"opera":{"9":0,"9.5-9.6":0,"10.0-10.1":0,"10.5":0,"10.6":0,"11":0,"11.1":0,"11.5":0,"11.6":0,"12":0.008082,"12.1":0.024246,"15":0,"16":0,"17":0,"18":0,"19":0,"20":0,"21":0,"22":0,"23":0,"24":0,"25":0,"26":0,"27":0,"28":0.008082,"29":0.008082,"30":0.008082,"31":0.016164,"32":0.016164,"33":0.016164,"34":0.64656,"35":0.008082,"36":0},"safari":{"3.1":0,"3.2":0,"4":0.024246,"5":0.008082,"5.1":0.032328,"6":0.024246,"6.1":0.024246,"7":0.032328,"7.1":0.024246,"8":0.145476,"9":0.509166,"9.1":0},"android":{"2.1":0,"2.2":0,"2.3":0.0203448042508,"3":0,"4":0.0845580926674,"4.1":0.289277685441,"4.2-4.3":0.644040209564,"4.4":1.2817226678,"4.4.3-4.4.4":0.671378540276,"47":null},"ios_saf":{"3.2":0,"4.0-4.1":0,"4.2-4.3":0,"5.0-5.1":0,"6.0-6.1":0,"7.0-7.1":0.105143749871,"8":0.00737371752344,"8.1-8.4":0.300410713918,"9.0-9.2":2.23805981869,"9.3":null},"op_mob":{"10":0,"11":0,"11.1":0,"11.5":0,"12":0.000108052978485,"12.1":0.000108052978485,"0":0.00572680785972},"ie":{"5.5":0,"6":0.0256281009772,"7":0.0170854006515,"8":1.07638024104,"9":0.375878814332,"10":0.709044127036,"11":3.02411591531},"bb":{"7":0.02877,"10":null},"ie_mob":{"10":0.236155764706,"11":1.04123223529},"edge":{"12":0.226296,"13":0.274788,"14":0},"and_uc":{"0":0.272356},"op_mini":{"5.0-8.0":1.44214708618},"and_chr":{"0":14.611224},"and_ff":{"0":0.06713}},"total":99.0504405993}