{"id":"PF","name":"French Polynesia","month":"2016-07","access_date":"2016-08-02","data":{"chrome":{"4":null,"5":null,"6":null,"7":null,"8":null,"9":null,"10":null,"11":0.05232,"12":null,"13":null,"14":null,"15":null,"16":null,"17":null,"18":0.01308,"19":null,"20":null,"21":0.00654,"22":0.0654,"23":null,"24":null,"25":0.15696,"26":0.03924,"27":0.00654,"28":null,"29":0.01962,"30":0.01308,"31":0.02616,"32":0.01962,"33":0.01308,"34":0.01962,"35":0.01962,"36":0.01962,"37":0.02616,"38":0.01962,"39":0.0327,"40":0.01962,"41":0.0654,"42":0.00654,"43":0.0327,"44":0.08502,"45":0.0654,"46":0.04578,"47":0.24852,"48":0.17658,"49":1.90314,"50":0.30084,"51":26.11422,"52":0.58206,"53":0.0654,"54":0.00654,"55":null},"firefox":{"2":null,"3":null,"3.5":0.00654,"3.6":0.01962,"4":null,"5":0.02616,"6":null,"7":0.00654,"8":null,"9":0.02616,"10":0.0327,"11":null,"12":0.0327,"13":0.01308,"14":0.00654,"15":null,"16":0.0327,"17":0.03924,"18":0.00654,"19":null,"20":null,"21":0.01308,"22":0.00654,"23":0.01962,"24":0.02616,"25":0.02616,"26":0.01962,"27":null,"28":0.05232,"29":0.01962,"30":0.20274,"31":0.03924,"32":0.11118,"33":0.0327,"34":0.02616,"35":0.03924,"36":0.01962,"37":0.07194,"38":0.2289,"39":0.08502,"40":0.07194,"41":0.17004,"42":0.13734,"43":0.18312,"44":0.10464,"45":0.25506,"46":0.30084,"47":16.17342,"48":0.18312,"49":0.0654,"50":null},"opera":{"9":null,"9.5-9.6":null,"10.0-10.1":0,"10.5":null,"10.6":null,"11":null,"11.1":null,"11.5":null,"11.6":null,"12":null,"12.1":0.01962,"15":null,"16":null,"17":null,"18":null,"19":null,"20":null,"21":null,"22":null,"23":null,"24":null,"25":null,"26":null,"27":null,"28":0.02616,"29":null,"30":null,"31":null,"32":null,"33":null,"34":null,"35":null,"36":0.01308,"37":0.00654,"38":0.7521,"39":null,"40":null},"safari":{"3.1":null,"3.2":null,"4":0.01308,"5":0.11118,"5.1":0.35316,"6":0.02616,"6.1":0.1962,"7":0.07848,"7.1":0.00654,"8":0.45126,"9":0.66054,"9.1":3.76704,"10":null,"0":null},"ios_saf":{"3.2":0,"4.0-4.1":0,"4.2-4.3":0,"5.0-5.1":0,"6.0-6.1":0,"7.0-7.1":0.241214475205,"8":0,"8.1-8.4":0.569442391238,"9.0-9.2":0.867931536355,"9.3":9.1826715972},"android":{"2.1":0,"2.2":0,"2.3":0.0067027693309,"3":0,"4":0.0476641374642,"4.1":0.178740515491,"4.2-4.3":0.434190502213,"4.4":1.25043885629,"4.4.3-4.4.4":0.942856219214,"51":null},"op_mob":{"10":0,"11":0,"11.1":0,"11.5":0,"12":0,"12.1":0.00046611124319,"0":0.0205088947003},"ie":{"5.5":null,"6":null,"7":0.04578,"8":0.11772,"9":0.1308,"10":0.21582,"11":3.8586},"bb":{"7":0.12538875,"10":null},"ie_mob":{"10":0.218091893258,"11":0.684707106742},"edge":{"12":0.24852,"13":2.13858,"14":null},"and_ff":{"0":0.221376},"samsung":{"0":3.600819},"and_uc":{"0":0.114147},"op_mini":{"0":0.245367994056},"and_chr":{"0":16.680309}},"total":98.09003475}