{"id":"PG","name":"Papua New Guinea","month":"2016-07","access_date":"2016-08-02","data":{"chrome":{"4":null,"5":null,"6":null,"7":0.004938,"8":null,"9":null,"10":null,"11":0.042796,"12":0.004938,"13":null,"14":null,"15":0.001646,"16":0.003292,"17":null,"18":0.00823,"19":null,"20":null,"21":0.006584,"22":0.003292,"23":0.001646,"24":null,"25":null,"26":0.046088,"27":0.001646,"28":0.011522,"29":0.006584,"30":null,"31":0.116866,"32":0.003292,"33":0.003292,"34":null,"35":0.01646,"36":0.009876,"37":0.004938,"38":0.006584,"39":0.00823,"40":0.018106,"41":0.044442,"42":0.018106,"43":0.034566,"44":0.037858,"45":0.060902,"46":0.044442,"47":0.10699,"48":0.064194,"49":0.243608,"50":0.281466,"51":5.255678,"52":0.09876,"53":0.006584,"54":null,"55":null},"firefox":{"2":null,"3":0.093822,"3.5":0.006584,"3.6":0.004938,"4":0.004938,"5":0.001646,"6":0.047734,"7":null,"8":null,"9":0.003292,"10":0.014814,"11":0.00823,"12":0.023044,"13":0.003292,"14":0.003292,"15":0.003292,"16":0.00823,"17":0.006584,"18":0.004938,"19":0.003292,"20":0.009876,"21":0.003292,"22":0.01646,"23":null,"24":0.003292,"25":null,"26":0.004938,"27":0.013168,"28":0.004938,"29":0.004938,"30":0.009876,"31":0.034566,"32":0.046088,"33":0.00823,"34":0.014814,"35":0.037858,"36":0.019752,"37":0.019752,"38":0.055964,"39":0.018106,"40":0.019752,"41":0.184352,"42":0.02469,"43":0.176122,"44":0.302864,"45":0.0823,"46":0.265006,"47":2.347196,"48":0.144848,"49":null,"50":null},"opera":{"9":null,"9.5-9.6":null,"10.0-10.1":0,"10.5":null,"10.6":null,"11":null,"11.1":null,"11.5":null,"11.6":null,"12":null,"12.1":0.001646,"15":null,"16":0.001646,"17":null,"18":null,"19":0.001646,"20":null,"21":null,"22":0.001646,"23":null,"24":null,"25":null,"26":null,"27":null,"28":null,"29":0.001646,"30":0.004938,"31":null,"32":0.034566,"33":0.001646,"34":0.014814,"35":0.004938,"36":0.003292,"37":0.023044,"38":0.0823,"39":null,"40":null},"safari":{"3.1":null,"3.2":null,"4":0,"5":0.004938,"5.1":0.031274,"6":0.019752,"6.1":0.051026,"7":0.009876,"7.1":0.004938,"8":0.018106,"9":0.036212,"9.1":0.133326,"10":null,"0":null},"ios_saf":{"3.2":0,"4.0-4.1":0,"4.2-4.3":0,"5.0-5.1":0,"6.0-6.1":0,"7.0-7.1":0.0118740152114,"8":0,"8.1-8.4":0.0280313509786,"9.0-9.2":0.0427247670622,"9.3":0.452025866748},"android":{"2.1":0,"2.2":0,"2.3":0.00575492944546,"3":0,"4":0.0409239427232,"4.1":0.153464785212,"4.2-4.3":0.372791540745,"4.4":1.07361405988,"4.4.3-4.4.4":0.809526741994,"51":null},"op_mob":{"10":0,"11":0,"11.1":0,"11.5":0,"12":0,"12.1":0.0107602057784,"0":0.473449054251},"ie":{"5.5":null,"6":0.001646,"7":0.013168,"8":0.350598,"9":0.339076,"10":0.273236,"11":2.832766},"bb":{"7":0.025062,"10":null},"ie_mob":{"10":0.0706335393258,"11":0.221756460674},"edge":{"12":0.093822,"13":0.250192,"14":0.001646},"and_ff":{"0":0.016708},"samsung":{"0":0.868816},"and_uc":{"0":67.684108},"op_mini":{"0":5.66433473997},"and_chr":{"0":6.137418}},"total":99.550586}