{"id":"PH","name":"Philippines","month":"2016-07","access_date":"2016-08-02","data":{"chrome":{"4":null,"5":null,"6":0.012074,"7":0.012074,"8":0.006037,"9":null,"10":0.018111,"11":0.036222,"12":0.024148,"13":0.012074,"14":0.012074,"15":0.006037,"16":0.018111,"17":0.012074,"18":0.042259,"19":0.018111,"20":0.018111,"21":0.024148,"22":0.054333,"23":0.036222,"24":0.030185,"25":0.042259,"26":0.072444,"27":0.054333,"28":0.06037,"29":0.108666,"30":0.054333,"31":0.193184,"32":0.066407,"33":0.18111,"34":0.066407,"35":0.078481,"36":0.078481,"37":0.066407,"38":0.078481,"39":0.12074,"40":0.114703,"41":0.102629,"42":0.084518,"43":0.289776,"44":0.283739,"45":0.313924,"46":0.464849,"47":0.658033,"48":0.531256,"49":3.44109,"50":1.08666,"51":34.567862,"52":1.056475,"53":0.307887,"54":0.030185,"55":null},"firefox":{"2":null,"3":0.018111,"3.5":null,"3.6":0.024148,"4":0.012074,"5":null,"6":0.012074,"7":null,"8":null,"9":null,"10":0.012074,"11":0.018111,"12":0.024148,"13":0.012074,"14":0.012074,"15":0.012074,"16":0.018111,"17":0.012074,"18":0.012074,"19":0.012074,"20":0.018111,"21":0.030185,"22":0.018111,"23":0.018111,"24":0.012074,"25":0.018111,"26":0.024148,"27":0.018111,"28":0.018111,"29":0.042259,"30":0.042259,"31":0.036222,"32":0.030185,"33":0.066407,"34":0.036222,"35":0.048296,"36":0.036222,"37":0.06037,"38":0.138851,"39":0.096592,"40":0.078481,"41":0.090555,"42":0.102629,"43":0.289776,"44":0.138851,"45":0.199221,"46":0.199221,"47":4.364751,"48":0.392405,"49":0.006037,"50":null},"opera":{"9":null,"9.5-9.6":null,"10.0-10.1":0,"10.5":null,"10.6":null,"11":null,"11.1":null,"11.5":null,"11.6":null,"12":null,"12.1":0.012074,"15":null,"16":0.012074,"17":null,"18":null,"19":null,"20":null,"21":null,"22":null,"23":null,"24":null,"25":null,"26":null,"27":null,"28":0.030185,"29":null,"30":null,"31":null,"32":null,"33":null,"34":0.030185,"35":0.006037,"36":0.024148,"37":0.042259,"38":0.265628,"39":null,"40":null},"safari":{"3.1":null,"3.2":null,"4":0,"5":0.024148,"5.1":0.042259,"6":0.006037,"6.1":0.018111,"7":0.036222,"7.1":0.006037,"8":0.138851,"9":0.199221,"9.1":0.627848,"10":null,"0":null},"ios_saf":{"3.2":0,"4.0-4.1":0,"4.2-4.3":0,"5.0-5.1":0,"6.0-6.1":0,"7.0-7.1":0.177389600243,"8":0,"8.1-8.4":0.418769056282,"9.0-9.2":0.638278561606,"9.3":6.75295478187},"android":{"2.1":0,"2.2":0,"2.3":0.011363028378,"3":0,"4":0.0808037573549,"4.1":0.303014090081,"4.2-4.3":0.736071727154,"4.4":2.11983607186,"4.4.3-4.4.4":1.59839932518,"51":null},"op_mob":{"10":0,"11":0,"11.1":0,"11.5":0,"12":0,"12.1":0.00688512788509,"0":0.302945626944},"ie":{"5.5":null,"6":0.00610370718232,"7":0.0122074143646,"8":0.640889254144,"9":0.122074143646,"10":0.152592679558,"11":1.26957109392},"bb":{"7":0.0366485,"10":null},"ie_mob":{"10":0.104325247191,"11":0.327532752809},"edge":{"12":0.102629,"13":0.458812,"14":null},"and_ff":{"0":0.031696},"samsung":{"0":1.981},"and_uc":{"0":1.858178},"op_mini":{"0":3.62443524517},"and_chr":{"0":21.452154}},"total":98.7791577928}