{"id":"PL","name":"Poland","month":"2016-07","access_date":"2016-08-02","data":{"chrome":{"4":null,"5":null,"6":null,"7":null,"8":null,"9":null,"10":null,"11":0.026859,"12":null,"13":null,"14":null,"15":null,"16":null,"17":null,"18":0.007674,"19":null,"20":null,"21":null,"22":0.011511,"23":null,"24":null,"25":null,"26":0.015348,"27":null,"28":null,"29":0.149643,"30":0.007674,"31":0.046044,"32":0.007674,"33":0.030696,"34":0.03837,"35":0.030696,"36":0.015348,"37":0.023022,"38":0.026859,"39":0.057555,"40":0.023022,"41":0.015348,"42":0.049881,"43":0.065229,"44":0.046044,"45":0.042207,"46":0.049881,"47":0.103599,"48":0.122784,"49":1.707465,"50":0.272427,"51":14.77245,"52":0.376026,"53":0.011511,"54":0.007674,"55":null},"firefox":{"2":null,"3":null,"3.5":null,"3.6":0.011511,"4":null,"5":null,"6":null,"7":null,"8":null,"9":null,"10":0.003837,"11":0.003837,"12":0.015348,"13":null,"14":null,"15":0.007674,"16":0.011511,"17":0.003837,"18":0.007674,"19":null,"20":0.007674,"21":null,"22":null,"23":0.003837,"24":0.015348,"25":0.003837,"26":0.007674,"27":0.007674,"28":0.011511,"29":0.007674,"30":0.007674,"31":0.015348,"32":0.007674,"33":0.015348,"34":0.011511,"35":0.019185,"36":0.023022,"37":0.023022,"38":0.103599,"39":0.042207,"40":0.034533,"41":0.042207,"42":0.057555,"43":0.184176,"44":0.095925,"45":0.207198,"46":0.211035,"47":9.458205,"48":0.049881,"49":0.007674,"50":null},"opera":{"9":null,"9.5-9.6":null,"10.0-10.1":0,"10.5":null,"10.6":null,"11":null,"11.1":null,"11.5":null,"11.6":0.003837,"12":0.007674,"12.1":0.164991,"15":null,"16":null,"17":null,"18":0.003837,"19":null,"20":0.007674,"21":null,"22":null,"23":null,"24":null,"25":null,"26":0.007674,"27":null,"28":0.011511,"29":0.007674,"30":0.019185,"31":0.007674,"32":0.011511,"33":0.015348,"34":0.015348,"35":0.026859,"36":0.257079,"37":0.111273,"38":1.672932,"39":0.03837,"40":0.003837},"safari":{"3.1":null,"3.2":null,"4":0,"5":0.007674,"5.1":0.019185,"6":null,"6.1":0.007674,"7":0.007674,"7.1":null,"8":0.034533,"9":0.057555,"9.1":0.3837,"10":0.003837,"0":null},"ios_saf":{"3.2":0,"4.0-4.1":0,"4.2-4.3":0,"5.0-5.1":0,"6.0-6.1":0,"7.0-7.1":0.0183438539702,"8":0,"8.1-8.4":0.0433048972721,"9.0-9.2":0.0660043695366,"9.3":0.698322879221},"android":{"2.1":0,"2.2":0,"2.3":0.0205958802395,"3":0,"4":0.146459592814,"4.1":0.549223473054,"4.2-4.3":1.33415535329,"4.4":3.84227588024,"4.4.3-4.4.4":2.89715382036,"51":null},"op_mob":{"10":0,"11":0,"11.1":0,"11.5":0,"12":0,"12.1":0.00307436750867,"0":0.135272170381},"ie":{"5.5":null,"6":null,"7":0.0077093640553,"8":0.0848030046083,"9":0.0616749124424,"10":0.0693842764977,"11":1.4493604424},"bb":{"7":0.010787,"10":null},"ie_mob":{"10":0.781754494382,"11":2.45434550562},"edge":{"12":0.072903,"13":0.625431,"14":null},"and_ff":{"0":0.036984},"samsung":{"0":5.325696},"and_uc":{"0":0.067804},"op_mini":{"0":1.61839346211},"and_chr":{"0":44.343766}},"total":98.589061}