{"id":"PM","name":"Saint Pierre and Miquelon","month":"2016-07","access_date":"2016-08-02","data":{"chrome":{"4":null,"5":null,"6":null,"7":null,"8":null,"9":null,"10":null,"11":null,"12":null,"13":null,"14":null,"15":null,"16":null,"17":null,"18":null,"19":null,"20":null,"21":null,"22":null,"23":null,"24":null,"25":null,"26":null,"27":null,"28":null,"29":null,"30":null,"31":null,"32":null,"33":null,"34":0.043572,"35":null,"36":0.087144,"37":null,"38":null,"39":0.058096,"40":null,"41":null,"42":null,"43":null,"44":0.065358,"45":0.297742,"46":0.101668,"47":0.087144,"48":0.225122,"49":1.938954,"50":0.341314,"51":30.841714,"52":0.94406,"53":null,"54":0.101668,"55":null},"firefox":{"2":null,"3":null,"3.5":null,"3.6":null,"4":null,"5":null,"6":null,"7":null,"8":null,"9":null,"10":null,"11":0.043572,"12":0.14524,"13":null,"14":null,"15":null,"16":null,"17":null,"18":null,"19":null,"20":null,"21":null,"22":null,"23":0.029048,"24":null,"25":null,"26":null,"27":null,"28":null,"29":null,"30":null,"31":null,"32":null,"33":null,"34":null,"35":null,"36":null,"37":null,"38":null,"39":null,"40":0.07262,"41":null,"42":0.101668,"43":0.021786,"44":0.058096,"45":0.239646,"46":0.058096,"47":18.69965,"48":0.348576,"49":null,"50":null},"opera":{"9":null,"9.5-9.6":null,"10.0-10.1":0,"10.5":null,"10.6":null,"11":null,"11.1":null,"11.5":null,"11.6":null,"12":null,"12.1":null,"15":null,"16":null,"17":null,"18":null,"19":null,"20":null,"21":null,"22":null,"23":null,"24":null,"25":null,"26":null,"27":null,"28":null,"29":null,"30":null,"31":null,"32":null,"33":null,"34":null,"35":null,"36":0.014524,"37":null,"38":0.668104,"39":null,"40":null},"safari":{"3.1":null,"3.2":null,"4":0.021786,"5":null,"5.1":0.246908,"6":null,"6.1":0.07262,"7":0.021786,"7.1":null,"8":0.537388,"9":0.341314,"9.1":5.95484,"10":null,"0":null},"ios_saf":{"3.2":0,"4.0-4.1":0,"4.2-4.3":0,"5.0-5.1":0,"6.0-6.1":0,"7.0-7.1":0.306226183146,"8":0,"8.1-8.4":0.722917519116,"9.0-9.2":1.1018549421,"9.3":11.6575693556},"android":{"2.1":0,"2.2":0,"2.3":0.00406102212965,"3":0,"4":0.0288783795886,"4.1":0.108293923457,"4.2-4.3":0.263063989065,"4.4":0.757606239521,"4.4.3-4.4.4":0.571250446238,"51":null},"op_mob":{"10":0,"11":0,"11.1":0,"11.5":0,"12":0,"12.1":2.87496780584e-5,"0":0.00126498583457},"ie":{"5.5":null,"6":null,"7":0.116192,"8":0.137978,"9":0.14524,"10":0.275956,"11":3.166232},"bb":{"7":0.017797,"10":null},"ie_mob":{"10":0.0125671123596,"11":0.0394548876404},"edge":{"12":0.021786,"13":4.21196,"14":null},"and_ff":{"0":null},"samsung":{"0":1.237576},"and_uc":{"0":null},"op_mini":{"0":0.0151342644874},"and_chr":{"0":11.375722}},"total":99.127435}