{"id":"PS","name":"Palestinian Territory","month":"2016-07","access_date":"2016-08-02","data":{"chrome":{"4":null,"5":null,"6":null,"7":null,"8":null,"9":null,"10":0.006123,"11":0.030615,"12":0.024492,"13":0.006123,"14":null,"15":0.018369,"16":0.006123,"17":0.006123,"18":0.012246,"19":0.018369,"20":0.006123,"21":0.012246,"22":0.030615,"23":0.006123,"24":0.024492,"25":0.012246,"26":0.036738,"27":0.024492,"28":0.030615,"29":0.324519,"30":0.036738,"31":0.404118,"32":0.036738,"33":0.140829,"34":0.036738,"35":0.018369,"36":0.048984,"37":0.195936,"38":0.116337,"39":0.116337,"40":0.067353,"41":0.06123,"42":0.036738,"43":1.126632,"44":0.251043,"45":0.146952,"46":0.226551,"47":0.575562,"48":0.557193,"49":3.00027,"50":1.004172,"51":31.802862,"52":1.089894,"53":0.048984,"54":0.042861,"55":null},"firefox":{"2":null,"3":0.012246,"3.5":null,"3.6":0.036738,"4":null,"5":null,"6":0.012246,"7":null,"8":null,"9":0.012246,"10":0.006123,"11":0.006123,"12":0.048984,"13":0.012246,"14":null,"15":0.006123,"16":0.012246,"17":0.024492,"18":0.006123,"19":0.012246,"20":0.006123,"21":0.006123,"22":0.012246,"23":0.006123,"24":0.006123,"25":0.012246,"26":0.012246,"27":0.012246,"28":0.012246,"29":0.018369,"30":0.018369,"31":0.012246,"32":0.06123,"33":0.030615,"34":0.036738,"35":0.042861,"36":0.067353,"37":0.048984,"38":0.097968,"39":0.06123,"40":0.110214,"41":0.048984,"42":0.085722,"43":0.416364,"44":0.134706,"45":0.434733,"46":0.342888,"47":7.121049,"48":0.220428,"49":0.006123,"50":null},"opera":{"9":null,"9.5-9.6":null,"10.0-10.1":0,"10.5":null,"10.6":null,"11":null,"11.1":null,"11.5":null,"11.6":null,"12":null,"12.1":2.161419,"15":null,"16":null,"17":null,"18":null,"19":null,"20":null,"21":null,"22":null,"23":null,"24":null,"25":null,"26":null,"27":null,"28":null,"29":null,"30":null,"31":null,"32":null,"33":0.024492,"34":null,"35":0.012246,"36":0.024492,"37":0.030615,"38":0.649038,"39":0.018369,"40":null},"safari":{"3.1":null,"3.2":null,"4":0.018369,"5":null,"5.1":0.030615,"6":null,"6.1":0.012246,"7":0.012246,"7.1":null,"8":0.079599,"9":0.06123,"9.1":0.704145,"10":null,"0":null},"ios_saf":{"3.2":0,"4.0-4.1":0,"4.2-4.3":0,"5.0-5.1":0,"6.0-6.1":0,"7.0-7.1":0.0785260578035,"8":0,"8.1-8.4":0.185378867052,"9.0-9.2":0.282550381503,"9.3":2.98936869364},"android":{"2.1":0,"2.2":0,"2.3":0.0146621457954,"3":0,"4":0.104264147878,"4.1":0.390990554543,"4.2-4.3":0.949781222078,"4.4":2.73530475449,"4.4.3-4.4.4":2.06247517521,"51":null},"op_mob":{"10":0,"11":0,"11.1":0,"11.5":0,"12":0,"12.1":0.00333139082054,"0":0.146581196104},"ie":{"5.5":null,"6":0.0130771764706,"7":0.0130771764706,"8":0.915402352941,"9":0.196157647059,"10":0.241927764706,"11":1.49733670588},"bb":{"7":0.00290775,"10":null},"ie_mob":{"10":0.0458923539326,"11":0.144080646067},"edge":{"12":0.079599,"13":0.440856,"14":null},"and_ff":{"0":0.031016},"samsung":{"0":3.473792},"and_uc":{"0":0.267513},"op_mini":{"0":1.75369441308},"and_chr":{"0":23.639889}},"total":98.0758455735}