{"id":"PT","name":"Portugal","month":"2016-07","access_date":"2016-08-02","data":{"chrome":{"4":null,"5":null,"6":null,"7":null,"8":null,"9":null,"10":null,"11":0.031856,"12":null,"13":null,"14":null,"15":null,"16":null,"17":null,"18":null,"19":null,"20":null,"21":0.007964,"22":0.07964,"23":null,"24":null,"25":null,"26":0.015928,"27":null,"28":null,"29":0.414128,"30":null,"31":0.03982,"32":0.031856,"33":0.015928,"34":0.03982,"35":0.071676,"36":0.087604,"37":0.047784,"38":0.063712,"39":0.103532,"40":0.055748,"41":0.031856,"42":0.031856,"43":0.207064,"44":0.111496,"45":0.111496,"46":0.095568,"47":0.215028,"48":0.215028,"49":3.62362,"50":0.581372,"51":43.300268,"52":1.337952,"53":0.07964,"54":0.023892,"55":null},"firefox":{"2":null,"3":null,"3.5":null,"3.6":0.007964,"4":null,"5":null,"6":0.007964,"7":null,"8":null,"9":null,"10":null,"11":null,"12":0.007964,"13":null,"14":null,"15":null,"16":0.015928,"17":null,"18":null,"19":null,"20":0.007964,"21":null,"22":null,"23":null,"24":null,"25":null,"26":null,"27":null,"28":null,"29":null,"30":0.007964,"31":0.007964,"32":0.007964,"33":0.007964,"34":0.015928,"35":0.015928,"36":0.015928,"37":0.023892,"38":0.07964,"39":0.055748,"40":0.031856,"41":0.03982,"42":0.047784,"43":0.15928,"44":0.103532,"45":0.222992,"46":0.1991,"47":9.588656,"48":0.063712,"49":0.007964,"50":null},"opera":{"9":null,"9.5-9.6":null,"10.0-10.1":0,"10.5":null,"10.6":null,"11":null,"11.1":null,"11.5":null,"11.6":null,"12":null,"12.1":0.031856,"15":null,"16":null,"17":null,"18":null,"19":null,"20":null,"21":null,"22":null,"23":null,"24":null,"25":null,"26":null,"27":null,"28":null,"29":null,"30":null,"31":null,"32":null,"33":null,"34":null,"35":null,"36":0.063712,"37":0.015928,"38":0.67694,"39":null,"40":null},"safari":{"3.1":null,"3.2":null,"4":0.015928,"5":0.047784,"5.1":0.11946,"6":0.007964,"6.1":0.087604,"7":0.031856,"7.1":0.007964,"8":0.1991,"9":0.406164,"9.1":2.484768,"10":0.023892,"0":null},"ios_saf":{"3.2":0,"4.0-4.1":0,"4.2-4.3":0,"5.0-5.1":0,"6.0-6.1":0,"7.0-7.1":0.104535355948,"8":0,"8.1-8.4":0.246779812899,"9.0-9.2":0.376136349255,"9.3":3.9795034819},"android":{"2.1":0,"2.2":0,"2.3":0.00385754621192,"3":0,"4":0.0274314397292,"4.1":0.102867898985,"4.2-4.3":0.249883271284,"4.4":0.719646676647,"4.4.3-4.4.4":0.542628167144,"51":null},"op_mob":{"10":0,"11":0,"11.1":0,"11.5":0,"12":0,"12.1":0.000281345385504,"0":0.0123791969622},"ie":{"5.5":null,"6":0.00799025494505,"7":0.0239707648352,"8":0.399512747253,"9":0.479415296703,"10":0.247697903297,"11":6.02465222857},"bb":{"7":0.01068375,"10":null},"ie_mob":{"10":0.136173511236,"11":0.427521488764},"edge":{"12":0.1991,"13":3.042248,"14":0.007964},"and_ff":{"0":0.026455},"samsung":{"0":1.434675},"and_uc":{"0":0.19129},"op_mini":{"0":0.148104457652},"and_chr":{"0":12.841653}},"total":98.0604899456}