{"id":"PW","name":"Palau","month":"2016-07","access_date":"2016-08-02","data":{"chrome":{"4":null,"5":null,"6":null,"7":null,"8":0.032406,"9":null,"10":null,"11":null,"12":0.016203,"13":null,"14":0.05401,"15":null,"16":null,"17":null,"18":0.016203,"19":0.032406,"20":null,"21":0.059411,"22":null,"23":0.021604,"24":null,"25":null,"26":0.010802,"27":null,"28":null,"29":0.010802,"30":null,"31":0.642719,"32":0.043208,"33":1.280037,"34":null,"35":null,"36":0.010802,"37":0.010802,"38":0.124223,"39":0.05401,"40":null,"41":0.037807,"42":0.021604,"43":0.048609,"44":0.205238,"45":0.469887,"46":0.102619,"47":1.857944,"48":0.291654,"49":3.089372,"50":0.307857,"51":25.336091,"52":0.831754,"53":0.048609,"54":null,"55":null},"firefox":{"2":null,"3":null,"3.5":null,"3.6":0.021604,"4":null,"5":0.032406,"6":0.059411,"7":null,"8":null,"9":null,"10":null,"11":null,"12":null,"13":null,"14":null,"15":null,"16":null,"17":null,"18":null,"19":null,"20":null,"21":null,"22":0.010802,"23":null,"24":0.027005,"25":0.010802,"26":null,"27":null,"28":0.032406,"29":0.075614,"30":0.021604,"31":0.021604,"32":null,"33":0.081015,"34":0.016203,"35":null,"36":0.032406,"37":0.064812,"38":0.016203,"39":0.032406,"40":0.010802,"41":null,"42":0.016203,"43":0.156629,"44":0.059411,"45":0.113421,"46":0.880363,"47":4.509835,"48":1.0802,"49":null,"50":null},"opera":{"9":null,"9.5-9.6":null,"10.0-10.1":0,"10.5":null,"10.6":null,"11":null,"11.1":null,"11.5":null,"11.6":null,"12":null,"12.1":0.037807,"15":null,"16":null,"17":null,"18":null,"19":null,"20":null,"21":null,"22":null,"23":null,"24":null,"25":null,"26":null,"27":null,"28":null,"29":null,"30":0.021604,"31":null,"32":null,"33":null,"34":null,"35":null,"36":null,"37":null,"38":0.021604,"39":null,"40":null},"safari":{"3.1":null,"3.2":null,"4":0,"5":0.140426,"5.1":0.010802,"6":0.032406,"6.1":null,"7":null,"7.1":0.032406,"8":0.275451,"9":0.226842,"9.1":0.934373,"10":null,"0":null},"ios_saf":{"3.2":0,"4.0-4.1":0,"4.2-4.3":0,"5.0-5.1":0,"6.0-6.1":0,"7.0-7.1":0.162909815942,"8":0,"8.1-8.4":0.384586186492,"9.0-9.2":0.586177785214,"9.3":6.20173121235},"android":{"2.1":0,"2.2":0,"2.3":0.0113149049727,"3":0,"4":0.0804615464723,"4.1":0.301730799271,"4.2-4.3":0.732954399896,"4.4":2.11085838323,"4.4.3-4.4.4":1.59162996615,"51":null},"op_mob":{"10":0,"11":0,"11.1":0,"11.5":0,"12":0,"12.1":0.012547517682,"0":0.552090778009},"ie":{"5.5":null,"6":0.10802,"7":0.016203,"8":0.518496,"9":0.491491,"10":0.734536,"11":3.499848},"bb":{"7":0.00114975,"10":null},"ie_mob":{"10":0.0344408258427,"11":0.108128174157},"edge":{"12":1.220626,"13":0.226842,"14":null},"and_ff":{"0":null},"samsung":{"0":2.612232},"and_uc":{"0":10.729467},"op_mini":{"0":6.60520270431},"and_chr":{"0":15.911071}},"total":99.73232775}