{"id":"PY","name":"Paraguay","month":"2016-07","access_date":"2016-08-02","data":{"chrome":{"4":null,"5":null,"6":null,"7":null,"8":null,"9":null,"10":0.009482,"11":0.04741,"12":0.009482,"13":null,"14":null,"15":null,"16":null,"17":null,"18":0.023705,"19":null,"20":null,"21":null,"22":0.009482,"23":0.004741,"24":0.004741,"25":null,"26":0.009482,"27":0.009482,"28":0.009482,"29":0.075856,"30":0.014223,"31":0.056892,"32":0.009482,"33":0.023705,"34":0.033187,"35":0.023705,"36":0.037928,"37":0.033187,"38":0.037928,"39":0.04741,"40":0.023705,"41":0.052151,"42":0.018964,"43":0.090079,"44":0.14223,"45":0.04741,"46":0.066374,"47":0.175417,"48":0.113784,"49":1.924846,"50":0.445654,"51":28.436518,"52":0.696927,"53":0.033187,"54":0.009482,"55":null},"firefox":{"2":null,"3":0.042669,"3.5":0.018964,"3.6":0.028446,"4":0.014223,"5":0.004741,"6":null,"7":null,"8":null,"9":null,"10":0.014223,"11":0.018964,"12":0.018964,"13":0.004741,"14":0.014223,"15":0.023705,"16":0.014223,"17":0.014223,"18":null,"19":null,"20":0.009482,"21":0.004741,"22":0.018964,"23":0.004741,"24":0.014223,"25":0.009482,"26":0.028446,"27":0.004741,"28":0.018964,"29":0.009482,"30":0.014223,"31":0.018964,"32":0.023705,"33":0.014223,"34":0.023705,"35":0.028446,"36":0.014223,"37":0.033187,"38":0.104302,"39":0.056892,"40":0.033187,"41":0.037928,"42":0.04741,"43":0.184899,"44":0.080597,"45":0.260755,"46":0.123266,"47":6.025811,"48":0.066374,"49":0.023705,"50":null},"opera":{"9":null,"9.5-9.6":null,"10.0-10.1":0,"10.5":null,"10.6":null,"11":null,"11.1":null,"11.5":null,"11.6":null,"12":null,"12.1":0.004741,"15":null,"16":null,"17":null,"18":null,"19":null,"20":null,"21":null,"22":null,"23":null,"24":null,"25":null,"26":null,"27":0.004741,"28":null,"29":0.099561,"30":null,"31":null,"32":0.009482,"33":0.028446,"34":0.009482,"35":0.009482,"36":0.018964,"37":0.113784,"38":0.327129,"39":null,"40":null},"safari":{"3.1":null,"3.2":null,"4":0,"5":0.009482,"5.1":0.014223,"6":null,"6.1":0.009482,"7":0.009482,"7.1":0.023705,"8":0.075856,"9":0.132748,"9.1":0.440913,"10":null,"0":null},"ios_saf":{"3.2":0,"4.0-4.1":0,"4.2-4.3":0,"5.0-5.1":0,"6.0-6.1":0,"7.0-7.1":0.0568794368725,"8":0,"8.1-8.4":0.134277026772,"9.0-9.2":0.204662083359,"9.3":2.165314453},"android":{"2.1":0,"2.2":0,"2.3":0.0224270814892,"3":0,"4":0.159481468368,"4.1":0.598055506379,"4.2-4.3":1.45277650091,"4.4":4.18389664671,"4.4.3-4.4.4":3.15474279615,"51":null},"op_mob":{"10":0,"11":0,"11.1":0,"11.5":0,"12":0,"12.1":0.0123786631996,"0":0.544661180783},"ie":{"5.5":null,"6":null,"7":0.00967218338109,"8":0.324018143266,"9":0.140246659026,"10":0.125738383954,"11":1.08812063037},"bb":{"7":0.05127525,"10":null},"ie_mob":{"10":0.344287230337,"11":1.08090176966},"edge":{"12":0.090079,"13":0.360316,"14":null},"and_ff":{"0":0.015777},"samsung":{"0":4.659474},"and_uc":{"0":1.162239},"op_mini":{"0":6.51631515602},"and_chr":{"0":28.14593}},"total":98.52474325}