{"id":"QA","name":"Qatar","month":"2016-07","access_date":"2016-08-02","data":{"chrome":{"4":null,"5":null,"6":null,"7":null,"8":null,"9":null,"10":0.003306,"11":0.006612,"12":0.003306,"13":null,"14":null,"15":null,"16":null,"17":null,"18":null,"19":0.006612,"20":null,"21":null,"22":0.046284,"23":null,"24":0.006612,"25":0.006612,"26":0.01653,"27":null,"28":0.006612,"29":0.14877,"30":0.013224,"31":0.076038,"32":0.019836,"33":0.042978,"34":0.039672,"35":0.01653,"36":0.023142,"37":0.013224,"38":0.019836,"39":0.079344,"40":0.026448,"41":0.009918,"42":0.01653,"43":0.171912,"44":0.052896,"45":0.056202,"46":0.08265,"47":0.241338,"48":0.092568,"49":0.9918,"50":0.201666,"51":18.857424,"52":0.585162,"53":0.125628,"54":0.009918,"55":null},"firefox":{"2":null,"3":0.013224,"3.5":null,"3.6":0.009918,"4":0.019836,"5":null,"6":null,"7":null,"8":null,"9":null,"10":null,"11":0.006612,"12":null,"13":null,"14":null,"15":0.003306,"16":0.003306,"17":0.003306,"18":null,"19":null,"20":null,"21":null,"22":0.003306,"23":null,"24":0.003306,"25":null,"26":null,"27":null,"28":null,"29":0.003306,"30":null,"31":0.003306,"32":null,"33":0.006612,"34":0.009918,"35":0.006612,"36":0.009918,"37":0.009918,"38":0.039672,"39":0.019836,"40":0.01653,"41":0.01653,"42":0.029754,"43":0.036366,"44":0.023142,"45":0.04959,"46":0.085956,"47":2.119146,"48":0.122322,"49":null,"50":null},"opera":{"9":null,"9.5-9.6":null,"10.0-10.1":0,"10.5":null,"10.6":null,"11":null,"11.1":null,"11.5":null,"11.6":null,"12":null,"12.1":0.013224,"15":null,"16":null,"17":null,"18":null,"19":null,"20":null,"21":null,"22":null,"23":null,"24":null,"25":null,"26":null,"27":null,"28":0.006612,"29":null,"30":0.009918,"31":null,"32":0.003306,"33":null,"34":0.003306,"35":0.003306,"36":0.009918,"37":0.08265,"38":0.323988,"39":null,"40":null},"safari":{"3.1":null,"3.2":null,"4":0.003306,"5":0.013224,"5.1":0.03306,"6":0.009918,"6.1":0.019836,"7":0.023142,"7.1":0.019836,"8":0.128934,"9":0.18183,"9.1":0.899232,"10":0.003306,"0":null},"ios_saf":{"3.2":0,"4.0-4.1":0,"4.2-4.3":0,"5.0-5.1":0,"6.0-6.1":0,"7.0-7.1":0.183871187405,"8":0,"8.1-8.4":0.43407033739,"9.0-9.2":0.661600436873,"9.3":6.99969903833},"android":{"2.1":0,"2.2":0,"2.3":0.0065239760479,"3":0,"4":0.0463927185629,"4.1":0.173972694611,"4.2-4.3":0.422608670659,"4.4":1.21708397605,"4.4.3-4.4.4":0.917705964072,"51":null},"op_mob":{"10":0,"11":0,"11.1":0,"11.5":0,"12":0,"12.1":0.0289663139178,"0":1.27451781238},"ie":{"5.5":null,"6":0.0100014224299,"7":0.0100014224299,"8":0.220031293458,"9":0.280039828037,"10":0.270038405607,"11":2.76372639813},"bb":{"7":0.033465,"10":null},"ie_mob":{"10":0.0953940505618,"11":0.299492949438},"edge":{"12":0.095874,"13":1.028166,"14":null},"and_ff":{"0":0.013386},"samsung":{"0":3.574062},"and_uc":{"0":15.340356},"op_mini":{"0":15.2483048737},"and_chr":{"0":20.073057}},"total":98.3059557701}