{"id":"RE","name":"Reunion","month":"2016-07","access_date":"2016-08-02","data":{"chrome":{"4":null,"5":null,"6":null,"7":null,"8":null,"9":null,"10":null,"11":0.013812,"12":null,"13":null,"14":null,"15":null,"16":null,"17":null,"18":null,"19":null,"20":null,"21":0.006906,"22":0.03453,"23":0.013812,"24":null,"25":0.013812,"26":0.013812,"27":null,"28":0.027624,"29":0.151932,"30":0.06906,"31":0.020718,"32":0.020718,"33":0.027624,"34":0.048342,"35":0.062154,"36":0.062154,"37":0.041436,"38":0.055248,"39":0.20718,"40":0.062154,"41":0.041436,"42":0.055248,"43":0.124308,"44":0.504138,"45":0.082872,"46":0.096684,"47":0.296958,"48":0.24171,"49":1.712688,"50":2.527596,"51":27.299418,"52":0.849438,"53":0.041436,"54":0.020718,"55":null},"firefox":{"2":null,"3":null,"3.5":null,"3.6":0.041436,"4":0.020718,"5":null,"6":0.048342,"7":0.006906,"8":null,"9":null,"10":0.006906,"11":0.013812,"12":0.020718,"13":0.013812,"14":0.020718,"15":0.048342,"16":0.048342,"17":0.006906,"18":null,"19":0.006906,"20":0.041436,"21":0.006906,"22":null,"23":0.179556,"24":0.20718,"25":0.03453,"26":0.03453,"27":0.006906,"28":0.075966,"29":0.020718,"30":0.06906,"31":0.13812,"32":0.435078,"33":0.048342,"34":0.096684,"35":0.082872,"36":0.041436,"37":0.10359,"38":0.158838,"39":0.13812,"40":0.200274,"41":0.704412,"42":0.151932,"43":0.331488,"44":0.324582,"45":0.37983,"46":0.441984,"47":12.265056,"48":0.10359,"49":null,"50":null},"opera":{"9":null,"9.5-9.6":null,"10.0-10.1":0,"10.5":null,"10.6":null,"11":null,"11.1":null,"11.5":null,"11.6":null,"12":null,"12.1":0.013812,"15":null,"16":null,"17":null,"18":null,"19":null,"20":null,"21":null,"22":null,"23":null,"24":null,"25":null,"26":null,"27":0.006906,"28":null,"29":null,"30":null,"31":null,"32":null,"33":null,"34":null,"35":0.055248,"36":0.131214,"37":0.020718,"38":0.393642,"39":null,"40":null},"safari":{"3.1":null,"3.2":null,"4":0.006906,"5":0.096684,"5.1":0.255522,"6":0.062154,"6.1":0.124308,"7":0.041436,"7.1":0.10359,"8":0.303864,"9":0.497232,"9.1":3.066264,"10":0.041436,"0":null},"ios_saf":{"3.2":0,"4.0-4.1":0,"4.2-4.3":0,"5.0-5.1":0,"6.0-6.1":0,"7.0-7.1":0.135847025859,"8":0,"8.1-8.4":0.320698229997,"9.0-9.2":0.488801170672,"9.3":5.17149157347},"android":{"2.1":0,"2.2":0,"2.3":0.00670594897162,"3":0,"4":0.0476867482426,"4.1":0.17882530591,"4.2-4.3":0.434396472273,"4.4":1.25103203593,"4.4.3-4.4.4":0.943303488675,"51":null},"op_mob":{"10":0,"11":0,"11.1":0,"11.5":0,"12":0,"12.1":0.000758047878488,"0":0.0333541066535},"ie":{"5.5":null,"6":null,"7":0.0139666944,"8":0.1885503744,"9":0.1117335552,"10":0.2583838464,"11":3.7919575296},"bb":{"7":0.0085085,"10":null},"ie_mob":{"10":0.143505977528,"11":0.450542022472},"edge":{"12":0.227898,"13":2.562126,"14":null},"and_ff":{"0":0.055692},"samsung":{"0":3.443622},"and_uc":{"0":0.111384},"op_mini":{"0":0.399047845468},"and_chr":{"0":20.04624}},"total":98.0215505}