{"id":"RS","name":"Serbia","month":"2016-01","access_date":"2016-02-03","data":{"firefox":{"2":0.008061,"3":0.032244,"3.5":0.016122,"3.6":0.064488,"4":0.008061,"5":0.008061,"6":0.016122,"7":0.008061,"8":0.008061,"9":0.008061,"10":0.016122,"11":0.016122,"12":0.040305,"13":0.016122,"14":0.016122,"15":0.016122,"16":0.024183,"17":0.016122,"18":0.016122,"19":0.016122,"20":0.024183,"21":0.016122,"22":0.008061,"23":0.016122,"24":0.056427,"25":0.016122,"26":0.024183,"27":0.016122,"28":0.024183,"29":0.032244,"30":0.040305,"31":0.040305,"32":0.024183,"33":0.056427,"34":0.056427,"35":0.064488,"36":0.064488,"37":0.201525,"38":0.298257,"39":0.185403,"40":0.233769,"41":0.257952,"42":0.443355,"43":13.655334,"44":1.096296,"45":0.040305,"46":0.008061,"47":0},"chrome":{"4":0.008061,"5":0.008061,"6":0.008061,"7":0.008061,"8":0.008061,"9":0.008061,"10":0.016122,"11":0.056427,"12":0.016122,"13":0.008061,"14":0.008061,"15":0,"16":0.008061,"17":0.008061,"18":0.040305,"19":0,"20":0,"21":0.008061,"22":0.096732,"23":0.008061,"24":0.008061,"25":0.016122,"26":0.104793,"27":0.016122,"28":0.008061,"29":0.016122,"30":0.024183,"31":0.072549,"32":0.024183,"33":0.072549,"34":0.153159,"35":0.040305,"36":0.064488,"37":0.072549,"38":0.096732,"39":0.145098,"40":0.072549,"41":0.056427,"42":0.104793,"43":0.233769,"44":0.32244,"45":0.298257,"46":0.40305,"47":41.506089,"48":4.788234,"49":0.282135,"50":0.016122,"51":0},"opera":{"9":0,"9.5-9.6":0,"10.0-10.1":0,"10.5":0,"10.6":0.008061,"11":0.008061,"11.1":0,"11.5":0.008061,"11.6":0.024183,"12":0.016122,"12.1":0.443355,"15":0.008061,"16":0.008061,"17":0.008061,"18":0.008061,"19":0.008061,"20":0.016122,"21":0,"22":0,"23":0,"24":0,"25":0,"26":0.016122,"27":0.008061,"28":0.024183,"29":0.024183,"30":0.032244,"31":0.024183,"32":0.032244,"33":0.048366,"34":3.62745,"35":0.032244,"36":0.008061},"safari":{"3.1":0,"3.2":0,"4":0.008061,"5":0.016122,"5.1":0.048366,"6":0.008061,"6.1":0.016122,"7":0.024183,"7.1":0.008061,"8":0.08061,"9":0.338562,"9.1":0},"android":{"2.1":0,"2.2":0,"2.3":0.0324816731137,"3":0,"4":0.135001953879,"4.1":0.461848789586,"4.2-4.3":1.02824796451,"4.4":2.04634540616,"4.4.3-4.4.4":1.07189521275,"47":null},"ios_saf":{"3.2":0,"4.0-4.1":0,"4.2-4.3":0,"5.0-5.1":0,"6.0-6.1":0,"7.0-7.1":0.108321675595,"8":0.00759658504172,"8.1-8.4":0.3094905017,"9.0-9.2":2.30570423766,"9.3":null},"op_mob":{"10":0,"11":0,"11.1":0,"11.5":0,"12":0.000101712498445,"12.1":0.000101712498445,"0":0.00539076241761},"ie":{"5.5":0,"6":0.0245475678392,"7":0.0163650452261,"8":0.523681447236,"9":0.360030994975,"10":0.21274558794,"11":2.11109083417},"bb":{"7":0.011634,"10":null},"ie_mob":{"10":0.186763176471,"11":0.823455823529},"edge":{"12":0.177342,"13":0.40305,"14":0},"and_uc":{"0":0.112462},"op_mini":{"5.0-8.0":1.35752281259},"and_chr":{"0":12.84121},"and_ff":{"0":0.015512}},"total":98.3925364774}