{"id":"RU","name":"Russian Federation","month":"2016-07","access_date":"2016-08-02","data":{"chrome":{"4":0.023298,"5":0.015532,"6":0.007766,"7":0.007766,"8":0.015532,"9":0.015532,"10":0.015532,"11":0.03883,"12":0.031064,"13":0.023298,"14":0.031064,"15":0.03883,"16":0.031064,"17":0.069894,"18":0.054362,"19":0.031064,"20":0.03883,"21":0.093192,"22":0.069894,"23":0.046596,"24":0.100958,"25":0.03883,"26":0.062128,"27":0.07766,"28":0.124256,"29":0.730004,"30":0.046596,"31":1.957032,"32":0.03883,"33":0.054362,"34":0.03883,"35":0.054362,"36":0.03883,"37":0.062128,"38":0.046596,"39":0.100958,"40":0.100958,"41":0.100958,"42":0.062128,"43":0.333938,"44":0.100958,"45":0.209682,"46":0.15532,"47":0.318406,"48":0.442662,"49":2.399694,"50":0.823196,"51":25.837482,"52":0.683408,"53":0.19415,"54":0.03883,"55":null},"firefox":{"2":0.023298,"3":0.062128,"3.5":0.093192,"3.6":0.302874,"4":0.031064,"5":0.015532,"6":0.015532,"7":null,"8":0.031064,"9":0.015532,"10":0.023298,"11":0.023298,"12":0.046596,"13":0.015532,"14":0.015532,"15":0.03883,"16":0.023298,"17":0.023298,"18":0.015532,"19":0.023298,"20":0.023298,"21":0.03883,"22":0.031064,"23":0.031064,"24":0.062128,"25":1.08724,"26":0.085426,"27":0.015532,"28":0.023298,"29":0.023298,"30":0.031064,"31":0.062128,"32":0.03883,"33":0.03883,"34":0.085426,"35":0.069894,"36":0.046596,"37":0.03883,"38":0.186384,"39":0.054362,"40":0.11649,"41":0.054362,"42":0.07766,"43":0.287342,"44":0.11649,"45":0.264044,"46":0.248512,"47":6.935038,"48":0.085426,"49":0.015532,"50":null},"opera":{"9":null,"9.5-9.6":0.007766,"10.0-10.1":0.015532,"10.5":0.015532,"10.6":0.046596,"11":0.023298,"11.1":0.023298,"11.5":0.046596,"11.6":0.139788,"12":0.19415,"12.1":1.90267,"15":0.015532,"16":0.031064,"17":0.046596,"18":0.450428,"19":0.015532,"20":0.023298,"21":0.015532,"22":0.015532,"23":null,"24":0.015532,"25":0.015532,"26":0.015532,"27":0.069894,"28":0.100958,"29":0.023298,"30":0.03883,"31":0.023298,"32":0.031064,"33":0.03883,"34":0.062128,"35":0.100958,"36":0.512556,"37":0.217448,"38":3.976192,"39":0.023298,"40":0.007766},"safari":{"3.1":0.007766,"3.2":null,"4":0.046596,"5":0.07766,"5.1":0.069894,"6":0.015532,"6.1":0.03883,"7":0.031064,"7.1":0.015532,"8":0.132022,"9":0.19415,"9.1":1.195964,"10":0.015532,"0":null},"ios_saf":{"3.2":0,"4.0-4.1":0,"4.2-4.3":0,"5.0-5.1":0,"6.0-6.1":0,"7.0-7.1":0.0899506133252,"8":0,"8.1-8.4":0.212349164791,"9.0-9.2":0.323657914613,"9.3":3.42428430727},"android":{"2.1":0,"2.2":0,"2.3":0.00699339130435,"3":0,"4":0.0497307826087,"4.1":0.186490434783,"4.2-4.3":0.453016347826,"4.4":1.304656,"4.4.3-4.4.4":0.983737043478,"51":null},"op_mob":{"10":0,"11":0,"11.1":0,"11.5":0,"12":0,"12.1":0.00202516876341,"0":0.0891074255902},"ie":{"5.5":null,"6":0.0563268915663,"7":0.0563268915663,"8":1.01388404819,"9":0.65178260241,"10":0.748342987952,"11":3.46008048193},"bb":{"7":0.01117,"10":null},"ie_mob":{"10":0.111712550562,"11":0.350725449438},"edge":{"12":0.062128,"13":0.838728,"14":null},"and_ff":{"0":0.026808},"samsung":{"0":0.898068},"and_uc":{"0":0.907004},"op_mini":{"0":1.06607940565},"and_chr":{"0":12.168202}},"total":86.8819799036}