{"id":"RW","name":"Rwanda","month":"2016-07","access_date":"2016-08-02","data":{"chrome":{"4":null,"5":null,"6":null,"7":0.001796,"8":null,"9":null,"10":null,"11":0.01796,"12":null,"13":0.003592,"14":null,"15":0.003592,"16":0.001796,"17":0.003592,"18":null,"19":0.001796,"20":0.007184,"21":null,"22":0.007184,"23":0.005388,"24":null,"25":0.00898,"26":0.005388,"27":0.001796,"28":0.001796,"29":0.005388,"30":null,"31":0.005388,"32":0.003592,"33":0.023348,"34":0.003592,"35":0.003592,"36":0.007184,"37":0.001796,"38":0.003592,"39":0.010776,"40":0.00898,"41":null,"42":null,"43":0.154456,"44":0.005388,"45":0.122128,"46":0.01796,"47":0.310708,"48":0.037716,"49":0.231684,"50":0.07184,"51":6.7799,"52":0.2245,"53":0.0449,"54":0.005388,"55":null},"firefox":{"2":0.001796,"3":0.066452,"3.5":0.005388,"3.6":0.03592,"4":0.019756,"5":0.00898,"6":0.00898,"7":0.003592,"8":0.007184,"9":0.007184,"10":0.021552,"11":0.023348,"12":0.046696,"13":0.021552,"14":0.030532,"15":0.012572,"16":0.023348,"17":0.01796,"18":0.00898,"19":0.014368,"20":0.025144,"21":0.0449,"22":0.00898,"23":0.007184,"24":0.005388,"25":0.012572,"26":0.001796,"27":0.005388,"28":0.00898,"29":0.037716,"30":0.014368,"31":0.06286,"32":0.010776,"33":0.014368,"34":0.01796,"35":0.043104,"36":0.023348,"37":0.030532,"38":0.034124,"39":0.030532,"40":0.057472,"41":0.032328,"42":0.03592,"43":0.229888,"44":0.12572,"45":0.129312,"46":0.201152,"47":3.985324,"48":0.48492,"49":0.007184,"50":null},"opera":{"9":null,"9.5-9.6":null,"10.0-10.1":0,"10.5":null,"10.6":0.003592,"11":0.003592,"11.1":null,"11.5":null,"11.6":0.02694,"12":0.001796,"12.1":0.016164,"15":null,"16":0.005388,"17":null,"18":null,"19":null,"20":null,"21":null,"22":null,"23":null,"24":null,"25":null,"26":null,"27":null,"28":0.003592,"29":0.012572,"30":0.001796,"31":0.005388,"32":0.007184,"33":0.005388,"34":0.00898,"35":0.01796,"36":0.012572,"37":0.131108,"38":0.32328,"39":null,"40":null},"safari":{"3.1":null,"3.2":null,"4":0.003592,"5":0.003592,"5.1":0.019756,"6":0.005388,"6.1":0.001796,"7":0.007184,"7.1":0.005388,"8":0.100576,"9":0.05388,"9.1":0.276584,"10":null,"0":null},"ios_saf":{"3.2":0,"4.0-4.1":0,"4.2-4.3":0,"5.0-5.1":0,"6.0-6.1":0,"7.0-7.1":0.0176734177061,"8":0,"8.1-8.4":0.0417221778724,"9.0-9.2":0.063592023527,"9.3":0.672800380894},"android":{"2.1":0,"2.2":0,"2.3":0.00444054048425,"3":0,"4":0.0315771767769,"4.1":0.118414412913,"4.2-4.3":0.287648344702,"4.4":0.828407497006,"4.4.3-4.4.4":0.624636028118,"51":null},"op_mob":{"10":0,"11":0,"11.1":0,"11.5":0,"12":0,"12.1":0.122252738319,"0":5.37912048605},"ie":{"5.5":null,"6":0.00181721259843,"7":0.00545163779528,"8":0.179904047244,"9":0.42704496063,"10":0.0781401417323,"11":0.692358},"bb":{"7":0.053326,"10":null},"ie_mob":{"10":0.103056988764,"11":0.323551011236},"edge":{"12":0.059268,"13":0.20654,"14":null},"and_ff":{"0":0.016408},"samsung":{"0":0.721952},"and_uc":{"0":3.133928},"op_mini":{"0":64.3556867756},"and_chr":{"0":5.119736}},"total":99.006498}