{"id":"SA","name":"Saudi Arabia","month":"2016-07","access_date":"2016-08-02","data":{"chrome":{"4":null,"5":null,"6":null,"7":null,"8":null,"9":null,"10":null,"11":0.01041,"12":0.00347,"13":null,"14":null,"15":null,"16":null,"17":null,"18":null,"19":0.00347,"20":0.00694,"21":0.00694,"22":0.02082,"23":0.00347,"24":0.00694,"25":0.01041,"26":0.01041,"27":0.01388,"28":0.01041,"29":0.14227,"30":0.01388,"31":0.12145,"32":0.01041,"33":0.11798,"34":0.02776,"35":0.01735,"36":0.02082,"37":0.01735,"38":0.02776,"39":0.04164,"40":0.02776,"41":0.01735,"42":0.0347,"43":0.65236,"44":0.06593,"45":0.06593,"46":0.07634,"47":0.29495,"48":0.12839,"49":1.20756,"50":0.29495,"51":18.97396,"52":0.694,"53":0.16656,"54":0.01388,"55":null},"firefox":{"2":null,"3":0.01735,"3.5":null,"3.6":0.00694,"4":null,"5":null,"6":0.00694,"7":null,"8":null,"9":null,"10":null,"11":0.00347,"12":0.00347,"13":0.00694,"14":null,"15":null,"16":0.00347,"17":null,"18":0.01388,"19":0.00347,"20":null,"21":null,"22":0.00347,"23":null,"24":null,"25":null,"26":0.00347,"27":0.00347,"28":0.00347,"29":0.00694,"30":0.01041,"31":0.00694,"32":0.00347,"33":0.01041,"34":0.00694,"35":0.01388,"36":0.01041,"37":0.01041,"38":0.01735,"39":0.02776,"40":0.01735,"41":0.01735,"42":0.02082,"43":0.10063,"44":0.05552,"45":0.0694,"46":0.12839,"47":2.69272,"48":0.15268,"49":null,"50":null},"opera":{"9":null,"9.5-9.6":null,"10.0-10.1":0,"10.5":null,"10.6":null,"11":null,"11.1":null,"11.5":null,"11.6":null,"12":null,"12.1":0.01041,"15":null,"16":null,"17":null,"18":null,"19":null,"20":null,"21":null,"22":null,"23":null,"24":null,"25":null,"26":null,"27":null,"28":null,"29":null,"30":null,"31":null,"32":null,"33":0.00347,"34":0.00694,"35":0.02082,"36":0.01041,"37":0.02082,"38":0.04164,"39":null,"40":null},"safari":{"3.1":null,"3.2":null,"4":0.00347,"5":0.00347,"5.1":0.02429,"6":0.00694,"6.1":0.01041,"7":0.02429,"7.1":0.01041,"8":0.12839,"9":0.17697,"9.1":0.82586,"10":0.00347,"0":null},"ios_saf":{"3.2":0,"4.0-4.1":0,"4.2-4.3":0,"5.0-5.1":0,"6.0-6.1":0,"7.0-7.1":0.341818780043,"8":0,"8.1-8.4":0.806942051516,"9.0-9.2":1.22992328161,"9.3":13.0125258868},"android":{"2.1":0,"2.2":0,"2.3":0.01159793283,"3":0,"4":0.0824741890133,"4.1":0.3092782088,"4.2-4.3":0.751288315543,"4.4":2.1636588024,"4.4.3-4.4.4":1.63144255142,"51":null},"op_mob":{"10":0,"11":0,"11.1":0,"11.5":0,"12":0,"12.1":0.000148561003797,"0":0.00653668416708},"ie":{"5.5":null,"6":0.00701418853256,"7":0.00701418853256,"8":0.298103012634,"9":0.315638483965,"10":0.291088824101,"11":2.68994130224},"bb":{"7":0.048975,"10":null},"ie_mob":{"10":0.0441692134831,"11":0.138670786517},"edge":{"12":0.09022,"13":0.80851,"14":0.00694},"and_ff":{"0":0.02612},"samsung":{"0":5.36766},"and_uc":{"0":13.11877},"op_mini":{"0":0.0782047548291},"and_chr":{"0":26.52412}},"total":98.381725}