{"id":"SB","name":"Solomon Islands","month":"2016-07","access_date":"2016-08-02","data":{"chrome":{"4":null,"5":null,"6":null,"7":null,"8":0.445632,"9":null,"10":null,"11":0.03168,"12":null,"13":null,"14":null,"15":null,"16":null,"17":null,"18":0.004224,"19":0.002112,"20":null,"21":0.014784,"22":0.016896,"23":0.002112,"24":null,"25":null,"26":0.002112,"27":null,"28":null,"29":0.016896,"30":null,"31":0.03168,"32":0.019008,"33":0.014784,"34":0.002112,"35":0.004224,"36":0.002112,"37":null,"38":0.002112,"39":0.004224,"40":0.002112,"41":0.012672,"42":0.071808,"43":0.035904,"44":0.004224,"45":0.088704,"46":0.016896,"47":0.120384,"48":0.023232,"49":0.289344,"50":0.07392,"51":5.837568,"52":0.249216,"53":null,"54":null,"55":null},"firefox":{"2":null,"3":0.071808,"3.5":null,"3.6":0.01056,"4":0.019008,"5":0.008448,"6":null,"7":0.006336,"8":null,"9":0.004224,"10":null,"11":0.008448,"12":0.016896,"13":null,"14":0.006336,"15":0.03168,"16":null,"17":null,"18":null,"19":0.057024,"20":0.006336,"21":0.025344,"22":0.008448,"23":0.006336,"24":0.012672,"25":0.004224,"26":0.004224,"27":0.004224,"28":0.04224,"29":0.012672,"30":0.004224,"31":0.019008,"32":0.002112,"33":0.008448,"34":0.006336,"35":0.006336,"36":0.023232,"37":0.025344,"38":0.019008,"39":0.014784,"40":0.02112,"41":0.097152,"42":0.038016,"43":0.181632,"44":0.061248,"45":0.076032,"46":0.20064,"47":1.85856,"48":0.625152,"49":null,"50":null},"opera":{"9":null,"9.5-9.6":null,"10.0-10.1":0,"10.5":null,"10.6":null,"11":null,"11.1":null,"11.5":null,"11.6":null,"12":0.006336,"12.1":null,"15":null,"16":null,"17":null,"18":null,"19":0.192192,"20":null,"21":null,"22":null,"23":null,"24":null,"25":null,"26":null,"27":0.0528,"28":null,"29":0.272448,"30":0.002112,"31":null,"32":null,"33":0.0528,"34":0.0528,"35":0.025344,"36":null,"37":0.033792,"38":0.162624,"39":null,"40":null},"safari":{"3.1":null,"3.2":null,"4":0,"5":0.008448,"5.1":0.046464,"6":0.004224,"6.1":null,"7":0.004224,"7.1":0.006336,"8":0.111936,"9":0.035904,"9.1":0.32736,"10":null,"0":null},"ios_saf":{"3.2":0,"4.0-4.1":0,"4.2-4.3":0,"5.0-5.1":0,"6.0-6.1":0,"7.0-7.1":0.0506276653483,"8":0,"8.1-8.4":0.119518278471,"9.0-9.2":0.182167124632,"9.3":1.92731893155},"android":{"2.1":0,"2.2":0,"2.3":0.0126421577714,"3":0,"4":0.0898997885967,"4.1":0.337124207238,"4.2-4.3":0.818930886748,"4.4":2.35846476647,"4.4.3-4.4.4":1.77833019318,"51":null},"op_mob":{"10":0,"11":0,"11.1":0,"11.5":0,"12":0,"12.1":0.0450021013703,"0":1.98009246029},"ie":{"5.5":null,"6":null,"7":0.006336,"8":0.32736,"9":0.175296,"10":0.620928,"11":4.8048},"bb":{"7":0,"10":null},"ie_mob":{"10":0.695517752809,"11":2.18360224719},"edge":{"12":0.057024,"13":0.297792,"14":null},"and_ff":{"0":0.031552},"samsung":{"0":1.759024},"and_uc":{"0":25.036512},"op_mini":{"0":23.6897854383},"and_chr":{"0":16.242176}},"total":98.124528}