{"id":"SC","name":"Seychelles","month":"2016-07","access_date":"2016-08-02","data":{"chrome":{"4":null,"5":null,"6":null,"7":null,"8":null,"9":null,"10":null,"11":0.025312,"12":0.050624,"13":null,"14":null,"15":null,"16":null,"17":null,"18":0.006328,"19":null,"20":null,"21":0.012656,"22":0.006328,"23":null,"24":null,"25":null,"26":0.025312,"27":0.025312,"28":0.006328,"29":0.03164,"30":0.012656,"31":0.037968,"32":0.018984,"33":0.025312,"34":0.018984,"35":0.018984,"36":0.025312,"37":null,"38":null,"39":0.09492,"40":0.006328,"41":0.025312,"42":0.03164,"43":0.056952,"44":0.03164,"45":0.113904,"46":0.012656,"47":0.234136,"48":0.50624,"49":6.277376,"50":0.69608,"51":14.370888,"52":0.303744,"53":0.06328,"54":null,"55":null},"firefox":{"2":0.012656,"3":0.018984,"3.5":0.012656,"3.6":0.069608,"4":null,"5":0.202496,"6":null,"7":null,"8":0.012656,"9":0.050624,"10":null,"11":0.006328,"12":0.12656,"13":0.006328,"14":0.012656,"15":0.025312,"16":0.082264,"17":0.107576,"18":0.006328,"19":null,"20":0.012656,"21":0.006328,"22":0.006328,"23":null,"24":0.22148,"25":0.018984,"26":0.012656,"27":null,"28":null,"29":0.075936,"30":0.196168,"31":0.012656,"32":0.012656,"33":0.012656,"34":0.037968,"35":0.025312,"36":0.088592,"37":0.03164,"38":0.322728,"39":0.145544,"40":0.4746,"41":0.03164,"42":0.183512,"43":0.164528,"44":0.28476,"45":7.979608,"46":13.010368,"47":4.467568,"48":0.341712,"49":null,"50":null},"opera":{"9":null,"9.5-9.6":null,"10.0-10.1":0.006328,"10.5":null,"10.6":null,"11":0.006328,"11.1":null,"11.5":null,"11.6":null,"12":0.006328,"12.1":0.050624,"15":null,"16":null,"17":null,"18":null,"19":null,"20":null,"21":null,"22":null,"23":null,"24":null,"25":null,"26":null,"27":null,"28":null,"29":null,"30":null,"31":null,"32":0.012656,"33":null,"34":0.044296,"35":null,"36":0.082264,"37":0.012656,"38":0.22148,"39":null,"40":null},"safari":{"3.1":null,"3.2":null,"4":0,"5":0.006328,"5.1":0.050624,"6":null,"6.1":0.012656,"7":0.018984,"7.1":null,"8":0.132888,"9":0.177184,"9.1":0.645456,"10":0.012656,"0":null},"ios_saf":{"3.2":0,"4.0-4.1":0,"4.2-4.3":0,"5.0-5.1":0,"6.0-6.1":0,"7.0-7.1":0.0742923687253,"8":0,"8.1-8.4":0.175384267721,"9.0-9.2":0.267316833587,"9.3":2.82819852997},"android":{"2.1":0,"2.2":0,"2.3":0.0090600218693,"3":0,"4":0.0644268221817,"4.1":0.241600583181,"4.2-4.3":0.586888083312,"4.4":1.69019741317,"4.4.3-4.4.4":1.27444307628,"51":null},"op_mob":{"10":0,"11":0,"11.1":0,"11.5":0,"12":0,"12.1":0.00760856344725,"0":0.334776791679},"ie":{"5.5":null,"6":0.018984,"7":0.164528,"8":1.094744,"9":0.354368,"10":0.493584,"11":2.78432},"bb":{"7":0.063342,"10":null},"ie_mob":{"10":0.201361752809,"11":0.632182247191},"edge":{"12":0.1582,"13":0.942872,"14":null},"and_ff":{"0":0.007344},"samsung":{"0":3.308472},"and_uc":{"0":5.58144},"op_mini":{"0":4.00526264487},"and_chr":{"0":17.66232}},"total":98.632006}