{"id":"SD","name":"Sudan","month":"2016-01","access_date":"2016-02-03","data":{"firefox":{"2":0.002708,"3":0.078532,"3.5":0.005416,"3.6":0.036558,"4":0.028434,"5":0.010832,"6":0.01354,"7":0.008124,"8":0.01354,"9":0.014894,"10":0.023018,"11":0.02031,"12":0.037912,"13":0.012186,"14":0.02031,"15":0.025726,"16":0.035204,"17":0.028434,"18":0.018956,"19":0.032496,"20":0.023018,"21":0.021664,"22":0.009478,"23":0.014894,"24":0.010832,"25":0.02708,"26":0.02031,"27":0.024372,"28":0.016248,"29":0.051452,"30":0.04739,"31":0.03385,"32":0.029788,"33":0.050098,"34":0.063638,"35":0.055514,"36":0.063638,"37":0.070408,"38":0.10155,"39":0.144878,"40":0.085302,"41":0.105612,"42":0.258614,"43":2.76893,"44":0.411616,"45":0.012186,"46":0.004062,"47":0},"chrome":{"4":0.02031,"5":0.016248,"6":0.00677,"7":0.002708,"8":0.021664,"9":0.032496,"10":0.017602,"11":0.058222,"12":0.008124,"13":0.009478,"14":0.005416,"15":0.004062,"16":0.008124,"17":0.01354,"18":0.018956,"19":0.023018,"20":0.017602,"21":0.014894,"22":0.037912,"23":0.043328,"24":0.018956,"25":0.03385,"26":0.039266,"27":0.0677,"28":0.058222,"29":0.063638,"30":0.048744,"31":0.16925,"32":0.035204,"33":0.116444,"34":0.037912,"35":0.04062,"36":0.085302,"37":0.036558,"38":0.064992,"39":0.085302,"40":0.113736,"41":0.062284,"42":0.105612,"43":0.454944,"44":0.295172,"45":0.268092,"46":0.308712,"47":0.953216,"48":0.04739,"49":0.010832,"50":0,"51":0},"opera":{"9":0,"9.5-9.6":0.001354,"10.0-10.1":0.001354,"10.5":0,"10.6":0.005416,"11":0.005416,"11.1":0.002708,"11.5":0.056868,"11.6":0.010832,"12":0.01354,"12.1":0.092072,"15":0.00677,"16":0.002708,"17":0.001354,"18":0.005416,"19":0.004062,"20":0.004062,"21":0.002708,"22":0.009478,"23":0.001354,"24":0.001354,"25":0.001354,"26":0.009478,"27":0.002708,"28":0.008124,"29":0.005416,"30":0.017602,"31":0.002708,"32":0.016248,"33":0.032496,"34":0.529414,"35":0.00677,"36":0},"safari":{"3.1":0,"3.2":0,"4":0.001354,"5":0.004062,"5.1":0.01354,"6":0.001354,"6.1":0.002708,"7":0.009478,"7.1":0.001354,"8":0.03385,"9":0.079886,"9.1":0},"android":{"2.1":0,"2.2":0,"2.3":0.0677261466525,"3":0,"4":0.281486797024,"4.1":0.962981147715,"4.2-4.3":2.14395582997,"4.4":4.26674723911,"4.4.3-4.4.4":2.23496283953,"47":null},"ios_saf":{"3.2":0,"4.0-4.1":0,"4.2-4.3":0,"5.0-5.1":0,"6.0-6.1":0,"7.0-7.1":0.0695820768518,"8":0.00487978201298,"8.1-8.4":0.198805933862,"9.0-9.2":1.48110420727,"9.3":null},"op_mob":{"10":0,"11":0,"11.1":0,"11.5":0,"12":0.00376828399453,"12.1":0.00376828399453,"0":0.19971905171},"ie":{"5.5":0,"6":0.0178681928166,"7":0.0192426691871,"8":0.369734143667,"9":0.103085727788,"10":0.131949731569,"11":0.775204672968},"bb":{"7":0.0108075,"10":null},"ie_mob":{"10":0.0383620840336,"11":0.169141915966},"edge":{"12":0.070408,"13":0.058222,"14":0},"and_uc":{"0":10.124466},"op_mini":{"5.0-8.0":50.2940303803},"and_chr":{"0":12.690894},"and_ff":{"0":0.060522}},"total":96.858132638}