{"id":"SE","name":"Sweden","month":"2016-07","access_date":"2016-08-02","data":{"chrome":{"4":null,"5":null,"6":null,"7":null,"8":null,"9":null,"10":null,"11":0.010826,"12":null,"13":null,"14":null,"15":null,"16":null,"17":null,"18":null,"19":null,"20":null,"21":null,"22":0.021652,"23":null,"24":null,"25":0.005413,"26":0.005413,"27":0.005413,"28":null,"29":0.135325,"30":0.005413,"31":0.259824,"32":0.010826,"33":0.021652,"34":0.032478,"35":0.032478,"36":0.016239,"37":0.156977,"38":0.027065,"39":0.070369,"40":0.032478,"41":0.021652,"42":0.016239,"43":0.059543,"44":0.048717,"45":0.059543,"46":0.075782,"47":0.113673,"48":0.221933,"49":1.309946,"50":0.427627,"51":23.909221,"52":0.579191,"53":0.037891,"54":0.010826,"55":null},"firefox":{"2":null,"3":null,"3.5":0.005413,"3.6":0.010826,"4":null,"5":null,"6":null,"7":null,"8":null,"9":null,"10":null,"11":0.005413,"12":null,"13":null,"14":null,"15":null,"16":0.010826,"17":0.016239,"18":null,"19":null,"20":null,"21":null,"22":null,"23":null,"24":0.016239,"25":null,"26":0.010826,"27":null,"28":0.005413,"29":0.010826,"30":0.005413,"31":0.016239,"32":null,"33":0.010826,"34":0.086608,"35":0.016239,"36":0.010826,"37":0.027065,"38":0.075782,"39":0.037891,"40":0.027065,"41":0.027065,"42":0.043304,"43":0.092021,"44":0.113673,"45":0.276063,"46":0.227346,"47":6.858271,"48":0.059543,"49":null,"50":null},"opera":{"9":null,"9.5-9.6":null,"10.0-10.1":0,"10.5":null,"10.6":null,"11":null,"11.1":null,"11.5":null,"11.6":null,"12":null,"12.1":0.043304,"15":null,"16":null,"17":null,"18":null,"19":null,"20":null,"21":null,"22":0.005413,"23":null,"24":null,"25":null,"26":null,"27":null,"28":0.010826,"29":null,"30":null,"31":null,"32":null,"33":null,"34":null,"35":null,"36":0.021652,"37":0.021652,"38":0.330193,"39":null,"40":null},"safari":{"3.1":null,"3.2":null,"4":0.010826,"5":0.037891,"5.1":0.135325,"6":0.021652,"6.1":0.140738,"7":0.059543,"7.1":0.027065,"8":0.416801,"9":0.568365,"9.1":3.19367,"10":0.016239,"0":null},"ios_saf":{"3.2":0,"4.0-4.1":0,"4.2-4.3":0,"5.0-5.1":0,"6.0-6.1":0,"7.0-7.1":0.511199789474,"8":0,"8.1-8.4":1.20680498246,"9.0-9.2":1.83938554386,"9.3":19.4606056842},"android":{"2.1":0,"2.2":0,"2.3":0.00330034990888,"3":0,"4":0.0234691549076,"4.1":0.0880093309034,"4.2-4.3":0.213789332986,"4.4":0.615698610778,"4.4.3-4.4.4":0.464249220515,"51":null},"op_mob":{"10":0,"11":0,"11.1":0,"11.5":0,"12":0,"12.1":0.000409488657751,"0":0.0180175009411},"ie":{"5.5":null,"6":null,"7":0.021666386711,"8":0.146248110299,"9":0.297912817276,"10":0.292496220598,"11":7.39365446512},"bb":{"7":0.004588,"10":null},"ie_mob":{"10":0.0820169438202,"11":0.25749505618},"edge":{"12":0.140738,"13":3.19367,"14":0.016239},"and_ff":{"0":0.06882},"samsung":{"0":5.592772},"and_uc":{"0":0.119288},"op_mini":{"0":0.215561010401},"and_chr":{"0":15.805795}},"total":98.999941}