{"id":"SH","name":"Saint Helena","month":"2016-07","access_date":"2016-08-02","data":{"chrome":{"4":null,"5":null,"6":null,"7":null,"8":null,"9":null,"10":null,"11":null,"12":null,"13":null,"14":null,"15":null,"16":null,"17":null,"18":null,"19":null,"20":null,"21":null,"22":null,"23":0.018138,"24":null,"25":null,"26":null,"27":null,"28":null,"29":null,"30":null,"31":null,"32":1.188039,"33":null,"34":null,"35":null,"36":null,"37":null,"38":null,"39":null,"40":0.326484,"41":null,"42":0.081621,"43":0.535071,"44":0.734589,"45":0.018138,"46":1.387557,"47":null,"48":0.417174,"49":2.557458,"50":0.389967,"51":10.910007,"52":0.108828,"53":null,"54":null,"55":null},"firefox":{"2":null,"3":null,"3.5":null,"3.6":null,"4":null,"5":null,"6":null,"7":null,"8":null,"9":null,"10":null,"11":0.027207,"12":null,"13":null,"14":null,"15":null,"16":null,"17":null,"18":null,"19":null,"20":0.018138,"21":null,"22":null,"23":null,"24":null,"25":null,"26":0.018138,"27":null,"28":null,"29":0.136035,"30":null,"31":null,"32":null,"33":null,"34":null,"35":null,"36":null,"37":null,"38":2.339802,"39":null,"40":0.018138,"41":null,"42":0.018138,"43":0.281139,"44":0.09069,"45":0.045345,"46":0.108828,"47":10.084728,"48":0.018138,"49":null,"50":null},"opera":{"9":null,"9.5-9.6":null,"10.0-10.1":0,"10.5":null,"10.6":null,"11":null,"11.1":null,"11.5":null,"11.6":null,"12":null,"12.1":0.027207,"15":null,"16":null,"17":null,"18":null,"19":null,"20":null,"21":null,"22":null,"23":null,"24":null,"25":null,"26":null,"27":null,"28":null,"29":null,"30":null,"31":null,"32":null,"33":null,"34":null,"35":null,"36":null,"37":null,"38":0.253932,"39":null,"40":null},"safari":{"3.1":null,"3.2":null,"4":0,"5":null,"5.1":0.027207,"6":null,"6.1":null,"7":null,"7.1":null,"8":0.281139,"9":0.018138,"9.1":0.535071,"10":null,"0":null},"ios_saf":{"3.2":0,"4.0-4.1":0,"4.2-4.3":0,"5.0-5.1":0,"6.0-6.1":0,"7.0-7.1":0.0333508728324,"8":0,"8.1-8.4":0.0787324258189,"9.0-9.2":0.12000222736,"9.3":1.26961747399},"android":{"2.1":0,"2.2":0,"2.3":0.00147685055975,"3":0,"4":0.0105020484249,"4.1":0.0393826815933,"4.2-4.3":0.0956670973705,"4.4":0.275514676647,"4.4.3-4.4.4":0.207743645405,"51":null},"op_mob":{"10":0,"11":0,"11.1":0,"11.5":0,"12":0,"12.1":0.000158040977382,"0":0.00695380300479},"ie":{"5.5":null,"6":null,"7":null,"8":1.042935,"9":43.16844,"10":2.158422,"11":10.755834},"bb":{"7":0,"10":null},"ie_mob":{"10":0.449808988764,"11":1.41219101124},"edge":{"12":0.09069,"13":0.108828,"14":null},"and_ff":{"0":0.180614},"samsung":{"0":0.630287},"and_uc":{"0":null},"op_mini":{"0":0.0831951560178},"and_chr":{"0":4.741286}},"total":99.981862}