{"id":"SK","name":"Slovakia (Slovak Republic)","month":"2016-01","access_date":"2016-02-03","data":{"firefox":{"2":0,"3":0.016122,"3.5":0.008061,"3.6":0.040305,"4":0.008061,"5":0.008061,"6":0.016122,"7":0.008061,"8":0.008061,"9":0.016122,"10":0.008061,"11":0.008061,"12":0.088671,"13":0.008061,"14":0.008061,"15":0.008061,"16":0.016122,"17":0.008061,"18":0.008061,"19":0.008061,"20":0.008061,"21":0.024183,"22":0.008061,"23":0.008061,"24":0.040305,"25":0.016122,"26":0.024183,"27":0.016122,"28":0.032244,"29":0.024183,"30":0.032244,"31":0.048366,"32":0.040305,"33":0.088671,"34":0.072549,"35":0.064488,"36":0.137037,"37":0.894771,"38":0.346623,"39":0.274074,"40":0.145098,"41":0.249891,"42":0.499782,"43":15.581913,"44":0.773856,"45":0.016122,"46":0.008061,"47":0},"chrome":{"4":0.008061,"5":0,"6":0,"7":0.008061,"8":0,"9":0,"10":0,"11":0.056427,"12":0.008061,"13":0,"14":0,"15":0,"16":0,"17":0,"18":0.016122,"19":0,"20":0,"21":0.008061,"22":0.032244,"23":0,"24":0,"25":0.008061,"26":0.024183,"27":0.016122,"28":0.008061,"29":0.008061,"30":0.016122,"31":0.056427,"32":0.016122,"33":0.048366,"34":0.08061,"35":0.048366,"36":0.225708,"37":0.056427,"38":0.056427,"39":0.128976,"40":0.096732,"41":0.064488,"42":0.064488,"43":0.193464,"44":0.193464,"45":0.201525,"46":0.330501,"47":34.114152,"48":3.530718,"49":0.088671,"50":0.008061,"51":0},"opera":{"9":0,"9.5-9.6":0,"10.0-10.1":0,"10.5":0,"10.6":0.008061,"11":0,"11.1":0,"11.5":0.008061,"11.6":0.024183,"12":0.032244,"12.1":0.733551,"15":0,"16":0.008061,"17":0,"18":0.008061,"19":0.008061,"20":0.201525,"21":0,"22":0,"23":0,"24":0,"25":0.008061,"26":0.016122,"27":0.016122,"28":0.048366,"29":0.016122,"30":0.024183,"31":0.016122,"32":0.032244,"33":0.048366,"34":3.94989,"35":0.064488,"36":0.008061},"safari":{"3.1":0,"3.2":0,"4":0.008061,"5":0.032244,"5.1":0.104793,"6":0.008061,"6.1":0.048366,"7":0.096732,"7.1":0.024183,"8":0.249891,"9":1.467102,"9.1":0.016122},"android":{"2.1":0,"2.2":0,"2.3":0.0271182894793,"3":0,"4":0.112710390648,"4.1":0.385588178533,"4.2-4.3":0.858463351328,"4.4":1.70845223719,"4.4.3-4.4.4":0.894903552816,"47":null},"ios_saf":{"3.2":0,"4.0-4.1":0,"4.2-4.3":0,"5.0-5.1":0,"6.0-6.1":0,"7.0-7.1":0.185395804059,"8":0.0130017836613,"8.1-8.4":0.529702297311,"9.0-9.2":3.94628211497,"9.3":null},"op_mob":{"10":0,"11":0,"11.1":0,"11.5":0,"12":3.44346723044e-5,"12.1":3.44346723044e-5,"0":0.00182503763214},"ie":{"5.5":0,"6":0.0323582054309,"7":0.0242686540732,"8":0.53391038961,"9":0.388298465171,"10":0.436835773318,"11":5.42808896104},"bb":{"7":0.02084425,"10":null},"ie_mob":{"10":0.113276705882,"11":0.499447294118},"edge":{"12":0.282135,"13":0.854466,"14":0},"and_uc":{"0":0.13573},"op_mini":{"5.0-8.0":0.459588093023},"and_chr":{"0":13.533586},"and_ff":{"0":0.03878}},"total":98.3756086986}