{"id":"SK","name":"Slovakia (Slovak Republic)","month":"2016-07","access_date":"2016-08-02","data":{"chrome":{"4":null,"5":null,"6":null,"7":null,"8":null,"9":null,"10":null,"11":0.061688,"12":0.015422,"13":null,"14":null,"15":null,"16":null,"17":null,"18":null,"19":null,"20":null,"21":null,"22":0.030844,"23":null,"24":null,"25":0.007711,"26":0.015422,"27":0.015422,"28":null,"29":0.223619,"30":0.007711,"31":0.030844,"32":0.023133,"33":0.038555,"34":0.053977,"35":0.030844,"36":0.038555,"37":0.038555,"38":0.030844,"39":0.061688,"40":0.023133,"41":0.023133,"42":0.023133,"43":0.115665,"44":0.07711,"45":0.07711,"46":0.107954,"47":0.15422,"48":0.254463,"49":3.431395,"50":0.578325,"51":35.593976,"52":1.00243,"53":0.069399,"54":0.023133,"55":null},"firefox":{"2":null,"3":0.015422,"3.5":0.007711,"3.6":0.030844,"4":null,"5":0.007711,"6":0.007711,"7":0.007711,"8":null,"9":null,"10":0.007711,"11":0.007711,"12":0.023133,"13":null,"14":null,"15":null,"16":0.015422,"17":0.038555,"18":null,"19":null,"20":0.007711,"21":null,"22":0.015422,"23":null,"24":0.030844,"25":0.007711,"26":0.007711,"27":null,"28":0.023133,"29":0.015422,"30":0.015422,"31":0.023133,"32":0.015422,"33":0.115665,"34":0.046266,"35":0.038555,"36":0.07711,"37":0.038555,"38":0.15422,"39":0.131087,"40":0.038555,"41":0.069399,"42":0.169642,"43":0.277596,"44":0.177353,"45":0.755678,"46":0.400972,"47":16.092857,"48":0.07711,"49":0.015422,"50":0.015422},"opera":{"9":null,"9.5-9.6":null,"10.0-10.1":0,"10.5":null,"10.6":0.015422,"11":null,"11.1":null,"11.5":0.007711,"11.6":0.038555,"12":0.015422,"12.1":0.478082,"15":null,"16":null,"17":null,"18":null,"19":null,"20":0.015422,"21":null,"22":null,"23":null,"24":null,"25":null,"26":null,"27":null,"28":0.023133,"29":0.015422,"30":0.015422,"31":0.015422,"32":0.015422,"33":0.030844,"34":0.015422,"35":0.030844,"36":0.262174,"37":0.07711,"38":2.783671,"39":0.038555,"40":0.007711},"safari":{"3.1":null,"3.2":null,"4":0,"5":0.023133,"5.1":0.092532,"6":0.007711,"6.1":0.038555,"7":0.100243,"7.1":0.007711,"8":0.15422,"9":0.254463,"9.1":1.673287,"10":0.030844,"0":null},"ios_saf":{"3.2":0,"4.0-4.1":0,"4.2-4.3":0,"5.0-5.1":0,"6.0-6.1":0,"7.0-7.1":0.0773719604503,"8":0,"8.1-8.4":0.182654354122,"9.0-9.2":0.278397738972,"9.3":2.94543394646},"android":{"2.1":0,"2.2":0,"2.3":0.00528835876074,"3":0,"4":0.037606106743,"4.1":0.141022900286,"4.2-4.3":0.342568128612,"4.4":0.986572706587,"4.4.3-4.4.4":0.743895799011,"51":null},"op_mob":{"10":0,"11":0,"11.1":0,"11.5":0,"12":0,"12.1":0.00141005725607,"0":0.062042519267},"ie":{"5.5":null,"6":0.00778855316092,"7":0.0155771063218,"8":0.397216211207,"9":0.233656594828,"10":0.202502382184,"11":4.5640921523},"bb":{"7":0.02289,"10":null},"ie_mob":{"10":0.163676359551,"11":0.513867640449},"edge":{"12":0.107954,"13":1.549911,"14":0.015422},"and_ff":{"0":0.089271},"samsung":{"0":1.526763},"and_uc":{"0":0.128184},"op_mini":{"0":0.742275423477},"and_chr":{"0":14.410305}},"total":98.082532}