{"id":"SL","name":"Sierra Leone","month":"2016-01","access_date":"2016-02-03","data":{"firefox":{"2":0.00362,"3":0.06878,"3.5":0.00724,"3.6":0.02896,"4":0.01086,"5":0.01267,"6":0.00181,"7":0.01086,"8":0.01267,"9":0.00362,"10":0.02896,"11":0.02534,"12":0.04706,"13":0.13756,"14":0.00724,"15":0.02715,"16":0.01448,"17":0.01448,"18":0.00905,"19":0.00905,"20":0.05973,"21":0.01267,"22":0.00362,"23":0.01086,"24":0.01629,"25":0.0181,"26":0.01086,"27":0.02715,"28":0.00181,"29":0.02353,"30":0.04163,"31":0.03258,"32":0.01086,"33":0.03982,"34":0.01629,"35":0.02534,"36":0.02353,"37":0.05973,"38":0.09593,"39":0.13213,"40":0.07421,"41":0.08507,"42":0.23168,"43":2.92315,"44":0.81269,"45":0.01991,"46":0,"47":0},"chrome":{"4":0,"5":0.01086,"6":0,"7":0.00181,"8":0.01629,"9":0,"10":0.00181,"11":0.04887,"12":0,"13":0,"14":0,"15":0,"16":0.00181,"17":0,"18":0.00181,"19":0,"20":0.00181,"21":0.00181,"22":0,"23":0,"24":0,"25":0.00362,"26":0.01448,"27":0.00181,"28":0.00181,"29":0.00543,"30":0.00362,"31":0.04525,"32":0.00181,"33":0.01629,"34":0.00362,"35":0.00362,"36":0.00905,"37":0,"38":0.13213,"39":0.28779,"40":0.00724,"41":0.01086,"42":0.09955,"43":0.13937,"44":0.17014,"45":0.30046,"46":0.08688,"47":3.97476,"48":0.40544,"49":0.0362,"50":0,"51":0},"opera":{"9":0,"9.5-9.6":0,"10.0-10.1":0,"10.5":0,"10.6":0,"11":0.00362,"11.1":0.00543,"11.5":0.00905,"11.6":0.02534,"12":0.00362,"12.1":0.06516,"15":0.00181,"16":0.00181,"17":0.00181,"18":0.0181,"19":0.00181,"20":0,"21":0.00362,"22":0.00181,"23":0,"24":0,"25":0.00181,"26":0.00181,"27":0.01448,"28":0.00181,"29":0.01991,"30":0.00724,"31":0.00181,"32":0.00181,"33":0.01267,"34":0.50318,"35":0.00905,"36":0},"safari":{"3.1":0,"3.2":0,"4":0,"5":0.00724,"5.1":0.00362,"6":0.00181,"6.1":0.01629,"7":0.00362,"7.1":0.00905,"8":0.15204,"9":0.44888,"9.1":0},"android":{"2.1":0,"2.2":0,"2.3":0.0208503294368,"3":0,"4":0.0866591817216,"4.1":0.296465621679,"4.2-4.3":0.660043241233,"4.4":1.31357075452,"4.4.3-4.4.4":0.688060871413,"47":null},"ios_saf":{"3.2":0,"4.0-4.1":0,"4.2-4.3":0,"5.0-5.1":0,"6.0-6.1":0,"7.0-7.1":0.0643156639538,"8":0.0045104491604,"8.1-8.4":0.183759039868,"9.0-9.2":1.36900484702,"9.3":null},"op_mob":{"10":0,"11":0,"11.1":0,"11.5":0,"12":0.0047593871409,"12.1":0.0047593871409,"0":0.252247518468},"ie":{"5.5":0,"6":0,"7":0.0182264260768,"8":0.362705878929,"9":0.0765509895227,"10":0.406449301513,"11":2.20357491269},"bb":{"7":0.020475,"10":null},"ie_mob":{"10":0.137784705882,"11":0.607505294118},"edge":{"12":0.3439,"13":0.12489,"14":0},"and_uc":{"0":7.48566},"op_mini":{"5.0-8.0":63.5219537073},"and_chr":{"0":5.67998},"and_ff":{"0":0.05733}},"total":98.4958525087}