{"id":"SM","name":"San Marino","month":"2016-07","access_date":"2016-08-02","data":{"chrome":{"4":null,"5":null,"6":null,"7":null,"8":null,"9":null,"10":null,"11":null,"12":null,"13":null,"14":null,"15":null,"16":null,"17":null,"18":null,"19":null,"20":null,"21":null,"22":0.024597,"23":null,"24":null,"25":null,"26":null,"27":null,"28":null,"29":null,"30":null,"31":0.024597,"32":0.016398,"33":null,"34":0.024597,"35":null,"36":0.098388,"37":null,"38":null,"39":0.057393,"40":null,"41":0.016398,"42":null,"43":0.090189,"44":0.016398,"45":0.057393,"46":0.08199,"47":0.08199,"48":0.204975,"49":4.058505,"50":0.254169,"51":38.592693,"52":0.557532,"53":0.016398,"54":null,"55":null},"firefox":{"2":null,"3":null,"3.5":null,"3.6":0.032796,"4":null,"5":null,"6":null,"7":null,"8":null,"9":null,"10":null,"11":null,"12":1.615203,"13":null,"14":null,"15":null,"16":null,"17":null,"18":0.057393,"19":null,"20":null,"21":null,"22":null,"23":null,"24":null,"25":0.049194,"26":null,"27":null,"28":null,"29":null,"30":0.016398,"31":null,"32":null,"33":null,"34":null,"35":null,"36":0.008199,"37":0.057393,"38":0.057393,"39":0.049194,"40":0.24597,"41":0.049194,"42":null,"43":0.090189,"44":0.065592,"45":0.147582,"46":0.139383,"47":15.930657,"48":0.049194,"49":null,"50":null},"opera":{"9":null,"9.5-9.6":null,"10.0-10.1":0,"10.5":null,"10.6":null,"11":null,"11.1":null,"11.5":null,"11.6":null,"12":0.016398,"12.1":null,"15":null,"16":null,"17":null,"18":null,"19":null,"20":null,"21":null,"22":null,"23":null,"24":null,"25":null,"26":null,"27":null,"28":null,"29":null,"30":null,"31":null,"32":null,"33":null,"34":null,"35":null,"36":null,"37":0.024597,"38":0.147582,"39":0.008199,"40":null},"safari":{"3.1":null,"3.2":null,"4":0,"5":0.024597,"5.1":0.508338,"6":null,"6.1":0.254169,"7":null,"7.1":0.024597,"8":0.368955,"9":0.836298,"9.1":6.132852,"10":0.016398,"0":null},"ios_saf":{"3.2":0,"4.0-4.1":0,"4.2-4.3":0,"5.0-5.1":0,"6.0-6.1":0,"7.0-7.1":0.164751228172,"8":0,"8.1-8.4":0.388933264679,"9.0-9.2":0.592803505932,"9.3":6.27183100122},"android":{"2.1":0,"2.2":0,"2.3":0.00192431762562,"3":0,"4":0.0136840364488,"4.1":0.0513151366832,"4.2-4.3":0.124653019526,"4.4":0.358992143713,"4.4.3-4.4.4":0.270687346004,"51":null},"op_mob":{"10":0,"11":0,"11.1":0,"11.5":0,"12":0,"12.1":2.20627703484e-5,"0":0.000970761895328},"ie":{"5.5":null,"6":null,"7":0.032796,"8":0.680517,"9":1.197054,"10":0.459144,"11":5.755698},"bb":{"7":0.00495275,"10":null},"ie_mob":{"10":0.0717870505618,"11":0.225377949438},"edge":{"12":0.032796,"13":1.352835,"14":null},"and_ff":{"0":0.010806},"samsung":{"0":1.846025},"and_uc":{"0":0.010806},"op_mini":{"0":0.0116141753343},"and_chr":{"0":7.848319}},"total":99.07959975}