{"id":"SN","name":"Senegal","month":"2016-07","access_date":"2016-08-02","data":{"chrome":{"4":0.009404,"5":0.018808,"6":0.037616,"7":0.009404,"8":0.014106,"9":0.014106,"10":0.018808,"11":0.09404,"12":0.04702,"13":0.014106,"14":0.018808,"15":0.018808,"16":0.028212,"17":0.032914,"18":0.009404,"19":0.014106,"20":0.014106,"21":null,"22":0.014106,"23":0.004702,"24":null,"25":0.018808,"26":0.018808,"27":0.014106,"28":0.037616,"29":0.155166,"30":0.032914,"31":0.04702,"32":0.028212,"33":0.037616,"34":0.032914,"35":0.04702,"36":0.028212,"37":0.042318,"38":0.028212,"39":0.126954,"40":0.07053,"41":0.018808,"42":0.032914,"43":0.347948,"44":0.04702,"45":0.178676,"46":0.04702,"47":0.65828,"48":0.131656,"49":1.706826,"50":0.343246,"51":19.997606,"52":0.568942,"53":0.037616,"54":null,"55":null},"firefox":{"2":null,"3":0.032914,"3.5":0.014106,"3.6":0.04702,"4":0.018808,"5":0.004702,"6":0.018808,"7":0.009404,"8":0.009404,"9":null,"10":0.014106,"11":0.02351,"12":0.079934,"13":0.014106,"14":0.018808,"15":0.07053,"16":0.018808,"17":0.009404,"18":0.009404,"19":0.018808,"20":0.018808,"21":0.028212,"22":0.018808,"23":0.014106,"24":0.014106,"25":0.018808,"26":0.014106,"27":0.018808,"28":0.014106,"29":0.028212,"30":0.037616,"31":0.051722,"32":0.037616,"33":0.037616,"34":0.037616,"35":0.112848,"36":0.056424,"37":0.061126,"38":0.192782,"39":0.079934,"40":0.079934,"41":0.103444,"42":0.150464,"43":0.54073,"44":0.159868,"45":0.239802,"46":0.249206,"47":9.02784,"48":0.197484,"49":0.02351,"50":null},"opera":{"9":null,"9.5-9.6":null,"10.0-10.1":0.004702,"10.5":null,"10.6":null,"11":null,"11.1":null,"11.5":null,"11.6":0.004702,"12":null,"12.1":0.02351,"15":null,"16":null,"17":null,"18":null,"19":null,"20":null,"21":null,"22":null,"23":null,"24":null,"25":null,"26":null,"27":0.004702,"28":null,"29":0.014106,"30":0.014106,"31":0.004702,"32":null,"33":0.009404,"34":0.014106,"35":0.028212,"36":0.075232,"37":0.051722,"38":0.742916,"39":0.004702,"40":null},"safari":{"3.1":null,"3.2":null,"4":0.009404,"5":0.02351,"5.1":0.04702,"6":0.014106,"6.1":0.018808,"7":0.02351,"7.1":0.014106,"8":0.11755,"9":0.150464,"9.1":0.536028,"10":0.009404,"0":null},"ios_saf":{"3.2":0,"4.0-4.1":0,"4.2-4.3":0,"5.0-5.1":0,"6.0-6.1":0,"7.0-7.1":0.0869519945239,"8":0,"8.1-8.4":0.205270233648,"9.0-9.2":0.312868363858,"9.3":3.31013140797},"android":{"2.1":0,"2.2":0,"2.3":0.0263051700078,"3":0,"4":0.187058986722,"4.1":0.701471200208,"4.2-4.3":1.70399045717,"4.4":4.90737560479,"4.4.3-4.4.4":3.7002605811,"51":null},"op_mob":{"10":0,"11":0,"11.1":0,"11.5":0,"12":0,"12.1":0.00922536007925,"0":0.405915843487},"ie":{"5.5":null,"6":0.00941751149425,"7":0.0188350229885,"8":0.329612902299,"9":0.141262672414,"10":0.386117971264,"11":2.39204791954},"bb":{"7":0.068874,"10":null},"ie_mob":{"10":0.732076449438,"11":2.29837955056},"edge":{"12":0.136358,"13":0.747618,"14":null},"and_ff":{"0":0.784104},"samsung":{"0":4.603962},"and_uc":{"0":1.207944},"op_mini":{"0":4.85636879643},"and_chr":{"0":24.10022}},"total":97.744572}