{"id":"SO","name":"Somalia","month":"2016-07","access_date":"2016-08-02","data":{"chrome":{"4":null,"5":null,"6":null,"7":null,"8":0.001163,"9":0.033727,"10":0.005815,"11":0.052335,"12":0.002326,"13":null,"14":0.003489,"15":null,"16":0.002326,"17":null,"18":0.002326,"19":0.002326,"20":0.019771,"21":0.010467,"22":0.002326,"23":0.03489,"24":0.001163,"25":0.005815,"26":0.03489,"27":0.001163,"28":0.003489,"29":0.003489,"30":0.012793,"31":0.066291,"32":0.008141,"33":0.138397,"34":0.009304,"35":0.003489,"36":0.006978,"37":0.002326,"38":0.004652,"39":0.012793,"40":0.024423,"41":0.024423,"42":0.019771,"43":1.584006,"44":0.022097,"45":0.025586,"46":0.025586,"47":0.067454,"48":0.032564,"49":0.158168,"50":0.091877,"51":5.052072,"52":0.257023,"53":0.072106,"54":0.004652,"55":null},"firefox":{"2":null,"3":0.022097,"3.5":0.002326,"3.6":0.017445,"4":0.003489,"5":null,"6":null,"7":null,"8":null,"9":0.001163,"10":0.005815,"11":0.010467,"12":0.02326,"13":0.003489,"14":0.002326,"15":0.010467,"16":0.004652,"17":0.003489,"18":null,"19":0.009304,"20":0.003489,"21":0.004652,"22":0.008141,"23":0.003489,"24":0.003489,"25":0.006978,"26":0.008141,"27":0.001163,"28":0.009304,"29":0.019771,"30":0.004652,"31":0.006978,"32":0.020934,"33":0.012793,"34":0.013956,"35":0.006978,"36":0.02326,"37":0.033727,"38":0.016282,"39":0.02326,"40":0.009304,"41":0.016282,"42":0.012793,"43":0.063965,"44":0.04652,"45":0.036053,"46":0.043031,"47":1.08159,"48":0.248882,"49":null,"50":null},"opera":{"9":null,"9.5-9.6":null,"10.0-10.1":0,"10.5":null,"10.6":0.002326,"11":null,"11.1":null,"11.5":null,"11.6":null,"12":null,"12.1":0.001163,"15":0.002326,"16":null,"17":null,"18":null,"19":0.002326,"20":null,"21":0.001163,"22":null,"23":null,"24":null,"25":null,"26":null,"27":null,"28":0.003489,"29":0.001163,"30":0.002326,"31":null,"32":null,"33":0.002326,"34":0.004652,"35":0.001163,"36":0.003489,"37":0.02326,"38":0.208177,"39":null,"40":null},"safari":{"3.1":null,"3.2":null,"4":0.012793,"5":null,"5.1":0.01163,"6":null,"6.1":0.005815,"7":0.002326,"7.1":null,"8":0.01163,"9":0.027912,"9.1":0.08141,"10":null,"0":null},"ios_saf":{"3.2":0,"4.0-4.1":0,"4.2-4.3":0,"5.0-5.1":0,"6.0-6.1":0,"7.0-7.1":0.0213897328871,"8":0,"8.1-8.4":0.0504953968157,"9.0-9.2":0.0769639703884,"9.3":0.814274899909},"android":{"2.1":0,"2.2":0,"2.3":0.0201449757876,"3":0,"4":0.143253161156,"4.1":0.537199354335,"4.2-4.3":1.3049467649,"4.4":3.7581571497,"4.4.3-4.4.4":2.83372659412,"51":null},"op_mob":{"10":0,"11":0,"11.1":0,"11.5":0,"12":0,"12.1":0.0667862721479,"0":2.93859597451},"ie":{"5.5":null,"6":null,"7":null,"8":0.0712714398148,"9":0.0443986018519,"10":0.0619243657407,"11":0.324810824074},"bb":{"7":0.004418,"10":null},"ie_mob":{"10":0.119534202247,"11":0.375281797753},"edge":{"12":0.052335,"13":0.188406,"14":null},"and_ff":{"0":0.008836},"samsung":{"0":1.122172},"and_uc":{"0":20.481848},"op_mini":{"0":35.1573017533},"and_chr":{"0":17.870702}},"total":98.7219532315}