{"id":"SR","name":"Suriname","month":"2016-07","access_date":"2016-08-02","data":{"chrome":{"4":null,"5":null,"6":null,"7":null,"8":null,"9":null,"10":null,"11":0.06024,"12":0.01506,"13":null,"14":null,"15":null,"16":null,"17":null,"18":0.01506,"19":null,"20":0.00502,"21":null,"22":0.20582,"23":null,"24":null,"25":0.00502,"26":0.03514,"27":0.01004,"28":0.04016,"29":0.03012,"30":0.01004,"31":0.10542,"32":0.01004,"33":0.01004,"34":0.03012,"35":0.01506,"36":0.0251,"37":0.02008,"38":0.03514,"39":0.01506,"40":0.02008,"41":null,"42":0.01506,"43":0.0502,"44":0.04016,"45":0.1506,"46":0.0251,"47":0.4016,"48":0.0753,"49":1.2801,"50":1.56122,"51":23.3932,"52":0.5773,"53":0.08534,"54":0.01004,"55":null},"firefox":{"2":null,"3":0.07028,"3.5":null,"3.6":null,"4":null,"5":null,"6":null,"7":null,"8":null,"9":null,"10":0.00502,"11":null,"12":null,"13":null,"14":null,"15":null,"16":null,"17":null,"18":null,"19":null,"20":null,"21":null,"22":0.00502,"23":null,"24":null,"25":0.00502,"26":null,"27":null,"28":0.01004,"29":0.02008,"30":null,"31":0.00502,"32":null,"33":0.0251,"34":null,"35":0.01506,"36":0.01506,"37":0.02008,"38":0.0251,"39":0.07028,"40":0.00502,"41":0.04518,"42":0.04518,"43":0.07028,"44":0.03012,"45":0.0753,"46":0.10542,"47":6.83222,"48":1.00902,"49":0.00502,"50":null},"opera":{"9":null,"9.5-9.6":null,"10.0-10.1":0,"10.5":null,"10.6":null,"11":null,"11.1":null,"11.5":null,"11.6":null,"12":null,"12.1":0.03514,"15":null,"16":null,"17":null,"18":null,"19":null,"20":0.03012,"21":null,"22":null,"23":null,"24":null,"25":null,"26":null,"27":0.01506,"28":null,"29":0.1255,"30":0.02008,"31":0.04518,"32":null,"33":0.04518,"34":0.01004,"35":0.01506,"36":0.0251,"37":0.3012,"38":0.51204,"39":0.01004,"40":0.02008},"safari":{"3.1":null,"3.2":null,"4":0,"5":null,"5.1":0.01004,"6":null,"6.1":0.00502,"7":0.00502,"7.1":0.09538,"8":0.06024,"9":0.13554,"9.1":0.6526,"10":null,"0":null},"ios_saf":{"3.2":0,"4.0-4.1":0,"4.2-4.3":0,"5.0-5.1":0,"6.0-6.1":0,"7.0-7.1":0.112921916641,"8":0,"8.1-8.4":0.266578223304,"9.0-9.2":0.406312649833,"9.3":4.29876721022},"android":{"2.1":0,"2.2":0,"2.3":0.0238277636032,"3":0,"4":0.169441874512,"4.1":0.635407029419,"4.2-4.3":1.54350957563,"4.4":4.44520167665,"4.4.3-4.4.4":3.35177208019,"51":null},"op_mob":{"10":0,"11":0,"11.1":0,"11.5":0,"12":0,"12.1":0.00237925111441,"0":0.104687049034},"ie":{"5.5":null,"6":0.01004,"7":0.01004,"8":0.43674,"9":0.23594,"10":0.3012,"11":3.48388},"bb":{"7":0.601335,"10":null},"ie_mob":{"10":0.113085168539,"11":0.355034831461},"edge":{"12":0.34638,"13":1.91262,"14":null},"and_ff":{"0":0.01494},"samsung":{"0":7.14132},"and_uc":{"0":1.0209},"op_mini":{"0":1.25247369985},"and_chr":{"0":25.31166}},"total":96.979055}