{"id":"ST","name":"Sao Tome and Principe","month":"2016-07","access_date":"2016-08-02","data":{"chrome":{"4":null,"5":null,"6":null,"7":null,"8":null,"9":null,"10":null,"11":0.031745,"12":null,"13":null,"14":null,"15":null,"16":1.352337,"17":null,"18":0.298403,"19":null,"20":null,"21":null,"22":null,"23":null,"24":null,"25":null,"26":0.006349,"27":null,"28":null,"29":null,"30":null,"31":0.038094,"32":0.019047,"33":0.495222,"34":0.006349,"35":0.025396,"36":0.114282,"37":null,"38":0.006349,"39":0.019047,"40":0.31745,"41":0.019047,"42":0.06349,"43":9.46001,"44":0.558712,"45":0.088886,"46":1.403129,"47":0.273007,"48":2.063425,"49":2.996728,"50":1.174565,"51":24.602375,"52":1.060283,"53":0.222215,"54":0.019047,"55":null},"firefox":{"2":null,"3":null,"3.5":null,"3.6":null,"4":null,"5":null,"6":null,"7":null,"8":null,"9":null,"10":null,"11":null,"12":0.006349,"13":null,"14":null,"15":0.006349,"16":null,"17":null,"18":null,"19":null,"20":0.057141,"21":null,"22":null,"23":null,"24":null,"25":null,"26":null,"27":null,"28":0.031745,"29":null,"30":null,"31":null,"32":null,"33":0.038094,"34":0.012698,"35":null,"36":null,"37":0.006349,"38":0.025396,"39":0.012698,"40":0.057141,"41":0.050792,"42":0.082537,"43":0.069839,"44":0.184121,"45":0.076188,"46":0.050792,"47":5.606167,"48":0.107933,"49":null,"50":null},"opera":{"9":null,"9.5-9.6":null,"10.0-10.1":0,"10.5":null,"10.6":null,"11":null,"11.1":null,"11.5":null,"11.6":null,"12":null,"12.1":null,"15":null,"16":null,"17":null,"18":null,"19":null,"20":null,"21":null,"22":null,"23":null,"24":null,"25":null,"26":null,"27":null,"28":null,"29":null,"30":null,"31":null,"32":null,"33":null,"34":0.012698,"35":null,"36":0.025396,"37":0.006349,"38":0.266658,"39":null,"40":null},"safari":{"3.1":null,"3.2":null,"4":0,"5":null,"5.1":0.012698,"6":0.038094,"6.1":0.050792,"7":null,"7.1":0.050792,"8":0.038094,"9":0.088886,"9.1":0.780927,"10":null,"0":null},"ios_saf":{"3.2":0,"4.0-4.1":0,"4.2-4.3":0,"5.0-5.1":0,"6.0-6.1":0,"7.0-7.1":0.0381199026468,"8":0,"8.1-8.4":0.0899908204036,"9.0-9.2":0.137162024135,"9.3":1.45116725281},"android":{"2.1":0,"2.2":0,"2.3":0.0215212236397,"3":0,"4":0.153039812549,"4.1":0.573899297058,"4.2-4.3":1.39409704244,"4.4":4.01490383234,"4.4.3-4.4.4":3.02731879198,"51":null},"op_mob":{"10":0,"11":0,"11.1":0,"11.5":0,"12":0,"12.1":0.00807841452864,"0":0.35545023926},"ie":{"5.5":null,"6":null,"7":0.101584,"8":0.406336,"9":0.050792,"10":0.12698,"11":2.438016},"bb":{"7":0.025564,"10":null},"ie_mob":{"10":0.087340247191,"11":0.274207752809},"edge":{"12":0.038094,"13":1.377733,"14":null},"and_ff":{"0":null},"samsung":{"0":0.89474},"and_uc":{"0":4.773164},"op_mini":{"0":4.25259934621},"and_chr":{"0":16.021281}},"total":96.721882}