{"id":"SZ","name":"Swaziland","month":"2016-07","access_date":"2016-08-02","data":{"chrome":{"4":null,"5":null,"6":null,"7":null,"8":null,"9":0.00237,"10":null,"11":0.008295,"12":0.005925,"13":0.00711,"14":null,"15":null,"16":0.003555,"17":null,"18":0.01185,"19":null,"20":0.00474,"21":0.00474,"22":null,"23":0.00474,"24":null,"25":0.00711,"26":0.008295,"27":null,"28":null,"29":0.001185,"30":null,"31":0.00948,"32":null,"33":0.034365,"34":0.00474,"35":0.005925,"36":0.00711,"37":null,"38":0.001185,"39":0.00711,"40":0.058065,"41":0.01185,"42":0.00948,"43":0.03792,"44":0.010665,"45":0.017775,"46":0.015405,"47":0.039105,"48":0.027255,"49":0.280845,"50":0.088875,"51":3.989895,"52":0.09717,"53":0.00474,"54":null,"55":null},"firefox":{"2":null,"3":0.050955,"3.5":null,"3.6":0.00948,"4":0.003555,"5":0.005925,"6":null,"7":0.00237,"8":0.00948,"9":null,"10":0.010665,"11":null,"12":0.00237,"13":null,"14":null,"15":0.00474,"16":0.003555,"17":null,"18":0.001185,"19":0.003555,"20":null,"21":0.001185,"22":0.00237,"23":null,"24":null,"25":0.001185,"26":null,"27":0.003555,"28":0.003555,"29":0.003555,"30":0.003555,"31":0.010665,"32":0.00237,"33":0.00237,"34":0.008295,"35":0.03792,"36":0.003555,"37":0.003555,"38":0.08769,"39":0.01422,"40":0.0237,"41":0.020145,"42":0.010665,"43":0.086505,"44":0.04029,"45":0.16827,"46":0.10191,"47":1.420815,"48":0.08532,"49":null,"50":null},"opera":{"9":null,"9.5-9.6":null,"10.0-10.1":0,"10.5":null,"10.6":null,"11":null,"11.1":0.001185,"11.5":0.00237,"11.6":null,"12":null,"12.1":0.015405,"15":0.00474,"16":null,"17":null,"18":null,"19":null,"20":null,"21":null,"22":null,"23":null,"24":null,"25":null,"26":null,"27":null,"28":null,"29":0.024885,"30":0.001185,"31":null,"32":0.00237,"33":0.00237,"34":0.005925,"35":0.10902,"36":0.005925,"37":0.029625,"38":0.200265,"39":null,"40":null},"safari":{"3.1":null,"3.2":null,"4":0,"5":null,"5.1":0.091245,"6":0.036735,"6.1":null,"7":0.001185,"7.1":0.005925,"8":0.42186,"9":0.01896,"9.1":0.214485,"10":null,"0":null},"ios_saf":{"3.2":0,"4.0-4.1":0,"4.2-4.3":0,"5.0-5.1":0,"6.0-6.1":0,"7.0-7.1":0.0166404243991,"8":0,"8.1-8.4":0.0392835589697,"9.0-9.2":0.0598751343677,"9.3":0.633475882263},"android":{"2.1":0,"2.2":0,"2.3":0.00561809945327,"3":0,"4":0.0399509294455,"4.1":0.14981598542,"4.2-4.3":0.363927997917,"4.4":1.04808766467,"4.4.3-4.4.4":0.790279323093,"51":null},"op_mob":{"10":0,"11":0,"11.1":0,"11.5":0,"12":0,"12.1":0.131912974905,"0":5.80417089582},"ie":{"5.5":null,"6":0.00837376311844,"7":0.00837376311844,"8":0.489267016492,"9":0.132783958021,"10":0.174652773613,"11":1.58024872564},"bb":{"7":0.11679875,"10":null},"ie_mob":{"10":0.281089550562,"11":0.882490449438},"edge":{"12":0.141015,"13":0.35313,"14":null},"and_ff":{"0":0.01763},"samsung":{"0":1.14595},"and_uc":{"0":2.670945},"op_mini":{"0":69.4409811293},"and_chr":{"0":4.1011}},"total":98.90746375}