{"id":"TD","name":"Chad","month":"2016-07","access_date":"2016-08-02","data":{"chrome":{"4":null,"5":null,"6":null,"7":null,"8":null,"9":null,"10":null,"11":0.01224,"12":null,"13":null,"14":null,"15":null,"16":0.000816,"17":null,"18":0.006528,"19":null,"20":0.000272,"21":0.103904,"22":0.000272,"23":null,"24":null,"25":0.000272,"26":0.000816,"27":null,"28":null,"29":null,"30":0.000272,"31":0.000816,"32":null,"33":0.002992,"34":null,"35":null,"36":null,"37":0.000272,"38":0.002992,"39":0.01088,"40":0.017136,"41":null,"42":0.004352,"43":0.001088,"44":0.001632,"45":0.062832,"46":0.000816,"47":0.00544,"48":0.005712,"49":0.03672,"50":0.019856,"51":0.623152,"52":0.0068,"53":0.000272,"54":null,"55":null},"firefox":{"2":0.000272,"3":0.389776,"3.5":0.002176,"3.6":0.033184,"4":0.00136,"5":null,"6":0.000272,"7":0.001632,"8":0.021488,"9":0.006256,"10":0.004352,"11":0.002448,"12":0.0068,"13":0.00136,"14":0.009248,"15":0.000816,"16":0.005712,"17":0.006256,"18":0.000816,"19":0.00136,"20":0.00408,"21":0.000816,"22":0.000816,"23":0.001088,"24":null,"25":0.007616,"26":null,"27":0.004352,"28":0.000816,"29":0.00816,"30":0.006256,"31":0.00544,"32":0.001088,"33":0.00136,"34":null,"35":0.000816,"36":0.000272,"37":0.003536,"38":0.002448,"39":0.011968,"40":0.011696,"41":0.014416,"42":0.0136,"43":0.035632,"44":0.0136,"45":0.029104,"46":0.023392,"47":0.416976,"48":0.01088,"49":null,"50":null},"opera":{"9":null,"9.5-9.6":null,"10.0-10.1":0,"10.5":null,"10.6":0.00136,"11":0.00136,"11.1":null,"11.5":null,"11.6":0.000272,"12":0.002176,"12.1":0.001088,"15":null,"16":null,"17":null,"18":null,"19":0.003808,"20":0.000272,"21":null,"22":null,"23":null,"24":null,"25":null,"26":null,"27":null,"28":0.001632,"29":0.000816,"30":null,"31":0.000816,"32":null,"33":0.001632,"34":0.003808,"35":0.007072,"36":null,"37":0.03128,"38":0.068544,"39":null,"40":null},"safari":{"3.1":null,"3.2":null,"4":0.00136,"5":null,"5.1":0.00136,"6":0.002992,"6.1":0.016592,"7":0.00136,"7.1":0.005712,"8":0.001632,"9":0.022304,"9.1":0.007072,"10":0.000272,"0":null},"ios_saf":{"3.2":0,"4.0-4.1":0,"4.2-4.3":0,"5.0-5.1":0,"6.0-6.1":0,"7.0-7.1":0.00950603468208,"8":0,"8.1-8.4":0.0224411868979,"9.0-9.2":0.0342043622351,"9.3":0.361880416185},"android":{"2.1":0,"2.2":0,"2.3":0.00455881280916,"3":0,"4":0.0324182244207,"4.1":0.121568341578,"4.2-4.3":0.295309763083,"4.4":0.850471856287,"4.4.3-4.4.4":0.641273001822,"51":null},"op_mob":{"10":0,"11":0,"11.1":0,"11.5":0,"12":0,"12.1":0.1490656597,"0":6.55888902678},"ie":{"5.5":null,"6":0.000288862533693,"7":0.00173317520216,"8":0.0713490458221,"9":0.0161763018868,"10":0.0106879137466,"11":0.114100700809},"bb":{"7":0.019456,"10":null},"ie_mob":{"10":0.0329003146067,"11":0.103291685393},"edge":{"12":0.004352,"13":0.027744,"14":null},"and_ff":{"0":0.009728},"samsung":{"0":0.807424},"and_uc":{"0":5.068288},"op_mini":{"0":78.4704133135},"and_chr":{"0":2.182064}},"total":98.263136}