{"id":"TG","name":"Togo","month":"2016-07","access_date":"2016-08-02","data":{"chrome":{"4":null,"5":0.001885,"6":0.00377,"7":null,"8":null,"9":null,"10":null,"11":0.04901,"12":0.001885,"13":0.001885,"14":0.00377,"15":0.00377,"16":0.020735,"17":null,"18":0.001885,"19":0.00377,"20":0.001885,"21":0.001885,"22":0.024505,"23":null,"24":0.001885,"25":0.00377,"26":0.024505,"27":null,"28":0.01885,"29":0.13195,"30":0.001885,"31":0.009425,"32":0.01885,"33":0.013195,"34":null,"35":0.039585,"36":0.00377,"37":0.013195,"38":0.01131,"39":0.00754,"40":0.009425,"41":0.009425,"42":0.02262,"43":0.52403,"44":0.009425,"45":0.0754,"46":0.0377,"47":0.145145,"48":0.03016,"49":0.27144,"50":0.07917,"51":3.53626,"52":0.224315,"53":null,"54":null,"55":null},"firefox":{"2":0.005655,"3":0.24882,"3.5":0.001885,"3.6":0.024505,"4":0.00377,"5":null,"6":null,"7":0.005655,"8":null,"9":null,"10":0.00377,"11":0.005655,"12":0.009425,"13":0.00754,"14":0.005655,"15":0.00377,"16":0.19604,"17":0.001885,"18":0.00377,"19":0.06786,"20":0.06032,"21":0.024505,"22":0.024505,"23":0.04901,"24":0.054665,"25":0.01508,"26":0.01131,"27":0.032045,"28":0.039585,"29":0.096135,"30":0.07163,"31":0.163995,"32":0.069745,"33":0.07917,"34":0.028275,"35":0.088595,"36":0.050895,"37":0.12064,"38":0.148915,"39":0.114985,"40":0.27898,"41":0.21112,"42":0.0754,"43":0.804895,"44":0.243165,"45":0.3016,"46":0.31291,"47":4.34681,"48":0.273325,"49":0.013195,"50":null},"opera":{"9":null,"9.5-9.6":0.00377,"10.0-10.1":0,"10.5":null,"10.6":null,"11":null,"11.1":null,"11.5":null,"11.6":0.005655,"12":0.01131,"12.1":0.00377,"15":null,"16":null,"17":0.001885,"18":null,"19":null,"20":null,"21":null,"22":0.013195,"23":0.00377,"24":null,"25":null,"26":0.001885,"27":null,"28":0.01885,"29":0.03016,"30":0.001885,"31":null,"32":0.00377,"33":null,"34":0.00377,"35":0.00754,"36":0.03393,"37":0.03393,"38":0.318565,"39":null,"40":null},"safari":{"3.1":null,"3.2":null,"4":0.047125,"5":null,"5.1":0.016965,"6":null,"6.1":0.001885,"7":0.005655,"7.1":0.00377,"8":0.01508,"9":0.126295,"9.1":0.09425,"10":null,"0":null},"ios_saf":{"3.2":0,"4.0-4.1":0,"4.2-4.3":0,"5.0-5.1":0,"6.0-6.1":0,"7.0-7.1":0.0147765147551,"8":0,"8.1-8.4":0.0348833704492,"9.0-9.2":0.0531684640503,"9.3":0.562519650745},"android":{"2.1":0,"2.2":0,"2.3":0.0178524899766,"3":0,"4":0.126951039833,"4.1":0.476066399375,"4.2-4.3":1.15644462848,"4.4":3.33048118563,"4.4.3-4.4.4":2.5112502567,"51":null},"op_mob":{"10":0,"11":0,"11.1":0,"11.5":0,"12":0,"12.1":0.0868603900941,"0":3.82185716414},"ie":{"5.5":null,"6":0.00739711370262,"7":0.0246570456754,"8":1.00354175899,"9":0.204653479106,"10":0.392047026239,"11":0.897516462585},"bb":{"7":0.0344845,"10":null},"ie_mob":{"10":0.268536932584,"11":0.843081067416},"edge":{"12":0.088595,"13":0.111215,"14":null},"and_ff":{"0":0.056798},"samsung":{"0":0.924996},"and_uc":{"0":8.454788},"op_mini":{"0":45.7246204458},"and_chr":{"0":12.103686}},"total":98.3383253863}