{"id":"TJ","name":"Tajikistan","month":"2016-01","access_date":"2016-02-03","data":{"firefox":{"2":0,"3":0.011828,"3.5":0.008871,"3.6":0.035484,"4":0.014785,"5":0.017742,"6":0.008871,"7":0.002957,"8":0.023656,"9":0.008871,"10":0,"11":0.005914,"12":0.017742,"13":0.020699,"14":0.002957,"15":0.002957,"16":0.008871,"17":0.005914,"18":0.005914,"19":0.002957,"20":0.005914,"21":0.017742,"22":0.014785,"23":0.005914,"24":0.005914,"25":0.008871,"26":0.008871,"27":0.023656,"28":0.005914,"29":0.014785,"30":0.026613,"31":0.017742,"32":0.017742,"33":0.011828,"34":0.02957,"35":0.032527,"36":0.011828,"37":0.020699,"38":0.082796,"39":0.020699,"40":0.023656,"41":0.032527,"42":0.106452,"43":2.318288,"44":0.186291,"45":0.002957,"46":0,"47":0},"chrome":{"4":0.002957,"5":0.035484,"6":0,"7":0,"8":0.056183,"9":0.002957,"10":0.008871,"11":0.026613,"12":0.115323,"13":0.008871,"14":0.011828,"15":0.035484,"16":0.017742,"17":0.02957,"18":0.011828,"19":0,"20":0.011828,"21":0.035484,"22":0.005914,"23":0.020699,"24":0.002957,"25":0.002957,"26":0.008871,"27":0.023656,"28":0.032527,"29":0.014785,"30":0.005914,"31":0.127151,"32":0.020699,"33":0.011828,"34":0.017742,"35":0.056183,"36":0.056183,"37":0.023656,"38":0.008871,"39":0.038441,"40":0.141936,"41":0.136022,"42":0.065054,"43":0.286829,"44":0.665325,"45":0.14785,"46":0.159678,"47":10.612673,"48":1.150273,"49":0.109409,"50":0.002957,"51":0},"opera":{"9":0,"9.5-9.6":0.455378,"10.0-10.1":0.005914,"10.5":0.011828,"10.6":0.005914,"11":0.026613,"11.1":0.020699,"11.5":0.073925,"11.6":0.053226,"12":0.050269,"12.1":0.535217,"15":0.032527,"16":0.005914,"17":0.005914,"18":0.011828,"19":0.011828,"20":0.008871,"21":0.017742,"22":0.017742,"23":0.005914,"24":0.008871,"25":0.047312,"26":0.032527,"27":0.008871,"28":0.035484,"29":0.014785,"30":0.038441,"31":0.011828,"32":0.085753,"33":0.050269,"34":1.590866,"35":0.014785,"36":0.002957},"safari":{"3.1":0,"3.2":0,"4":0.002957,"5":0.005914,"5.1":0.011828,"6":0,"6.1":0.014785,"7":0.005914,"7.1":0.017742,"8":0.073925,"9":0.168549,"9.1":0},"android":{"2.1":0,"2.2":0,"2.3":0.0418907001063,"3":0,"4":0.174108222317,"4.1":0.595633392136,"4.2-4.3":1.32610247524,"4.4":2.6391141067,"4.4.3-4.4.4":1.38239310351,"47":null},"ios_saf":{"3.2":0,"4.0-4.1":0,"4.2-4.3":0,"5.0-5.1":0,"6.0-6.1":0,"7.0-7.1":0.17590985938,"8":0.0123365355929,"8.1-8.4":0.502599598228,"9.0-9.2":3.7443670068,"9.3":null},"op_mob":{"10":0,"11":0,"11.1":0,"11.5":0,"12":0.0025172966049,"12.1":0.0025172966049,"0":0.13341672006},"ie":{"5.5":0,"6":0.0119772492114,"7":0.0568919337539,"8":0.509033091483,"9":0.122766804416,"10":0.146721302839,"11":1.03902636909},"bb":{"7":0.03345425,"10":null},"ie_mob":{"10":0.130206722689,"11":0.574093277311},"edge":{"12":0.115323,"13":0.094624,"14":0},"and_uc":{"0":14.776214},"op_mini":{"5.0-8.0":33.5975186867},"and_chr":{"0":12.138215},"and_ff":{"0":0.028172}},"total":95.3384040008}