{"id":"TJ","name":"Tajikistan","month":"2016-07","access_date":"2016-08-02","data":{"chrome":{"4":null,"5":0.008868,"6":null,"7":0.005912,"8":0.011824,"9":null,"10":0.005912,"11":0.050252,"12":0.082768,"13":null,"14":0.011824,"15":0.023648,"16":0.174404,"17":0.032516,"18":0.038428,"19":0.005912,"20":0.01478,"21":0.08868,"22":0.011824,"23":0.008868,"24":0.011824,"25":0.008868,"26":0.017736,"27":0.011824,"28":0.026604,"29":0.01478,"30":null,"31":0.047296,"32":0.017736,"33":0.01478,"34":0.02956,"35":0.020692,"36":0.035472,"37":0.017736,"38":0.011824,"39":0.171448,"40":0.026604,"41":0.094592,"42":0.017736,"43":0.109372,"44":0.032516,"45":0.25126,"46":0.023648,"47":0.094592,"48":0.065032,"49":2.784552,"50":0.2956,"51":11.909724,"52":0.274908,"53":0.067988,"54":null,"55":null},"firefox":{"2":null,"3":0.035472,"3.5":0.026604,"3.6":0.115284,"4":0.01478,"5":0.020692,"6":0.01478,"7":null,"8":0.002956,"9":0.005912,"10":0.005912,"11":null,"12":null,"13":0.023648,"14":null,"15":0.005912,"16":null,"17":0.005912,"18":0.008868,"19":null,"20":null,"21":0.005912,"22":0.011824,"23":null,"24":0.002956,"25":0.020692,"26":0.005912,"27":0.002956,"28":null,"29":null,"30":0.026604,"31":0.008868,"32":0.005912,"33":0.020692,"34":0.011824,"35":0.050252,"36":0.032516,"37":0.008868,"38":0.011824,"39":0.032516,"40":0.011824,"41":0.085724,"42":0.01478,"43":0.097548,"44":0.032516,"45":0.062076,"46":0.106416,"47":2.09876,"48":0.005912,"49":null,"50":null},"opera":{"9":null,"9.5-9.6":0.035472,"10.0-10.1":0.008868,"10.5":0.008868,"10.6":0.011824,"11":0.01478,"11.1":0.011824,"11.5":0.008868,"11.6":0.023648,"12":0.050252,"12.1":0.455224,"15":0.002956,"16":null,"17":0.002956,"18":0.05912,"19":0.008868,"20":0.005912,"21":0.020692,"22":0.005912,"23":null,"24":0.020692,"25":0.01478,"26":0.01478,"27":0.01478,"28":0.008868,"29":0.035472,"30":0.082768,"31":0.002956,"32":0.041384,"33":0.041384,"34":0.020692,"35":0.032516,"36":0.218744,"37":0.056164,"38":1.061204,"39":0.008868,"40":null},"safari":{"3.1":0.002956,"3.2":null,"4":0.008868,"5":0.011824,"5.1":0.053208,"6":null,"6.1":null,"7":0.005912,"7.1":null,"8":0.035472,"9":0.023648,"9.1":0.19214,"10":null,"0":null},"ios_saf":{"3.2":0,"4.0-4.1":0,"4.2-4.3":0,"5.0-5.1":0,"6.0-6.1":0,"7.0-7.1":0.0747774067539,"8":0,"8.1-8.4":0.176529311834,"9.0-9.2":0.269062084576,"9.3":2.84666319684},"android":{"2.1":0,"2.2":0,"2.3":0.0139798000521,"3":0,"4":0.0994119114814,"4.1":0.372794668055,"4.2-4.3":0.905580381151,"4.4":2.60800936527,"4.4.3-4.4.4":1.96649187399,"51":null},"op_mob":{"10":0,"11":0,"11.1":0,"11.5":0,"12":0,"12.1":0.0640402753839,"0":2.81777211689},"ie":{"5.5":null,"6":0.00959895489891,"7":0.0223975614308,"8":0.918300018663,"9":0.0767916391913,"10":0.153583278383,"11":0.876704547434},"bb":{"7":0.012327,"10":null},"ie_mob":{"10":0.146341078652,"11":0.459442921348},"edge":{"12":0.035472,"13":0.298556,"14":null},"and_ff":{"0":0.014088},"samsung":{"0":2.965524},"and_uc":{"0":7.283496},"op_mini":{"0":33.7117676077},"and_chr":{"0":13.856892}},"total":95.947659}