{"id":"TL","name":"Timor-Leste","month":"2016-07","access_date":"2016-08-02","data":{"chrome":{"4":0.067051,"5":0.007058,"6":0.007058,"7":0.007058,"8":null,"9":0.003529,"10":null,"11":0.017645,"12":null,"13":0.028232,"14":null,"15":0.003529,"16":0.007058,"17":0.003529,"18":null,"19":0.010587,"20":null,"21":null,"22":null,"23":null,"24":null,"25":0.007058,"26":0.017645,"27":0.024703,"28":0.007058,"29":0.003529,"30":0.017645,"31":0.007058,"32":0.003529,"33":0.024703,"34":0.010587,"35":0.007058,"36":0.003529,"37":null,"38":null,"39":0.07058,"40":0.056464,"41":0.003529,"42":null,"43":0.751677,"44":0.024703,"45":0.081167,"46":0.031761,"47":0.81167,"48":0.088225,"49":0.476415,"50":0.123515,"51":7.915547,"52":1.425716,"53":0.10587,"54":null,"55":null},"firefox":{"2":0.003529,"3":0.077638,"3.5":0.031761,"3.6":0.102341,"4":0.215269,"5":0.151747,"6":0.045877,"7":0.045877,"8":0.031761,"9":0.084696,"10":0.218798,"11":0.183508,"12":0.278791,"13":0.024703,"14":0.081167,"15":0.155276,"16":0.28232,"17":0.017645,"18":0.077638,"19":0.074109,"20":0.052935,"21":0.123515,"22":0.028232,"23":0.028232,"24":0.102341,"25":0.031761,"26":0.056464,"27":0.049406,"28":0.056464,"29":0.151747,"30":0.127044,"31":0.056464,"32":0.059993,"33":0.03529,"34":0.024703,"35":0.045877,"36":0.3529,"37":0.028232,"38":0.098812,"39":0.201153,"40":0.335255,"41":0.359958,"42":0.24703,"43":0.843431,"44":0.515234,"45":0.204682,"46":0.324668,"47":6.969775,"48":0.970475,"49":0.017645,"50":null},"opera":{"9":null,"9.5-9.6":null,"10.0-10.1":0.014116,"10.5":null,"10.6":0.007058,"11":0.003529,"11.1":null,"11.5":null,"11.6":null,"12":null,"12.1":null,"15":null,"16":null,"17":null,"18":null,"19":0.059993,"20":null,"21":null,"22":null,"23":null,"24":null,"25":null,"26":null,"27":null,"28":null,"29":null,"30":0.014116,"31":null,"32":null,"33":0.017645,"34":0.056464,"35":0.003529,"36":0.03529,"37":0.074109,"38":0.539937,"39":null,"40":null},"safari":{"3.1":null,"3.2":null,"4":0,"5":0.014116,"5.1":0.031761,"6":0.123515,"6.1":0.017645,"7":0.119986,"7.1":0.014116,"8":0.148218,"9":0.134102,"9.1":0.49406,"10":null,"0":null},"ios_saf":{"3.2":0,"4.0-4.1":0,"4.2-4.3":0,"5.0-5.1":0,"6.0-6.1":0,"7.0-7.1":0.0663951767569,"8":0,"8.1-8.4":0.156741125038,"9.0-9.2":0.238901366596,"9.3":2.52756433161},"android":{"2.1":0,"2.2":0,"2.3":0.0110534316584,"3":0,"4":0.0786021806821,"4.1":0.294758177558,"4.2-4.3":0.716016739651,"4.4":2.06207908383,"4.4.3-4.4.4":1.55484938662,"51":null},"op_mob":{"10":0,"11":0,"11.1":0,"11.5":0,"12":0,"12.1":0.0479593298663,"0":2.11021051412},"ie":{"5.5":null,"6":0.00355170496324,"7":0.0461721645221,"8":1.05485637408,"9":0.71389269761,"10":0.451066530331,"11":1.59116382353},"bb":{"7":0.01455975,"10":null},"ie_mob":{"10":0.156321910112,"11":0.490778089888},"edge":{"12":0.081167,"13":0.292907,"14":null},"and_ff":{"0":0.058239},"samsung":{"0":3.571992},"and_uc":{"0":10.800099},"op_mini":{"0":25.246515156},"and_chr":{"0":15.663635}},"total":98.972797045}