{"id":"TM","name":"Turkmenistan","month":"2016-07","access_date":"2016-08-02","data":{"chrome":{"4":0.007584,"5":0.017696,"6":null,"7":null,"8":0.070784,"9":0.022752,"10":0.007584,"11":0.093536,"12":0.032864,"13":null,"14":0.020224,"15":0.01264,"16":0.055616,"17":0.022752,"18":0.022752,"19":0.005056,"20":0.022752,"21":0.005056,"22":0.017696,"23":0.017696,"24":0.01264,"25":null,"26":0.002528,"27":0.022752,"28":null,"29":0.07584,"30":0.035392,"31":0.083424,"32":0.005056,"33":0.02528,"34":0.020224,"35":0.020224,"36":0.005056,"37":0.010112,"38":0.022752,"39":0.01264,"40":0.048032,"41":0.017696,"42":0.01264,"43":0.053088,"44":0.02528,"45":0.207296,"46":0.035392,"47":0.096064,"48":0.080896,"49":0.806432,"50":0.369088,"51":9.59376,"52":0.1896,"53":0.460096,"54":null,"55":null},"firefox":{"2":0.060672,"3":0.01264,"3.5":0.002528,"3.6":0.05056,"4":0.005056,"5":0.005056,"6":null,"7":null,"8":0.017696,"9":null,"10":null,"11":0.010112,"12":0.005056,"13":0.005056,"14":0.020224,"15":null,"16":0.010112,"17":0.015168,"18":null,"19":null,"20":null,"21":null,"22":0.005056,"23":null,"24":0.010112,"25":0.007584,"26":0.017696,"27":0.01264,"28":0.002528,"29":0.01264,"30":0.01264,"31":0.005056,"32":0.017696,"33":0.005056,"34":0.002528,"35":0.017696,"36":0.015168,"37":null,"38":0.02528,"39":0.005056,"40":0.007584,"41":0.0632,"42":0.005056,"43":0.192128,"44":0.34128,"45":0.07584,"46":0.103648,"47":2.35104,"48":0.007584,"49":null,"50":null},"opera":{"9":null,"9.5-9.6":0.005056,"10.0-10.1":0,"10.5":null,"10.6":null,"11":0.010112,"11.1":0.007584,"11.5":0.002528,"11.6":0.022752,"12":0.032864,"12.1":0.106176,"15":null,"16":0.005056,"17":null,"18":0.055616,"19":0.005056,"20":0.010112,"21":0.002528,"22":0.002528,"23":0.015168,"24":null,"25":0.005056,"26":0.020224,"27":0.002528,"28":0.015168,"29":0.007584,"30":0.005056,"31":0.060672,"32":0.01264,"33":null,"34":0.017696,"35":0.0632,"36":0.007584,"37":0.017696,"38":0.118816,"39":null,"40":null},"safari":{"3.1":null,"3.2":null,"4":0.017696,"5":0.027808,"5.1":0.010112,"6":0.01264,"6.1":null,"7":0.007584,"7.1":null,"8":0.07584,"9":0.032864,"9.1":0.149152,"10":null,"0":null},"ios_saf":{"3.2":0,"4.0-4.1":0,"4.2-4.3":0,"5.0-5.1":0,"6.0-6.1":0,"7.0-7.1":0.291396634013,"8":0,"8.1-8.4":0.687908948788,"9.0-9.2":1.04849565115,"9.3":11.093030766},"android":{"2.1":0,"2.2":0,"2.3":0.0393403426191,"3":0,"4":0.279753547514,"4.1":1.04907580318,"4.2-4.3":2.54837997188,"4.4":7.33915947305,"4.4.3-4.4.4":5.53387486175,"51":null},"op_mob":{"10":0,"11":0,"11.1":0,"11.5":0,"12":0,"12.1":0.00142531761598,"0":0.0627139751032},"ie":{"5.5":null,"6":0.00254645255474,"7":0.0509290510949,"8":0.580591182482,"9":0.44562919708,"10":0.183344583942,"11":0.819957722628},"bb":{"7":0.033624,"10":null},"ie_mob":{"10":0.0776164494382,"11":0.243679550562},"edge":{"12":0.035392,"13":0.073312,"14":0.005056},"and_ff":{"0":0.044832},"samsung":{"0":13.658816},"and_uc":{"0":0.530512},"op_mini":{"0":0.750308707281},"and_chr":{"0":29.362288}},"total":94.1897901898}