{"id":"TN","name":"Tunisia","month":"2016-07","access_date":"2016-08-02","data":{"chrome":{"4":0.012574,"5":null,"6":0.012574,"7":0.018861,"8":0.025148,"9":0.006287,"10":0.025148,"11":0.06287,"12":0.031435,"13":0.012574,"14":0.012574,"15":0.018861,"16":0.018861,"17":0.012574,"18":0.264054,"19":0.006287,"20":0.012574,"21":0.012574,"22":0.018861,"23":0.031435,"24":0.025148,"25":0.006287,"26":0.031435,"27":0.018861,"28":0.018861,"29":0.358359,"30":0.037722,"31":0.100592,"32":0.031435,"33":0.069157,"34":0.037722,"35":0.037722,"36":0.056583,"37":0.037722,"38":0.056583,"39":0.094305,"40":0.113166,"41":0.056583,"42":0.050296,"43":0.597265,"44":0.12574,"45":0.132027,"46":0.201184,"47":0.56583,"48":0.389794,"49":4.539214,"50":0.704144,"51":38.155803,"52":1.288835,"53":0.069157,"54":0.025148,"55":null},"firefox":{"2":null,"3":0.050296,"3.5":0.012574,"3.6":0.031435,"4":0.006287,"5":null,"6":0.012574,"7":null,"8":null,"9":null,"10":null,"11":0.006287,"12":0.025148,"13":null,"14":0.006287,"15":0.006287,"16":0.006287,"17":null,"18":0.006287,"19":null,"20":0.012574,"21":null,"22":null,"23":0.006287,"24":null,"25":null,"26":0.006287,"27":null,"28":0.006287,"29":null,"30":0.006287,"31":0.025148,"32":0.012574,"33":0.025148,"34":0.012574,"35":0.018861,"36":0.025148,"37":0.018861,"38":0.044009,"39":0.031435,"40":0.018861,"41":0.037722,"42":0.088018,"43":0.18861,"44":0.069157,"45":0.12574,"46":0.226332,"47":4.438622,"48":0.081731,"49":0.025148,"50":null},"opera":{"9":null,"9.5-9.6":null,"10.0-10.1":0,"10.5":null,"10.6":null,"11":null,"11.1":null,"11.5":null,"11.6":null,"12":null,"12.1":0.025148,"15":null,"16":null,"17":null,"18":null,"19":null,"20":null,"21":null,"22":null,"23":null,"24":null,"25":null,"26":null,"27":null,"28":null,"29":null,"30":0.006287,"31":null,"32":null,"33":0.012574,"34":0.012574,"35":0.025148,"36":0.088018,"37":0.050296,"38":1.112799,"39":null,"40":0.012574},"safari":{"3.1":null,"3.2":null,"4":0.025148,"5":0.018861,"5.1":0.037722,"6":0.012574,"6.1":0.031435,"7":0.018861,"7.1":null,"8":0.088018,"9":0.06287,"9.1":0.333211,"10":null,"0":null},"ios_saf":{"3.2":0,"4.0-4.1":0,"4.2-4.3":0,"5.0-5.1":0,"6.0-6.1":0,"7.0-7.1":0.045765803164,"8":0,"8.1-8.4":0.10804073167,"9.0-9.2":0.164673300882,"9.3":1.74223516428},"android":{"2.1":0,"2.2":0,"2.3":0.0135199213746,"3":0,"4":0.0961416631086,"4.1":0.360531236657,"4.2-4.3":0.87579046238,"4.4":2.52221644311,"4.4.3-4.4.4":1.90180227337,"51":null},"op_mob":{"10":0,"11":0,"11.1":0,"11.5":0,"12":0,"12.1":0.00801841261351,"0":0.352810154994},"ie":{"5.5":null,"6":0.0222902727273,"7":0.0371504545455,"8":0.616697545455,"9":0.148601818182,"10":0.267483272727,"11":0.869320636364},"bb":{"7":0.01763675,"10":null},"ie_mob":{"10":0.252942910112,"11":0.794123089888},"edge":{"12":0.050296,"13":0.37722,"14":null},"and_ff":{"0":0.211641},"samsung":{"0":2.198096},"and_uc":{"0":1.017362},"op_mini":{"0":4.22101343239},"and_chr":{"0":21.356158}},"total":96.99367275}