{"id":"TO","name":"Tonga","month":"2016-07","access_date":"2016-08-02","data":{"chrome":{"4":null,"5":null,"6":null,"7":null,"8":null,"9":null,"10":null,"11":null,"12":null,"13":null,"14":null,"15":null,"16":null,"17":null,"18":null,"19":null,"20":null,"21":null,"22":null,"23":null,"24":0.018468,"25":null,"26":null,"27":null,"28":null,"29":0.012312,"30":null,"31":0.036936,"32":null,"33":0.03078,"34":null,"35":null,"36":0.043092,"37":null,"38":0.012312,"39":0.024624,"40":0.067716,"41":0.036936,"42":0.24624,"43":0.110808,"44":0.350892,"45":0.141588,"46":0.012312,"47":0.24624,"48":0.036936,"49":0.70794,"50":0.393984,"51":26.144532,"52":0.486324,"53":0.018468,"54":null,"55":null},"firefox":{"2":null,"3":null,"3.5":null,"3.6":0.018468,"4":0.018468,"5":null,"6":0.012312,"7":null,"8":null,"9":0.012312,"10":null,"11":null,"12":0.18468,"13":null,"14":0.036936,"15":0.012312,"16":null,"17":null,"18":null,"19":0.018468,"20":0.012312,"21":0.006156,"22":null,"23":0.012312,"24":0.006156,"25":null,"26":null,"27":0.012312,"28":0.036936,"29":0.018468,"30":null,"31":0.06156,"32":0.110808,"33":null,"34":null,"35":0.301644,"36":null,"37":0.024624,"38":0.110808,"39":0.264708,"40":0.080028,"41":0.012312,"42":0.43092,"43":0.332424,"44":0.486324,"45":0.178524,"46":0.172368,"47":8.809236,"48":5.47884,"49":null,"50":null},"opera":{"9":null,"9.5-9.6":null,"10.0-10.1":0,"10.5":null,"10.6":null,"11":null,"11.1":null,"11.5":null,"11.6":null,"12":null,"12.1":0.024624,"15":null,"16":null,"17":null,"18":null,"19":null,"20":null,"21":null,"22":null,"23":null,"24":null,"25":null,"26":null,"27":null,"28":null,"29":0.012312,"30":null,"31":null,"32":null,"33":null,"34":0.012312,"35":null,"36":null,"37":0.006156,"38":0.21546,"39":null,"40":null},"safari":{"3.1":null,"3.2":null,"4":0,"5":null,"5.1":0.036936,"6":null,"6.1":0.067716,"7":0.012312,"7.1":null,"8":0.104652,"9":0.141588,"9.1":1.083456,"10":null,"0":null},"ios_saf":{"3.2":0,"4.0-4.1":0,"4.2-4.3":0,"5.0-5.1":0,"6.0-6.1":0,"7.0-7.1":0.101761333739,"8":0,"8.1-8.4":0.240231093804,"9.0-9.2":0.366154936011,"9.3":3.87390063645},"android":{"2.1":0,"2.2":0,"2.3":0.0137177058058,"3":0,"4":0.0975481301744,"4.1":0.365805488154,"4.2-4.3":0.888602498308,"4.4":2.55911422754,"4.4.3-4.4.4":1.92962395001,"51":null},"op_mob":{"10":0,"11":0,"11.1":0,"11.5":0,"12":0,"12.1":0.0035788484068,"0":0.157469329899},"ie":{"5.5":null,"6":null,"7":0.006156,"8":0.418608,"9":0.135432,"10":0.252396,"11":2.967192},"bb":{"7":0.006727,"10":null},"ie_mob":{"10":0.374228516854,"11":1.17490348315},"edge":{"12":0.135432,"13":2.105352,"14":null},"and_ff":{"0":0.007688},"samsung":{"0":2.894532},"and_uc":{"0":1.86434},"op_mini":{"0":1.88395982169},"and_chr":{"0":25.542852}},"total":98.538007}