{"id":"TT","name":"Trinidad and Tobago","month":"2016-07","access_date":"2016-08-02","data":{"chrome":{"4":null,"5":null,"6":null,"7":null,"8":null,"9":null,"10":null,"11":0.03183,"12":0.006366,"13":null,"14":null,"15":null,"16":null,"17":null,"18":0.012732,"19":null,"20":null,"21":0.019098,"22":0.12732,"23":null,"24":null,"25":null,"26":0.082758,"27":0.006366,"28":0.012732,"29":0.101856,"30":0.006366,"31":0.019098,"32":0.012732,"33":0.025464,"34":0.057294,"35":0.03183,"36":0.06366,"37":0.025464,"38":0.076392,"39":0.050928,"40":0.025464,"41":0.012732,"42":0.019098,"43":0.101856,"44":0.050928,"45":0.06366,"46":0.050928,"47":0.464718,"48":0.076392,"49":1.540572,"50":0.356496,"51":32.68941,"52":0.85941,"53":0.19098,"54":0.019098,"55":null},"firefox":{"2":null,"3":null,"3.5":0.006366,"3.6":0.038196,"4":null,"5":null,"6":null,"7":null,"8":null,"9":null,"10":0.006366,"11":null,"12":null,"13":null,"14":null,"15":null,"16":0.006366,"17":null,"18":null,"19":null,"20":null,"21":null,"22":null,"23":null,"24":null,"25":0.012732,"26":null,"27":null,"28":null,"29":null,"30":0.006366,"31":0.006366,"32":null,"33":0.012732,"34":0.006366,"35":null,"36":null,"37":0.025464,"38":0.050928,"39":0.044562,"40":0.019098,"41":0.019098,"42":0.070026,"43":0.114588,"44":0.03183,"45":0.108222,"46":0.120954,"47":5.76123,"48":0.178248,"49":null,"50":null},"opera":{"9":null,"9.5-9.6":null,"10.0-10.1":0,"10.5":null,"10.6":null,"11":null,"11.1":null,"11.5":null,"11.6":null,"12":null,"12.1":0.03183,"15":null,"16":null,"17":null,"18":null,"19":null,"20":null,"21":null,"22":null,"23":null,"24":null,"25":null,"26":0.012732,"27":0.012732,"28":null,"29":0.089124,"30":null,"31":null,"32":null,"33":0.006366,"34":0.012732,"35":0.012732,"36":0.025464,"37":0.356496,"38":0.50928,"39":null,"40":null},"safari":{"3.1":null,"3.2":null,"4":0.012732,"5":0.03183,"5.1":0.089124,"6":0.019098,"6.1":0.089124,"7":0.038196,"7.1":0.006366,"8":0.184614,"9":0.28647,"9.1":1.693356,"10":0.012732,"0":null},"ios_saf":{"3.2":0,"4.0-4.1":0,"4.2-4.3":0,"5.0-5.1":0,"6.0-6.1":0,"7.0-7.1":0.129973090964,"8":0,"8.1-8.4":0.306831452185,"9.0-9.2":0.467665733698,"9.3":4.94787972315},"android":{"2.1":0,"2.2":0,"2.3":0.00977787555324,"3":0,"4":0.0695315594897,"4.1":0.260743348086,"4.2-4.3":0.633389049727,"4.4":1.82411700599,"4.4.3-4.4.4":1.37542116116,"51":null},"op_mob":{"10":0,"11":0,"11.1":0,"11.5":0,"12":0,"12.1":0.000553441802873,"0":0.0243514393264},"ie":{"5.5":null,"6":0.006366,"7":0.03183,"8":0.3183,"9":0.343764,"10":0.356496,"11":4.628082},"bb":{"7":0.09541875,"10":null},"ie_mob":{"10":0.218651376404,"11":0.686463623596},"edge":{"12":0.280104,"13":2.616426,"14":0.019098},"and_ff":{"0":0.02908},"samsung":{"0":4.66007},"and_uc":{"0":0.49436},"op_mini":{"0":0.291340118871},"and_chr":{"0":25.535087}},"total":98.13243375}