{"id":"TV","name":"Tuvalu","month":"2016-07","access_date":"2016-08-02","data":{"chrome":{"4":null,"5":null,"6":null,"7":null,"8":null,"9":null,"10":null,"11":0.445184,"12":null,"13":null,"14":null,"15":null,"16":null,"17":null,"18":null,"19":null,"20":null,"21":null,"22":null,"23":null,"24":null,"25":null,"26":null,"27":null,"28":null,"29":null,"30":null,"31":null,"32":null,"33":0.998656,"34":null,"35":null,"36":null,"37":null,"38":null,"39":null,"40":null,"41":null,"42":null,"43":0.33088,"44":null,"45":null,"46":null,"47":0.108288,"48":0.776064,"49":null,"50":0.222592,"51":33.075968,"52":null,"53":null,"54":null,"55":null},"firefox":{"2":null,"3":null,"3.5":null,"3.6":null,"4":null,"5":null,"6":null,"7":null,"8":null,"9":null,"10":null,"11":null,"12":0.108288,"13":null,"14":null,"15":null,"16":null,"17":null,"18":null,"19":null,"20":null,"21":null,"22":null,"23":null,"24":null,"25":null,"26":null,"27":null,"28":null,"29":null,"30":null,"31":null,"32":null,"33":null,"34":null,"35":null,"36":null,"37":null,"38":null,"39":null,"40":0.222592,"41":null,"42":null,"43":null,"44":0.553472,"45":0.33088,"46":0.222592,"47":6.328832,"48":null,"49":null,"50":null},"opera":{"9":null,"9.5-9.6":null,"10.0-10.1":0,"10.5":null,"10.6":null,"11":null,"11.1":null,"11.5":null,"11.6":null,"12":null,"12.1":null,"15":null,"16":null,"17":null,"18":null,"19":null,"20":null,"21":null,"22":null,"23":null,"24":null,"25":null,"26":null,"27":null,"28":null,"29":null,"30":null,"31":null,"32":null,"33":null,"34":null,"35":null,"36":null,"37":null,"38":0.222592,"39":null,"40":null},"safari":{"3.1":null,"3.2":null,"4":0,"5":null,"5.1":null,"6":null,"6.1":null,"7":null,"7.1":null,"8":null,"9":0.33088,"9.1":1.552128,"10":null,"0":null},"ios_saf":{"3.2":0,"4.0-4.1":0,"4.2-4.3":0,"5.0-5.1":0,"6.0-6.1":0,"7.0-7.1":0.0253114785519,"8":0,"8.1-8.4":0.0597535817868,"9.0-9.2":0.0910750917757,"9.3":0.963569847886},"android":{"2.1":0,"2.2":0,"2.3":0.0168073418381,"3":0,"4":0.119518875293,"4.1":0.448195782348,"4.2-4.3":1.08874225462,"4.4":3.13550299401,"4.4.3-4.4.4":2.36423275189,"51":null},"op_mob":{"10":0,"11":0,"11.1":0,"11.5":0,"12":0,"12.1":0,"0":0},"ie":{"5.5":null,"6":null,"7":null,"8":null,"9":0.445184,"10":0.222592,"11":10.654336},"bb":{"7":0,"10":null},"ie_mob":{"10":0.109744213483,"11":0.344545786517},"edge":{"12":0.667776,"13":1.666432,"14":null},"and_ff":{"0":null},"samsung":{"0":null},"and_uc":{"0":0.569855},"op_mini":{"0":0},"and_chr":{"0":31.066617}},"total":99.88968}