{"id":"TV","name":"Tuvalu","month":"2016-01","access_date":"2016-02-03","data":{"firefox":{"2":0,"3":0.0893,"3.5":0,"3.6":0,"4":0,"5":0,"6":0,"7":0.0893,"8":0.43757,"9":0,"10":0,"11":0,"12":0,"13":0.0893,"14":0,"15":0,"16":0,"17":0,"18":0,"19":0,"20":0,"21":0,"22":0,"23":0,"24":0,"25":0,"26":0,"27":0,"28":0,"29":0,"30":0,"31":0,"32":0.0893,"33":0,"34":0,"35":0.52687,"36":0,"37":0.61617,"38":0,"39":1.14304,"40":0,"41":0.0893,"42":0.25897,"43":10.77851,"44":3.50949,"45":0,"46":0,"47":0},"chrome":{"4":0,"5":0,"6":0,"7":0,"8":0,"9":0,"10":0,"11":0,"12":0,"13":0,"14":0,"15":0,"16":0,"17":0,"18":0,"19":0,"20":0,"21":0,"22":0,"23":0,"24":0,"25":0,"26":0,"27":0,"28":0,"29":0,"30":0,"31":0,"32":0,"33":0,"34":0,"35":0,"36":0,"37":0,"38":0,"39":0,"40":0,"41":0,"42":0,"43":0,"44":0,"45":2.10748,"46":10.59991,"47":26.37922,"48":1.14304,"49":0.0893,"50":0,"51":0},"opera":{"9":0,"9.5-9.6":0,"10.0-10.1":0,"10.5":0,"10.6":0,"11":0,"11.1":0,"11.5":0,"11.6":0,"12":0,"12.1":0,"15":0,"16":0,"17":0,"18":0,"19":0,"20":0,"21":0,"22":0,"23":0,"24":0,"25":0,"26":0,"27":0,"28":0,"29":0,"30":0,"31":0,"32":0,"33":0,"34":0.25897,"35":0,"36":0},"safari":{"3.1":0,"3.2":0,"4":0,"5":0,"5.1":0,"6":0,"6.1":0,"7":0,"7.1":0,"8":0.25897,"9":0.25897,"9.1":0},"android":{"2.1":0,"2.2":0,"2.3":0.0087351498406,"3":0,"4":0.036305466525,"4.1":0.124202911796,"4.2-4.3":0.276522087141,"4.4":0.550314439957,"4.4.3-4.4.4":0.28825994474,"47":null},"ios_saf":{"3.2":0,"4.0-4.1":0,"4.2-4.3":0,"5.0-5.1":0,"6.0-6.1":0,"7.0-7.1":0.24327938601,"8":0.0170611517462,"8.1-8.4":0.695083960029,"9.0-9.2":5.17837550221,"9.3":null},"op_mob":{"10":0,"11":0,"11.1":0,"11.5":0,"12":0,"12.1":0,"0":0},"ie":{"5.5":0,"6":0,"7":0,"8":0.78584,"9":0.1786,"10":13.67183,"11":7.35832},"bb":{"7":0,"10":null},"ie_mob":{"10":0.142624705882,"11":0.628845294118},"edge":{"12":0.0893,"13":0,"14":0},"and_uc":{"0":0.96407},"op_mini":{"5.0-8.0":0},"and_chr":{"0":9.86315},"and_ff":{"0":0}},"total":99.9137}