{"id":"TZ","name":"Tanzania","month":"2016-07","access_date":"2016-08-02","data":{"chrome":{"4":null,"5":null,"6":null,"7":0.001466,"8":0.000733,"9":0.002199,"10":0.002199,"11":0.030053,"12":null,"13":0.001466,"14":0.001466,"15":null,"16":null,"17":null,"18":0.001466,"19":0.001466,"20":0.001466,"21":0.002199,"22":0.002199,"23":0.001466,"24":0.000733,"25":0.001466,"26":0.00733,"27":null,"28":0.002199,"29":0.002932,"30":0.001466,"31":0.010995,"32":0.001466,"33":0.00733,"34":0.002199,"35":0.000733,"36":0.002199,"37":0.001466,"38":0.005131,"39":0.002932,"40":0.002199,"41":0.002932,"42":0.004398,"43":0.040315,"44":0.008796,"45":0.034451,"46":0.013927,"47":0.052043,"48":0.016126,"49":0.100421,"50":0.03665,"51":1.809044,"52":0.066703,"53":0.017592,"54":0.002199,"55":null},"firefox":{"2":0.000733,"3":0.016126,"3.5":0.002199,"3.6":0.012461,"4":0.021257,"5":0.004398,"6":0.008796,"7":0.002932,"8":0.009529,"9":0.003665,"10":0.015393,"11":0.011728,"12":0.023456,"13":0.016859,"14":0.013194,"15":0.012461,"16":0.022723,"17":0.010262,"18":0.009529,"19":0.008063,"20":0.009529,"21":0.037383,"22":0.004398,"23":0.02199,"24":0.005131,"25":0.005131,"26":0.00733,"27":0.002932,"28":0.00733,"29":0.022723,"30":0.019058,"31":0.013194,"32":0.012461,"33":0.013927,"34":0.012461,"35":0.015393,"36":0.011728,"37":0.018325,"38":0.019791,"39":0.021257,"40":0.021257,"41":0.015393,"42":0.02199,"43":0.160527,"44":0.084295,"45":0.054242,"46":0.092358,"47":1.369244,"48":0.16126,"49":0.000733,"50":null},"opera":{"9":null,"9.5-9.6":0.000733,"10.0-10.1":0.001466,"10.5":0.000733,"10.6":0.004398,"11":0.002199,"11.1":0.000733,"11.5":0.002199,"11.6":0.011728,"12":0.004398,"12.1":0.016859,"15":0.005864,"16":0.001466,"17":0.002932,"18":0.002199,"19":0.002199,"20":0.002199,"21":0.001466,"22":0.001466,"23":null,"24":0.000733,"25":null,"26":0.001466,"27":null,"28":0.001466,"29":0.013194,"30":0.010262,"31":0.001466,"32":0.00733,"33":0.013194,"34":0.017592,"35":0.025655,"36":0.03665,"37":0.263147,"38":0.22723,"39":0.000733,"40":null},"safari":{"3.1":null,"3.2":null,"4":0.001466,"5":0.002199,"5.1":0.010262,"6":0.008063,"6.1":0.002199,"7":0.006597,"7.1":0.008063,"8":0.020524,"9":0.041781,"9.1":0.118746,"10":null,"0":null},"ios_saf":{"3.2":0,"4.0-4.1":0,"4.2-4.3":0,"5.0-5.1":0,"6.0-6.1":0,"7.0-7.1":0.0113194417402,"8":0,"8.1-8.4":0.0267221524186,"9.0-9.2":0.0407293154852,"9.3":0.430914090356},"android":{"2.1":0,"2.2":0,"2.3":0.0117254933611,"3":0,"4":0.0833812861234,"4.1":0.312679822963,"4.2-4.3":0.75955140328,"4.4":2.18745592814,"4.4.3-4.4.4":1.64938606613,"51":null},"op_mob":{"10":0,"11":0,"11.1":0,"11.5":0,"12":0,"12.1":0.126708362655,"0":5.57516795681},"ie":{"5.5":null,"6":0.00444869740634,"7":0.00148289913545,"8":0.150514262248,"9":0.0281750835735,"10":0.0489356714697,"11":0.278043587896},"bb":{"7":0.027801,"10":null},"ie_mob":{"10":0.136558095506,"11":0.428728904494},"edge":{"12":0.033718,"13":0.104086,"14":0.002932},"and_ff":{"0":0.027801},"samsung":{"0":0.824763},"and_uc":{"0":4.735437},"op_mini":{"0":66.7011946805},"and_chr":{"0":6.832935}},"total":97.2853032017}