{"id":"UA","name":"Ukraine","month":"2016-07","access_date":"2016-08-02","data":{"chrome":{"4":0.042915,"5":0.025749,"6":0.025749,"7":0.017166,"8":0.025749,"9":0.025749,"10":0.034332,"11":0.068664,"12":0.060081,"13":0.042915,"14":0.060081,"15":0.060081,"16":0.068664,"17":0.094413,"18":0.08583,"19":0.068664,"20":0.077247,"21":0.111579,"22":0.120162,"23":0.08583,"24":0.102996,"25":0.068664,"26":0.077247,"27":0.094413,"28":0.051498,"29":1.107207,"30":0.034332,"31":0.060081,"32":0.034332,"33":0.042915,"34":0.051498,"35":0.060081,"36":0.034332,"37":0.042915,"38":0.068664,"39":0.188826,"40":0.145911,"41":0.111579,"42":0.08583,"43":0.377652,"44":0.077247,"45":0.163077,"46":0.120162,"47":0.308988,"48":0.437733,"49":3.939597,"50":0.806802,"51":35.550786,"52":0.995628,"53":0.308988,"54":0.060081,"55":null},"firefox":{"2":0.042915,"3":0.111579,"3.5":0.180243,"3.6":0.617976,"4":0.051498,"5":0.017166,"6":0.017166,"7":0.008583,"8":0.008583,"9":0.017166,"10":0.034332,"11":0.025749,"12":0.060081,"13":0.017166,"14":0.025749,"15":0.034332,"16":0.102996,"17":0.025749,"18":0.025749,"19":0.025749,"20":0.034332,"21":0.051498,"22":0.025749,"23":0.042915,"24":0.077247,"25":0.042915,"26":0.042915,"27":0.025749,"28":0.042915,"29":0.017166,"30":0.034332,"31":0.051498,"32":0.068664,"33":0.060081,"34":0.060081,"35":0.068664,"36":0.068664,"37":0.042915,"38":0.205992,"39":0.060081,"40":0.051498,"41":0.111579,"42":0.102996,"43":0.34332,"44":0.137328,"45":0.403401,"46":0.351903,"47":9.69879,"48":0.128745,"49":0.034332,"50":null},"opera":{"9":null,"9.5-9.6":0.008583,"10.0-10.1":0.034332,"10.5":0.034332,"10.6":0.077247,"11":0.025749,"11.1":0.034332,"11.5":0.077247,"11.6":0.214575,"12":0.266073,"12.1":3.055548,"15":0.017166,"16":0.017166,"17":0.008583,"18":0.025749,"19":0.025749,"20":0.042915,"21":0.017166,"22":0.017166,"23":0.008583,"24":0.025749,"25":0.025749,"26":0.034332,"27":0.145911,"28":0.042915,"29":0.034332,"30":0.060081,"31":0.034332,"32":0.034332,"33":0.051498,"34":0.08583,"35":0.120162,"36":1.004211,"37":0.266073,"38":5.819274,"39":0.042915,"40":0.008583},"safari":{"3.1":0.017166,"3.2":null,"4":0.08583,"5":0.128745,"5.1":0.102996,"6":0.025749,"6.1":0.025749,"7":0.025749,"7.1":null,"8":0.094413,"9":0.17166,"9.1":1.184454,"10":0.017166,"0":null},"ios_saf":{"3.2":0,"4.0-4.1":0,"4.2-4.3":0,"5.0-5.1":0,"6.0-6.1":0,"7.0-7.1":0.0568571171281,"8":0,"8.1-8.4":0.134224335869,"9.0-9.2":0.204581773045,"9.3":2.16446477396},"android":{"2.1":0,"2.2":0,"2.3":0.00346719083572,"3":0,"4":0.0246555792762,"4.1":0.0924584222859,"4.2-4.3":0.224596917469,"4.4":0.646823712575,"4.4.3-4.4.4":0.487718177558,"51":null},"op_mob":{"10":0,"11":0,"11.1":0,"11.5":0,"12":0,"12.1":0.0037245218425,"0":0.16387896107},"ie":{"5.5":null,"6":0.0265674278729,"7":0.0354232371638,"8":1.09812035208,"9":0.265674278729,"10":0.336520753056,"11":1.84200833252},"bb":{"7":0.00885,"10":null},"ie_mob":{"10":0.0673872808989,"11":0.211564719101},"edge":{"12":0.051498,"13":0.523563,"14":0.008583},"and_ff":{"0":0.026904},"samsung":{"0":0.556488},"and_uc":{"0":0.66552},"op_mini":{"0":1.96064451709},"and_chr":{"0":6.664731}},"total":93.0321903814}