{"id":"UG","name":"Uganda","month":"2016-07","access_date":"2016-08-02","data":{"chrome":{"4":null,"5":0.004794,"6":null,"7":0.002397,"8":null,"9":null,"10":0.004794,"11":0.045543,"12":null,"13":0.002397,"14":null,"15":null,"16":null,"17":null,"18":null,"19":0.007191,"20":0.002397,"21":0.009588,"22":0.004794,"23":0.007191,"24":0.007191,"25":0.011985,"26":0.009588,"27":null,"28":0.016779,"29":0.019176,"30":0.014382,"31":0.028764,"32":0.004794,"33":0.014382,"34":0.004794,"35":0.011985,"36":0.007191,"37":0.004794,"38":0.014382,"39":0.019176,"40":0.02397,"41":0.004794,"42":0.014382,"43":0.07191,"44":0.02397,"45":0.043146,"46":0.026367,"47":0.124644,"48":0.031161,"49":0.481797,"50":0.170187,"51":7.57452,"52":0.2397,"53":0.035955,"54":0.002397,"55":null},"firefox":{"2":null,"3":0.04794,"3.5":0.007191,"3.6":0.031161,"4":0.040749,"5":0.014382,"6":0.007191,"7":0.014382,"8":0.021573,"9":0.026367,"10":0.033558,"11":0.069513,"12":0.086292,"13":0.050337,"14":0.038352,"15":0.045543,"16":0.045543,"17":0.055131,"18":0.02397,"19":0.045543,"20":0.059925,"21":0.055131,"22":0.026367,"23":0.021573,"24":0.052734,"25":0.026367,"26":0.02397,"27":0.019176,"28":0.043146,"29":0.067116,"30":0.100674,"31":0.112659,"32":0.04794,"33":0.062322,"34":0.052734,"35":0.067116,"36":0.064719,"37":0.098277,"38":0.115056,"39":0.129438,"40":0.110262,"41":0.158202,"42":0.081498,"43":0.697527,"44":0.297228,"45":0.294831,"46":0.369138,"47":6.071601,"48":1.057077,"49":0.009588,"50":0.007191},"opera":{"9":null,"9.5-9.6":null,"10.0-10.1":0.004794,"10.5":null,"10.6":null,"11":0.002397,"11.1":0.002397,"11.5":0.004794,"11.6":0.009588,"12":0.004794,"12.1":0.011985,"15":null,"16":null,"17":null,"18":null,"19":0.002397,"20":null,"21":null,"22":0.002397,"23":null,"24":null,"25":null,"26":null,"27":0.002397,"28":0.004794,"29":0.026367,"30":0.009588,"31":null,"32":0.011985,"33":0.009588,"34":0.021573,"35":0.016779,"36":0.031161,"37":0.124644,"38":0.340374,"39":0.002397,"40":null},"safari":{"3.1":null,"3.2":null,"4":0,"5":0.004794,"5.1":0.011985,"6":0.014382,"6.1":0.009588,"7":0.011985,"7.1":0.007191,"8":0.038352,"9":0.07191,"9.1":0.139026,"10":null,"0":null},"ios_saf":{"3.2":0,"4.0-4.1":0,"4.2-4.3":0,"5.0-5.1":0,"6.0-6.1":0,"7.0-7.1":0.016885275327,"8":0,"8.1-8.4":0.039861586046,"9.0-9.2":0.0607561504918,"9.3":0.642796988135},"android":{"2.1":0,"2.2":0,"2.3":0.0102970075501,"3":0,"4":0.0732231648008,"4.1":0.274586868003,"4.2-4.3":0.667017266858,"4.4":1.92096396407,"4.4.3-4.4.4":1.44844572872,"51":null},"op_mob":{"10":0,"11":0,"11.1":0,"11.5":0,"12":0,"12.1":0.0975963105498,"0":4.29423766419},"ie":{"5.5":null,"6":0.0145059827586,"7":0.0024176637931,"8":0.227260396552,"9":0.190995439655,"10":0.152312818966,"11":0.814752698276},"bb":{"7":0.0494195,"10":null},"ie_mob":{"10":0.281012005618,"11":0.882246994382},"edge":{"12":0.076704,"13":0.208539,"14":null},"and_ff":{"0":0.030412},"samsung":{"0":0.950375},"and_uc":{"0":4.911538},"op_mini":{"0":51.3761710253},"and_chr":{"0":7.248916}},"total":98.1752995}