{"id":"US","name":"United States of America","month":"2016-07","access_date":"2016-08-02","data":{"chrome":{"4":null,"5":null,"6":null,"7":null,"8":null,"9":null,"10":0.022792,"11":0.022792,"12":null,"13":null,"14":null,"15":null,"16":null,"17":null,"18":0.011396,"19":null,"20":null,"21":0.022792,"22":0.011396,"23":0.011396,"24":null,"25":0.011396,"26":null,"27":0.011396,"28":0.005698,"29":2.16524,"30":null,"31":0.051282,"32":0.022792,"33":0.02849,"34":0.022792,"35":0.022792,"36":0.022792,"37":0.045584,"38":0.034188,"39":0.062678,"40":0.074074,"41":0.136752,"42":0.074074,"43":0.347578,"44":0.14245,"45":0.159544,"46":0.125356,"47":0.193732,"48":0.301994,"49":1.487178,"50":0.649572,"51":21.521346,"52":0.603988,"53":0.034188,"54":0.034188,"55":null},"firefox":{"2":null,"3":0.022792,"3.5":null,"3.6":0.017094,"4":0.005698,"5":null,"6":0.011396,"7":null,"8":null,"9":null,"10":null,"11":0.011396,"12":0.011396,"13":null,"14":null,"15":null,"16":0.011396,"17":null,"18":null,"19":0.005698,"20":0.011396,"21":0.011396,"22":0.005698,"23":null,"24":0.017094,"25":0.017094,"26":0.011396,"27":0.017094,"28":0.02849,"29":0.022792,"30":0.017094,"31":0.079772,"32":0.017094,"33":0.02849,"34":0.045584,"35":0.039886,"36":0.039886,"37":0.034188,"38":0.182336,"39":0.05698,"40":0.045584,"41":0.062678,"42":0.05698,"43":0.17094,"44":0.074074,"45":0.267806,"46":0.267806,"47":6.085464,"48":0.102564,"49":null,"50":null},"opera":{"9":null,"9.5-9.6":null,"10.0-10.1":0,"10.5":null,"10.6":null,"11":null,"11.1":null,"11.5":null,"11.6":null,"12":null,"12.1":0.074074,"15":null,"16":null,"17":null,"18":null,"19":null,"20":null,"21":null,"22":null,"23":null,"24":null,"25":null,"26":null,"27":0.017094,"28":0.02849,"29":0.017094,"30":0.022792,"31":0.011396,"32":null,"33":null,"34":0.005698,"35":null,"36":0.011396,"37":0.022792,"38":0.25641,"39":null,"40":null},"safari":{"3.1":null,"3.2":null,"4":0.034188,"5":0.062678,"5.1":0.193732,"6":0.017094,"6.1":0.131054,"7":0.062678,"7.1":0.034188,"8":0.353276,"9":0.529914,"9.1":3.384612,"10":0.017094,"0":null},"ios_saf":{"3.2":0,"4.0-4.1":0,"4.2-4.3":0,"5.0-5.1":0,"6.0-6.1":0,"7.0-7.1":0.482963958016,"8":0,"8.1-8.4":1.1401477913,"9.0-9.2":1.73778812291,"9.3":18.3857101278},"android":{"2.1":0,"2.2":0,"2.3":0.00242932517574,"3":0,"4":0.0172752012497,"4.1":0.0647820046863,"4.2-4.3":0.157366286384,"4.4":0.453204107784,"4.4.3-4.4.4":0.34172507472,"51":null},"op_mob":{"10":0,"11":0,"11.1":0,"11.5":0,"12":0,"12.1":0.000278561069837,"0":0.0122566870728},"ie":{"5.5":null,"6":0.0815838870473,"7":0.0524467845304,"8":0.571087209331,"9":0.506985583794,"10":0.506985583794,"11":7.7621241105},"bb":{"7":0.0182835,"10":null},"ie_mob":{"10":0.0789827865169,"11":0.247969213483},"edge":{"12":0.125356,"13":2.797718,"14":0.051282},"and_ff":{"0":0.055926},"samsung":{"0":3.364164},"and_uc":{"0":0.228006},"op_mini":{"0":0.146638751857},"and_chr":{"0":17.69925}},"total":98.788680659}