{"id":"UY","name":"Uruguay","month":"2016-07","access_date":"2016-08-02","data":{"chrome":{"4":null,"5":0.013594,"6":null,"7":null,"8":null,"9":null,"10":null,"11":0.033985,"12":null,"13":null,"14":null,"15":null,"16":null,"17":null,"18":0.033985,"19":null,"20":null,"21":0.006797,"22":0.033985,"23":0.013594,"24":null,"25":0.006797,"26":0.033985,"27":0.047579,"28":null,"29":0.142737,"30":0.013594,"31":0.027188,"32":0.013594,"33":0.020391,"34":0.033985,"35":0.033985,"36":0.033985,"37":0.061173,"38":0.061173,"39":0.122346,"40":0.047579,"41":0.027188,"42":0.06797,"43":0.197113,"44":0.088361,"45":0.088361,"46":1.916754,"47":0.435008,"48":0.462196,"49":3.785929,"50":0.577745,"51":35.514325,"52":0.937986,"53":0.06797,"54":0.020391,"55":null},"firefox":{"2":null,"3":0.033985,"3.5":null,"3.6":0.115549,"4":null,"5":null,"6":0.013594,"7":null,"8":null,"9":null,"10":null,"11":null,"12":0.040782,"13":null,"14":null,"15":0.006797,"16":0.081564,"17":0.305865,"18":null,"19":0.006797,"20":0.054376,"21":null,"22":null,"23":0.006797,"24":0.006797,"25":0.822437,"26":null,"27":0.367038,"28":0.020391,"29":0.006797,"30":0.013594,"31":0.013594,"32":0.013594,"33":1.073926,"34":0.020391,"35":0.095158,"36":0.013594,"37":0.047579,"38":0.326256,"39":0.054376,"40":0.088361,"41":0.047579,"42":0.108752,"43":0.516572,"44":0.06797,"45":0.305865,"46":0.163128,"47":6.158082,"48":0.040782,"49":0.013594,"50":null},"opera":{"9":null,"9.5-9.6":null,"10.0-10.1":0,"10.5":null,"10.6":null,"11":null,"11.1":null,"11.5":null,"11.6":null,"12":null,"12.1":0.020391,"15":null,"16":null,"17":null,"18":null,"19":null,"20":null,"21":null,"22":null,"23":null,"24":null,"25":null,"26":null,"27":null,"28":null,"29":0.006797,"30":null,"31":0.013594,"32":null,"33":0.013594,"34":0.013594,"35":0.013594,"36":0.054376,"37":0.047579,"38":0.54376,"39":null,"40":null},"safari":{"3.1":null,"3.2":null,"4":0,"5":0.013594,"5.1":0.020391,"6":null,"6.1":0.027188,"7":0.013594,"7.1":0.013594,"8":0.115549,"9":0.149534,"9.1":0.863219,"10":null,"0":null},"ios_saf":{"3.2":0,"4.0-4.1":0,"4.2-4.3":0,"5.0-5.1":0,"6.0-6.1":0,"7.0-7.1":0.0705653933678,"8":0,"8.1-8.4":0.166585882973,"9.0-9.2":0.253906529561,"9.3":2.6863181941},"android":{"2.1":0,"2.2":0,"2.3":0.00622921374642,"3":0,"4":0.0442966310857,"4.1":0.166112366571,"4.2-4.3":0.403514623796,"4.4":1.16209443114,"4.4.3-4.4.4":0.876242733663,"51":null},"op_mob":{"10":0,"11":0,"11.1":0,"11.5":0,"12":0,"12.1":0.00181614383358,"0":0.0799103286776},"ie":{"5.5":null,"6":0.014001005988,"7":0.021001508982,"8":0.322023137725,"9":0.161011568862,"10":0.217015592814,"11":1.60311518563},"bb":{"7":0.0272255,"10":null},"ie_mob":{"10":0.634481910112,"11":1.99197808989},"edge":{"12":0.074767,"13":0.836031,"14":null},"and_ff":{"0":0.09609},"samsung":{"0":1.646342},"and_uc":{"0":0.156947},"op_mini":{"0":0.956045527489},"and_chr":{"0":24.080603}},"total":96.7958545}