{"id":"UZ","name":"Uzbekistan","month":"2016-07","access_date":"2016-08-02","data":{"chrome":{"4":0.024462,"5":0.053001,"6":0.008154,"7":0.008154,"8":0.04077,"9":0.004077,"10":0.012231,"11":0.085617,"12":0.093771,"13":0.012231,"14":0.012231,"15":0.020385,"16":0.110079,"17":0.053001,"18":0.036693,"19":0.036693,"20":0.016308,"21":0.024462,"22":0.024462,"23":0.028539,"24":0.024462,"25":0.016308,"26":0.016308,"27":0.044847,"28":0.020385,"29":0.171234,"30":0.012231,"31":0.053001,"32":0.028539,"33":0.028539,"34":0.012231,"35":0.044847,"36":0.036693,"37":0.048924,"38":0.020385,"39":0.224235,"40":0.085617,"41":0.024462,"42":0.032616,"43":0.097848,"44":0.032616,"45":0.146772,"46":0.48924,"47":0.20385,"48":0.216081,"49":2.943594,"50":0.399546,"51":18.032571,"52":0.4077,"53":0.154926,"54":0.004077,"55":null},"firefox":{"2":0.008154,"3":0.130464,"3.5":0.032616,"3.6":0.167157,"4":0.004077,"5":0.012231,"6":0.008154,"7":0.004077,"8":null,"9":0.012231,"10":0.016308,"11":0.004077,"12":0.008154,"13":0.020385,"14":0.004077,"15":0.008154,"16":0.004077,"17":0.016308,"18":null,"19":0.008154,"20":0.008154,"21":0.008154,"22":0.142695,"23":0.020385,"24":0.053001,"25":0.028539,"26":0.012231,"27":0.020385,"28":0.016308,"29":0.008154,"30":0.044847,"31":0.012231,"32":0.012231,"33":0.012231,"34":0.016308,"35":0.061155,"36":0.016308,"37":0.032616,"38":0.012231,"39":0.04077,"40":0.167157,"41":0.057078,"42":0.08154,"43":0.212004,"44":0.053001,"45":0.097848,"46":0.142695,"47":2.874285,"48":0.020385,"49":null,"50":null},"opera":{"9":null,"9.5-9.6":0.012231,"10.0-10.1":0.016308,"10.5":0.053001,"10.6":0.016308,"11":0.097848,"11.1":0.036693,"11.5":0.016308,"11.6":0.073386,"12":0.118233,"12.1":0.843939,"15":0.004077,"16":0.004077,"17":0.004077,"18":0.036693,"19":0.012231,"20":0.016308,"21":0.016308,"22":0.008154,"23":0.004077,"24":0.016308,"25":0.008154,"26":0.024462,"27":0.024462,"28":0.012231,"29":0.016308,"30":0.04077,"31":0.016308,"32":0.020385,"33":0.020385,"34":0.057078,"35":0.073386,"36":0.252774,"37":1.047789,"38":1.773495,"39":0.024462,"40":0.016308},"safari":{"3.1":null,"3.2":null,"4":0.012231,"5":0.020385,"5.1":0.016308,"6":0.004077,"6.1":0.004077,"7":0.004077,"7.1":null,"8":0.073386,"9":0.089694,"9.1":0.240543,"10":null,"0":null},"ios_saf":{"3.2":0,"4.0-4.1":0,"4.2-4.3":0,"5.0-5.1":0,"6.0-6.1":0,"7.0-7.1":0.121544933374,"8":0,"8.1-8.4":0.286934842714,"9.0-9.2":0.437339760268,"9.3":4.62703246364},"android":{"2.1":0,"2.2":0,"2.3":0.0170288177558,"3":0,"4":0.121093815152,"4.1":0.454101806821,"4.2-4.3":1.1030889724,"4.4":3.17682055689,"4.4.3-4.4.4":2.39538703098,"51":null},"op_mob":{"10":0,"11":0,"11.1":0,"11.5":0,"12":0,"12.1":0.0138172041275,"0":0.607956981608},"ie":{"5.5":null,"6":0.0206227259475,"7":0.0123736355685,"8":0.391831793003,"9":0.152608172012,"10":0.173230897959,"11":0.655802685131},"bb":{"7":0.005923,"10":null},"ie_mob":{"10":0.0829885505618,"11":0.260545449438},"edge":{"12":0.020385,"13":0.12231,"14":null},"and_ff":{"0":0.041461},"samsung":{"0":3.145113},"and_uc":{"0":20.150046},"op_mini":{"0":7.27358481426},"and_chr":{"0":12.980334}},"total":93.6851959096}