{"id":"VA","name":"Holy See (Vatican City State)","month":"2016-07","access_date":"2016-08-02","data":{"chrome":{"4":null,"5":null,"6":null,"7":null,"8":null,"9":null,"10":null,"11":null,"12":null,"13":null,"14":null,"15":null,"16":null,"17":null,"18":null,"19":null,"20":null,"21":null,"22":0.189756,"23":null,"24":0.018072,"25":null,"26":0.379512,"27":null,"28":0.027108,"29":0.009036,"30":0.018072,"31":null,"32":null,"33":null,"34":null,"35":null,"36":0.054216,"37":null,"38":null,"39":null,"40":null,"41":null,"42":null,"43":0.126504,"44":null,"45":null,"46":0.027108,"47":0.018072,"48":0.171684,"49":2.792124,"50":0.189756,"51":31.327812,"52":0.524088,"53":null,"54":null,"55":null},"firefox":{"2":null,"3":null,"3.5":null,"3.6":0.018072,"4":null,"5":null,"6":null,"7":null,"8":null,"9":null,"10":null,"11":null,"12":null,"13":null,"14":null,"15":0.018072,"16":null,"17":null,"18":null,"19":null,"20":null,"21":null,"22":null,"23":null,"24":null,"25":null,"26":null,"27":null,"28":null,"29":null,"30":0.072288,"31":0.027108,"32":null,"33":null,"34":null,"35":0.018072,"36":0.515052,"37":null,"38":null,"39":0.018072,"40":null,"41":null,"42":0.054216,"43":0.081324,"44":null,"45":0.04518,"46":0.063252,"47":22.165308,"48":null,"49":null,"50":null},"opera":{"9":null,"9.5-9.6":null,"10.0-10.1":0,"10.5":null,"10.6":null,"11":null,"11.1":null,"11.5":null,"11.6":null,"12":null,"12.1":null,"15":null,"16":null,"17":null,"18":null,"19":null,"20":null,"21":null,"22":null,"23":null,"24":null,"25":null,"26":null,"27":null,"28":null,"29":null,"30":null,"31":null,"32":null,"33":null,"34":null,"35":null,"36":null,"37":null,"38":0.325296,"39":null,"40":null},"safari":{"3.1":null,"3.2":null,"4":0,"5":0.126504,"5.1":0.9036,"6":null,"6.1":0.027108,"7":null,"7.1":0.162648,"8":0.09036,"9":0.31626,"9.1":1.978884,"10":null,"0":null},"ios_saf":{"3.2":0,"4.0-4.1":0,"4.2-4.3":0,"5.0-5.1":0,"6.0-6.1":0,"7.0-7.1":0.0747955734713,"8":0,"8.1-8.4":0.17657219856,"9.0-9.2":0.269127451577,"9.3":2.84735477639},"android":{"2.1":0,"2.2":0,"2.3":0.000694166883624,"3":0,"4":0.0049362978391,"4.1":0.0185111168966,"4.2-4.3":0.0449665881281,"4.4":0.129500688623,"4.4.3-4.4.4":0.0976461416298,"51":null},"op_mob":{"10":0,"11":0,"11.1":0,"11.5":0,"12":0,"12.1":1.68878982995e-5,"0":0.000743067525177},"ie":{"5.5":null,"6":null,"7":null,"8":0.397862517688,"9":0.406904847636,"10":0.56966678669,"11":24.441417848},"bb":{"7":0.0024125,"10":null},"ie_mob":{"10":0.0200481460674,"11":0.0629418539326},"edge":{"12":null,"13":0.894564,"14":null},"and_ff":{"0":0.00965},"samsung":{"0":0.81446},"and_uc":{"0":0.064655},"op_mini":{"0":0.00889004457652},"and_chr":{"0":4.908606}},"total":99.1665405}