{"id":"VE","name":"Venezuela","month":"2016-07","access_date":"2016-08-02","data":{"chrome":{"4":null,"5":null,"6":0.093236,"7":null,"8":0.007172,"9":null,"10":null,"11":0.050204,"12":0.021516,"13":0.014344,"14":null,"15":null,"16":null,"17":null,"18":0.014344,"19":null,"20":0.057376,"21":0.014344,"22":0.007172,"23":0.007172,"24":0.03586,"25":0.014344,"26":0.021516,"27":0.028688,"28":0.007172,"29":0.437492,"30":0.021516,"31":0.03586,"32":0.021516,"33":0.028688,"34":0.043032,"35":0.050204,"36":0.050204,"37":0.07172,"38":0.07172,"39":0.086064,"40":0.043032,"41":0.136268,"42":0.057376,"43":0.200816,"44":0.157784,"45":0.14344,"46":0.351428,"47":0.408804,"48":0.329912,"49":6.827744,"50":0.638308,"51":38.22676,"52":1.133176,"53":0.057376,"54":0.014344,"55":null},"firefox":{"2":0.03586,"3":0.043032,"3.5":0.014344,"3.6":0.294052,"4":0.007172,"5":0.007172,"6":0.021516,"7":null,"8":0.810436,"9":null,"10":0.007172,"11":0.014344,"12":0.021516,"13":0.021516,"14":0.021516,"15":0.007172,"16":0.021516,"17":null,"18":0.007172,"19":0.007172,"20":0.021516,"21":0.007172,"22":0.014344,"23":0.078892,"24":0.014344,"25":0.014344,"26":0.10758,"27":0.588104,"28":0.021516,"29":0.03586,"30":0.03586,"31":0.043032,"32":0.021516,"33":0.03586,"34":0.028688,"35":0.043032,"36":0.03586,"37":0.050204,"38":0.093236,"39":0.086064,"40":0.129096,"41":0.078892,"42":0.093236,"43":0.351428,"44":0.136268,"45":0.344256,"46":0.207988,"47":8.886108,"48":0.136268,"49":0.014344,"50":null},"opera":{"9":null,"9.5-9.6":null,"10.0-10.1":0,"10.5":null,"10.6":null,"11":null,"11.1":null,"11.5":null,"11.6":null,"12":null,"12.1":0.014344,"15":null,"16":null,"17":null,"18":null,"19":null,"20":null,"21":null,"22":null,"23":null,"24":null,"25":null,"26":null,"27":null,"28":null,"29":0.021516,"30":null,"31":null,"32":null,"33":0.007172,"34":0.007172,"35":0.014344,"36":0.086064,"37":0.057376,"38":0.559416,"39":null,"40":null},"safari":{"3.1":null,"3.2":null,"4":0.014344,"5":0.028688,"5.1":0.028688,"6":null,"6.1":0.028688,"7":0.014344,"7.1":0.014344,"8":0.057376,"9":0.07172,"9.1":0.337084,"10":null,"0":null},"ios_saf":{"3.2":0,"4.0-4.1":0,"4.2-4.3":0,"5.0-5.1":0,"6.0-6.1":0,"7.0-7.1":0.0608592138728,"8":0,"8.1-8.4":0.143672208092,"9.0-9.2":0.218982011561,"9.3":2.31681856647},"android":{"2.1":0,"2.2":0,"2.3":0.0185141598542,"3":0,"4":0.131656247852,"4.1":0.493710929445,"4.2-4.3":1.19930613278,"4.4":3.45391937725,"4.4.3-4.4.4":2.60432515282,"51":null},"op_mob":{"10":0,"11":0,"11.1":0,"11.5":0,"12":0,"12.1":0.00308824883606,"0":0.135882948787},"ie":{"5.5":null,"6":0.0149855846645,"7":0.0149855846645,"8":0.382132408946,"9":0.157348638978,"10":0.16484143131,"11":1.61095035144},"bb":{"7":0.34643,"10":null},"ie_mob":{"10":0.153029752809,"11":0.480442247191},"edge":{"12":0.078892,"13":0.552244,"14":null},"and_ff":{"0":0.08484},"samsung":{"0":0.489244},"and_uc":{"0":0.294112},"op_mini":{"0":1.62570080238},"and_chr":{"0":16.010164}},"total":97.76039}