{"id":"VG","name":"British Virgin Islands","month":"2016-07","access_date":"2016-08-02","data":{"chrome":{"4":null,"5":null,"6":null,"7":null,"8":null,"9":null,"10":null,"11":0.012246,"12":null,"13":null,"14":null,"15":null,"16":null,"17":null,"18":null,"19":null,"20":0.006123,"21":0.012246,"22":0.067353,"23":null,"24":null,"25":null,"26":null,"27":null,"28":null,"29":2.834949,"30":null,"31":0.030615,"32":0.024492,"33":0.012246,"34":0.012246,"35":null,"36":0.018369,"37":null,"38":null,"39":0.006123,"40":null,"41":null,"42":null,"43":0.238797,"44":0.018369,"45":0.055107,"46":0.12246,"47":0.300027,"48":1.561365,"49":2.008344,"50":0.220428,"51":25.196145,"52":0.710268,"53":0.293904,"54":null,"55":null},"firefox":{"2":null,"3":0.073476,"3.5":null,"3.6":null,"4":null,"5":0.024492,"6":0.006123,"7":0.012246,"8":null,"9":null,"10":null,"11":0.006123,"12":null,"13":null,"14":null,"15":null,"16":0.024492,"17":null,"18":null,"19":null,"20":null,"21":null,"22":null,"23":null,"24":null,"25":null,"26":null,"27":null,"28":0.024492,"29":0.042861,"30":0.006123,"31":0.024492,"32":null,"33":null,"34":null,"35":null,"36":null,"37":0.012246,"38":0.048984,"39":0.012246,"40":null,"41":0.018369,"42":0.024492,"43":0.24492,"44":null,"45":0.189813,"46":0.104091,"47":4.065672,"48":0.055107,"49":null,"50":null},"opera":{"9":null,"9.5-9.6":null,"10.0-10.1":0,"10.5":null,"10.6":null,"11":null,"11.1":null,"11.5":null,"11.6":null,"12":null,"12.1":null,"15":null,"16":null,"17":null,"18":null,"19":null,"20":null,"21":null,"22":null,"23":null,"24":null,"25":null,"26":null,"27":0.036738,"28":null,"29":0.055107,"30":null,"31":null,"32":null,"33":null,"34":0.012246,"35":0.06123,"36":null,"37":0.195936,"38":0.55107,"39":null,"40":null},"safari":{"3.1":null,"3.2":null,"4":0.12246,"5":0.006123,"5.1":0.128583,"6":null,"6.1":0.042861,"7":0.018369,"7.1":null,"8":0.6123,"9":0.355134,"9.1":3.171714,"10":null,"0":null},"ios_saf":{"3.2":0,"4.0-4.1":0,"4.2-4.3":0,"5.0-5.1":0,"6.0-6.1":0,"7.0-7.1":0.247890921509,"8":0,"8.1-8.4":0.585203682284,"9.0-9.2":0.891954548626,"9.3":9.43683384758},"android":{"2.1":0,"2.2":0,"2.3":0.00864830408748,"3":0,"4":0.0614990512887,"4.1":0.230621442333,"4.2-4.3":0.560217920333,"4.4":1.61338917365,"4.4.3-4.4.4":1.21652810831,"51":null},"op_mob":{"10":0,"11":0,"11.1":0,"11.5":0,"12":0,"12.1":0.00303963968962,"0":0.133744146343},"ie":{"5.5":null,"6":0.116344834933,"7":0.205314414587,"8":2.46377297505,"9":0.882851982726,"10":0.80757003071,"11":6.221026762},"bb":{"7":0.2035425,"10":null},"ie_mob":{"10":0.103960230337,"11":0.326386769663},"edge":{"12":0.18369,"13":2.749227,"14":null},"and_ff":{"0":null},"samsung":{"0":4.954806},"and_uc":{"0":0.829678},"op_mini":{"0":1.60011221397},"and_chr":{"0":17.639928}},"total":98.4307355}