{"id":"VG","name":"British Virgin Islands","month":"2016-01","access_date":"2016-02-03","data":{"firefox":{"2":0,"3":0,"3.5":0,"3.6":0.006656,"4":0,"5":0.013312,"6":0,"7":0,"8":0,"9":0,"10":0,"11":0.006656,"12":0.006656,"13":0.006656,"14":0.006656,"15":0.006656,"16":0.006656,"17":0,"18":0,"19":0,"20":0,"21":0,"22":0.006656,"23":0,"24":0.006656,"25":0,"26":0,"27":0,"28":0,"29":0.026624,"30":0.013312,"31":0.013312,"32":0,"33":0.046592,"34":0.279552,"35":0.046592,"36":0.019968,"37":0.03328,"38":0.226304,"39":0.053248,"40":0.059904,"41":0.126464,"42":0.306176,"43":4.85888,"44":0.193024,"45":0,"46":0.019968,"47":0},"chrome":{"4":0,"5":0,"6":0,"7":0,"8":0,"9":0,"10":0,"11":0,"12":0.006656,"13":0,"14":0,"15":0,"16":0,"17":0,"18":0.006656,"19":0,"20":0,"21":0,"22":0,"23":0,"24":0.006656,"25":0,"26":0,"27":0.013312,"28":0.006656,"29":0,"30":0,"31":0.39936,"32":0.03328,"33":0.013312,"34":0.039936,"35":0.073216,"36":0.053248,"37":0.026624,"38":0.053248,"39":0.226304,"40":0.03328,"41":0.053248,"42":0.106496,"43":0.505856,"44":0.612352,"45":0.592384,"46":0.339456,"47":19.83488,"48":1.584128,"49":0.093184,"50":0,"51":0},"opera":{"9":0,"9.5-9.6":0,"10.0-10.1":0,"10.5":0,"10.6":0,"11":0,"11.1":0,"11.5":0.006656,"11.6":0,"12":0,"12.1":0.046592,"15":0,"16":0,"17":0,"18":0,"19":0,"20":0,"21":0,"22":0,"23":0,"24":0,"25":0,"26":0,"27":0.006656,"28":0,"29":0.09984,"30":0,"31":0.013312,"32":0.026624,"33":0.026624,"34":0.479232,"35":0,"36":0},"safari":{"3.1":0,"3.2":0,"4":0.013312,"5":0.059904,"5.1":0.545792,"6":0.053248,"6.1":0.36608,"7":0.046592,"7.1":0.106496,"8":0.645632,"9":3.281408,"9.1":0},"android":{"2.1":0,"2.2":0,"2.3":0.0457347128587,"3":0,"4":0.190084900319,"4.1":0.650290448459,"4.2-4.3":1.44778950393,"4.4":2.8812869101,"4.4.3-4.4.4":1.50924552434,"47":null},"ios_saf":{"3.2":0,"4.0-4.1":0,"4.2-4.3":0,"5.0-5.1":0,"6.0-6.1":0,"7.0-7.1":0.793568806016,"8":0.055652877305,"8.1-8.4":2.26733944576,"9.0-9.2":16.8916788709,"9.3":null},"op_mob":{"10":0,"11":0,"11.1":0,"11.5":0,"12":5.41461012312e-5,"12.1":5.41461012312e-5,"0":0.00286974336525},"ie":{"5.5":0,"6":0.0269571621328,"7":0.0673929053319,"8":1.04459003264,"9":1.52981895103,"10":1.03785074211,"11":8.68020620675},"bb":{"7":0.061864,"10":null},"ie_mob":{"10":0.122407260504,"11":0.539704739496},"edge":{"12":0.89856,"13":1.284608,"14":0},"and_uc":{"0":0.588544},"op_mini":{"5.0-8.0":0.722669964432},"and_chr":{"0":18.120976},"and_ff":{"0":0.023408}},"total":98.419352}