{"id":"VI","name":"Virgin Islands (US)","month":"2016-07","access_date":"2016-08-02","data":{"chrome":{"4":null,"5":null,"6":null,"7":null,"8":null,"9":null,"10":null,"11":0.039935,"12":null,"13":null,"14":null,"15":null,"16":null,"17":null,"18":null,"19":null,"20":null,"21":null,"22":null,"23":null,"24":null,"25":null,"26":null,"27":0.028525,"28":0.039935,"29":0.04564,"30":0.028525,"31":0.017115,"32":0.017115,"33":0.04564,"34":0.03423,"35":0.01141,"36":0.051345,"37":0.062755,"38":0.02282,"39":0.04564,"40":null,"41":0.05705,"42":0.017115,"43":0.06846,"44":0.017115,"45":0.017115,"46":0.02282,"47":0.18256,"48":0.051345,"49":2.1679,"50":0.3423,"51":22.095465,"52":0.61614,"53":0.028525,"54":null,"55":null},"firefox":{"2":null,"3":null,"3.5":null,"3.6":0.005705,"4":0.005705,"5":null,"6":null,"7":null,"8":null,"9":null,"10":null,"11":null,"12":null,"13":null,"14":null,"15":0.005705,"16":0.005705,"17":null,"18":null,"19":null,"20":null,"21":0.028525,"22":null,"23":0.017115,"24":null,"25":null,"26":null,"27":null,"28":null,"29":0.085575,"30":null,"31":0.01141,"32":null,"33":null,"34":0.03423,"35":null,"36":null,"37":0.017115,"38":0.04564,"39":0.02282,"40":0.01141,"41":0.017115,"42":0.074165,"43":0.085575,"44":0.02282,"45":0.085575,"46":0.074165,"47":6.897345,"48":0.07987,"49":null,"50":null},"opera":{"9":null,"9.5-9.6":null,"10.0-10.1":0,"10.5":null,"10.6":null,"11":null,"11.1":null,"11.5":null,"11.6":null,"12":null,"12.1":0.01141,"15":null,"16":null,"17":null,"18":null,"19":null,"20":null,"21":null,"22":null,"23":null,"24":null,"25":null,"26":null,"27":null,"28":0.02282,"29":null,"30":null,"31":null,"32":null,"33":null,"34":null,"35":null,"36":0.01141,"37":0.017115,"38":0.074165,"39":null,"40":null},"safari":{"3.1":null,"3.2":null,"4":0.02282,"5":0.01141,"5.1":0.25102,"6":null,"6.1":0.13692,"7":0.028525,"7.1":0.02282,"8":0.27384,"9":0.58191,"9.1":2.960895,"10":0.01141,"0":null},"ios_saf":{"3.2":0,"4.0-4.1":0,"4.2-4.3":0,"5.0-5.1":0,"6.0-6.1":0,"7.0-7.1":0.444413162154,"8":0,"8.1-8.4":1.0491397481,"9.0-9.2":1.59907567022,"9.3":16.9181394195},"android":{"2.1":0,"2.2":0,"2.3":0.00416737724551,"3":0,"4":0.0296346826347,"4.1":0.11113005988,"4.2-4.3":0.269953437126,"4.4":0.777447377246,"4.4.3-4.4.4":0.586211065868,"51":null},"op_mob":{"10":0,"11":0,"11.1":0,"11.5":0,"12":0,"12.1":3.75908865775e-5,"0":0.00165399900941},"ie":{"5.5":null,"6":null,"7":0.02282,"8":0.165445,"9":0.313775,"10":0.530565,"11":8.94544},"bb":{"7":0.017184,"10":null},"ie_mob":{"10":0.150480674157,"11":0.472439325843},"edge":{"12":0.427875,"13":5.493915,"14":0.01141},"and_ff":{"0":0.017184},"samsung":{"0":5.623464},"and_uc":{"0":0.262056},"op_mini":{"0":0.019788410104},"and_chr":{"0":15.808125}},"total":98.31929}