{"id":"VN","name":"Viet Nam","month":"2016-07","access_date":"2016-08-02","data":{"chrome":{"4":null,"5":null,"6":null,"7":null,"8":null,"9":null,"10":0.006689,"11":0.020067,"12":0.006689,"13":null,"14":null,"15":0.006689,"16":0.006689,"17":0.013378,"18":null,"19":0.06689,"20":0.073579,"21":0.013378,"22":0.033445,"23":0.013378,"24":null,"25":null,"26":0.013378,"27":null,"28":0.020067,"29":2.033456,"30":0.020067,"31":0.107024,"32":0.020067,"33":0.026756,"34":0.040134,"35":0.013378,"36":0.020067,"37":0.013378,"38":0.040134,"39":0.060201,"40":0.026756,"41":0.073579,"42":0.040134,"43":0.274249,"44":0.13378,"45":0.160536,"46":0.541809,"47":0.421407,"48":0.354517,"49":4.381295,"50":0.822747,"51":25.538602,"52":0.655522,"53":0.060201,"54":0.013378,"55":null},"firefox":{"2":null,"3":0.046823,"3.5":0.006689,"3.6":0.020067,"4":0.013378,"5":0.013378,"6":0.046823,"7":null,"8":null,"9":null,"10":0.006689,"11":0.013378,"12":0.026756,"13":null,"14":0.006689,"15":0.020067,"16":0.013378,"17":null,"18":null,"19":0.013378,"20":0.013378,"21":0.006689,"22":0.207359,"23":0.013378,"24":0.006689,"25":0.006689,"26":0.006689,"27":0.013378,"28":0.006689,"29":0.013378,"30":0.020067,"31":0.013378,"32":0.006689,"33":0.086957,"34":0.020067,"35":0.020067,"36":0.046823,"37":0.020067,"38":0.080268,"39":0.06689,"40":0.040134,"41":0.053512,"42":0.180603,"43":0.274249,"44":0.093646,"45":0.160536,"46":0.193981,"47":4.648855,"48":0.180603,"49":0.006689,"50":null},"opera":{"9":null,"9.5-9.6":null,"10.0-10.1":0,"10.5":null,"10.6":null,"11":null,"11.1":null,"11.5":null,"11.6":null,"12":null,"12.1":0.026756,"15":null,"16":null,"17":null,"18":null,"19":null,"20":null,"21":null,"22":null,"23":null,"24":null,"25":null,"26":null,"27":null,"28":0.013378,"29":null,"30":null,"31":null,"32":null,"33":null,"34":0.026756,"35":null,"36":0.013378,"37":0.020067,"38":0.361206,"39":null,"40":null},"safari":{"3.1":null,"3.2":null,"4":0.040134,"5":0.013378,"5.1":0.020067,"6":null,"6.1":0.013378,"7":0.080268,"7.1":0.013378,"8":0.107024,"9":0.160536,"9.1":0.642144,"10":0.006689,"0":null},"ios_saf":{"3.2":0,"4.0-4.1":0,"4.2-4.3":0,"5.0-5.1":0,"6.0-6.1":0,"7.0-7.1":0.274057523882,"8":0,"8.1-8.4":0.646975981036,"9.0-9.2":0.986106524288,"9.3":10.4329569708},"android":{"2.1":0,"2.2":0,"2.3":0.00505054647227,"3":0,"4":0.0359149971362,"4.1":0.134681239261,"4.2-4.3":0.327163177037,"4.4":0.942207502994,"4.4.3-4.4.4":0.7104435371,"51":null},"op_mob":{"10":0,"11":0,"11.1":0,"11.5":0,"12":0,"12.1":0.00129794261185,"0":0.0571094749216},"ie":{"5.5":null,"6":0.039760412234,"7":0.0238562473404,"8":1.10533946011,"9":0.429412452128,"10":0.477124946809,"11":0.914489481383},"bb":{"7":0.06622,"10":null},"ie_mob":{"10":0.574291089888,"11":1.80300691011},"edge":{"12":0.046823,"13":0.361206,"14":0.013378},"and_ff":{"0":0.03311},"samsung":{"0":1.566103},"and_uc":{"0":1.88727},"op_mini":{"0":0.683256582467},"and_chr":{"0":13.186004}},"total":82.266534}