{"id":"VU","name":"Vanuatu","month":"2016-07","access_date":"2016-08-02","data":{"chrome":{"4":null,"5":null,"6":null,"7":null,"8":null,"9":null,"10":null,"11":null,"12":null,"13":null,"14":0.035112,"15":null,"16":null,"17":null,"18":null,"19":null,"20":null,"21":null,"22":null,"23":null,"24":0.05852,"25":null,"26":0.017556,"27":0.011704,"28":null,"29":null,"30":null,"31":0.02926,"32":0.046816,"33":0.011704,"34":0.128744,"35":0.011704,"36":null,"37":0.02926,"38":0.064372,"39":0.081928,"40":0.181412,"41":0.005852,"42":0.011704,"43":0.128744,"44":0.052668,"45":0.216524,"46":0.040964,"47":0.40964,"48":0.05852,"49":0.866096,"50":0.912912,"51":20.183548,"52":0.737352,"53":0.11704,"54":null,"55":null},"firefox":{"2":null,"3":0.040964,"3.5":null,"3.6":0.023408,"4":null,"5":null,"6":0.017556,"7":0.005852,"8":null,"9":null,"10":null,"11":0.005852,"12":0.017556,"13":null,"14":null,"15":0.011704,"16":0.08778,"17":null,"18":0.093632,"19":0.023408,"20":0.023408,"21":0.093632,"22":null,"23":null,"24":null,"25":null,"26":null,"27":null,"28":null,"29":0.005852,"30":0.02926,"31":0.005852,"32":0.222376,"33":0.11704,"34":0.684684,"35":0.035112,"36":0.023408,"37":0.017556,"38":0.251636,"39":0.05852,"40":0.070224,"41":0.011704,"42":0.017556,"43":0.316008,"44":0.140448,"45":0.193116,"46":0.374528,"47":9.544612,"48":0.696388,"49":null,"50":null},"opera":{"9":null,"9.5-9.6":null,"10.0-10.1":0,"10.5":null,"10.6":null,"11":null,"11.1":null,"11.5":null,"11.6":null,"12":null,"12.1":null,"15":null,"16":null,"17":null,"18":null,"19":null,"20":null,"21":null,"22":null,"23":null,"24":null,"25":null,"26":null,"27":null,"28":null,"29":null,"30":null,"31":0.005852,"32":null,"33":null,"34":null,"35":0.011704,"36":null,"37":null,"38":0.930468,"39":null,"40":null},"safari":{"3.1":null,"3.2":null,"4":0.005852,"5":0.017556,"5.1":0.05852,"6":0.023408,"6.1":0.099484,"7":0.011704,"7.1":0.017556,"8":0.316008,"9":0.854392,"9.1":1.246476,"10":null,"0":null},"ios_saf":{"3.2":0,"4.0-4.1":0,"4.2-4.3":0,"5.0-5.1":0,"6.0-6.1":0,"7.0-7.1":0.0955992631579,"8":0,"8.1-8.4":0.225684105263,"9.0-9.2":0.343982736842,"9.3":3.63931989474},"android":{"2.1":0,"2.2":0,"2.3":0.0220187237699,"3":0,"4":0.156577591252,"4.1":0.587165967196,"4.2-4.3":1.42632399531,"4.4":4.10771524551,"4.4.3-4.4.4":3.09730047696,"51":null},"op_mob":{"10":0,"11":0,"11.1":0,"11.5":0,"12":0,"12.1":0.00143696939079,"0":0.0632266531947},"ie":{"5.5":null,"6":null,"7":null,"8":1.87045534884,"9":0.855065302326,"10":0.890693023256,"11":6.08640232558},"bb":{"7":0,"10":null},"ie_mob":{"10":0.225405758427,"11":0.707669241573},"edge":{"12":0.561792,"13":1.96042,"14":null},"and_ff":{"0":2.691403},"samsung":{"0":2.380378},"and_uc":{"0":2.434289},"op_mini":{"0":0.756442377415},"and_chr":{"0":22.182435}},"total":98.67847}