{"id":"WF","name":"Wallis and Futuna","month":"2016-01","access_date":"2016-02-03","data":{"firefox":{"2":0,"3":0,"3.5":0,"3.6":0.435713,"4":0,"5":0,"6":0,"7":0,"8":0,"9":0,"10":0,"11":0,"12":0,"13":0,"14":0.230188,"15":0,"16":0,"17":0.386387,"18":0,"19":0,"20":0,"21":0,"22":0,"23":1.693526,"24":0,"25":0,"26":0,"27":0,"28":0.024663,"29":0,"30":0.065768,"31":0,"32":0.065768,"33":0,"34":0,"35":0.024663,"36":0,"37":0.205525,"38":1.964819,"39":0.115094,"40":0.115094,"41":0.024663,"42":0.320619,"43":7.629088,"44":1.257813,"45":0,"46":0,"47":0},"chrome":{"4":0,"5":0,"6":0,"7":0,"8":0,"9":0,"10":0,"11":0.049326,"12":0,"13":0,"14":0,"15":0,"16":0,"17":0,"18":0,"19":0,"20":0,"21":0,"22":0,"23":0.024663,"24":0,"25":0.024663,"26":0,"27":0,"28":0.090431,"29":0,"30":0,"31":0.024663,"32":0,"33":0,"34":0,"35":0.024663,"36":0,"37":0,"38":0,"39":0,"40":0,"41":0,"42":0.139757,"43":0.065768,"44":0.526144,"45":0.271293,"46":1.825062,"47":27.079974,"48":3.378831,"49":0.090431,"50":0,"51":0},"opera":{"9":0,"9.5-9.6":0,"10.0-10.1":0,"10.5":0,"10.6":0,"11":0,"11.1":0,"11.5":0,"11.6":0,"12":0,"12.1":0.115094,"15":0,"16":0,"17":0,"18":0,"19":0,"20":0,"21":0,"22":0,"23":0,"24":0,"25":0,"26":0,"27":0,"28":0,"29":0,"30":0,"31":0,"32":0,"33":0,"34":0.090431,"35":0,"36":0},"safari":{"3.1":0,"3.2":0,"4":0,"5":0.024663,"5.1":0,"6":0,"6.1":0.024663,"7":0.139757,"7.1":0,"8":0.254851,"9":2.195007,"9.1":0},"android":{"2.1":0,"2.2":0,"2.3":0.028658064187,"3":0,"4":0.119110079277,"4.1":0.407481850159,"4.2-4.3":0.907206844421,"4.4":1.80545804378,"4.4.3-4.4.4":0.945716118172,"47":null},"ios_saf":{"3.2":0,"4.0-4.1":0,"4.2-4.3":0,"5.0-5.1":0,"6.0-6.1":0,"7.0-7.1":0.33835661739,"8":0.0237289056351,"8.1-8.4":0.966733192541,"9.0-9.2":7.20216228443,"9.3":null},"op_mob":{"10":0,"11":0,"11.1":0,"11.5":0,"12":4.44694689715e-5,"12.1":4.44694689715e-5,"0":0.00235688185549},"ie":{"5.5":0,"6":0,"7":0.065768,"8":0.271293,"9":0.156199,"10":5.368313,"11":3.724113},"bb":{"7":0.135204,"10":null},"ie_mob":{"10":0,"11":0},"edge":{"12":0.115094,"13":0.024663,"14":0},"and_uc":{"0":0},"op_mini":{"5.0-8.0":0.593519179207},"and_chr":{"0":24.204844},"and_ff":{"0":0}},"total":98.425594}