{"id":"WF","name":"Wallis and Futuna","month":"2016-07","access_date":"2016-08-02","data":{"chrome":{"4":null,"5":null,"6":null,"7":null,"8":null,"9":null,"10":null,"11":0.24796,"12":null,"13":null,"14":null,"15":null,"16":null,"17":null,"18":null,"19":null,"20":null,"21":null,"22":null,"23":0.136378,"24":null,"25":0.092985,"26":null,"27":0.024796,"28":0.111582,"29":null,"30":null,"31":null,"32":null,"33":null,"34":0.161174,"35":null,"36":null,"37":null,"38":null,"39":null,"40":0.161174,"41":null,"42":null,"43":null,"44":null,"45":0.043393,"46":0.024796,"47":0.179771,"48":0.092985,"49":1.580745,"50":0.092985,"51":20.64267,"52":0.49592,"53":null,"54":null,"55":null},"firefox":{"2":null,"3":null,"3.5":null,"3.6":null,"4":null,"5":null,"6":null,"7":null,"8":null,"9":null,"10":null,"11":null,"12":null,"13":null,"14":null,"15":null,"16":null,"17":null,"18":null,"19":null,"20":null,"21":null,"22":null,"23":null,"24":null,"25":null,"26":null,"27":null,"28":null,"29":null,"30":null,"31":0.024796,"32":null,"33":null,"34":null,"35":0.068189,"36":null,"37":null,"38":0.024796,"39":null,"40":0.024796,"41":null,"42":null,"43":0.092985,"44":null,"45":0.700487,"46":0.136378,"47":20.661267,"48":null,"49":null,"50":null},"opera":{"9":null,"9.5-9.6":null,"10.0-10.1":0,"10.5":null,"10.6":null,"11":null,"11.1":null,"11.5":null,"11.6":null,"12":null,"12.1":null,"15":null,"16":null,"17":null,"18":null,"19":null,"20":null,"21":null,"22":null,"23":null,"24":null,"25":null,"26":null,"27":null,"28":null,"29":null,"30":null,"31":null,"32":null,"33":null,"34":null,"35":null,"36":0.024796,"37":0.024796,"38":0.136378,"39":null,"40":null},"safari":{"3.1":null,"3.2":null,"4":0,"5":null,"5.1":null,"6":0.024796,"6.1":0.024796,"7":null,"7.1":null,"8":0.427731,"9":0.136378,"9.1":0.359542,"10":null,"0":null},"ios_saf":{"3.2":0,"4.0-4.1":0,"4.2-4.3":0,"5.0-5.1":0,"6.0-6.1":0,"7.0-7.1":0.0546166811682,"8":0,"8.1-8.4":0.128935270155,"9.0-9.2":0.19652029571,"9.3":2.07917475297},"android":{"2.1":0,"2.2":0,"2.3":0.00452438739911,"3":0,"4":0.0321734215048,"4.1":0.120650330643,"4.2-4.3":0.29307976152,"4.4":0.84404960479,"4.4.3-4.4.4":0.636430494142,"51":null},"op_mob":{"10":0,"11":0,"11.1":0,"11.5":0,"12":0,"12.1":0.000266076275384,"0":0.0117073561169},"ie":{"5.5":null,"6":null,"7":null,"8":0.043393,"9":0.223164,"10":0.564109,"11":10.215952},"bb":{"7":0,"10":null},"ie_mob":{"10":0.00918219101124,"11":0.0288278089888},"edge":{"12":0.427731,"13":1.264596,"14":null},"and_ff":{"0":null},"samsung":{"0":8.213961},"and_uc":{"0":null},"op_mini":{"0":0.140066567608},"and_chr":{"0":24.838585}},"total":97.353917}