{"id":"WS","name":"Samoa","month":"2016-07","access_date":"2016-08-02","data":{"chrome":{"4":null,"5":null,"6":null,"7":null,"8":null,"9":null,"10":null,"11":null,"12":0.011295,"13":null,"14":0.06777,"15":null,"16":null,"17":null,"18":0.011295,"19":null,"20":null,"21":null,"22":null,"23":null,"24":null,"25":null,"26":null,"27":0.485685,"28":null,"29":null,"30":null,"31":0.04518,"32":0.00753,"33":0.01506,"34":null,"35":0.01506,"36":0.011295,"37":0.01506,"38":0.011295,"39":null,"40":8.354535,"41":0.011295,"42":0.003765,"43":0.033885,"44":0.00753,"45":0.12048,"46":0.041415,"47":0.03765,"48":0.04518,"49":0.545925,"50":0.086595,"51":10.82814,"52":0.289905,"53":0.033885,"54":null,"55":null},"firefox":{"2":null,"3":0.086595,"3.5":null,"3.6":0.365205,"4":0.041415,"5":null,"6":0.192015,"7":null,"8":null,"9":null,"10":0.0753,"11":0.003765,"12":0.026355,"13":null,"14":0.003765,"15":null,"16":0.064005,"17":null,"18":0.079065,"19":0.124245,"20":0.09789,"21":0.003765,"22":null,"23":null,"24":null,"25":null,"26":null,"27":null,"28":null,"29":null,"30":0.018825,"31":0.00753,"32":null,"33":0.00753,"34":0.00753,"35":0.04518,"36":0.00753,"37":0.064005,"38":null,"39":0.01506,"40":0.079065,"41":0.03012,"42":0.154365,"43":0.35391,"44":0.05271,"45":0.154365,"46":0.25602,"47":4.26951,"48":0.568515,"49":null,"50":null},"opera":{"9":null,"9.5-9.6":null,"10.0-10.1":0,"10.5":null,"10.6":null,"11":null,"11.1":null,"11.5":null,"11.6":null,"12":null,"12.1":null,"15":null,"16":null,"17":null,"18":null,"19":null,"20":null,"21":null,"22":null,"23":null,"24":null,"25":null,"26":null,"27":null,"28":null,"29":null,"30":null,"31":null,"32":null,"33":0.018825,"34":null,"35":0.03012,"36":0.026355,"37":0.02259,"38":0.03012,"39":null,"40":null},"safari":{"3.1":null,"3.2":null,"4":0,"5":0.011295,"5.1":null,"6":null,"6.1":0.00753,"7":null,"7.1":0.003765,"8":0.09789,"9":0.214605,"9.1":0.23343,"10":null,"0":null},"ios_saf":{"3.2":0,"4.0-4.1":0,"4.2-4.3":0,"5.0-5.1":0,"6.0-6.1":0,"7.0-7.1":0.0257556525707,"8":0,"8.1-8.4":0.0608021569821,"9.0-9.2":0.0926733069668,"9.3":0.98047888348},"android":{"2.1":0,"2.2":0,"2.3":0.000935006508722,"3":0,"4":0.00664893517313,"4.1":0.0249335068992,"4.2-4.3":0.0605676438427,"4.4":0.174430658683,"4.4.3-4.4.4":0.131524248894,"51":null},"op_mob":{"10":0,"11":0,"11.1":0,"11.5":0,"12":0,"12.1":0.0696699744098,"0":3.06547887403},"ie":{"5.5":null,"6":null,"7":0.003765,"8":1.15209,"9":1.3554,"10":0.591105,"11":3.89301},"bb":{"7":0.0093525,"10":null},"ie_mob":{"10":0.0195807022472,"11":0.0614742977528},"edge":{"12":0.30873,"13":0.76053,"14":null},"and_ff":{"0":null},"samsung":{"0":0.642205},"and_uc":{"0":18.00668},"op_mini":{"0":36.6753261516},"and_chr":{"0":2.381915}},"total":99.6434525}