{"id":"YE","name":"Yemen","month":"2016-07","access_date":"2016-08-02","data":{"chrome":{"4":null,"5":0.003119,"6":0.006238,"7":0.009357,"8":0.009357,"9":null,"10":0.006238,"11":0.102927,"12":0.009357,"13":0.009357,"14":0.015595,"15":0.018714,"16":0.012476,"17":0.043666,"18":0.065499,"19":0.006238,"20":0.015595,"21":null,"22":0.230806,"23":0.102927,"24":0.099808,"25":0.03119,"26":0.021833,"27":0.084213,"28":0.037428,"29":0.09357,"30":0.068618,"31":0.424184,"32":0.190259,"33":0.143474,"34":0.115403,"35":0.096689,"36":0.099808,"37":0.109165,"38":0.071737,"39":0.190259,"40":0.177783,"41":0.130998,"42":0.143474,"43":0.552063,"44":0.205854,"45":0.240163,"46":0.349328,"47":0.595729,"48":0.368042,"49":1.624999,"50":0.414827,"51":8.792461,"52":0.277591,"53":0.028071,"54":0.006238,"55":null},"firefox":{"2":0.006238,"3":0.040547,"3.5":0.006238,"3.6":0.018714,"4":0.009357,"5":0.003119,"6":0.015595,"7":null,"8":0.03119,"9":0.015595,"10":0.018714,"11":0.040547,"12":0.040547,"13":0.053023,"14":0.006238,"15":0.137236,"16":0.037428,"17":0.049904,"18":0.077975,"19":0.077975,"20":0.034309,"21":0.162188,"22":0.03119,"23":0.049904,"24":0.081094,"25":0.021833,"26":0.137236,"27":0.074856,"28":0.046785,"29":0.096689,"30":0.12476,"31":0.102927,"32":0.180902,"33":0.102927,"34":0.15595,"35":0.261996,"36":0.230806,"37":0.056142,"38":0.408589,"39":0.243282,"40":0.202735,"41":0.517754,"42":0.165307,"43":0.851487,"44":0.339971,"45":0.470969,"46":0.430422,"47":3.256236,"48":0.127879,"49":0.003119,"50":null},"opera":{"9":null,"9.5-9.6":null,"10.0-10.1":0,"10.5":null,"10.6":null,"11":null,"11.1":null,"11.5":null,"11.6":0.006238,"12":null,"12.1":null,"15":0.003119,"16":null,"17":null,"18":0.015595,"19":0.021833,"20":0.009357,"21":null,"22":0.006238,"23":0.003119,"24":0.003119,"25":null,"26":0.006238,"27":0.003119,"28":0.021833,"29":0.043666,"30":0.03119,"31":0.006238,"32":0.028071,"33":0.015595,"34":0.056142,"35":0.109165,"36":0.015595,"37":0.149712,"38":0.090451,"39":0.03119,"40":null},"safari":{"3.1":null,"3.2":null,"4":0,"5":0.012476,"5.1":0.009357,"6":0.006238,"6.1":null,"7":0.015595,"7.1":0.043666,"8":0.018714,"9":0.012476,"9.1":0.037428,"10":null,"0":null},"ios_saf":{"3.2":0,"4.0-4.1":0,"4.2-4.3":0,"5.0-5.1":0,"6.0-6.1":0,"7.0-7.1":0.115530461819,"8":0,"8.1-8.4":0.27273629571,"9.0-9.2":0.415698648007,"9.3":4.39807059446},"android":{"2.1":0,"2.2":0,"2.3":0.0421459010674,"3":0,"4":0.299704185368,"4.1":1.12389069513,"4.2-4.3":2.73011781359,"4.4":7.86255198802,"4.4.3-4.4.4":5.92852341682,"51":null},"op_mob":{"10":0,"11":0,"11.1":0,"11.5":0,"12":0,"12.1":0.0147996597986,"0":0.651185031138},"ie":{"5.5":null,"6":0.041331058011,"7":null,"8":0.286138093923,"9":0.117634549724,"10":0.130351798343,"11":0.5754555},"bb":{"7":0.01204175,"10":null},"ie_mob":{"10":0.0432188651685,"11":0.135687134831},"edge":{"12":0.037428,"13":0.15595,"14":null},"and_ff":{"0":0.123858},"samsung":{"0":2.621661},"and_uc":{"0":11.037124},"op_mini":{"0":7.79076430906},"and_chr":{"0":24.084141}},"total":97.98966175}