{"id":"YT","name":"Mayotte","month":"2016-07","access_date":"2016-08-02","data":{"chrome":{"4":null,"5":null,"6":null,"7":null,"8":null,"9":null,"10":null,"11":0.052064,"12":null,"13":null,"14":null,"15":null,"16":null,"17":null,"18":0.013016,"19":null,"20":null,"21":null,"22":0.006508,"23":null,"24":null,"25":null,"26":0.006508,"27":null,"28":null,"29":0.013016,"30":0.013016,"31":0.019524,"32":0.03254,"33":0.013016,"34":0.019524,"35":0.019524,"36":0.071588,"37":0.006508,"38":null,"39":0.364448,"40":0.149684,"41":0.06508,"42":0.071588,"43":0.4881,"44":0.026032,"45":0.039048,"46":0.09762,"47":0.26032,"48":0.09762,"49":1.015248,"50":1.10636,"51":31.706976,"52":1.23652,"53":0.026032,"54":null,"55":null},"firefox":{"2":null,"3":0.013016,"3.5":null,"3.6":0.026032,"4":null,"5":null,"6":null,"7":null,"8":null,"9":null,"10":null,"11":null,"12":null,"13":null,"14":null,"15":null,"16":0.078096,"17":0.240796,"18":null,"19":null,"20":null,"21":null,"22":0.013016,"23":0.013016,"24":0.03254,"25":0.013016,"26":0.013016,"27":null,"28":0.006508,"29":0.013016,"30":0.026032,"31":0.019524,"32":0.019524,"33":0.039048,"34":0.123652,"35":0.039048,"36":0.013016,"37":0.039048,"38":0.117144,"39":0.045556,"40":0.084604,"41":0.039048,"42":0.312384,"43":0.214764,"44":0.13016,"45":0.214764,"46":0.370956,"47":10.985504,"48":0.091112,"49":0.039048,"50":null},"opera":{"9":null,"9.5-9.6":null,"10.0-10.1":0,"10.5":null,"10.6":null,"11":null,"11.1":null,"11.5":null,"11.6":null,"12":null,"12.1":null,"15":null,"16":null,"17":null,"18":null,"19":null,"20":0.006508,"21":null,"22":null,"23":null,"24":null,"25":null,"26":null,"27":null,"28":null,"29":null,"30":null,"31":null,"32":null,"33":null,"34":null,"35":0.019524,"36":0.013016,"37":0.123652,"38":1.099852,"39":0.058572,"40":null},"safari":{"3.1":null,"3.2":null,"4":0,"5":0.052064,"5.1":0.071588,"6":0.006508,"6.1":0.03254,"7":0.006508,"7.1":0.026032,"8":0.117144,"9":0.247304,"9.1":2.08256,"10":0.006508,"0":null},"ios_saf":{"3.2":0,"4.0-4.1":0,"4.2-4.3":0,"5.0-5.1":0,"6.0-6.1":0,"7.0-7.1":0.0516501539398,"8":0,"8.1-8.4":0.12193209857,"9.0-9.2":0.185846216002,"9.3":1.96624353149},"android":{"2.1":0,"2.2":0,"2.3":0.0115124175996,"3":0,"4":0.0818660807081,"4.1":0.306997802656,"4.2-4.3":0.745748828951,"4.4":2.14770546108,"4.4.3-4.4.4":1.61941340901,"51":null},"op_mob":{"10":0,"11":0,"11.1":0,"11.5":0,"12":0,"12.1":0.00860449093611,"0":0.378597601189},"ie":{"5.5":null,"6":0.013016,"7":0.013016,"8":0.110636,"9":0.110636,"10":0.22778,"11":2.323356},"bb":{"7":0.013968,"10":null},"ie_mob":{"10":0.141720269663,"11":0.444935730337},"edge":{"12":0.266828,"13":2.284308,"14":0.078096},"and_ff":{"0":0.048888},"samsung":{"0":2.311704},"and_uc":{"0":0.705384},"op_mini":{"0":4.52953390788},"and_chr":{"0":21.502908}},"total":97.185744}