{"id":"ZA","name":"South Africa","month":"2016-07","access_date":"2016-08-02","data":{"chrome":{"4":null,"5":null,"6":null,"7":null,"8":null,"9":null,"10":null,"11":0.026922,"12":0.001923,"13":null,"14":null,"15":null,"16":null,"17":null,"18":0.007692,"19":null,"20":null,"21":0.013461,"22":0.003846,"23":0.001923,"24":null,"25":0.003846,"26":0.046152,"27":0.003846,"28":0.003846,"29":0.042306,"30":0.003846,"31":0.023076,"32":0.005769,"33":0.01923,"34":0.009615,"35":0.013461,"36":0.026922,"37":0.009615,"38":0.017307,"39":0.021153,"40":0.082689,"41":0.017307,"42":0.009615,"43":0.07692,"44":0.030768,"45":0.026922,"46":0.023076,"47":0.084612,"48":0.061536,"49":0.574977,"50":0.182685,"51":7.243941,"52":0.184608,"53":0.021153,"54":0.001923,"55":null},"firefox":{"2":null,"3":0.013461,"3.5":0.001923,"3.6":0.007692,"4":0.001923,"5":0.001923,"6":0.001923,"7":null,"8":null,"9":null,"10":0.003846,"11":0.003846,"12":0.005769,"13":null,"14":0.001923,"15":0.003846,"16":0.007692,"17":null,"18":0.005769,"19":0.034614,"20":0.007692,"21":0.003846,"22":0.003846,"23":0.001923,"24":0.001923,"25":0.003846,"26":null,"27":null,"28":0.001923,"29":0.005769,"30":0.005769,"31":0.007692,"32":0.003846,"33":0.005769,"34":0.024999,"35":0.007692,"36":0.017307,"37":0.007692,"38":0.024999,"39":0.017307,"40":0.01923,"41":0.013461,"42":0.015384,"43":0.07692,"44":0.046152,"45":0.05769,"46":0.067305,"47":1.674933,"48":0.088458,"49":0.005769,"50":null},"opera":{"9":null,"9.5-9.6":null,"10.0-10.1":0,"10.5":null,"10.6":null,"11":null,"11.1":null,"11.5":null,"11.6":0.011538,"12":null,"12.1":0.013461,"15":null,"16":null,"17":null,"18":null,"19":null,"20":null,"21":null,"22":null,"23":null,"24":null,"25":null,"26":0.001923,"27":null,"28":0.005769,"29":0.003846,"30":0.013461,"31":null,"32":0.007692,"33":0.013461,"34":0.021153,"35":0.034614,"36":0.021153,"37":0.098073,"38":0.144225,"39":null,"40":null},"safari":{"3.1":null,"3.2":null,"4":0,"5":0.007692,"5.1":0.021153,"6":0.005769,"6.1":0.013461,"7":0.015384,"7.1":0.051921,"8":0.065382,"9":0.092304,"9.1":0.390369,"10":0.001923,"0":null},"ios_saf":{"3.2":0,"4.0-4.1":0,"4.2-4.3":0,"5.0-5.1":0,"6.0-6.1":0,"7.0-7.1":0.0735547733496,"8":0,"8.1-8.4":0.173643003752,"9.0-9.2":0.26466283744,"9.3":2.80011938546},"android":{"2.1":0,"2.2":0,"2.3":0.00779828794585,"3":0,"4":0.0554544920594,"4.1":0.207954345223,"4.2-4.3":0.505155763603,"4.4":1.45481394012,"4.4.3-4.4.4":1.09695917105,"51":null},"op_mob":{"10":0,"11":0,"11.1":0,"11.5":0,"12":0,"12.1":0.0812019711408,"0":3.5728867302},"ie":{"5.5":null,"6":0.00770029326146,"7":0.0192507331536,"8":0.294536217251,"9":0.350363343396,"10":0.321487243666,"11":2.57382302264},"bb":{"7":1.203622,"10":null},"ie_mob":{"10":0.409799662921,"11":1.28658033708},"edge":{"12":0.099996,"13":0.621129,"14":null},"and_ff":{"0":0.016156},"samsung":{"0":5.622288},"and_uc":{"0":2.294152},"op_mini":{"0":42.7459432987},"and_chr":{"0":14.958513}},"total":95.4190528534}