{"id":"ZM","name":"Zambia","month":"2016-07","access_date":"2016-08-02","data":{"chrome":{"4":null,"5":null,"6":null,"7":null,"8":null,"9":null,"10":0.002834,"11":0.031174,"12":0.008502,"13":0.008502,"14":null,"15":null,"16":null,"17":null,"18":0.002834,"19":null,"20":null,"21":0.008502,"22":null,"23":0.002834,"24":null,"25":0.008502,"26":0.019838,"27":0.008502,"28":0.01417,"29":0.008502,"30":0.005668,"31":0.022672,"32":0.008502,"33":0.022672,"34":0.011336,"35":0.011336,"36":0.019838,"37":0.01417,"38":0.017004,"39":0.01417,"40":0.045344,"41":0.008502,"42":0.02834,"43":0.153036,"44":0.025506,"45":0.090688,"46":0.02834,"47":0.167206,"48":0.093522,"49":0.408096,"50":0.223886,"51":8.621028,"52":0.235222,"53":0.034008,"54":null,"55":null},"firefox":{"2":null,"3":0.017004,"3.5":0.005668,"3.6":0.019838,"4":0.039676,"5":0.01417,"6":0.005668,"7":0.005668,"8":0.01417,"9":0.008502,"10":0.017004,"11":0.017004,"12":0.051012,"13":0.04251,"14":0.039676,"15":0.039676,"16":0.025506,"17":0.008502,"18":0.017004,"19":0.025506,"20":0.02834,"21":0.025506,"22":0.008502,"23":0.008502,"24":0.011336,"25":0.01417,"26":0.01417,"27":0.011336,"28":0.01417,"29":0.04251,"30":0.034008,"31":0.025506,"32":0.011336,"33":0.019838,"34":0.019838,"35":0.034008,"36":0.017004,"37":0.036842,"38":0.048178,"39":0.053846,"40":0.039676,"41":0.034008,"42":0.045344,"43":0.34008,"44":0.17004,"45":0.12753,"46":0.209716,"47":5.551806,"48":0.759512,"49":0.011336,"50":0.008502},"opera":{"9":null,"9.5-9.6":null,"10.0-10.1":0,"10.5":null,"10.6":null,"11":0.005668,"11.1":0.002834,"11.5":0.002834,"11.6":0.022672,"12":0.008502,"12.1":0.025506,"15":0.002834,"16":null,"17":null,"18":0.008502,"19":null,"20":0.005668,"21":null,"22":0.002834,"23":null,"24":null,"25":0.002834,"26":0.002834,"27":null,"28":0.005668,"29":0.005668,"30":0.01417,"31":0.008502,"32":0.005668,"33":0.005668,"34":0.025506,"35":0.022672,"36":0.076518,"37":0.102024,"38":0.688662,"39":null,"40":null},"safari":{"3.1":null,"3.2":null,"4":0,"5":0.005668,"5.1":0.034008,"6":0.01417,"6.1":0.019838,"7":0.031174,"7.1":0.025506,"8":0.076518,"9":0.073684,"9.1":0.357084,"10":null,"0":null},"ios_saf":{"3.2":0,"4.0-4.1":0,"4.2-4.3":0,"5.0-5.1":0,"6.0-6.1":0,"7.0-7.1":0.0292831493763,"8":0,"8.1-8.4":0.0691296266099,"9.0-9.2":0.10536585255,"9.3":1.11476537146},"android":{"2.1":0,"2.2":0,"2.3":0.0111659750065,"3":0,"4":0.0794024889352,"4.1":0.297759333507,"4.2-4.3":0.723307047644,"4.4":2.08307467066,"4.4.3-4.4.4":1.57068048425,"51":null},"op_mob":{"10":0,"11":0,"11.1":0,"11.5":0,"12":0,"12.1":0.0813145197953,"0":3.57783887099},"ie":{"5.5":null,"6":0.0114007031963,"7":0.0114007031963,"8":0.518731995434,"9":0.495930589041,"10":0.535833050228,"11":3.41736078311},"bb":{"7":0.297389,"10":null},"ie_mob":{"10":0.50029147191,"11":1.57068252809},"edge":{"12":0.308906,"13":0.8502,"14":null},"and_ff":{"0":0.021498},"samsung":{"0":2.371946},"and_uc":{"0":4.08462},"op_mini":{"0":42.8051906092},"and_chr":{"0":9.453002}},"total":97.3144168242}