{"id":"ZW","name":"Zimbabwe","month":"2016-07","access_date":"2016-08-02","data":{"chrome":{"4":0.001789,"5":null,"6":null,"7":null,"8":null,"9":null,"10":null,"11":0.016101,"12":0.001789,"13":0.001789,"14":null,"15":null,"16":0.001789,"17":null,"18":0.003578,"19":null,"20":null,"21":null,"22":null,"23":0.001789,"24":0.003578,"25":0.014312,"26":0.010734,"27":0.005367,"28":0.003578,"29":0.080505,"30":0.005367,"31":0.021468,"32":0.014312,"33":0.010734,"34":0.016101,"35":0.008945,"36":0.010734,"37":0.005367,"38":0.005367,"39":0.016101,"40":0.032202,"41":0.008945,"42":0.008945,"43":0.116285,"44":0.021468,"45":0.037569,"46":0.066193,"47":0.112707,"48":0.066193,"49":0.282662,"50":0.109129,"51":5.943058,"52":0.177111,"53":0.037569,"54":0.001789,"55":null},"firefox":{"2":0.003578,"3":0.078716,"3.5":0.003578,"3.6":0.021468,"4":0.003578,"5":0.003578,"6":0.003578,"7":0.003578,"8":0.007156,"9":0.010734,"10":0.012523,"11":0.01789,"12":0.021468,"13":0.010734,"14":0.007156,"15":0.019679,"16":0.008945,"17":0.005367,"18":0.008945,"19":0.005367,"20":0.008945,"21":0.01789,"22":0.008945,"23":0.005367,"24":0.016101,"25":0.008945,"26":0.005367,"27":0.019679,"28":0.008945,"29":0.021468,"30":0.026835,"31":0.030413,"32":0.012523,"33":0.028624,"34":0.025046,"35":0.019679,"36":0.033991,"37":0.033991,"38":0.055459,"39":0.03578,"40":0.039358,"41":0.05367,"42":0.048303,"43":0.209313,"44":0.109129,"45":0.109129,"46":0.155643,"47":3.468871,"48":0.48303,"49":0.014312,"50":0.003578},"opera":{"9":null,"9.5-9.6":null,"10.0-10.1":0,"10.5":null,"10.6":0.003578,"11":0.003578,"11.1":null,"11.5":0.005367,"11.6":0.016101,"12":0.007156,"12.1":0.01789,"15":0.005367,"16":0.003578,"17":0.001789,"18":0.003578,"19":null,"20":0.005367,"21":0.003578,"22":0.003578,"23":0.001789,"24":0.001789,"25":0.003578,"26":0.003578,"27":0.001789,"28":0.008945,"29":0.014312,"30":0.005367,"31":0.005367,"32":0.003578,"33":0.016101,"34":0.016101,"35":0.026835,"36":0.03578,"37":0.085872,"38":0.601104,"39":0.005367,"40":null},"safari":{"3.1":null,"3.2":null,"4":0,"5":0.007156,"5.1":0.019679,"6":0.005367,"6.1":0.001789,"7":0.005367,"7.1":0.014312,"8":0.032202,"9":0.050092,"9.1":0.130597,"10":null,"0":null},"ios_saf":{"3.2":0,"4.0-4.1":0,"4.2-4.3":0,"5.0-5.1":0,"6.0-6.1":0,"7.0-7.1":0.0114870063888,"8":0,"8.1-8.4":0.027117727411,"9.0-9.2":0.0413322421661,"9.3":0.437293024034},"android":{"2.1":0,"2.2":0,"2.3":0.0060019994793,"3":0,"4":0.0426808851861,"4.1":0.160053319448,"4.2-4.3":0.388796188493,"4.4":1.11970634731,"4.4.3-4.4.4":0.844281260089,"51":null},"op_mob":{"10":0,"11":0,"11.1":0,"11.5":0,"12":0,"12.1":0.121738698696,"0":5.35650274261},"ie":{"5.5":null,"6":0.00358507114625,"7":0.00358507114625,"8":0.430208537549,"9":0.249162444664,"10":0.293975833992,"11":1.73158936364},"bb":{"7":0.0595225,"10":null},"ie_mob":{"10":0.335180168539,"11":1.05230983146},"edge":{"12":0.169955,"13":0.359589,"14":null},"and_ff":{"0":0.01642},"samsung":{"0":0.6568},"and_uc":{"0":3.39894},"op_mini":{"0":64.0850885587},"and_chr":{"0":3.648928}},"total":98.8951128221}