{"id":"AE","name":"United Arab Emirates","month":"2016-01","access_date":"2016-02-03","data":{"firefox":{"2":0,"3":0.024405,"3.5":0,"3.6":0.009762,"4":0.004881,"5":0,"6":0.009762,"7":0,"8":0.004881,"9":0.004881,"10":0.004881,"11":0.009762,"12":0.004881,"13":0.004881,"14":0.004881,"15":0.004881,"16":0.009762,"17":0,"18":0.004881,"19":0.004881,"20":0.004881,"21":0.004881,"22":0.004881,"23":0.004881,"24":0.004881,"25":0.004881,"26":0.004881,"27":0.004881,"28":0.004881,"29":0.009762,"30":0.004881,"31":0.014643,"32":0.014643,"33":0.014643,"34":0.014643,"35":0.024405,"36":0.014643,"37":0.019524,"38":0.082977,"39":0.04881,"40":0.043929,"41":0.053691,"42":0.248931,"43":2.445381,"44":0.307503,"45":0.009762,"46":0,"47":0},"chrome":{"4":0,"5":0,"6":0,"7":0.004881,"8":0,"9":0,"10":0.009762,"11":0.019524,"12":0.014643,"13":0.004881,"14":0.009762,"15":0,"16":0.004881,"17":0,"18":0.004881,"19":0.004881,"20":0,"21":0.009762,"22":0.039048,"23":0,"24":0.004881,"25":0.009762,"26":0.024405,"27":0.009762,"28":0.009762,"29":0.014643,"30":0.014643,"31":0.078096,"32":0.014643,"33":0.117144,"34":0.043929,"35":0.039048,"36":0.04881,"37":0.039048,"38":0.063453,"39":0.102501,"40":0.053691,"41":0.04881,"42":0.117144,"43":0.610125,"44":0.29286,"45":0.43929,"46":0.522267,"47":23.985234,"48":2.621097,"49":0.331908,"50":0.014643,"51":0},"opera":{"9":0,"9.5-9.6":0,"10.0-10.1":0,"10.5":0,"10.6":0,"11":0,"11.1":0,"11.5":0,"11.6":0,"12":0,"12.1":0.014643,"15":0,"16":0,"17":0,"18":0.004881,"19":0,"20":0,"21":0,"22":0,"23":0,"24":0,"25":0,"26":0,"27":0,"28":0.004881,"29":0,"30":0.014643,"31":0.004881,"32":0.004881,"33":0.009762,"34":1.176321,"35":0.009762,"36":0},"safari":{"3.1":0,"3.2":0,"4":0.004881,"5":0.019524,"5.1":0.073215,"6":0.024405,"6.1":0.053691,"7":0.082977,"7.1":0.063453,"8":0.434409,"9":1.508229,"9.1":0.004881},"android":{"2.1":0,"2.2":0,"2.3":0.0291052072264,"3":0,"4":0.120968517535,"4.1":0.41383966525,"4.2-4.3":0.921361716259,"4.4":1.83362805526,"4.4.3-4.4.4":0.96047183847,"47":null},"ios_saf":{"3.2":0,"4.0-4.1":0,"4.2-4.3":0,"5.0-5.1":0,"6.0-6.1":0,"7.0-7.1":0.460149326774,"8":0.032270212527,"8.1-8.4":1.31471236221,"9.0-9.2":9.79460709849,"9.3":null},"op_mob":{"10":0,"11":0,"11.1":0,"11.5":0,"12":0.000203206665838,"12.1":0.000203206665838,"0":0.0107699532894},"ie":{"5.5":0,"6":0.00981875581395,"7":0.0147281337209,"8":0.515484680233,"9":0.466390901163,"10":0.530212813953,"11":3.52493333721},"bb":{"7":0.11133825,"10":null},"ie_mob":{"10":0.093690605042,"11":0.413090394958},"edge":{"12":0.263574,"13":0.512505,"14":0},"and_uc":{"0":17.727097},"op_mini":{"5.0-8.0":2.71213163338},"and_chr":{"0":18.859497},"and_ff":{"0":0.020476}},"total":98.5090468721}