{"id":"AF","name":"Afghanistan","month":"2016-05","access_date":"2016-06-03","data":{"chrome":{"4":0.007166,"5":null,"6":null,"7":null,"8":0.007166,"9":null,"10":0.010749,"11":0.039413,"12":0.010749,"13":null,"14":null,"15":0.007166,"16":0.042996,"17":0.010749,"18":0.025081,"19":0.003583,"20":0.017915,"21":0.025081,"22":0.014332,"23":0.050162,"24":0.057328,"25":0.132571,"26":0.010749,"27":0.068077,"28":0.046579,"29":0.093158,"30":0.028664,"31":0.057328,"32":0.010749,"33":0.078826,"34":0.03583,"35":0.010749,"36":0.085992,"37":0.021498,"38":0.025081,"39":0.10749,"40":0.028664,"41":0.025081,"42":0.025081,"43":0.247227,"44":0.154069,"45":0.336802,"46":0.132571,"47":0.157652,"48":0.655689,"49":1.623099,"50":12.049629,"51":0.265142,"52":0.150486,"53":null,"54":null},"firefox":{"2":0.007166,"3":0.03583,"3.5":0.007166,"3.6":0.042996,"4":0.050162,"5":0.014332,"6":0.010749,"7":0.010749,"8":0.010749,"9":0.028664,"10":0.050162,"11":0.021498,"12":0.053745,"13":0.053745,"14":0.039413,"15":0.021498,"16":0.010749,"17":0.039413,"18":0.039413,"19":0.014332,"20":0.03583,"21":0.03583,"22":0.042996,"23":0.017915,"24":0.100324,"25":0.039413,"26":0.032247,"27":0.021498,"28":0.014332,"29":0.125405,"30":0.082409,"31":0.082409,"32":0.046579,"33":0.114656,"34":0.121822,"35":0.10749,"36":0.050162,"37":0.039413,"38":0.171984,"39":0.125405,"40":0.093158,"41":0.171984,"42":0.125405,"43":0.64494,"44":0.455041,"45":1.36154,"46":3.737069,"47":0.634191,"48":null,"49":null},"opera":{"9":null,"9.5-9.6":null,"10.0-10.1":0,"10.5":null,"10.6":0.010749,"11":null,"11.1":null,"11.5":null,"11.6":0.014332,"12":0.007166,"12.1":0.021498,"15":0.007166,"16":0.014332,"17":0.014332,"18":0.003583,"19":null,"20":null,"21":0.003583,"22":0.017915,"23":null,"24":null,"25":null,"26":null,"27":null,"28":null,"29":0.017915,"30":0.007166,"31":null,"32":0.003583,"33":0.010749,"34":0.021498,"35":0.064494,"36":0.200648,"37":0.437126,"38":null,"39":null},"safari":{"3.1":null,"3.2":null,"4":0,"5":0.003583,"5.1":0.021498,"6":null,"6.1":0.010749,"7":0.007166,"7.1":null,"8":0.075243,"9":0.146903,"9.1":0.462207,"0":null},"ios_saf":{"3.2":0,"4.0-4.1":0,"4.2-4.3":0,"5.0-5.1":0,"6.0-6.1":0.0170216501617,"7.0-7.1":0.168854769604,"8":0,"8.1-8.4":0.430307316087,"9.0-9.2":0.900785726556,"9.3":5.22088053759},"android":{"2.1":0,"2.2":0,"2.3":0.0401235587734,"3":0,"4":0.246473289608,"4.1":0.851192639693,"4.2-4.3":1.9660543799,"4.4":4.4623129293,"4.4.3-4.4.4":2.52778420273,"50":null},"op_mob":{"10":0,"11":0,"11.1":0,"11.5":0,"12":0,"12.1":0.000681613556681,"0":0.0166995321387},"ie":{"5.5":null,"6":0.068077,"7":0.068077,"8":0.849171,"9":0.777511,"10":0.390547,"11":3.328607},"bb":{"7":0.01122975,"10":null},"ie_mob":{"10":0.062307,"11":0.162288},"edge":{"12":0.21498,"13":0.28664,"14":null},"and_ff":{"0":0.109089},"and_uc":{"0":9.266148},"op_mini":{"5.0-8.0":7.8562778543},"and_chr":{"0":25.802294}},"total":93.89574675}