{"id":"AI","name":"Anguilla","month":"2016-05","access_date":"2016-06-03","data":{"chrome":{"4":null,"5":null,"6":null,"7":null,"8":null,"9":null,"10":null,"11":0.018846,"12":null,"13":null,"14":null,"15":null,"16":null,"17":null,"18":null,"19":null,"20":null,"21":null,"22":null,"23":0.006282,"24":null,"25":0.037692,"26":null,"27":null,"28":null,"29":0.012564,"30":0.018846,"31":0.018846,"32":0.043974,"33":0.113076,"34":0.043974,"35":0.03141,"36":0.069102,"37":0.012564,"38":0.06282,"39":0.043974,"40":null,"41":0.018846,"42":0.018846,"43":0.03141,"44":0.119358,"45":0.106794,"46":null,"47":0.075384,"48":0.09423,"49":3.813174,"50":26.126838,"51":0.615636,"52":0.131922,"53":null,"54":null},"firefox":{"2":null,"3":null,"3.5":null,"3.6":null,"4":null,"5":null,"6":0.006282,"7":null,"8":null,"9":null,"10":null,"11":null,"12":null,"13":null,"14":null,"15":0.09423,"16":null,"17":null,"18":null,"19":null,"20":0.018846,"21":0.012564,"22":null,"23":null,"24":null,"25":null,"26":null,"27":null,"28":null,"29":null,"30":null,"31":null,"32":null,"33":null,"34":null,"35":null,"36":0.006282,"37":null,"38":0.012564,"39":null,"40":0.025128,"41":null,"42":0.201024,"43":0.018846,"44":0.207306,"45":1.834344,"46":6.696612,"47":0.012564,"48":null,"49":null},"opera":{"9":null,"9.5-9.6":null,"10.0-10.1":0,"10.5":null,"10.6":null,"11":null,"11.1":null,"11.5":null,"11.6":null,"12":0.037692,"12.1":0.012564,"15":null,"16":null,"17":null,"18":null,"19":null,"20":null,"21":null,"22":null,"23":null,"24":null,"25":null,"26":null,"27":0.006282,"28":null,"29":0.056538,"30":null,"31":null,"32":null,"33":null,"34":0.012564,"35":null,"36":0.53397,"37":0.263844,"38":null,"39":null},"safari":{"3.1":null,"3.2":null,"4":0,"5":0.018846,"5.1":0.081666,"6":null,"6.1":0.069102,"7":null,"7.1":0.043974,"8":0.43974,"9":0.464868,"9.1":1.903446,"0":null},"ios_saf":{"3.2":0,"4.0-4.1":0,"4.2-4.3":0,"5.0-5.1":0,"6.0-6.1":0.021086575384,"7.0-7.1":0.209178827809,"8":0,"8.1-8.4":0.533068625707,"9.0-9.2":1.11590156932,"9.3":6.46767440178},"android":{"2.1":0,"2.2":0,"2.3":0.0140844849517,"3":0,"4":0.0865189789892,"4.1":0.298792287905,"4.2-4.3":0.690139762635,"4.4":1.56639593356,"4.4.3-4.4.4":0.887322551959,"50":null},"op_mob":{"10":0,"11":0,"11.1":0,"11.5":0,"12":0,"12.1":1.83461888066e-5,"0":0.000449481625763},"ie":{"5.5":null,"6":0.025128,"7":0.207306,"8":0.28269,"9":0.069102,"10":0.546534,"11":6.841098},"bb":{"7":0.362505,"10":null},"ie_mob":{"10":0.267144296774,"11":0.695817703226},"edge":{"12":1.168452,"13":4.768038,"14":null},"and_ff":{"0":0.03718},"and_uc":{"0":0.50193},"op_mini":{"5.0-8.0":0.211458172185},"and_chr":{"0":21.516124}},"total":94.169235}