{"id":"an","name":"Antarctica","month":"2016-05","access_date":"2016-06-03","data":{"chrome":{"4":null,"5":null,"6":null,"7":null,"8":null,"9":null,"10":null,"11":null,"12":null,"13":null,"14":null,"15":null,"16":null,"17":null,"18":null,"19":null,"20":null,"21":null,"22":null,"23":null,"24":null,"25":null,"26":null,"27":null,"28":null,"29":null,"30":null,"31":null,"32":null,"33":null,"34":null,"35":null,"36":0.9599,"37":null,"38":null,"39":null,"40":null,"41":0.339275,"42":null,"43":2.43285,"44":null,"45":null,"46":null,"47":0.140675,"48":6.131775,"49":1.199875,"50":19.173175,"51":0.206875,"52":null,"53":null,"54":null},"firefox":{"2":null,"3":null,"3.5":null,"3.6":null,"4":null,"5":null,"6":null,"7":null,"8":null,"9":0.0662,"10":null,"11":null,"12":null,"13":null,"14":null,"15":null,"16":null,"17":null,"18":null,"19":null,"20":null,"21":null,"22":null,"23":null,"24":null,"25":null,"26":null,"27":null,"28":null,"29":null,"30":null,"31":2.56525,"32":null,"33":null,"34":null,"35":null,"36":null,"37":null,"38":0.54615,"39":0.140675,"40":null,"41":null,"42":0.0662,"43":8.630825,"44":0.0662,"45":0.0662,"46":7.124775,"47":null,"48":null,"49":null},"opera":{"9":null,"9.5-9.6":null,"10.0-10.1":0,"10.5":null,"10.6":null,"11":null,"11.1":null,"11.5":null,"11.6":null,"12":null,"12.1":null,"15":null,"16":null,"17":null,"18":null,"19":null,"20":null,"21":null,"22":null,"23":null,"24":null,"25":null,"26":null,"27":null,"28":null,"29":null,"30":null,"31":null,"32":null,"33":null,"34":null,"35":null,"36":null,"37":null,"38":null,"39":0.0331},"safari":{"3.1":null,"3.2":null,"4":0,"5":null,"5.1":null,"6":null,"6.1":0.0662,"7":null,"7.1":null,"8":6.9179,"9":15.47425,"9.1":3.45895,"0":null},"ios_saf":{"3.2":0,"4.0-4.1":0,"4.2-4.3":0,"5.0-5.1":0,"6.0-6.1":0.0166294462409,"7.0-7.1":0.16496410671,"8":0,"8.1-8.4":0.42039240097,"9.0-9.2":0.880030295069,"9.3":5.10058375101},"android":{"2.1":0,"2.2":0,"2.3":0.00447069846678,"3":0,"4":0.0274628620102,"4.1":0.0948426746167,"4.2-4.3":0.219064224872,"4.4":0.497205536627,"4.4.3-4.4.4":0.281654003407,"50":null},"op_mob":{"10":0,"11":0,"11.1":0,"11.5":0,"12":0,"12.1":0,"0":0},"ie":{"5.5":null,"6":null,"7":null,"8":0.0662,"9":null,"10":0.0331,"11":5.204975},"bb":{"7":0,"10":null},"ie_mob":{"10":0.069389516129,"11":0.180735483871},"edge":{"12":0.0331,"13":0.8937,"14":null},"and_ff":{"0":0.291525},"and_uc":{"0":null},"op_mini":{"5.0-8.0":0},"and_chr":{"0":5.861525}},"total":96.148825}