{"id":"ww","name":"Worldwide","month":"2016-01","access_date":"2016-02-03","data":{"firefox":{"2":0.016773,"3":0.044728,"3.5":0.005591,"3.6":0.033546,"4":0.011182,"5":0.005591,"6":0.022364,"7":null,"8":0.022364,"9":0.005591,"10":0.011182,"11":0.016773,"12":0.027955,"13":0.011182,"14":0.011182,"15":0.027955,"16":0.022364,"17":0.016773,"18":0.027955,"19":0.011182,"20":0.016773,"21":0.067092,"22":0.033546,"23":0.033546,"24":0.027955,"25":0.078274,"26":0.022364,"27":0.027955,"28":0.044728,"29":0.039137,"30":0.039137,"31":0.201276,"32":0.033546,"33":0.078274,"34":0.089456,"35":0.100638,"36":0.083865,"37":0.117411,"38":0.318687,"39":0.139775,"40":0.134184,"41":0.184503,"42":0.341051,"43":5.75873,"44":0.492008,"45":0.016773,"46":null,"47":null},"chrome":{"4":0.022364,"5":0.011182,"6":0.011182,"7":0.005591,"8":0.005591,"9":0.005591,"10":0.011182,"11":0.050319,"12":0.016773,"13":0.011182,"14":0.011182,"15":0.005591,"16":0.011182,"17":0.005591,"18":0.016773,"19":0.022364,"20":0.011182,"21":0.016773,"22":0.05591,"23":0.011182,"24":0.05591,"25":0.016773,"26":0.033546,"27":0.022364,"28":0.027955,"29":0.039137,"30":0.039137,"31":0.396961,"32":0.033546,"33":0.083865,"34":0.067092,"35":0.106229,"36":0.095047,"37":0.078274,"38":0.083865,"39":0.150957,"40":0.117411,"41":0.206867,"42":0.190094,"43":0.413734,"44":0.374597,"45":0.570282,"46":0.827468,"47":23.566065,"48":2.409721,"49":0.139775,"50":0.011182,"51":null},"opera":{"9":null,"9.5-9.6":null,"10.0-10.1":0.016773,"10.5":null,"10.6":null,"11":null,"11.1":null,"11.5":null,"11.6":0.011182,"12":0.016773,"12.1":0.16773,"15":null,"16":null,"17":null,"18":0.005591,"19":null,"20":null,"21":null,"22":null,"23":null,"24":null,"25":null,"26":null,"27":0.005591,"28":0.050319,"29":0.011182,"30":0.022364,"31":0.016773,"32":0.022364,"33":0.027955,"34":0.682102,"35":0.005591,"36":null},"safari":{"3.1":null,"3.2":null,"4":0.027955,"5":0.083865,"5.1":0.134184,"6":0.022364,"6.1":0.145366,"7":0.089456,"7.1":0.061501,"8":0.352233,"9":1.554298,"9.1":null},"android":{"2.1":0,"2.2":0,"2.3":0.0307134707758,"3":0,"4":0.127652862912,"4.1":0.436707162593,"4.2-4.3":0.972273309245,"4.4":1.93494865887,"4.4.3-4.4.4":1.0135445356,"47":null},"ios_saf":{"3.2":0,"4.0-4.1":0,"4.2-4.3":0,"5.0-5.1":0,"6.0-6.1":0,"7.0-7.1":0.320259951581,"8":0.0224597888122,"8.1-8.4":0.91502843309,"9.0-9.2":6.81696182652,"9.3":null},"op_mob":{"10":0,"11":0,"11.1":0,"11.5":0,"12":0.000359008332297,"12.1":0.000359008332297,"0":0.0190274416117},"ie":{"5.5":null,"6":0.0400460200879,"7":0.0400460200879,"8":1.01831308223,"9":0.80664126177,"10":0.80664126177,"11":6.33871289391},"bb":{"7":0.0848925,"10":null},"ie_mob":{"10":0.154905882353,"11":0.682994117647},"edge":{"12":0.318687,"13":0.715648,"14":null},"and_uc":{"0":8.21583},"op_mini":{"5.0-8.0":4.79156454172},"and_chr":{"0":18.192361},"and_ff":{"0":0.0441}},"total":97.7446490399}