{"id":"na","name":"North America","month":"2016-05","access_date":"2016-06-03","data":{"chrome":{"4":null,"5":null,"6":null,"7":null,"8":null,"9":null,"10":0.01863,"11":0.02484,"12":null,"13":null,"14":null,"15":null,"16":null,"17":null,"18":0.01863,"19":null,"20":null,"21":0.01863,"22":0.01863,"23":0.01863,"24":null,"25":0.01242,"26":0.00621,"27":0.01242,"28":0.01863,"29":1.29168,"30":0.01863,"31":0.04968,"32":0.03105,"33":0.03105,"34":0.04968,"35":0.0621,"36":0.05589,"37":0.06831,"38":0.04968,"39":0.06831,"40":0.08073,"41":0.18009,"42":0.09315,"43":0.31671,"44":0.16767,"45":0.19251,"46":0.19872,"47":0.38502,"48":1.06812,"49":4.91211,"50":21.86541,"51":0.34776,"52":0.0621,"53":0.01242,"54":null},"firefox":{"2":null,"3":0.01863,"3.5":null,"3.6":0.01863,"4":0.01242,"5":null,"6":0.01863,"7":null,"8":null,"9":null,"10":0.00621,"11":0.01242,"12":0.01242,"13":null,"14":null,"15":null,"16":0.01242,"17":0.01242,"18":null,"19":null,"20":0.01242,"21":0.02484,"22":0.00621,"23":0.00621,"24":0.01863,"25":0.02484,"26":0.02484,"27":0.02484,"28":0.03105,"29":0.03105,"30":0.03105,"31":0.08073,"32":0.03105,"33":0.04968,"34":0.06831,"35":0.06831,"36":0.0621,"37":0.08694,"38":0.26082,"39":0.07452,"40":0.08073,"41":0.09315,"42":0.10557,"43":0.21114,"44":0.18009,"45":1.3662,"46":5.04873,"47":0.04968,"48":null,"49":null},"opera":{"9":null,"9.5-9.6":null,"10.0-10.1":0,"10.5":null,"10.6":null,"11":null,"11.1":null,"11.5":null,"11.6":null,"12":null,"12.1":0.03105,"15":null,"16":null,"17":null,"18":null,"19":null,"20":null,"21":null,"22":null,"23":null,"24":null,"25":null,"26":null,"27":0.03105,"28":0.04347,"29":0.03105,"30":0.03726,"31":0.01242,"32":null,"33":null,"34":0.00621,"35":0.00621,"36":0.09315,"37":0.19872,"38":null,"39":null},"safari":{"3.1":null,"3.2":null,"4":0.03726,"5":0.11178,"5.1":0.19872,"6":0.02484,"6.1":0.15525,"7":0.08694,"7.1":0.04968,"8":0.44091,"9":0.90045,"9.1":2.65788,"0":null},"ios_saf":{"3.2":0,"4.0-4.1":0,"4.2-4.3":0,"5.0-5.1":0,"6.0-6.1":0.0432962308003,"7.0-7.1":0.429498609539,"8":0,"8.1-8.4":1.09452871463,"9.0-9.2":2.29123653395,"9.3":13.2798199111},"android":{"2.1":0,"2.2":0,"2.3":0.00697523566156,"3":0,"4":0.0428478762067,"4.1":0.147974642249,"4.2-4.3":0.341786547416,"4.4":0.775745851789,"4.4.3-4.4.4":0.439439846678,"50":null},"op_mob":{"10":0,"11":0,"11.1":0,"11.5":0,"12":0,"12.1":3.80591265204e-5,"0":0.000932448599749},"ie":{"5.5":null,"6":0.0504207300771,"7":0.0378155475578,"8":0.756310951157,"9":0.69328503856,"10":0.69328503856,"11":9.95179159897},"bb":{"7":0.077695,"10":null},"ie_mob":{"10":0.12827316129,"11":0.33410683871},"edge":{"12":0.16767,"13":2.14245,"14":0.02484},"and_ff":{"0":0.04927},"and_uc":{"0":0.48512},"op_mini":{"5.0-8.0":0.438669492274},"and_chr":{"0":15.78336}},"total":95.9669639049}