{"id":"eu","name":"Europe","month":"2016-01","access_date":"2016-02-03","data":{"firefox":{"2":null,"3":0.013572,"3.5":null,"3.6":0.03393,"4":0.013572,"5":0.006786,"6":0.020358,"7":null,"8":null,"9":null,"10":0.013572,"11":0.013572,"12":0.027144,"13":0.006786,"14":0.006786,"15":0.013572,"16":0.027144,"17":0.020358,"18":0.006786,"19":0.006786,"20":0.020358,"21":0.03393,"22":0.013572,"23":0.013572,"24":0.03393,"25":0.061074,"26":0.020358,"27":0.013572,"28":0.020358,"29":0.020358,"30":0.027144,"31":0.108576,"32":0.03393,"33":0.047502,"34":0.06786,"35":0.074646,"36":0.081432,"37":0.10179,"38":0.37323,"39":0.16965,"40":0.162864,"41":0.285012,"42":0.64467,"43":10.952604,"44":0.61074,"45":0.020358,"46":null,"47":null},"chrome":{"4":null,"5":null,"6":null,"7":null,"8":null,"9":null,"10":null,"11":0.047502,"12":null,"13":null,"14":null,"15":null,"16":0.006786,"17":null,"18":0.013572,"19":null,"20":null,"21":0.013572,"22":0.054288,"23":0.013572,"24":0.013572,"25":0.013572,"26":0.027144,"27":0.013572,"28":0.013572,"29":0.027144,"30":0.013572,"31":0.156078,"32":0.027144,"33":0.061074,"34":0.074646,"35":0.074646,"36":0.108576,"37":0.088218,"38":0.088218,"39":0.13572,"40":0.088218,"41":0.156078,"42":0.142506,"43":0.223938,"44":0.257868,"45":0.366444,"46":0.590382,"47":27.917604,"48":2.856906,"49":0.10179,"50":0.013572,"51":null},"opera":{"9":null,"9.5-9.6":null,"10.0-10.1":0,"10.5":null,"10.6":null,"11":null,"11.1":null,"11.5":null,"11.6":0.013572,"12":0.027144,"12.1":0.413946,"15":null,"16":null,"17":null,"18":0.020358,"19":null,"20":null,"21":null,"22":null,"23":null,"24":null,"25":null,"26":null,"27":null,"28":0.047502,"29":0.006786,"30":0.013572,"31":0.020358,"32":0.03393,"33":0.040716,"34":1.49292,"35":0.013572,"36":null},"safari":{"3.1":null,"3.2":null,"4":0.027144,"5":0.088218,"5.1":0.23751,"6":0.027144,"6.1":0.156078,"7":0.095004,"7.1":0.074646,"8":0.502164,"9":2.537964,"9.1":0.006786},"android":{"2.1":0,"2.2":0,"2.3":0.0263623141339,"3":0,"4":0.109568368119,"4.1":0.374839154091,"4.2-4.3":0.834532006801,"4.4":1.66082579044,"4.4.3-4.4.4":0.869956366419,"47":null},"ios_saf":{"3.2":0,"4.0-4.1":0,"4.2-4.3":0,"5.0-5.1":0,"6.0-6.1":0,"7.0-7.1":0.346346824972,"8":0.0242892578552,"8.1-8.4":0.989562357062,"9.0-9.2":7.37223956011,"9.3":null},"op_mob":{"10":0,"11":0,"11.1":0,"11.5":0,"12":5.51588110931e-5,"12.1":5.51588110931e-5,"0":0.00292341698794},"ie":{"5.5":null,"6":0.0274030837004,"7":0.0411046255507,"8":0.733032488987,"9":0.664524779736,"10":0.589166299559,"11":7.24811563877},"bb":{"7":0.0602625,"10":null},"ie_mob":{"10":0.23173210084,"11":1.02172789916},"edge":{"12":0.536094,"13":1.140048,"14":null},"and_uc":{"0":0.501384},"op_mini":{"5.0-8.0":0.73618626539},"and_chr":{"0":17.61537},"and_ff":{"0":0.04821}},"total":97.7478314163}