{"id":"oc","name":"Oceania","month":"2016-05","access_date":"2016-06-03","data":{"chrome":{"4":null,"5":null,"6":null,"7":null,"8":null,"9":null,"10":null,"11":0.0244,"12":null,"13":null,"14":null,"15":null,"16":null,"17":null,"18":0.0061,"19":null,"20":null,"21":0.0061,"22":0.0183,"23":null,"24":null,"25":null,"26":0.0366,"27":0.0061,"28":0.0122,"29":0.1098,"30":0.0122,"31":0.0427,"32":0.0183,"33":0.0549,"34":0.0549,"35":0.0427,"36":0.0549,"37":0.0366,"38":0.0549,"39":0.0854,"40":0.0671,"41":0.0854,"42":0.0854,"43":0.1769,"44":0.1525,"45":0.3965,"46":0.1769,"47":0.2623,"48":0.4087,"49":4.7092,"50":25.1198,"51":0.3843,"52":0.0671,"53":null,"54":null},"firefox":{"2":null,"3":null,"3.5":null,"3.6":0.0122,"4":null,"5":null,"6":null,"7":null,"8":null,"9":null,"10":null,"11":null,"12":0.0061,"13":null,"14":null,"15":null,"16":0.0122,"17":null,"18":null,"19":null,"20":0.0366,"21":0.0122,"22":0.0061,"23":null,"24":0.0122,"25":null,"26":0.0061,"27":0.0061,"28":0.0061,"29":0.0122,"30":0.0061,"31":0.0244,"32":0.0122,"33":0.0122,"34":0.0305,"35":0.0183,"36":0.0183,"37":0.0366,"38":0.2074,"39":0.0549,"40":0.0366,"41":0.061,"42":0.0671,"43":0.1403,"44":0.122,"45":1.2871,"46":5.185,"47":0.0793,"48":0.0061,"49":null},"opera":{"9":null,"9.5-9.6":null,"10.0-10.1":0,"10.5":null,"10.6":null,"11":null,"11.1":null,"11.5":null,"11.6":null,"12":null,"12.1":0.0305,"15":null,"16":null,"17":null,"18":null,"19":null,"20":null,"21":null,"22":null,"23":null,"24":null,"25":null,"26":null,"27":null,"28":0.0122,"29":null,"30":null,"31":null,"32":null,"33":null,"34":0.0122,"35":null,"36":0.0671,"37":0.1891,"38":null,"39":null},"safari":{"3.1":null,"3.2":null,"4":0.0122,"5":0.0671,"5.1":0.2257,"6":0.0366,"6.1":0.1891,"7":0.1159,"7.1":0.061,"8":0.6954,"9":1.4335,"9.1":3.3794,"0":null},"ios_saf":{"3.2":0,"4.0-4.1":0,"4.2-4.3":0,"5.0-5.1":0,"6.0-6.1":0.0519619037995,"7.0-7.1":0.515462085691,"8":0,"8.1-8.4":1.31359692805,"9.0-9.2":2.74982394907,"9.3":15.9377551334},"android":{"2.1":0,"2.2":0,"2.3":0.00674361158433,"3":0,"4":0.0414250425894,"4.1":0.143060902896,"4.2-4.3":0.330436967632,"4.4":0.749985945486,"4.4.3-4.4.4":0.424847529813,"50":null},"op_mob":{"10":0,"11":0,"11.1":0,"11.5":0,"12":0,"12.1":2.39709128685e-5,"0":0.000587287365277},"ie":{"5.5":null,"6":0.00615976485957,"7":0.0123195297191,"8":0.295668713259,"9":0.455822599608,"10":0.517420248204,"11":8.12472984977},"bb":{"7":0.014625,"10":null},"ie_mob":{"10":0.135241935484,"11":0.352258064516},"edge":{"12":0.2318,"13":2.5132,"14":0.0061},"and_ff":{"0":0.0468},"and_uc":{"0":1.2636},"op_mini":{"5.0-8.0":0.276288741722},"and_chr":{"0":11.9581}},"total":95.3055457054}