{"id":"eu","name":"Europe","month":"2016-05","access_date":"2016-06-03","data":{"chrome":{"4":null,"5":null,"6":null,"7":null,"8":null,"9":null,"10":null,"11":0.03256,"12":null,"13":null,"14":null,"15":null,"16":0.013024,"17":null,"18":0.013024,"19":null,"20":null,"21":0.013024,"22":0.039072,"23":0.013024,"24":0.013024,"25":0.013024,"26":0.026048,"27":0.013024,"28":0.013024,"29":0.768416,"30":0.013024,"31":0.175824,"32":0.026048,"33":0.052096,"34":0.052096,"35":0.052096,"36":0.084656,"37":0.071632,"38":0.052096,"39":0.084656,"40":0.06512,"41":0.084656,"42":0.071632,"43":0.156288,"44":0.104192,"45":0.156288,"46":0.149776,"47":0.319088,"48":0.345136,"49":5.164016,"50":24.934448,"51":0.410256,"52":0.071632,"53":null,"54":null},"firefox":{"2":null,"3":0.019536,"3.5":0.006512,"3.6":0.045584,"4":0.013024,"5":0.006512,"6":0.019536,"7":null,"8":null,"9":null,"10":0.013024,"11":0.013024,"12":0.026048,"13":null,"14":null,"15":0.013024,"16":0.026048,"17":0.013024,"18":0.006512,"19":0.006512,"20":0.013024,"21":0.013024,"22":0.006512,"23":0.006512,"24":0.026048,"25":0.084656,"26":0.026048,"27":0.013024,"28":0.019536,"29":0.013024,"30":0.019536,"31":0.078144,"32":0.026048,"33":0.039072,"34":0.052096,"35":0.052096,"36":0.071632,"37":0.052096,"38":0.299552,"39":0.09768,"40":0.091168,"41":0.09768,"42":0.247456,"43":0.429792,"44":0.240944,"45":2.168496,"46":9.064704,"47":0.09768,"48":0.013024,"49":null},"opera":{"9":null,"9.5-9.6":null,"10.0-10.1":0,"10.5":null,"10.6":null,"11":null,"11.1":null,"11.5":null,"11.6":0.013024,"12":0.026048,"12.1":0.345136,"15":null,"16":null,"17":null,"18":0.03256,"19":null,"20":null,"21":null,"22":null,"23":null,"24":null,"25":null,"26":null,"27":null,"28":0.013024,"29":null,"30":0.006512,"31":null,"32":0.006512,"33":0.013024,"34":0.019536,"35":0.026048,"36":0.397232,"37":0.996336,"38":null,"39":null},"safari":{"3.1":null,"3.2":null,"4":0.026048,"5":0.071632,"5.1":0.175824,"6":0.019536,"6.1":0.123728,"7":0.06512,"7.1":0.03256,"8":0.3256,"9":0.774928,"9.1":2.129424,"0":null},"ios_saf":{"3.2":0,"4.0-4.1":0,"4.2-4.3":0,"5.0-5.1":0,"6.0-6.1":0.0226547291835,"7.0-7.1":0.2247349135,"8":0,"8.1-8.4":0.572711553759,"9.0-9.2":1.19888826839,"9.3":6.94865853517},"android":{"2.1":0,"2.2":0,"2.3":0.0122426621238,"3":0,"4":0.0752049244747,"4.1":0.259719332198,"4.2-4.3":0.599890444066,"4.4":1.36155892334,"4.4.3-4.4.4":0.771287713799,"50":null},"op_mob":{"10":0,"11":0,"11.1":0,"11.5":0,"12":0,"12.1":6.37118988876e-5,"0":0.00156094152275},"ie":{"5.5":null,"6":0.0197263418955,"7":0.0328772364925,"8":0.460281310895,"9":0.427404074402,"10":0.381375943313,"11":6.08886419841},"bb":{"7":0.066272,"10":null},"ie_mob":{"10":0.308676748387,"11":0.803995251613},"edge":{"12":0.19536,"13":1.868944,"14":null},"and_ff":{"0":0.055808},"and_uc":{"0":0.659232},"op_mini":{"5.0-8.0":0.734343346578},"and_chr":{"0":17.478752}},"total":94.6257451054}