{"id":"ww","name":"Worldwide","month":"2016-05","access_date":"2016-06-03","data":{"chrome":{"4":null,"5":null,"6":0.005152,"7":null,"8":null,"9":null,"10":0.010304,"11":0.036064,"12":0.010304,"13":null,"14":null,"15":null,"16":0.010304,"17":0.005152,"18":0.010304,"19":0.015456,"20":0.010304,"21":0.020608,"22":0.041216,"23":0.015456,"24":0.036064,"25":0.015456,"26":0.030912,"27":0.015456,"28":0.020608,"29":0.633696,"30":0.030912,"31":0.139104,"32":0.036064,"33":0.07728,"34":0.056672,"35":0.072128,"36":0.066976,"37":0.061824,"38":0.056672,"39":0.092736,"40":0.07728,"41":0.108192,"42":0.113344,"43":0.33488,"44":0.15456,"45":0.504896,"46":0.200928,"47":0.340032,"48":0.582176,"49":4.368896,"50":20.803776,"51":0.376096,"52":0.087584,"53":0.005152,"54":null},"firefox":{"2":0.010304,"3":0.041216,"3.5":0.005152,"3.6":0.030912,"4":0.010304,"5":0.010304,"6":0.041216,"7":null,"8":0.015456,"9":0.005152,"10":0.010304,"11":0.015456,"12":0.020608,"13":0.010304,"14":0.010304,"15":0.020608,"16":0.020608,"17":0.010304,"18":0.020608,"19":0.010304,"20":0.015456,"21":0.030912,"22":0.010304,"23":0.020608,"24":0.020608,"25":0.05152,"26":0.020608,"27":0.020608,"28":0.02576,"29":0.030912,"30":0.030912,"31":0.061824,"32":0.02576,"33":0.036064,"34":0.046368,"35":0.05152,"36":0.05152,"37":0.056672,"38":0.185472,"39":0.072128,"40":0.066976,"41":0.07728,"42":0.118496,"43":0.273056,"44":0.18032,"45":1.226176,"46":4.873792,"47":0.170016,"48":0.005152,"49":null},"opera":{"9":null,"9.5-9.6":null,"10.0-10.1":0.010304,"10.5":null,"10.6":null,"11":null,"11.1":null,"11.5":null,"11.6":0.005152,"12":0.010304,"12.1":0.10304,"15":null,"16":null,"17":null,"18":0.010304,"19":null,"20":null,"21":null,"22":null,"23":null,"24":null,"25":null,"26":null,"27":0.010304,"28":0.020608,"29":0.010304,"30":0.015456,"31":0.005152,"32":0.005152,"33":0.005152,"34":0.020608,"35":0.015456,"36":0.170016,"37":0.427616,"38":null,"39":null},"safari":{"3.1":null,"3.2":null,"4":0.015456,"5":0.061824,"5.1":0.10304,"6":0.015456,"6.1":0.07728,"7":0.046368,"7.1":0.02576,"8":0.226688,"9":0.473984,"9.1":1.324064,"0":null},"ios_saf":{"3.2":0,"4.0-4.1":0,"4.2-4.3":0,"5.0-5.1":0,"6.0-6.1":0.0212658245756,"7.0-7.1":0.21095697979,"8":0,"8.1-8.4":0.537600045271,"9.0-9.2":1.12538743654,"9.3":6.52265371382},"android":{"2.1":0,"2.2":0,"2.3":0.0148030800681,"3":0,"4":0.0909332061329,"4.1":0.314036770017,"4.2-4.3":0.725350923339,"4.4":1.64631397615,"4.4.3-4.4.4":0.932594044293,"50":null},"op_mob":{"10":0,"11":0,"11.1":0,"11.5":0,"12":0,"12.1":0.000460910011687,"0":0.0112922952863},"ie":{"5.5":null,"6":0.0370794786806,"7":0.0317824102977,"8":0.614459932422,"9":0.45025081255,"10":0.423765470636,"11":5.0004325535},"bb":{"7":0.08606975,"10":null},"ie_mob":{"10":0.204471380645,"11":0.532576619355},"edge":{"12":0.123648,"13":1.164352,"14":0.010304},"and_ff":{"0":0.043641},"and_uc":{"0":9.935601},"op_mini":{"5.0-8.0":5.3124487947},"and_chr":{"0":18.039476}},"total":95.2460564081}