{"id":"af","name":"Africa","month":"2016-05","access_date":"2016-06-03","data":{"chrome":{"4":0.030272,"5":0.030272,"6":0.01892,"7":0.003784,"8":0.003784,"9":0.026488,"10":0.007568,"11":0.071896,"12":0.034056,"13":0.007568,"14":0.007568,"15":0.011352,"16":0.030272,"17":0.041624,"18":0.015136,"19":0.185416,"20":0.052976,"21":0.034056,"22":0.015136,"23":0.03784,"24":0.525976,"25":0.049192,"26":0.117304,"27":0.052976,"28":0.083248,"29":0.280016,"30":0.253528,"31":0.155144,"32":0.200552,"33":0.423808,"34":0.257312,"35":0.52976,"36":0.238392,"37":0.261096,"38":0.17028,"39":0.268664,"40":0.336776,"41":0.34056,"42":0.317856,"43":1.369808,"44":0.389752,"45":0.332992,"46":0.174064,"47":0.22704,"48":0.41624,"49":2.44068,"50":9.437296,"51":0.211904,"52":0.045408,"53":null,"54":null},"firefox":{"2":0.181632,"3":0.064328,"3.5":0.011352,"3.6":0.083248,"4":0.03784,"5":0.034056,"6":0.015136,"7":0.01892,"8":0.034056,"9":0.026488,"10":0.026488,"11":0.052976,"12":0.05676,"13":0.052976,"14":0.026488,"15":0.230824,"16":0.052976,"17":0.026488,"18":0.215688,"19":0.05676,"20":0.052976,"21":0.230824,"22":0.049192,"23":0.22704,"24":0.060544,"25":0.420024,"26":0.102168,"27":0.090816,"28":0.136224,"29":0.155144,"30":0.162712,"31":0.185416,"32":0.105952,"33":0.071896,"34":0.083248,"35":0.0946,"36":0.105952,"37":0.128656,"38":0.155144,"39":0.098384,"40":0.098384,"41":0.083248,"42":0.079464,"43":0.393536,"44":0.219472,"45":0.8514,"46":3.265592,"47":0.306504,"48":0.011352,"49":null},"opera":{"9":null,"9.5-9.6":null,"10.0-10.1":0.174064,"10.5":null,"10.6":null,"11":0.011352,"11.1":null,"11.5":null,"11.6":0.030272,"12":0.003784,"12.1":0.03784,"15":0.015136,"16":null,"17":0.011352,"18":0.015136,"19":0.03784,"20":0.052976,"21":0.052976,"22":0.03784,"23":0.034056,"24":null,"25":null,"26":0.007568,"27":null,"28":0.030272,"29":0.030272,"30":0.022704,"31":0.011352,"32":0.011352,"33":0.015136,"34":0.022704,"35":0.045408,"36":0.162712,"37":0.385968,"38":null,"39":null},"safari":{"3.1":null,"3.2":null,"4":0.007568,"5":0.181632,"5.1":0.022704,"6":0.01892,"6.1":0.011352,"7":0.026488,"7.1":0.022704,"8":0.060544,"9":0.0946,"9.1":0.196768,"0":null},"ios_saf":{"3.2":0,"4.0-4.1":0,"4.2-4.3":0,"5.0-5.1":0,"6.0-6.1":0.00438051990703,"7.0-7.1":0.0434547574778,"8":0,"8.1-8.4":0.11073954325,"9.0-9.2":0.23181711348,"9.3":1.34359306589},"android":{"2.1":0,"2.2":0,"2.3":0.017318003975,"3":0,"4":0.106382024418,"4.1":0.367389084327,"4.2-4.3":0.848582194776,"4.4":1.92600944208,"4.4.3-4.4.4":1.09103425043,"50":null},"op_mob":{"10":0,"11":0,"11.1":0,"11.5":0,"12":0,"12.1":0.00309902610051,"0":0.0759261394624},"ie":{"5.5":null,"6":0.0154003842795,"7":0.0231005764192,"8":0.804670078603,"9":0.565964122271,"10":0.6006149869,"11":1.50923765939},"bb":{"7":0.38999125,"10":null},"ie_mob":{"10":0.281038290323,"11":0.732006709677},"edge":{"12":0.079464,"13":0.242176,"14":null},"and_ff":{"0":0.09944},"and_uc":{"0":4.37536},"op_mini":{"5.0-8.0":35.7193748344},"and_chr":{"0":11.598576}},"total":95.0144440579}