{"id":"sa","name":"South America","month":"2016-05","access_date":"2016-06-03","data":{"chrome":{"4":null,"5":null,"6":0.006801,"7":null,"8":null,"9":null,"10":null,"11":0.020403,"12":0.006801,"13":null,"14":null,"15":null,"16":null,"17":null,"18":0.020403,"19":null,"20":0.006801,"21":0.006801,"22":0.054408,"23":0.006801,"24":0.006801,"25":0.013602,"26":0.034005,"27":0.020403,"28":0.013602,"29":0.537279,"30":0.013602,"31":0.047607,"32":0.06801,"33":0.040806,"34":0.061209,"35":0.074811,"36":0.156423,"37":0.061209,"38":0.074811,"39":0.095214,"40":0.06801,"41":0.081612,"42":0.074811,"43":0.312846,"44":0.183627,"45":0.20403,"46":0.34005,"47":0.47607,"48":0.54408,"49":7.236264,"50":39.724641,"51":0.720906,"52":0.088413,"53":null,"54":null},"firefox":{"2":null,"3":0.020403,"3.5":0.006801,"3.6":0.040806,"4":0.006801,"5":null,"6":0.034005,"7":null,"8":0.054408,"9":null,"10":null,"11":0.006801,"12":0.020403,"13":null,"14":0.006801,"15":0.013602,"16":0.013602,"17":0.013602,"18":null,"19":null,"20":0.020403,"21":0.013602,"22":0.006801,"23":0.013602,"24":0.013602,"25":0.020403,"26":0.013602,"27":0.027204,"28":0.013602,"29":0.020403,"30":0.020403,"31":0.061209,"32":0.013602,"33":0.040806,"34":0.027204,"35":0.027204,"36":0.027204,"37":0.040806,"38":0.102015,"39":0.061209,"40":0.061209,"41":0.06801,"42":0.088413,"43":0.238035,"44":0.149622,"45":1.135767,"46":4.753899,"47":0.054408,"48":0.006801,"49":null},"opera":{"9":null,"9.5-9.6":null,"10.0-10.1":0,"10.5":null,"10.6":null,"11":null,"11.1":null,"11.5":null,"11.6":null,"12":null,"12.1":0.020403,"15":null,"16":null,"17":null,"18":null,"19":null,"20":null,"21":null,"22":null,"23":null,"24":null,"25":null,"26":null,"27":null,"28":0.006801,"29":0.006801,"30":null,"31":null,"32":null,"33":0.006801,"34":0.006801,"35":0.013602,"36":0.129219,"37":0.442065,"38":null,"39":null},"safari":{"3.1":null,"3.2":null,"4":0.013602,"5":0.020403,"5.1":0.040806,"6":0.013602,"6.1":0.034005,"7":0.027204,"7.1":0.013602,"8":0.149622,"9":0.285642,"9.1":0.734508,"0":null},"ios_saf":{"3.2":0,"4.0-4.1":0,"4.2-4.3":0,"5.0-5.1":0,"6.0-6.1":0.00786334630154,"7.0-7.1":0.0780043953112,"8":0,"8.1-8.4":0.198785394503,"9.0-9.2":0.416128286277,"9.3":2.41184557761},"android":{"2.1":0,"2.2":0,"2.3":0.014661629188,"3":0,"4":0.0900642935832,"4.1":0.31103599063,"4.2-4.3":0.71841983021,"4.4":1.63058261755,"4.4.3-4.4.4":0.923682638842,"50":null},"op_mob":{"10":0,"11":0,"11.1":0,"11.5":0,"12":0,"12.1":0.00011963537203,"0":0.00293106661473},"ie":{"5.5":null,"6":0.0351199180328,"7":0.0280959344262,"8":0.505726819672,"9":0.330127229508,"10":0.295007311475,"11":2.21957881967},"bb":{"7":0.0495845,"10":null},"ie_mob":{"10":0.364747916129,"11":0.950041083871},"edge":{"12":0.129219,"13":0.700503,"14":null},"and_ff":{"0":0.028791},"and_uc":{"0":0.582218},"op_mini":{"5.0-8.0":1.37891729801},"and_chr":{"0":22.217527}},"total":97.4678765328}