{"id":"AM","name":"Armenia","month":"2016-05","access_date":"2016-06-03","data":{"chrome":{"4":0.008285,"5":0.01657,"6":null,"7":0.008285,"8":null,"9":0.008285,"10":0.01657,"11":0.01657,"12":0.04971,"13":0.008285,"14":0.01657,"15":0.024855,"16":0.03314,"17":0.03314,"18":0.06628,"19":0.03314,"20":0.01657,"21":0.024855,"22":0.074565,"23":0.01657,"24":0.08285,"25":0.024855,"26":0.057995,"27":0.04971,"28":0.03314,"29":0.803645,"30":0.01657,"31":0.01657,"32":0.01657,"33":0.024855,"34":0.041425,"35":0.024855,"36":0.03314,"37":0.03314,"38":0.041425,"39":0.091135,"40":0.124275,"41":0.074565,"42":0.04971,"43":0.21541,"44":0.1657,"45":0.28169,"46":0.23198,"47":0.439105,"48":0.69594,"49":8.38442,"50":38.29327,"51":0.687655,"52":0.339685,"53":null,"54":null},"firefox":{"2":0.008285,"3":0.024855,"3.5":0.024855,"3.6":0.13256,"4":0.008285,"5":null,"6":null,"7":null,"8":null,"9":0.008285,"10":null,"11":null,"12":0.008285,"13":null,"14":null,"15":null,"16":null,"17":null,"18":null,"19":null,"20":0.008285,"21":0.01657,"22":null,"23":0.01657,"24":null,"25":null,"26":0.024855,"27":0.01657,"28":null,"29":0.024855,"30":0.008285,"31":0.01657,"32":null,"33":0.008285,"34":0.01657,"35":0.08285,"36":0.008285,"37":0.041425,"38":0.11599,"39":0.01657,"40":0.01657,"41":0.03314,"42":0.107705,"43":0.11599,"44":0.074565,"45":10.994195,"46":8.939515,"47":0.024855,"48":null,"49":null},"opera":{"9":null,"9.5-9.6":null,"10.0-10.1":0,"10.5":null,"10.6":0.01657,"11":null,"11.1":null,"11.5":0.008285,"11.6":0.03314,"12":0.041425,"12.1":0.1657,"15":null,"16":null,"17":null,"18":null,"19":null,"20":0.01657,"21":0.01657,"22":null,"23":null,"24":null,"25":null,"26":null,"27":0.024855,"28":0.04971,"29":0.008285,"30":0.01657,"31":null,"32":0.024855,"33":0.024855,"34":0.01657,"35":0.01657,"36":0.488815,"37":1.499585,"38":0.008285,"39":null},"safari":{"3.1":null,"3.2":null,"4":0.01657,"5":0.04971,"5.1":0.03314,"6":null,"6.1":0.008285,"7":null,"7.1":null,"8":0.057995,"9":0.09942,"9.1":0.34797,"0":null},"ios_saf":{"3.2":0,"4.0-4.1":0,"4.2-4.3":0,"5.0-5.1":0,"6.0-6.1":0.0119604991916,"7.0-7.1":0.118648151981,"8":0,"8.1-8.4":0.302361419563,"9.0-9.2":0.632949617219,"9.3":3.66852431205},"android":{"2.1":0,"2.2":0,"2.3":0.00702575809199,"3":0,"4":0.0431582282794,"4.1":0.149046439523,"4.2-4.3":0.344262146508,"4.4":0.781364667802,"4.4.3-4.4.4":0.442622759796,"50":null},"op_mob":{"10":0,"11":0,"11.1":0,"11.5":0,"12":0,"12.1":7.62072458122e-5,"0":0.0018670775224},"ie":{"5.5":null,"6":0.0088475617284,"7":0.0176951234568,"8":0.415835401235,"9":0.0973231790123,"10":0.203493919753,"11":0.66356712963},"bb":{"7":0.022737,"10":null},"ie_mob":{"10":0.119965006452,"11":0.312466993548},"edge":{"12":0.06628,"13":0.339685,"14":null},"and_ff":{"0":0.02574},"and_uc":{"0":0.37752},"op_mini":{"5.0-8.0":0.878364715232},"and_chr":{"0":8.880695}},"total":94.8163983148}