{"id":"AO","name":"Angola","month":"2016-05","access_date":"2016-06-03","data":{"chrome":{"4":null,"5":null,"6":null,"7":null,"8":null,"9":null,"10":null,"11":0.072358,"12":0.013156,"13":0.003289,"14":0.003289,"15":0.006578,"16":0.009867,"17":null,"18":0.013156,"19":0.003289,"20":0.003289,"21":0.016445,"22":0.013156,"23":0.013156,"24":0.009867,"25":0.026312,"26":0.039468,"27":0.042757,"28":0.013156,"29":0.105248,"30":0.019734,"31":0.055913,"32":0.062491,"33":0.049335,"34":0.019734,"35":0.036179,"36":0.240097,"37":0.036179,"38":0.016445,"39":0.046046,"40":0.059202,"41":0.154583,"42":0.059202,"43":0.598598,"44":0.06578,"45":0.325611,"46":0.055913,"47":0.289432,"48":0.19734,"49":1.391247,"50":11.340472,"51":0.200629,"52":0.036179,"53":null,"54":null},"firefox":{"2":null,"3":0.019734,"3.5":0.019734,"3.6":0.029601,"4":0.046046,"5":0.019734,"6":0.019734,"7":0.009867,"8":0.009867,"9":0.023023,"10":0.013156,"11":0.023023,"12":0.029601,"13":0.016445,"14":0.036179,"15":0.023023,"16":0.016445,"17":0.03289,"18":0.026312,"19":0.009867,"20":0.023023,"21":0.101959,"22":0.019734,"23":0.029601,"24":0.016445,"25":0.036179,"26":0.055913,"27":0.016445,"28":0.013156,"29":0.026312,"30":0.06578,"31":0.03289,"32":0.016445,"33":0.03289,"34":0.046046,"35":0.019734,"36":0.046046,"37":0.075647,"38":0.046046,"39":0.029601,"40":0.046046,"41":0.059202,"42":0.046046,"43":0.302588,"44":0.128271,"45":0.700557,"46":2.312167,"47":0.06578,"48":null,"49":null},"opera":{"9":null,"9.5-9.6":0.003289,"10.0-10.1":0,"10.5":0.009867,"10.6":0.016445,"11":0.006578,"11.1":null,"11.5":0.009867,"11.6":0.036179,"12":0.026312,"12.1":0.072358,"15":0.009867,"16":0.009867,"17":null,"18":0.016445,"19":null,"20":0.006578,"21":0.003289,"22":0.003289,"23":null,"24":null,"25":null,"26":null,"27":null,"28":0.09867,"29":0.006578,"30":0.009867,"31":0.009867,"32":0.029601,"33":0.016445,"34":0.026312,"35":0.039468,"36":0.174317,"37":0.618332,"38":0.003289,"39":null},"safari":{"3.1":null,"3.2":null,"4":0.003289,"5":0.046046,"5.1":0.09867,"6":0.019734,"6.1":0.046046,"7":0.019734,"7.1":0.019734,"8":0.151294,"9":0.282854,"9.1":0.75647,"0":null},"ios_saf":{"3.2":0,"4.0-4.1":0,"4.2-4.3":0,"5.0-5.1":0,"6.0-6.1":0.00864644805982,"7.0-7.1":0.0857727647534,"8":0,"8.1-8.4":0.218582206952,"9.0-9.2":0.457570031326,"9.3":2.65203854891},"android":{"2.1":0,"2.2":0,"2.3":0.0299308313458,"3":0,"4":0.183860821124,"4.1":0.634961207836,"4.2-4.3":1.46661073595,"4.4":3.32873602896,"4.4.3-4.4.4":1.88564237479,"50":null},"op_mob":{"10":0,"11":0,"11.1":0,"11.5":0,"12":0,"12.1":0.00323829061161,"0":0.0793381199844},"ie":{"5.5":null,"6":0.00667074464752,"7":0.0333537232376,"8":0.637056113838,"9":0.393573934204,"10":0.847184570235,"11":4.20590450026},"bb":{"7":0.07549875,"10":null},"ie_mob":{"10":0.234581922581,"11":0.611004077419},"edge":{"12":0.220363,"13":0.851851,"14":null},"and_ff":{"0":0.053688},"and_uc":{"0":3.241413},"op_mini":{"5.0-8.0":37.3245375894},"and_chr":{"0":12.245957}},"total":95.3234203364}