{"id":"AR","name":"Argentina","month":"2016-01","access_date":"2016-02-03","data":{"firefox":{"2":0,"3":0.01305,"3.5":0.01305,"3.6":0.032625,"4":0.006525,"5":0.006525,"6":0.019575,"7":0.006525,"8":0,"9":0.006525,"10":0.006525,"11":0.01305,"12":0.045675,"13":0.006525,"14":0.006525,"15":0.032625,"16":0.01305,"17":0.006525,"18":0.006525,"19":0.006525,"20":0.019575,"21":0.0261,"22":0.006525,"23":0.01305,"24":0.01305,"25":0.01305,"26":0.01305,"27":0.019575,"28":0.01305,"29":0.032625,"30":0.019575,"31":0.03915,"32":0.019575,"33":0.0261,"34":0.032625,"35":0.0261,"36":0.0261,"37":0.06525,"38":0.11745,"39":0.11745,"40":0.0783,"41":0.1044,"42":0.176175,"43":5.043825,"44":0.261,"45":0.006525,"46":0,"47":0},"chrome":{"4":0,"5":0,"6":0,"7":0,"8":0,"9":0,"10":0.006525,"11":0.032625,"12":0.01305,"13":0.006525,"14":0,"15":0,"16":0,"17":0,"18":0.03915,"19":0,"20":0,"21":0.01305,"22":0.03915,"23":0.006525,"24":0.006525,"25":0.01305,"26":0.0522,"27":0.06525,"28":0.01305,"29":0.019575,"30":0.019575,"31":0.058725,"32":0.0261,"33":0.032625,"34":0.137025,"35":0.11745,"36":0.084825,"37":0.084825,"38":0.123975,"39":0.1305,"40":0.084825,"41":0.11745,"42":0.137025,"43":0.293625,"44":0.332775,"45":0.3393,"46":0.580725,"47":38.889,"48":3.8628,"49":0.0783,"50":0.006525,"51":0},"opera":{"9":0,"9.5-9.6":0,"10.0-10.1":0,"10.5":0,"10.6":0,"11":0,"11.1":0,"11.5":0,"11.6":0.006525,"12":0.006525,"12.1":0.03915,"15":0,"16":0,"17":0,"18":0,"19":0,"20":0,"21":0,"22":0,"23":0,"24":0,"25":0,"26":0,"27":0,"28":0.032625,"29":0.006525,"30":0.006525,"31":0.01305,"32":0.006525,"33":0.01305,"34":0.53505,"35":0.006525,"36":0},"safari":{"3.1":0,"3.2":0,"4":0.006525,"5":0.0261,"5.1":0.03915,"6":0.006525,"6.1":0.0261,"7":0.01305,"7.1":0.019575,"8":0.0783,"9":0.384975,"9.1":0},"android":{"2.1":0,"2.2":0,"2.3":0.0394887141339,"3":0,"4":0.164124968119,"4.1":0.561480154091,"4.2-4.3":1.2500646068,"4.4":2.48778899044,"4.4.3-4.4.4":1.30312756642,"47":null},"ios_saf":{"3.2":0,"4.0-4.1":0,"4.2-4.3":0,"5.0-5.1":0,"6.0-6.1":0,"7.0-7.1":0.121954015144,"8":0.00855261924384,"8.1-8.4":0.348440043268,"9.0-9.2":2.59587832234,"9.3":null},"op_mob":{"10":0,"11":0,"11.1":0,"11.5":0,"12":0.000162837955478,"12.1":0.000162837955478,"0":0.00863041164034},"ie":{"5.5":0,"6":0.0720245075319,"7":0.065476825029,"8":1.06072456547,"9":0.779174217845,"10":0.54345764774,"11":3.11669687138},"bb":{"7":0.052125,"10":null},"ie_mob":{"10":0.47347605042,"11":2.08759894958},"edge":{"12":0.1827,"13":0.306675,"14":0},"and_uc":{"0":0.3197},"op_mini":{"5.0-8.0":2.17334391245},"and_chr":{"0":25.144475},"and_ff":{"0":0.0278}},"total":99.009104635}