{"id":"AR","name":"Argentina","month":"2016-05","access_date":"2016-06-03","data":{"chrome":{"4":null,"5":null,"6":null,"7":null,"8":null,"9":null,"10":null,"11":0.024384,"12":0.012192,"13":0.006096,"14":null,"15":null,"16":null,"17":null,"18":0.03048,"19":null,"20":null,"21":0.012192,"22":0.036576,"23":0.006096,"24":null,"25":0.012192,"26":0.048768,"27":0.042672,"28":0.012192,"29":0.128016,"30":0.012192,"31":0.048768,"32":0.024384,"33":0.024384,"34":0.103632,"35":0.09144,"36":0.054864,"37":0.054864,"38":0.09144,"39":0.097536,"40":0.054864,"41":0.079248,"42":0.073152,"43":0.195072,"44":0.164592,"45":0.164592,"46":0.27432,"47":0.310896,"48":0.347472,"49":8.979408,"50":33.656016,"51":0.603504,"52":0.048768,"53":null,"54":null},"firefox":{"2":null,"3":0.012192,"3.5":0.018288,"3.6":0.03048,"4":null,"5":null,"6":0.018288,"7":null,"8":null,"9":null,"10":0.006096,"11":0.012192,"12":0.042672,"13":null,"14":null,"15":0.024384,"16":0.012192,"17":0.006096,"18":null,"19":0.006096,"20":0.012192,"21":0.012192,"22":0.006096,"23":0.006096,"24":0.012192,"25":0.006096,"26":0.012192,"27":0.012192,"28":0.006096,"29":0.03048,"30":0.018288,"31":0.03048,"32":0.012192,"33":0.018288,"34":0.024384,"35":0.024384,"36":0.024384,"37":0.036576,"38":0.079248,"39":0.054864,"40":0.048768,"41":0.048768,"42":0.054864,"43":0.176784,"44":0.097536,"45":1.018032,"46":4.4196,"47":0.042672,"48":null,"49":null},"opera":{"9":null,"9.5-9.6":null,"10.0-10.1":0,"10.5":null,"10.6":null,"11":null,"11.1":null,"11.5":null,"11.6":null,"12":null,"12.1":0.024384,"15":null,"16":null,"17":null,"18":null,"19":null,"20":null,"21":null,"22":null,"23":null,"24":null,"25":null,"26":null,"27":null,"28":0.006096,"29":0.012192,"30":null,"31":0.006096,"32":null,"33":0.006096,"34":null,"35":0.012192,"36":0.12192,"37":0.353568,"38":null,"39":null},"safari":{"3.1":null,"3.2":null,"4":0,"5":0.018288,"5.1":0.03048,"6":null,"6.1":0.018288,"7":0.012192,"7.1":0.006096,"8":0.067056,"9":0.134112,"9.1":0.402336,"0":null},"ios_saf":{"3.2":0,"4.0-4.1":0,"4.2-4.3":0,"5.0-5.1":0,"6.0-6.1":0.0059767178658,"7.0-7.1":0.0592890412288,"8":0,"8.1-8.4":0.151091427648,"9.0-9.2":0.316287909458,"9.3":1.8331789038},"android":{"2.1":0,"2.2":0,"2.3":0.016030564452,"3":0,"4":0.0984734673481,"4.1":0.340076974446,"4.2-4.3":0.785497658149,"4.4":1.78282777513,"4.4.3-4.4.4":1.00992556048,"50":null},"op_mob":{"10":0,"11":0,"11.1":0,"11.5":0,"12":0,"12.1":0.000163912911743,"0":0.00401586633771},"ie":{"5.5":null,"6":0.0613305775076,"7":0.0551975197568,"8":0.582640486322,"9":0.417047927052,"10":0.294386772036,"11":2.61268260182},"bb":{"7":0.037088,"10":null},"ie_mob":{"10":0.648744051613,"11":1.68975194839},"edge":{"12":0.128016,"13":0.658368,"14":null},"and_ff":{"0":0.01952},"and_uc":{"0":0.269376},"op_mini":{"5.0-8.0":1.88926022075},"and_chr":{"0":28.447776}},"total":97.9075898845}