{"id":"AS","name":"American Samoa","month":"2016-05","access_date":"2016-06-03","data":{"chrome":{"4":null,"5":null,"6":null,"7":null,"8":null,"9":null,"10":null,"11":0.037086,"12":null,"13":null,"14":null,"15":null,"16":null,"17":null,"18":null,"19":null,"20":null,"21":null,"22":null,"23":0.010596,"24":null,"25":null,"26":null,"27":null,"28":0.015894,"29":null,"30":null,"31":0.010596,"32":0.010596,"33":null,"34":0.010596,"35":0.010596,"36":null,"37":0.010596,"38":0.021192,"39":0.010596,"40":0.005298,"41":0.02649,"42":0.021192,"43":0.02649,"44":0.100662,"45":0.169536,"46":0.07947,"47":0.07947,"48":0.121854,"49":3.76158,"50":13.88076,"51":0.360264,"52":0.010596,"53":null,"54":null},"firefox":{"2":0.153642,"3":0.063576,"3.5":null,"3.6":0.063576,"4":null,"5":null,"6":null,"7":0.02649,"8":null,"9":null,"10":0.084768,"11":null,"12":0.010596,"13":null,"14":0.010596,"15":0.021192,"16":0.021192,"17":0.296688,"18":null,"19":null,"20":null,"21":null,"22":null,"23":null,"24":null,"25":null,"26":null,"27":null,"28":0.005298,"29":0.021192,"30":0.010596,"31":0.005298,"32":0.010596,"33":null,"34":0.015894,"35":null,"36":0.005298,"37":0.021192,"38":0.031788,"39":0.005298,"40":0.042384,"41":0.02649,"42":0.047682,"43":0.301986,"44":5.705946,"45":7.199982,"46":4.492704,"47":0.498012,"48":null,"49":null},"opera":{"9":null,"9.5-9.6":null,"10.0-10.1":0,"10.5":null,"10.6":null,"11":null,"11.1":null,"11.5":null,"11.6":null,"12":null,"12.1":null,"15":null,"16":null,"17":null,"18":null,"19":null,"20":null,"21":null,"22":null,"23":null,"24":null,"25":null,"26":null,"27":null,"28":null,"29":0.010596,"30":null,"31":null,"32":null,"33":null,"34":null,"35":null,"36":0.10596,"37":0.063576,"38":null,"39":null},"safari":{"3.1":null,"3.2":null,"4":0.02649,"5":0.249006,"5.1":1.170858,"6":0.21192,"6.1":0.095364,"7":4.74171,"7.1":null,"8":0.180132,"9":0.190728,"9.1":0.831786,"0":null},"ios_saf":{"3.2":0,"4.0-4.1":0,"4.2-4.3":0,"5.0-5.1":0,"6.0-6.1":0.0161038702506,"7.0-7.1":0.159750392886,"8":0,"8.1-8.4":0.407105839935,"9.0-9.2":0.852216813662,"9.3":4.93937908327},"android":{"2.1":0,"2.2":0,"2.3":0.0219753730835,"3":0,"4":0.134991577513,"4.1":0.466191843271,"4.2-4.3":1.07679328109,"4.4":2.44397542078,"4.4.3-4.4.4":1.38444850426,"50":null},"op_mob":{"10":0,"11":0,"11.1":0,"11.5":0,"12":0,"12.1":0.00132750396052,"0":0.0325238470329},"ie":{"5.5":null,"6":null,"7":null,"8":0.138076754177,"9":0.223047064439,"10":0.408919618138,"11":3.68027656325},"bb":{"7":0.00352575,"10":null},"ie_mob":{"10":0.11215676129,"11":0.29212923871},"edge":{"12":0.392052,"13":0.566886,"14":null},"and_ff":{"0":0.018804},"and_uc":{"0":4.174488},"op_mini":{"5.0-8.0":15.300810649},"and_chr":{"0":14.22882}},"total":97.34685975}