{"id":"AT","name":"Austria","month":"2016-05","access_date":"2016-06-03","data":{"chrome":{"4":null,"5":null,"6":null,"7":null,"8":null,"9":null,"10":null,"11":0.026508,"12":null,"13":null,"14":null,"15":null,"16":null,"17":null,"18":0.013254,"19":null,"20":null,"21":0.006627,"22":0.059643,"23":null,"24":0.006627,"25":null,"26":0.026508,"27":0.006627,"28":0.006627,"29":0.238572,"30":null,"31":0.06627,"32":0.013254,"33":0.026508,"34":0.039762,"35":0.026508,"36":0.046389,"37":0.019881,"38":0.033135,"39":0.046389,"40":0.026508,"41":0.039762,"42":0.026508,"43":0.072897,"44":0.06627,"45":0.119286,"46":0.13254,"47":0.119286,"48":0.245199,"49":3.286992,"50":19.629174,"51":0.351231,"52":0.059643,"53":null,"54":null},"firefox":{"2":null,"3":0.013254,"3.5":0.006627,"3.6":0.026508,"4":0.006627,"5":null,"6":null,"7":null,"8":null,"9":null,"10":0.039762,"11":null,"12":0.06627,"13":null,"14":0.006627,"15":null,"16":0.026508,"17":0.006627,"18":null,"19":0.006627,"20":0.013254,"21":0.019881,"22":null,"23":0.013254,"24":0.013254,"25":0.006627,"26":0.006627,"27":0.006627,"28":0.019881,"29":0.019881,"30":0.026508,"31":0.119286,"32":0.026508,"33":0.039762,"34":0.053016,"35":0.053016,"36":0.033135,"37":0.06627,"38":0.457263,"39":0.152421,"40":0.125913,"41":0.145794,"42":0.238572,"43":0.371112,"44":0.344604,"45":3.359889,"46":12.955785,"47":0.13254,"48":0.026508,"49":null},"opera":{"9":null,"9.5-9.6":null,"10.0-10.1":0,"10.5":null,"10.6":null,"11":null,"11.1":null,"11.5":0.006627,"11.6":null,"12":0.006627,"12.1":0.172302,"15":null,"16":null,"17":null,"18":null,"19":null,"20":null,"21":null,"22":null,"23":null,"24":null,"25":null,"26":null,"27":null,"28":0.013254,"29":null,"30":0.006627,"31":null,"32":null,"33":0.006627,"34":0.013254,"35":0.013254,"36":0.258453,"37":0.828375,"38":null,"39":null},"safari":{"3.1":null,"3.2":null,"4":0.026508,"5":0.086151,"5.1":0.298215,"6":0.039762,"6.1":0.185556,"7":0.079524,"7.1":0.046389,"8":0.450636,"9":1.066947,"9.1":2.955642,"0":null},"ios_saf":{"3.2":0,"4.0-4.1":0,"4.2-4.3":0,"5.0-5.1":0,"6.0-6.1":0.0257252602061,"7.0-7.1":0.255194581245,"8":0,"8.1-8.4":0.650334578011,"9.0-9.2":1.36138077011,"9.3":7.89045181043},"android":{"2.1":0,"2.2":0,"2.3":0.00962674503123,"3":0,"4":0.0591357194776,"4.1":0.204224519591,"4.2-4.3":0.47171050653,"4.4":1.0706315724,"4.4.3-4.4.4":0.606484936968,"50":null},"op_mob":{"10":0,"11":0,"11.1":0,"11.5":0,"12":0,"12.1":6.71592433883e-5,"0":0.00164540146301},"ie":{"5.5":null,"6":0.0199051127956,"7":0.0265401503942,"8":0.298576691935,"9":0.577248271073,"10":0.510897895088,"11":9.48810376592},"bb":{"7":0.030357,"10":null},"ie_mob":{"10":0.165625180645,"11":0.431395819355},"edge":{"12":0.278334,"13":2.524887,"14":0.006627},"and_ff":{"0":0.080952},"and_uc":{"0":1.126582},"op_mini":{"5.0-8.0":0.774077439294},"and_chr":{"0":14.362833}},"total":93.8072958872}