{"id":"AU","name":"Australia","month":"2016-05","access_date":"2016-06-03","data":{"chrome":{"4":null,"5":null,"6":null,"7":null,"8":null,"9":null,"10":null,"11":0.02434,"12":null,"13":null,"14":null,"15":null,"16":null,"17":null,"18":0.006085,"19":null,"20":null,"21":0.006085,"22":0.018255,"23":null,"24":null,"25":null,"26":0.03651,"27":0.01217,"28":0.01217,"29":0.10953,"30":0.01217,"31":0.042595,"32":0.018255,"33":0.054765,"34":0.06085,"35":0.04868,"36":0.054765,"37":0.03651,"38":0.054765,"39":0.091275,"40":0.07302,"41":0.091275,"42":0.08519,"43":0.188635,"44":0.15821,"45":0.3651,"46":0.188635,"47":0.273825,"48":0.407695,"49":4.64894,"50":24.77812,"51":0.37727,"52":0.066935,"53":null,"54":null},"firefox":{"2":null,"3":null,"3.5":null,"3.6":0.006085,"4":null,"5":null,"6":null,"7":null,"8":null,"9":null,"10":null,"11":null,"12":0.006085,"13":null,"14":null,"15":null,"16":0.006085,"17":null,"18":null,"19":null,"20":0.042595,"21":0.01217,"22":0.006085,"23":null,"24":0.01217,"25":null,"26":0.006085,"27":0.006085,"28":0.006085,"29":0.01217,"30":0.01217,"31":0.02434,"32":0.006085,"33":0.01217,"34":0.03651,"35":0.018255,"36":0.018255,"37":0.03651,"38":0.212975,"39":0.054765,"40":0.03651,"41":0.06085,"42":0.066935,"43":0.139955,"44":0.10953,"45":1.27785,"46":5.093145,"47":0.079105,"48":0.006085,"49":null},"opera":{"9":null,"9.5-9.6":null,"10.0-10.1":0,"10.5":null,"10.6":null,"11":null,"11.1":null,"11.5":null,"11.6":null,"12":null,"12.1":0.030425,"15":null,"16":null,"17":null,"18":null,"19":null,"20":null,"21":null,"22":null,"23":null,"24":null,"25":null,"26":null,"27":null,"28":0.01217,"29":null,"30":null,"31":null,"32":null,"33":null,"34":0.01217,"35":null,"36":0.066935,"37":0.188635,"38":null,"39":null},"safari":{"3.1":null,"3.2":null,"4":0.01217,"5":0.06085,"5.1":0.225145,"6":0.03651,"6.1":0.19472,"7":0.127785,"7.1":0.06085,"8":0.736285,"9":1.52125,"9.1":3.498875,"0":null},"ios_saf":{"3.2":0,"4.0-4.1":0,"4.2-4.3":0,"5.0-5.1":0,"6.0-6.1":0.0556375909458,"7.0-7.1":0.551924902183,"8":0,"8.1-8.4":1.40651829911,"9.0-9.2":2.94434131285,"9.3":17.0651618949},"android":{"2.1":0,"2.2":0,"2.3":0.0061330653038,"3":0,"4":0.0376745440091,"4.1":0.130108599659,"4.2-4.3":0.300520199886,"4.4":0.682084477002,"4.4.3-4.4.4":0.38638311414,"50":null},"op_mob":{"10":0,"11":0,"11.1":0,"11.5":0,"12":0,"12.1":1.05091113708e-5,"0":0.000257473228585},"ie":{"5.5":null,"6":0.00614713146139,"7":0.0122942629228,"8":0.288915178685,"9":0.467181991066,"10":0.534800437141,"11":8.30477460434},"bb":{"7":0.013706,"10":null},"ie_mob":{"10":0.130364903226,"11":0.339555096774},"edge":{"12":0.2434,"13":2.537445,"14":0.006085},"and_ff":{"0":0.046992},"and_uc":{"0":0.458172},"op_mini":{"5.0-8.0":0.12112801766},"and_chr":{"0":11.470649}},"total":95.1594666056}