{"id":"AW","name":"Aruba","month":"2016-01","access_date":"2016-02-03","data":{"firefox":{"2":0,"3":0,"3.5":0,"3.6":0,"4":0,"5":0,"6":0,"7":0,"8":0,"9":0,"10":0,"11":0.006008,"12":0,"13":0,"14":0,"15":0,"16":0,"17":0,"18":0,"19":0,"20":0,"21":0.006008,"22":0.012016,"23":0,"24":0.018024,"25":0,"26":0,"27":0,"28":0.006008,"29":0.042056,"30":0.018024,"31":0.018024,"32":0.006008,"33":0.006008,"34":0.072096,"35":0.006008,"36":0.012016,"37":0.018024,"38":0.042056,"39":0.036048,"40":0.036048,"41":0.114152,"42":0.192256,"43":4.668216,"44":0.318424,"45":0,"46":0.024032,"47":0.006008},"chrome":{"4":0,"5":0,"6":0,"7":0,"8":0,"9":0,"10":0,"11":0.042056,"12":0,"13":0,"14":0,"15":0,"16":0,"17":0,"18":0.012016,"19":0,"20":0,"21":0.006008,"22":0.036048,"23":0,"24":0.006008,"25":0.012016,"26":0.006008,"27":0,"28":0.006008,"29":0.006008,"30":0.006008,"31":0.06008,"32":0.012016,"33":0.042056,"34":0.048064,"35":0.036048,"36":0.054072,"37":0.018024,"38":0.036048,"39":0.042056,"40":0.03004,"41":0.024032,"42":0.06008,"43":0.114152,"44":0.162216,"45":0.384512,"46":0.222296,"47":20.51732,"48":1.886512,"49":0.09012,"50":0,"51":0},"opera":{"9":0,"9.5-9.6":0,"10.0-10.1":0,"10.5":0,"10.6":0,"11":0,"11.1":0,"11.5":0,"11.6":0,"12":0,"12.1":0.054072,"15":0,"16":0.006008,"17":0,"18":0,"19":0,"20":0,"21":0,"22":0,"23":0,"24":0,"25":0,"26":0,"27":0,"28":0.012016,"29":0.03004,"30":0.006008,"31":0.006008,"32":0.006008,"33":0.012016,"34":0.414552,"35":0,"36":0},"safari":{"3.1":0,"3.2":0,"4":0.006008,"5":0.03004,"5.1":0.192256,"6":0.042056,"6.1":0.096128,"7":0.066088,"7.1":0.09012,"8":0.492656,"9":2.52336,"9.1":0},"android":{"2.1":0,"2.2":0,"2.3":0.0421806928799,"3":0,"4":0.175313504782,"4.1":0.599756726886,"4.2-4.3":1.33528255898,"4.4":2.65738365143,"4.4.3-4.4.4":1.39196286504,"47":null},"ios_saf":{"3.2":0,"4.0-4.1":0,"4.2-4.3":0,"5.0-5.1":0,"6.0-6.1":0,"7.0-7.1":0.906371624601,"8":0.0635637243227,"8.1-8.4":2.58963321315,"9.0-9.2":19.2927674379,"9.3":null},"op_mob":{"10":0,"11":0,"11.1":0,"11.5":0,"12":8.6383285661e-6,"12.1":8.6383285661e-6,"0":0.000457831414003},"ie":{"5.5":0,"6":0,"7":0.0421001069743,"8":0.703673216571,"9":0.553315691662,"10":1.635889871,"11":8.53429311379},"bb":{"7":0.188622,"10":null},"ie_mob":{"10":0.0324727394958,"11":0.143175260504},"edge":{"12":0.66088,"13":1.375832,"14":0},"and_uc":{"0":0.143712},"op_mini":{"5.0-8.0":0.115292891929},"and_chr":{"0":21.450072},"and_ff":{"0":0.015968}},"total":98.396926}