{"id":"AX","name":"Aland Islands","month":"2016-05","access_date":"2016-06-03","data":{"chrome":{"4":null,"5":null,"6":null,"7":null,"8":null,"9":null,"10":null,"11":null,"12":null,"13":null,"14":null,"15":null,"16":null,"17":null,"18":null,"19":null,"20":null,"21":null,"22":0.013154,"23":null,"24":null,"25":null,"26":null,"27":null,"28":null,"29":null,"30":null,"31":null,"32":null,"33":null,"34":0.019731,"35":0.006577,"36":0.06577,"37":null,"38":null,"39":0.026308,"40":null,"41":0.013154,"42":null,"43":0.072347,"44":0.06577,"45":0.046039,"46":0.019731,"47":0.026308,"48":0.046039,"49":5.439179,"50":29.774079,"51":0.414351,"52":0.295965,"53":0.06577,"54":null},"firefox":{"2":null,"3":0.013154,"3.5":null,"3.6":0.006577,"4":0.013154,"5":null,"6":null,"7":null,"8":null,"9":null,"10":null,"11":null,"12":null,"13":null,"14":null,"15":null,"16":0.006577,"17":null,"18":null,"19":null,"20":0.013154,"21":null,"22":null,"23":null,"24":0.019731,"25":null,"26":0.006577,"27":null,"28":0.019731,"29":0.052616,"30":0.06577,"31":0.013154,"32":null,"33":null,"34":null,"35":null,"36":0.006577,"37":0.039462,"38":0.19731,"39":0.013154,"40":0.019731,"41":0.013154,"42":0.072347,"43":0.078924,"44":0.157848,"45":1.762636,"46":8.129172,"47":0.322273,"48":0.019731,"49":null},"opera":{"9":null,"9.5-9.6":null,"10.0-10.1":0,"10.5":null,"10.6":null,"11":null,"11.1":null,"11.5":null,"11.6":null,"12":null,"12.1":0.026308,"15":null,"16":null,"17":null,"18":null,"19":null,"20":null,"21":null,"22":null,"23":null,"24":null,"25":null,"26":null,"27":null,"28":null,"29":null,"30":null,"31":null,"32":null,"33":null,"34":null,"35":0.019731,"36":0.085501,"37":0.453813,"38":null,"39":null},"safari":{"3.1":null,"3.2":null,"4":0,"5":0.026308,"5.1":0.236772,"6":0.013154,"6.1":0.118386,"7":0.026308,"7.1":null,"8":0.236772,"9":2.341412,"9.1":2.545299,"0":null},"ios_saf":{"3.2":0,"4.0-4.1":0,"4.2-4.3":0,"5.0-5.1":0,"6.0-6.1":0.0353523848019,"7.0-7.1":0.350695657235,"8":0,"8.1-8.4":0.893708287793,"9.0-9.2":1.87084820372,"9.3":10.8432834665},"android":{"2.1":0,"2.2":0,"2.3":0.00445061669506,"3":0,"4":0.0273395025554,"4.1":0.0944166541738,"4.2-4.3":0.218080218058,"4.4":0.494972156729,"4.4.3-4.4.4":0.280388851789,"50":null},"op_mob":{"10":0,"11":0,"11.1":0,"11.5":0,"12":0,"12.1":1.24492922997e-5,"0":0.000305007661343},"ie":{"5.5":null,"6":null,"7":0.019731,"8":0.532737,"9":0.539314,"10":0.118386,"11":7.346509},"bb":{"7":0.001712,"10":null},"ie_mob":{"10":0.481591122581,"11":1.25437687742},"edge":{"12":0.243349,"13":2.459798,"14":0.006577},"and_ff":{"0":0.01712},"and_uc":{"0":0.0856},"op_mini":{"5.0-8.0":0.143490543046},"and_chr":{"0":13.030092}},"total":94.996787}