{"id":"AZ","name":"Azerbaijan","month":"2016-05","access_date":"2016-06-03","data":{"chrome":{"4":0.00967,"5":0.02901,"6":0.00967,"7":0.00967,"8":0.043515,"9":0.02901,"10":0.033845,"11":0.04835,"12":0.03868,"13":0.024175,"14":0.072525,"15":0.014505,"16":0.024175,"17":0.014505,"18":0.014505,"19":null,"20":0.00967,"21":0.014505,"22":0.17406,"23":0.014505,"24":0.014505,"25":0.014505,"26":0.05802,"27":0.02901,"28":0.02901,"29":0.2901,"30":0.024175,"31":0.01934,"32":0.024175,"33":0.04835,"34":0.03868,"35":0.024175,"36":0.149885,"37":0.053185,"38":0.05802,"39":0.043515,"40":0.053185,"41":0.05802,"42":0.03868,"43":0.29977,"44":0.130545,"45":0.24175,"46":0.16439,"47":0.275595,"48":0.575365,"49":4.88335,"50":24.595645,"51":0.47383,"52":0.149885,"53":null,"54":null},"firefox":{"2":null,"3":0.014505,"3.5":0.00967,"3.6":0.05802,"4":0.00967,"5":null,"6":0.014505,"7":null,"8":null,"9":0.00967,"10":null,"11":0.00967,"12":null,"13":null,"14":null,"15":0.00967,"16":0.004835,"17":null,"18":null,"19":null,"20":0.014505,"21":0.014505,"22":null,"23":0.004835,"24":null,"25":0.004835,"26":null,"27":null,"28":null,"29":null,"30":null,"31":0.00967,"32":null,"33":0.00967,"34":0.00967,"35":0.004835,"36":0.00967,"37":0.01934,"38":0.004835,"39":0.00967,"40":0.00967,"41":0.014505,"42":0.024175,"43":0.06769,"44":0.0967,"45":0.285265,"46":1.068535,"47":0.01934,"48":null,"49":null},"opera":{"9":null,"9.5-9.6":null,"10.0-10.1":0,"10.5":null,"10.6":0.004835,"11":0.014505,"11.1":0.00967,"11.5":0.01934,"11.6":0.033845,"12":0.06769,"12.1":0.710745,"15":0.02901,"16":0.00967,"17":0.00967,"18":0.02901,"19":0.014505,"20":0.053185,"21":0.014505,"22":0.004835,"23":0.004835,"24":null,"25":0.004835,"26":0.014505,"27":0.00967,"28":0.04835,"29":0.01934,"30":0.02901,"31":0.024175,"32":0.05802,"33":0.033845,"34":0.111205,"35":0.07736,"36":0.962165,"37":3.369995,"38":0.024175,"39":0.004835},"safari":{"3.1":null,"3.2":null,"4":0.00967,"5":0.014505,"5.1":0.062855,"6":null,"6.1":0.00967,"7":0.014505,"7.1":0.00967,"8":0.130545,"9":0.101535,"9.1":0.24175,"0":null},"ios_saf":{"3.2":0,"4.0-4.1":0,"4.2-4.3":0,"5.0-5.1":0,"6.0-6.1":0.0180587105901,"7.0-7.1":0.179142409054,"8":0,"8.1-8.4":0.456524203719,"9.0-9.2":0.95566696443,"9.3":5.53896771221},"android":{"2.1":0,"2.2":0,"2.3":0.0292771323112,"3":0,"4":0.17984524134,"4.1":0.621093449744,"4.2-4.3":1.43457948325,"4.4":3.25603535775,"4.4.3-4.4.4":1.8444593356,"50":null},"op_mob":{"10":0,"11":0,"11.1":0,"11.5":0,"12":0,"12.1":0.000763694758257,"0":0.0187105215773},"ie":{"5.5":null,"6":0.0102410629921,"7":0.0102410629921,"8":0.215062322835,"9":0.102410629921,"10":0.174098070866,"11":0.778320787402},"bb":{"7":0.0852225,"10":null},"ie_mob":{"10":0.197736193548,"11":0.515033806452},"edge":{"12":0.04835,"13":0.22241,"14":null},"and_ff":{"0":0.02066},"and_uc":{"0":0.87805},"op_mini":{"5.0-8.0":8.80234578366},"and_chr":{"0":23.00911}},"total":91.347806437}