{"id":"AZ","name":"Azerbaijan","month":"2016-01","access_date":"2016-02-03","data":{"firefox":{"2":0,"3":0.005163,"3.5":0.005163,"3.6":0.030978,"4":0.010326,"5":0,"6":0.010326,"7":0,"8":0,"9":0.010326,"10":0.005163,"11":0.005163,"12":0.005163,"13":0,"14":0.005163,"15":0.005163,"16":0.005163,"17":0,"18":0,"19":0.005163,"20":0,"21":0.056793,"22":0.010326,"23":0.010326,"24":0.010326,"25":0.015489,"26":0,"27":0.005163,"28":0.010326,"29":0.010326,"30":0.005163,"31":0.015489,"32":0.005163,"33":0.010326,"34":0.020652,"35":0.010326,"36":0.061956,"37":0.067119,"38":0.015489,"39":0.015489,"40":0.020652,"41":0.025815,"42":0.036141,"43":1.141023,"44":0.092934,"45":0.005163,"46":0,"47":0},"chrome":{"4":0.015489,"5":0.036141,"6":0.020652,"7":0.010326,"8":0.072282,"9":0.036141,"10":0.046467,"11":0.067119,"12":0.046467,"13":0.030978,"14":0.041304,"15":0.030978,"16":0.015489,"17":0.020652,"18":0.010326,"19":0,"20":0.005163,"21":0.005163,"22":0.232335,"23":0.010326,"24":0.015489,"25":0.020652,"26":0.092934,"27":0.036141,"28":0.036141,"29":0.025815,"30":0.025815,"31":0.030978,"32":0.025815,"33":0.041304,"34":0.046467,"35":0.036141,"36":0.046467,"37":0.036141,"38":0.077445,"39":0.067119,"40":0.067119,"41":0.149727,"42":0.108423,"43":0.222009,"44":0.263313,"45":0.888036,"46":0.351084,"47":24.52425,"48":2.855139,"49":0.185868,"50":0.015489,"51":0},"opera":{"9":0,"9.5-9.6":0.005163,"10.0-10.1":0.005163,"10.5":0.010326,"10.6":0.005163,"11":0.020652,"11.1":0.010326,"11.5":0.020652,"11.6":0.056793,"12":0.092934,"12.1":1.063578,"15":0.030978,"16":0.020652,"17":0.015489,"18":0.025815,"19":0.030978,"20":0.046467,"21":0.025815,"22":0.005163,"23":0.005163,"24":0.005163,"25":0.010326,"26":0.010326,"27":0.010326,"28":0.118749,"29":0.030978,"30":0.061956,"31":0.041304,"32":0.056793,"33":0.098097,"34":4.584744,"35":0.056793,"36":0.010326},"safari":{"3.1":0,"3.2":0,"4":0.005163,"5":0.010326,"5.1":0.056793,"6":0.005163,"6.1":0.010326,"7":0.015489,"7.1":0.010326,"8":0.123912,"9":0.242661,"9.1":0},"android":{"2.1":0,"2.2":0,"2.3":0.0637486996812,"3":0,"4":0.26495553305,"4.1":0.906426823592,"4.2-4.3":2.01804477428,"4.4":4.01616807991,"4.4.3-4.4.4":2.10370708948,"47":null},"ios_saf":{"3.2":0,"4.0-4.1":0,"4.2-4.3":0,"5.0-5.1":0,"6.0-6.1":0,"7.0-7.1":0.333973915731,"8":0.023421547337,"8.1-8.4":0.954211187803,"9.0-9.2":7.10887334913,"9.3":null},"op_mob":{"10":0,"11":0,"11.1":0,"11.5":0,"12":0.000563043402562,"12.1":0.000563043402562,"0":0.0298413003358},"ie":{"5.5":0,"6":0.0107144388715,"7":0.0160716583072,"8":0.321433166144,"9":0.150002144201,"10":0.262503752351,"11":0.937513401254},"bb":{"7":0.0701365,"10":null},"ie_mob":{"10":0.131452588235,"11":0.579586411765},"edge":{"12":0.098097,"13":0.108423,"14":0},"and_uc":{"0":1.049629},"op_mini":{"5.0-8.0":7.51475261286},"and_chr":{"0":26.101867},"and_ff":{"0":0.019348}},"total":95.1008560611}