{"id":"BA","name":"Bosnia and Herzegovina","month":"2016-05","access_date":"2016-06-03","data":{"chrome":{"4":null,"5":null,"6":null,"7":null,"8":null,"9":null,"10":null,"11":0.033125,"12":0.006625,"13":null,"14":0.006625,"15":null,"16":null,"17":null,"18":0.006625,"19":null,"20":0.006625,"21":0.006625,"22":0.106,"23":0.006625,"24":0.006625,"25":0.006625,"26":0.086125,"27":0.006625,"28":null,"29":0.192125,"30":0.019875,"31":0.033125,"32":0.01325,"33":0.033125,"34":0.11925,"35":0.0265,"36":0.0795,"37":0.03975,"38":0.072875,"39":0.106,"40":0.046375,"41":0.019875,"42":0.03975,"43":0.152375,"44":0.125875,"45":0.1855,"46":0.106,"47":0.311375,"48":0.2915,"49":8.897375,"50":34.41025,"51":0.602875,"52":0.11925,"53":null,"54":null},"firefox":{"2":null,"3":0.03975,"3.5":null,"3.6":0.06625,"4":null,"5":null,"6":null,"7":null,"8":null,"9":null,"10":0.006625,"11":0.006625,"12":0.01325,"13":0.006625,"14":0.01325,"15":0.0265,"16":0.01325,"17":0.006625,"18":0.006625,"19":0.006625,"20":0.006625,"21":null,"22":null,"23":null,"24":null,"25":0.01325,"26":0.01325,"27":null,"28":0.006625,"29":null,"30":0.01325,"31":0.019875,"32":0.01325,"33":0.033125,"34":0.019875,"35":0.033125,"36":0.0265,"37":0.03975,"38":0.1325,"39":0.059625,"40":0.059625,"41":0.09275,"42":0.072875,"43":0.231875,"44":0.159,"45":1.749,"46":9.01,"47":0.25175,"48":null,"49":null},"opera":{"9":null,"9.5-9.6":null,"10.0-10.1":0,"10.5":null,"10.6":null,"11":null,"11.1":null,"11.5":null,"11.6":null,"12":null,"12.1":0.106,"15":null,"16":null,"17":null,"18":null,"19":null,"20":null,"21":null,"22":null,"23":null,"24":null,"25":null,"26":null,"27":null,"28":0.019875,"29":null,"30":0.006625,"31":0.01325,"32":0.006625,"33":0.01325,"34":0.019875,"35":0.03975,"36":0.51675,"37":1.33825,"38":null,"39":null},"safari":{"3.1":null,"3.2":null,"4":0,"5":0.006625,"5.1":0.03975,"6":null,"6.1":0.019875,"7":0.006625,"7.1":null,"8":0.059625,"9":0.099375,"9.1":0.318,"0":null},"ios_saf":{"3.2":0,"4.0-4.1":0,"4.2-4.3":0,"5.0-5.1":0,"6.0-6.1":0.00827646018593,"7.0-7.1":0.0821024850445,"8":0,"8.1-8.4":0.2092289135,"9.0-9.2":0.43799027304,"9.3":2.53855586823},"android":{"2.1":0,"2.2":0,"2.3":0.0227462396366,"3":0,"4":0.139726900625,"4.1":0.482545226576,"4.2-4.3":1.11456574219,"4.4":2.52970679387,"4.4.3-4.4.4":1.4330130971,"50":null},"op_mob":{"10":0,"11":0,"11.1":0,"11.5":0,"12":0,"12.1":4.00154092542e-5,"0":0.000980377526728},"ie":{"5.5":null,"6":null,"7":null,"8":0.179432242991,"9":0.106330218069,"10":0.166140965732,"11":1.68134657321},"bb":{"7":0.006748,"10":null},"ie_mob":{"10":0.3481968,"11":0.9069312},"edge":{"12":0.0795,"13":0.62275,"14":0.006625},"and_ff":{"0":0.020244},"and_uc":{"0":0.097846},"op_mini":{"5.0-8.0":0.461217607064},"and_chr":{"0":22.386685}},"total":97.297722}