{"id":"BA","name":"Bosnia and Herzegovina","month":"2016-01","access_date":"2016-02-03","data":{"firefox":{"2":0,"3":0.033528,"3.5":0.008382,"3.6":0.016764,"4":0,"5":0,"6":0.008382,"7":0.008382,"8":0.008382,"9":0.008382,"10":0.008382,"11":0.008382,"12":0.016764,"13":0.016764,"14":0.016764,"15":0.04191,"16":0.092202,"17":0.016764,"18":0.016764,"19":0.016764,"20":0.016764,"21":0.008382,"22":0.008382,"23":0.008382,"24":0.008382,"25":0.008382,"26":0.008382,"27":0.008382,"28":0.016764,"29":0.008382,"30":0.033528,"31":0.04191,"32":0.025146,"33":0.075438,"34":0.033528,"35":0.435864,"36":0.092202,"37":0.226314,"38":0.29337,"39":0.201168,"40":0.142494,"41":0.259842,"42":0.360426,"43":13.084302,"44":0.896874,"45":0.025146,"46":0,"47":0},"chrome":{"4":0.008382,"5":0.008382,"6":0.008382,"7":0,"8":0.016764,"9":0,"10":0.008382,"11":0.04191,"12":0.016764,"13":0,"14":0.016764,"15":0,"16":0.008382,"17":0,"18":0.008382,"19":0,"20":0,"21":0.025146,"22":0.142494,"23":0.008382,"24":0.016764,"25":0.008382,"26":0.150876,"27":0.008382,"28":0.008382,"29":0.016764,"30":0.033528,"31":0.067056,"32":0.033528,"33":0.067056,"34":0.176022,"35":0.04191,"36":0.075438,"37":0.067056,"38":0.134112,"39":0.192786,"40":0.08382,"41":0.04191,"42":0.117348,"43":0.243078,"44":0.326898,"45":0.385572,"46":0.4191,"47":47.090076,"48":4.760976,"49":0.192786,"50":0.008382,"51":0},"opera":{"9":0,"9.5-9.6":0,"10.0-10.1":0,"10.5":0,"10.6":0,"11":0,"11.1":0,"11.5":0,"11.6":0.008382,"12":0.008382,"12.1":0.159258,"15":0.008382,"16":0,"17":0,"18":0.008382,"19":0.008382,"20":0.008382,"21":0,"22":0,"23":0.008382,"24":0,"25":0,"26":0.008382,"27":0.008382,"28":0.025146,"29":0.016764,"30":0.016764,"31":0.016764,"32":0.025146,"33":0.033528,"34":2.539746,"35":0.016764,"36":0},"safari":{"3.1":0,"3.2":0,"4":0.008382,"5":0.016764,"5.1":0.050292,"6":0,"6.1":0.025146,"7":0.025146,"7.1":0.016764,"8":0.08382,"9":0.452628,"9.1":0},"android":{"2.1":0,"2.2":0,"2.3":0.0309377088204,"3":0,"4":0.128584852285,"4.1":0.43989554729,"4.2-4.3":0.979371844846,"4.4":1.94907565569,"4.4.3-4.4.4":1.02094439107,"47":null},"ios_saf":{"3.2":0,"4.0-4.1":0,"4.2-4.3":0,"5.0-5.1":0,"6.0-6.1":0,"7.0-7.1":0.0990257916967,"8":0.0069446659112,"8.1-8.4":0.282930833419,"9.0-9.2":2.10783470897,"9.3":null},"op_mob":{"10":0,"11":0,"11.1":0,"11.5":0,"12":2.13694316627e-5,"12.1":2.13694316627e-5,"0":0.00113257987812},"ie":{"5.5":0,"6":0.0168541290323,"7":0.00842706451613,"8":0.244384870968,"9":0.210676612903,"10":0.337082580645,"11":2.31744274194},"bb":{"7":0.005663,"10":null},"ie_mob":{"10":0.165715831933,"11":0.730656168067},"edge":{"12":0.217932,"13":0.452628,"14":0},"and_uc":{"0":0.114878},"op_mini":{"5.0-8.0":0.285210681259},"and_chr":{"0":11.003682},"and_ff":{"0":0.014562}},"total":98.535079}