{"id":"BB","name":"Barbados","month":"2016-05","access_date":"2016-06-03","data":{"chrome":{"4":null,"5":null,"6":null,"7":null,"8":null,"9":null,"10":null,"11":0.045934,"12":null,"13":null,"14":null,"15":null,"16":null,"17":null,"18":0.006562,"19":null,"20":null,"21":null,"22":0.301852,"23":null,"24":null,"25":null,"26":0.013124,"27":null,"28":null,"29":0.09843,"30":null,"31":0.019686,"32":0.03281,"33":0.013124,"34":0.026248,"35":0.019686,"36":0.059058,"37":0.013124,"38":0.104992,"39":0.078744,"40":0.03281,"41":0.019686,"42":0.026248,"43":0.19686,"44":0.059058,"45":0.321538,"46":0.19686,"47":0.354348,"48":0.29529,"49":5.236476,"50":28.131294,"51":0.518398,"52":0.144364,"53":null,"54":null},"firefox":{"2":null,"3":0.019686,"3.5":null,"3.6":0.013124,"4":null,"5":null,"6":null,"7":null,"8":null,"9":0.013124,"10":null,"11":null,"12":null,"13":null,"14":null,"15":null,"16":null,"17":null,"18":null,"19":null,"20":null,"21":null,"22":null,"23":null,"24":null,"25":null,"26":null,"27":null,"28":null,"29":null,"30":0.013124,"31":null,"32":null,"33":0.019686,"34":null,"35":0.006562,"36":null,"37":0.013124,"38":0.03281,"39":0.039372,"40":0.03281,"41":0.026248,"42":0.124678,"43":0.118116,"44":0.111554,"45":1.41083,"46":6.522628,"47":0.22967,"48":null,"49":0.013124},"opera":{"9":null,"9.5-9.6":null,"10.0-10.1":0,"10.5":null,"10.6":null,"11":null,"11.1":null,"11.5":null,"11.6":null,"12":null,"12.1":0.059058,"15":null,"16":null,"17":null,"18":null,"19":null,"20":null,"21":null,"22":null,"23":null,"24":null,"25":null,"26":0.03281,"27":0.013124,"28":null,"29":0.190298,"30":null,"31":null,"32":null,"33":null,"34":0.137802,"35":0.019686,"36":0.190298,"37":0.413406,"38":null,"39":null},"safari":{"3.1":null,"3.2":null,"4":0.052496,"5":0.045934,"5.1":0.085306,"6":0.019686,"6.1":0.085306,"7":0.026248,"7.1":0.013124,"8":0.314976,"9":0.479026,"9.1":1.647062,"0":null},"ios_saf":{"3.2":0,"4.0-4.1":0,"4.2-4.3":0,"5.0-5.1":0,"6.0-6.1":0.0157899252223,"7.0-7.1":0.156636058205,"8":0,"8.1-8.4":0.39916930962,"9.0-9.2":0.835602842765,"9.3":4.84308586419},"android":{"2.1":0,"2.2":0,"2.3":0.0230683747871,"3":0,"4":0.141705730835,"4.1":0.489379093697,"4.2-4.3":1.13035036457,"4.4":2.56553282453,"4.4.3-4.4.4":1.45330761158,"50":null},"op_mob":{"10":0,"11":0,"11.1":0,"11.5":0,"12":0,"12.1":5.32746396572e-5,"0":0.0013052286716},"ie":{"5.5":null,"6":null,"7":0.00693628150874,"8":0.82541749954,"9":0.409240609016,"10":0.499412268629,"11":5.79873134131},"bb":{"7":0.2037015,"10":null},"ie_mob":{"10":0.243210774194,"11":0.633479225806},"edge":{"12":0.321538,"13":3.517232,"14":0.006562},"and_ff":{"0":0.027504},"and_uc":{"0":0.677286},"op_mini":{"5.0-8.0":0.614043496689},"and_chr":{"0":18.32258}},"total":93.1143815}