{"id":"BD","name":"Bangladesh","month":"2016-05","access_date":"2016-06-03","data":{"chrome":{"4":0.004857,"5":0.003238,"6":0.003238,"7":null,"8":0.001619,"9":null,"10":0.004857,"11":0.012952,"12":0.011333,"13":0.001619,"14":0.004857,"15":null,"16":0.003238,"17":0.001619,"18":0.004857,"19":0.003238,"20":0.003238,"21":0.001619,"22":0.003238,"23":0.004857,"24":0.003238,"25":0.006476,"26":0.004857,"27":0.008095,"28":0.017809,"29":0.135996,"30":0.006476,"31":0.089045,"32":0.006476,"33":0.033999,"34":0.006476,"35":0.006476,"36":0.008095,"37":0.003238,"38":0.009714,"39":0.017809,"40":0.008095,"41":0.017809,"42":0.009714,"43":0.134377,"44":0.090664,"45":0.076093,"46":0.038856,"47":0.08095,"48":0.391798,"49":0.639505,"50":4.363205,"51":0.140853,"52":0.119806,"53":null,"54":null},"firefox":{"2":0.003238,"3":0.223422,"3.5":0.009714,"3.6":0.035618,"4":0.022666,"5":0.008095,"6":0.01619,"7":0.006476,"8":0.012952,"9":0.017809,"10":0.01619,"11":0.043713,"12":0.038856,"13":0.025904,"14":0.029142,"15":0.029142,"16":0.022666,"17":0.01619,"18":0.019428,"19":0.019428,"20":0.022666,"21":0.021047,"22":0.021047,"23":0.011333,"24":0.01619,"25":0.019428,"26":0.014571,"27":0.024285,"28":0.01619,"29":0.077712,"30":0.046951,"31":0.030761,"32":0.03238,"33":0.045332,"34":0.03238,"35":0.053427,"36":0.058284,"37":0.059903,"38":0.084188,"39":0.071236,"40":0.08095,"41":0.061522,"42":0.079331,"43":0.373989,"44":0.255802,"45":0.786834,"46":3.025911,"47":0.981114,"48":0.011333,"49":0.003238},"opera":{"9":null,"9.5-9.6":0.004857,"10.0-10.1":0.038856,"10.5":0.001619,"10.6":0.004857,"11":0.004857,"11.1":0.003238,"11.5":0.006476,"11.6":0.009714,"12":0.004857,"12.1":0.029142,"15":null,"16":null,"17":0.001619,"18":0.003238,"19":0.003238,"20":0.003238,"21":0.001619,"22":0.003238,"23":null,"24":null,"25":0.001619,"26":0.003238,"27":0.004857,"28":0.009714,"29":0.009714,"30":0.017809,"31":0.003238,"32":0.008095,"33":0.014571,"34":0.03238,"35":0.037237,"36":0.111711,"37":0.351323,"38":0.003238,"39":null},"safari":{"3.1":null,"3.2":null,"4":0.003238,"5":0.001619,"5.1":0.008095,"6":0.008095,"6.1":0.001619,"7":0.004857,"7.1":0.001619,"8":0.017809,"9":0.019428,"9.1":0.040475,"0":null},"ios_saf":{"3.2":0,"4.0-4.1":0,"4.2-4.3":0,"5.0-5.1":0,"6.0-6.1":0.00163029759499,"7.0-7.1":0.0161725521423,"8":0,"8.1-8.4":0.0412139232013,"9.0-9.2":0.0862753487268,"9.3":0.500044878335},"android":{"2.1":0,"2.2":0,"2.3":0.0220209466212,"3":0,"4":0.135271529245,"4.1":0.467158653322,"4.2-4.3":1.07902638444,"4.4":2.44904384923,"4.4.3-4.4.4":1.38731963714,"50":null},"op_mob":{"10":0,"11":0,"11.1":0,"11.5":0,"12":0,"12.1":0.0032743325975,"0":0.0802211486387},"ie":{"5.5":null,"6":0.0158910209059,"7":0.00353133797909,"8":0.188926581882,"9":0.0282507038328,"10":0.0441417247387,"11":0.222474292683},"bb":{"7":0.00628575,"10":null},"ie_mob":{"10":0.211579696774,"11":0.551091303226},"edge":{"12":0.050189,"13":0.059903,"14":null},"and_ff":{"0":0.067048},"and_uc":{"0":23.986422},"op_mini":{"5.0-8.0":37.7399575188},"and_chr":{"0":13.473666}},"total":97.344940412}