{"id":"BE","name":"Belgium","month":"2016-05","access_date":"2016-06-03","data":{"chrome":{"4":null,"5":null,"6":null,"7":null,"8":null,"9":null,"10":null,"11":0.014194,"12":null,"13":null,"14":null,"15":null,"16":null,"17":null,"18":0.007097,"19":null,"20":null,"21":null,"22":0.021291,"23":null,"24":null,"25":null,"26":0.007097,"27":null,"28":null,"29":0.134843,"30":0.007097,"31":0.035485,"32":0.028388,"33":0.028388,"34":0.035485,"35":0.042582,"36":0.049679,"37":0.063873,"38":0.063873,"39":0.14194,"40":0.056776,"41":0.099358,"42":0.085164,"43":0.113552,"44":0.099358,"45":0.134843,"46":0.085164,"47":0.134843,"48":0.220007,"49":4.669826,"50":28.047344,"51":0.454208,"52":0.049679,"53":null,"54":null},"firefox":{"2":null,"3":null,"3.5":null,"3.6":0.014194,"4":null,"5":null,"6":null,"7":null,"8":null,"9":null,"10":null,"11":null,"12":0.007097,"13":null,"14":null,"15":null,"16":0.028388,"17":null,"18":null,"19":null,"20":0.014194,"21":null,"22":null,"23":0.007097,"24":0.007097,"25":null,"26":0.014194,"27":null,"28":0.014194,"29":0.014194,"30":0.014194,"31":0.078067,"32":0.021291,"33":0.021291,"34":0.014194,"35":0.049679,"36":0.035485,"37":0.049679,"38":0.35485,"39":0.07097,"40":0.056776,"41":0.063873,"42":0.092261,"43":0.177425,"44":0.177425,"45":1.752959,"46":7.991222,"47":0.049679,"48":0.014194,"49":null},"opera":{"9":null,"9.5-9.6":null,"10.0-10.1":0,"10.5":null,"10.6":null,"11":null,"11.1":null,"11.5":null,"11.6":null,"12":null,"12.1":0.042582,"15":null,"16":null,"17":null,"18":null,"19":null,"20":null,"21":null,"22":null,"23":null,"24":null,"25":null,"26":null,"27":null,"28":null,"29":null,"30":null,"31":null,"32":null,"33":null,"34":null,"35":0.007097,"36":0.127746,"37":0.440014,"38":null,"39":null},"safari":{"3.1":null,"3.2":null,"4":0.028388,"5":0.099358,"5.1":0.276783,"6":0.035485,"6.1":0.205813,"7":0.113552,"7.1":0.049679,"8":0.56776,"9":1.391012,"9.1":3.569791,"0":null},"ios_saf":{"3.2":0,"4.0-4.1":0,"4.2-4.3":0,"5.0-5.1":0,"6.0-6.1":0.0278316617825,"7.0-7.1":0.276090084883,"8":0,"8.1-8.4":0.703584409863,"9.0-9.2":1.47285154153,"9.3":8.53652730194},"android":{"2.1":0,"2.2":0,"2.3":0.00610437762635,"3":0,"4":0.0374983197047,"4.1":0.129500011073,"4.2-4.3":0.299114503691,"4.4":0.678893997445,"4.4.3-4.4.4":0.38457579046,"50":null},"op_mob":{"10":0,"11":0,"11.1":0,"11.5":0,"12":0,"12.1":1.48272518721e-5,"0":0.000363267670865},"ie":{"5.5":null,"6":0.00710510159817,"7":0.0213153047945,"8":0.461831603881,"9":0.568408127854,"10":0.447621400685,"11":10.9347513596},"bb":{"7":0.0130635,"10":null},"ie_mob":{"10":0.276234496774,"11":0.719494503226},"edge":{"12":0.319365,"13":3.470433,"14":0.007097},"and_ff":{"0":0.02903},"and_uc":{"0":0.072575},"op_mini":{"5.0-8.0":0.170898905077},"and_chr":{"0":12.372656}},"total":95.5374873984}