{"id":"BF","name":"Burkina Faso","month":"2016-05","access_date":"2016-06-03","data":{"chrome":{"4":0.00642,"5":null,"6":null,"7":null,"8":null,"9":null,"10":0.02889,"11":0.09309,"12":0.00642,"13":0.00963,"14":0.01926,"15":0.03531,"16":0.00963,"17":0.01605,"18":null,"19":0.00321,"20":null,"21":null,"22":null,"23":null,"24":0.00642,"25":0.01605,"26":null,"27":0.07704,"28":0.01926,"29":0.01926,"30":0.02247,"31":0.01605,"32":0.01284,"33":0.02568,"34":0.01926,"35":0.01284,"36":0.01284,"37":0.00963,"38":0.00963,"39":0.03852,"40":0.00963,"41":0.01605,"42":0.02568,"43":0.03531,"44":0.03531,"45":0.15729,"46":0.02247,"47":0.05778,"48":0.1926,"49":1.21338,"50":6.92718,"51":0.13161,"52":0.03531,"53":null,"54":null},"firefox":{"2":0.00321,"3":0.1605,"3.5":0.03852,"3.6":0.02247,"4":0.05136,"5":0.00642,"6":0.00642,"7":0.00963,"8":null,"9":0.00321,"10":0.01926,"11":0.01926,"12":0.03852,"13":0.03852,"14":0.07704,"15":0.02568,"16":0.02247,"17":0.00642,"18":0.03531,"19":0.00963,"20":0.1926,"21":0.06741,"22":0.0963,"23":0.02568,"24":0.10914,"25":0.10593,"26":0.04494,"27":0.04494,"28":0.11235,"29":0.07704,"30":0.17976,"31":0.10593,"32":0.22149,"33":0.13803,"34":0.06741,"35":0.18297,"36":0.1605,"37":0.08025,"38":0.17655,"39":0.28569,"40":0.13803,"41":0.17013,"42":0.13803,"43":1.94847,"44":0.8025,"45":2.34651,"46":6.93039,"47":0.20544,"48":0.01605,"49":0.00642},"opera":{"9":null,"9.5-9.6":null,"10.0-10.1":0,"10.5":null,"10.6":0.00642,"11":0.01284,"11.1":null,"11.5":0.01284,"11.6":0.01605,"12":0.02889,"12.1":0.01605,"15":null,"16":0.00642,"17":0.00321,"18":0.03852,"19":null,"20":0.00642,"21":0.00642,"22":null,"23":null,"24":null,"25":null,"26":0.00321,"27":null,"28":0.00963,"29":0.01284,"30":0.01284,"31":null,"32":0.00963,"33":0.00321,"34":0.00963,"35":0.02568,"36":0.29211,"37":0.55212,"38":null,"39":null},"safari":{"3.1":null,"3.2":null,"4":0.00321,"5":0.00321,"5.1":0.0321,"6":0.00963,"6.1":null,"7":0.11235,"7.1":null,"8":0.02247,"9":0.05457,"9.1":0.10593,"0":null},"ios_saf":{"3.2":0,"4.0-4.1":0,"4.2-4.3":0,"5.0-5.1":0,"6.0-6.1":0.00166363429669,"7.0-7.1":0.0165032522231,"8":0,"8.1-8.4":0.0420566750202,"9.0-9.2":0.0880395269806,"9.3":0.510269911479},"android":{"2.1":0,"2.2":0,"2.3":0.0283626763203,"3":0,"4":0.174227868825,"4.1":0.60169391908,"4.2-4.3":1.38977113969,"4.4":3.1543347879,"4.4.3-4.4.4":1.78684860818,"50":null},"op_mob":{"10":0,"11":0,"11.1":0,"11.5":0,"12":0,"12.1":0.00301909648098,"0":0.0739678637839},"ie":{"5.5":null,"6":0.00963,"7":0.00321,"8":0.39483,"9":0.24396,"10":0.75114,"11":2.78307},"bb":{"7":0.04582575,"10":null},"ie_mob":{"10":0.1243044,"11":0.3237696},"edge":{"12":0.23754,"13":0.15729,"14":null},"and_ff":{"0":0.149358},"and_uc":{"0":8.241846},"op_mini":{"5.0-8.0":34.7981060397},"and_chr":{"0":13.909662}},"total":96.64878075}