{"id":"BG","name":"Bulgaria","month":"2016-05","access_date":"2016-06-03","data":{"chrome":{"4":null,"5":null,"6":null,"7":null,"8":null,"9":null,"10":null,"11":0.03614,"12":null,"13":null,"14":0.007228,"15":null,"16":0.043368,"17":null,"18":0.021684,"19":null,"20":null,"21":null,"22":0.028912,"23":null,"24":null,"25":0.014456,"26":0.065052,"27":0.014456,"28":0.007228,"29":1.250444,"30":0.021684,"31":0.03614,"32":0.021684,"33":0.03614,"34":0.086736,"35":0.065052,"36":0.043368,"37":0.03614,"38":0.043368,"39":0.050596,"40":0.166244,"41":0.050596,"42":0.043368,"43":0.137332,"44":0.10842,"45":0.122876,"46":0.093964,"47":0.28912,"48":0.339716,"49":7.603856,"50":29.88778,"51":0.426452,"52":0.079508,"53":null,"54":null},"firefox":{"2":0.007228,"3":0.014456,"3.5":0.007228,"3.6":0.065052,"4":0.007228,"5":null,"6":0.028912,"7":null,"8":null,"9":null,"10":0.021684,"11":0.021684,"12":0.028912,"13":0.007228,"14":0.014456,"15":0.007228,"16":0.014456,"17":0.014456,"18":0.014456,"19":0.014456,"20":0.021684,"21":0.014456,"22":0.014456,"23":0.014456,"24":0.014456,"25":0.014456,"26":0.014456,"27":0.014456,"28":0.028912,"29":0.014456,"30":0.028912,"31":0.1807,"32":0.03614,"33":0.028912,"34":0.07228,"35":0.043368,"36":0.137332,"37":0.050596,"38":0.166244,"39":0.115648,"40":0.086736,"41":0.101192,"42":0.130104,"43":0.404768,"44":0.260208,"45":2.8912,"46":12.663456,"47":0.122876,"48":0.014456,"49":0.007228},"opera":{"9":null,"9.5-9.6":null,"10.0-10.1":0,"10.5":null,"10.6":null,"11":null,"11.1":null,"11.5":null,"11.6":0.014456,"12":0.007228,"12.1":0.260208,"15":null,"16":null,"17":null,"18":null,"19":null,"20":null,"21":null,"22":null,"23":null,"24":null,"25":null,"26":null,"27":null,"28":0.007228,"29":0.007228,"30":0.014456,"31":null,"32":0.014456,"33":0.021684,"34":0.03614,"35":0.021684,"36":0.585468,"37":1.561248,"38":null,"39":null},"safari":{"3.1":null,"3.2":null,"4":0.007228,"5":0.014456,"5.1":0.043368,"6":null,"6.1":0.021684,"7":0.014456,"7.1":null,"8":0.043368,"9":0.115648,"9.1":0.404768,"0":null},"ios_saf":{"3.2":0,"4.0-4.1":0,"4.2-4.3":0,"5.0-5.1":0,"6.0-6.1":0.00760932952708,"7.0-7.1":0.0754845489086,"8":0,"8.1-8.4":0.192363850445,"9.0-9.2":0.402685718573,"9.3":2.33393355255},"android":{"2.1":0,"2.2":0,"2.3":0.0134930863146,"3":0,"4":0.0828861016468,"4.1":0.286246188245,"4.2-4.3":0.661161229415,"4.4":1.50062395656,"4.4.3-4.4.4":0.850064437819,"50":null},"op_mob":{"10":0,"11":0,"11.1":0,"11.5":0,"12":0,"12.1":4.79764532745e-5,"0":0.00117542310522},"ie":{"5.5":null,"6":0.0145696988764,"7":0.0218545483146,"8":0.531794008989,"9":0.546363707865,"10":0.378812170787,"11":4.98283701573},"bb":{"7":0.0096985,"10":null},"ie_mob":{"10":0.235999812903,"11":0.614697187097},"edge":{"12":0.086736,"13":0.780624,"14":0.014456},"and_ff":{"0":0.030481},"and_uc":{"0":0.210596},"op_mini":{"5.0-8.0":0.552976600442},"and_chr":{"0":18.844374}},"total":96.7579336506}