{"id":"BH","name":"Bahrain","month":"2016-05","access_date":"2016-06-03","data":{"chrome":{"4":0.011721,"5":null,"6":null,"7":null,"8":null,"9":null,"10":0.003907,"11":0.011721,"12":0.007814,"13":0.003907,"14":null,"15":null,"16":0.003907,"17":null,"18":null,"19":null,"20":0.003907,"21":null,"22":0.011721,"23":0.003907,"24":0.011721,"25":null,"26":0.019535,"27":0.042977,"28":0.019535,"29":0.160187,"30":0.015628,"31":0.070326,"32":0.019535,"33":0.054698,"34":0.031256,"35":0.027349,"36":0.066419,"37":0.03907,"38":0.023442,"39":0.023442,"40":0.019535,"41":0.171908,"42":0.015628,"43":0.144559,"44":0.101582,"45":0.085954,"46":0.128931,"47":0.128931,"48":0.152373,"49":2.965413,"50":15.405301,"51":0.23442,"52":0.222699,"53":0.031256,"54":null},"firefox":{"2":null,"3":0.015628,"3.5":0.007814,"3.6":0.027349,"4":0.015628,"5":0.007814,"6":0.011721,"7":null,"8":null,"9":0.003907,"10":0.011721,"11":0.007814,"12":0.007814,"13":null,"14":0.015628,"15":0.007814,"16":0.007814,"17":null,"18":0.015628,"19":0.003907,"20":0.003907,"21":0.074233,"22":0.011721,"23":0.023442,"24":0.011721,"25":0.007814,"26":null,"27":0.011721,"28":null,"29":0.011721,"30":null,"31":0.03907,"32":null,"33":0.019535,"34":0.035163,"35":0.003907,"36":0.023442,"37":0.042977,"38":0.023442,"39":0.031256,"40":0.031256,"41":0.019535,"42":0.031256,"43":0.121117,"44":0.101582,"45":0.679818,"46":2.504387,"47":0.128931,"48":null,"49":null},"opera":{"9":null,"9.5-9.6":null,"10.0-10.1":0,"10.5":null,"10.6":null,"11":0.003907,"11.1":0.003907,"11.5":0.007814,"11.6":0.003907,"12":0.011721,"12.1":0.058605,"15":null,"16":null,"17":null,"18":null,"19":null,"20":null,"21":null,"22":null,"23":null,"24":null,"25":null,"26":null,"27":null,"28":0.042977,"29":null,"30":null,"31":null,"32":null,"33":null,"34":0.019535,"35":0.050791,"36":0.097675,"37":0.226606,"38":0.007814,"39":null},"safari":{"3.1":null,"3.2":null,"4":0,"5":0.101582,"5.1":0.097675,"6":0.035163,"6.1":0.050791,"7":0.074233,"7.1":0.015628,"8":0.320374,"9":0.539166,"9.1":1.148658,"0":null},"ios_saf":{"3.2":0,"4.0-4.1":0,"4.2-4.3":0,"5.0-5.1":0,"6.0-6.1":0.0227502374697,"7.0-7.1":0.225682355699,"8":0,"8.1-8.4":0.575126003234,"9.0-9.2":1.2039425669,"9.3":6.9779528367},"android":{"2.1":0,"2.2":0,"2.3":0.0188914139693,"3":0,"4":0.11604725724,"4.1":0.400767853492,"4.2-4.3":0.925679284497,"4.4":2.10099511073,"4.4.3-4.4.4":1.19015908007,"50":null},"op_mob":{"10":0,"11":0,"11.1":0,"11.5":0,"12":0,"12.1":0.000226282041293,"0":0.00554391001169},"ie":{"5.5":null,"6":0.00795306589707,"7":0.0159061317941,"8":0.747588194324,"9":0.43344209139,"10":0.520925816258,"11":6.54139670034},"bb":{"7":0.04112775,"10":null},"ie_mob":{"10":0.0878964387097,"11":0.22893956129},"edge":{"12":0.23442,"13":0.953308,"14":null},"and_ff":{"0":0.036558},"and_uc":{"0":15.098454},"op_mini":{"5.0-8.0":2.60812680795},"and_chr":{"0":23.265735}},"total":92.16114775}