{"id":"BI","name":"Burundi","month":"2016-05","access_date":"2016-06-03","data":{"chrome":{"4":null,"5":null,"6":null,"7":null,"8":0.02002,"9":null,"10":null,"11":0.006006,"12":0.006006,"13":0.012012,"14":null,"15":null,"16":null,"17":null,"18":0.004004,"19":0.001001,"20":null,"21":0.004004,"22":0.003003,"23":0.001001,"24":null,"25":0.003003,"26":0.002002,"27":null,"28":null,"29":null,"30":0.007007,"31":0.012012,"32":0.003003,"33":0.002002,"34":0.005005,"35":0.001001,"36":0.021021,"37":0.001001,"38":0.004004,"39":0.001001,"40":0.006006,"41":0.002002,"42":null,"43":0.023023,"44":0.035035,"45":0.075075,"46":0.007007,"47":0.008008,"48":0.057057,"49":0.519519,"50":2.87287,"51":0.043043,"52":0.012012,"53":null,"54":null},"firefox":{"2":0.008008,"3":0.114114,"3.5":0.003003,"3.6":0.047047,"4":0.006006,"5":0.008008,"6":null,"7":0.006006,"8":0.002002,"9":null,"10":0.006006,"11":0.035035,"12":0.007007,"13":0.023023,"14":0.012012,"15":0.007007,"16":0.01001,"17":0.003003,"18":0.007007,"19":0.011011,"20":0.007007,"21":0.012012,"22":0.029029,"23":0.006006,"24":0.009009,"25":0.005005,"26":0.002002,"27":0.008008,"28":0.007007,"29":0.01001,"30":0.012012,"31":0.048048,"32":0.032032,"33":0.016016,"34":0.005005,"35":0.01001,"36":0.017017,"37":0.046046,"38":0.019019,"39":0.028028,"40":0.026026,"41":0.074074,"42":0.026026,"43":0.342342,"44":0.21021,"45":0.597597,"46":1.823822,"47":0.211211,"48":null,"49":null},"opera":{"9":null,"9.5-9.6":null,"10.0-10.1":0,"10.5":null,"10.6":0.001001,"11":0.005005,"11.1":null,"11.5":null,"11.6":0.003003,"12":null,"12.1":0.011011,"15":null,"16":null,"17":0.001001,"18":0.001001,"19":null,"20":0.006006,"21":0.003003,"22":null,"23":null,"24":null,"25":null,"26":null,"27":null,"28":0.001001,"29":0.002002,"30":0.009009,"31":0.001001,"32":0.003003,"33":0.006006,"34":0.08008,"35":0.015015,"36":0.073073,"37":0.205205,"38":null,"39":null},"safari":{"3.1":null,"3.2":null,"4":0,"5":0.001001,"5.1":0.009009,"6":0.017017,"6.1":0.002002,"7":0.002002,"7.1":0.001001,"8":0.018018,"9":0.038038,"9.1":0.042042,"0":null},"ios_saf":{"3.2":0,"4.0-4.1":0,"4.2-4.3":0,"5.0-5.1":0,"6.0-6.1":0.000772953718674,"7.0-7.1":0.00766770088925,"8":0,"8.1-8.4":0.0195402700081,"9.0-9.2":0.0409047107922,"9.3":0.237080364592},"android":{"2.1":0,"2.2":0,"2.3":0.00801273821692,"3":0,"4":0.0492211061897,"4.1":0.169984517888,"4.2-4.3":0.392624172629,"4.4":0.891130957411,"4.4.3-4.4.4":0.504802507666,"50":null},"op_mob":{"10":0,"11":0,"11.1":0,"11.5":0,"12":0,"12.1":0.00668644046228,"0":0.163817791326},"ie":{"5.5":null,"6":0.00411316798593,"7":0.00205658399296,"8":0.161441843448,"9":0.0411316798593,"10":0.122366747581,"11":0.820577013193},"bb":{"7":0.044995,"10":null},"ie_mob":{"10":0.139803819355,"11":0.364140180645},"edge":{"12":0.034034,"13":0.095095,"14":null},"and_ff":{"0":null},"and_uc":{"0":4.832463},"op_mini":{"5.0-8.0":77.0679127682},"and_chr":{"0":3.551802}},"total":98.0654620361}