{"id":"BJ","name":"Benin","month":"2016-05","access_date":"2016-06-03","data":{"chrome":{"4":0.002141,"5":0.010705,"6":0.006423,"7":0.006423,"8":0.002141,"9":null,"10":0.025692,"11":0.034256,"12":0.04282,"13":0.010705,"14":0.044961,"15":0.02141,"16":0.014987,"17":null,"18":0.012846,"19":0.004282,"20":null,"21":0.010705,"22":0.017128,"23":0.014987,"24":null,"25":0.010705,"26":0.044961,"27":0.049243,"28":0.012846,"29":0.083499,"30":0.010705,"31":0.162716,"32":0.017128,"33":0.12846,"34":0.038538,"35":0.014987,"36":0.072794,"37":0.010705,"38":0.025692,"39":0.017128,"40":0.057807,"41":0.044961,"42":0.040679,"43":0.109191,"44":0.173421,"45":0.239792,"46":0.145588,"47":0.27833,"48":0.184126,"49":2.018963,"50":6.996788,"51":0.211959,"52":0.012846,"53":0.004282,"54":null},"firefox":{"2":0.004282,"3":0.083499,"3.5":0.017128,"3.6":0.012846,"4":0.008564,"5":null,"6":0.010705,"7":0.008564,"8":0.006423,"9":0.002141,"10":0.023551,"11":0.02141,"12":0.019269,"13":0.010705,"14":0.008564,"15":0.034256,"16":0.019269,"17":0.027833,"18":0.008564,"19":0.017128,"20":0.019269,"21":0.012846,"22":0.012846,"23":0.010705,"24":0.02141,"25":0.014987,"26":0.017128,"27":0.02141,"28":0.012846,"29":0.038538,"30":0.06423,"31":0.040679,"32":0.04282,"33":0.04282,"34":0.032115,"35":0.102768,"36":0.057807,"37":0.051384,"38":0.066371,"39":0.113473,"40":0.049243,"41":0.081358,"42":0.089922,"43":0.653005,"44":0.32115,"45":0.892797,"46":2.794005,"47":0.239792,"48":0.012846,"49":null},"opera":{"9":null,"9.5-9.6":null,"10.0-10.1":0,"10.5":null,"10.6":null,"11":null,"11.1":null,"11.5":0.006423,"11.6":0.010705,"12":0.004282,"12.1":0.010705,"15":0.010705,"16":null,"17":null,"18":0.004282,"19":0.008564,"20":0.002141,"21":0.004282,"22":null,"23":null,"24":null,"25":null,"26":null,"27":null,"28":0.006423,"29":0.053525,"30":0.004282,"31":null,"32":0.010705,"33":0.010705,"34":0.130601,"35":0.104909,"36":0.205536,"37":0.286894,"38":null,"39":null},"safari":{"3.1":null,"3.2":null,"4":0,"5":0.010705,"5.1":0.034256,"6":null,"6.1":null,"7":0.169139,"7.1":0.008564,"8":0.094204,"9":0.062089,"9.1":0.357547,"0":null},"ios_saf":{"3.2":0,"4.0-4.1":0,"4.2-4.3":0,"5.0-5.1":0,"6.0-6.1":0.00200525212207,"7.0-7.1":0.0198921010509,"8":0,"8.1-8.4":0.0506927736459,"9.0-9.2":0.1061179423,"9.3":0.615050930881},"android":{"2.1":0,"2.2":0,"2.3":0.0142765139125,"3":0,"4":0.0876985854628,"4.1":0.302866045145,"4.2-4.3":0.699549181715,"4.4":1.58775229727,"4.4.3-4.4.4":0.899420376491,"50":null},"op_mob":{"10":0,"11":0,"11.1":0,"11.5":0,"12":0,"12.1":0.00500937687746,"0":0.122729733498},"ie":{"5.5":null,"6":0.0129471496063,"7":0.00431571653543,"8":0.118682204724,"9":0.0258942992126,"10":0.120840062992,"11":0.539464566929},"bb":{"7":0.10413175,"10":null},"ie_mob":{"10":0.370640580645,"11":0.965389419355},"edge":{"12":0.068512,"13":0.111332,"14":null},"and_ff":{"0":0.031436},"and_uc":{"0":7.316729},"op_mini":{"5.0-8.0":57.7380778896},"and_chr":{"0":6.580832}},"total":98.01118175}