{"id":"BM","name":"Bermuda","month":"2016-01","access_date":"2016-02-03","data":{"firefox":{"2":0,"3":0,"3.5":0,"3.6":0,"4":0,"5":0,"6":0.009107,"7":0,"8":0,"9":0,"10":0.009107,"11":0.018214,"12":0.009107,"13":0,"14":0.009107,"15":0,"16":0.036428,"17":0,"18":0.009107,"19":0.009107,"20":0,"21":0.009107,"22":0,"23":0.009107,"24":0.018214,"25":0.009107,"26":0.027321,"27":0,"28":0,"29":0,"30":0,"31":0.036428,"32":0,"33":0.009107,"34":0.009107,"35":0.009107,"36":0,"37":0.009107,"38":0.118391,"39":0.018214,"40":0.009107,"41":0.081963,"42":0.227675,"43":4.635463,"44":0.18214,"45":0,"46":0,"47":0},"chrome":{"4":0,"5":0,"6":0,"7":0,"8":0,"9":0,"10":0,"11":0.109284,"12":0.009107,"13":0,"14":0,"15":0.009107,"16":0.018214,"17":0,"18":0.009107,"19":0,"20":0,"21":0.009107,"22":0.018214,"23":0,"24":0,"25":0.009107,"26":0.018214,"27":0.045535,"28":0.045535,"29":0.009107,"30":0,"31":0.018214,"32":0.018214,"33":0.036428,"34":0.045535,"35":0.018214,"36":0.009107,"37":0.018214,"38":0.027321,"39":0.118391,"40":0.018214,"41":0.063749,"42":0.036428,"43":0.081963,"44":0.045535,"45":0.09107,"46":0.227675,"47":23.605344,"48":1.693902,"49":0.063749,"50":0.009107,"51":0},"opera":{"9":0,"9.5-9.6":0,"10.0-10.1":0,"10.5":0,"10.6":0,"11":0,"11.1":0,"11.5":0,"11.6":0,"12":0,"12.1":0,"15":0,"16":0,"17":0,"18":0,"19":0,"20":0,"21":0,"22":0,"23":0,"24":0,"25":0,"26":0,"27":0,"28":0.009107,"29":0.018214,"30":0,"31":0,"32":0.009107,"33":0.009107,"34":0.118391,"35":0,"36":0},"safari":{"3.1":0,"3.2":0,"4":0.072856,"5":0.227675,"5.1":0.737667,"6":0.109284,"6.1":0.473564,"7":0.191247,"7.1":0.136605,"8":0.810523,"9":4.435109,"9.1":0},"android":{"2.1":0,"2.2":0,"2.3":0.0110687285866,"3":0,"4":0.0460044031881,"4.1":0.157383484591,"4.2-4.3":0.35039443932,"4.4":0.697329900956,"4.4.3-4.4.4":0.365268043358,"47":null},"ios_saf":{"3.2":0,"4.0-4.1":0,"4.2-4.3":0,"5.0-5.1":0,"6.0-6.1":0,"7.0-7.1":0.744081333574,"8":0.0521823272896,"8.1-8.4":2.12594666735,"9.0-9.2":15.8383026718,"9.3":null},"op_mob":{"10":0,"11":0,"11.1":0,"11.5":0,"12":7.32968536252e-7,"12.1":7.32968536252e-7,"0":3.88473324213e-5},"ie":{"5.5":0,"6":0.009107,"7":0.072856,"8":2.331392,"9":3.269413,"10":2.513532,"11":23.022496},"bb":{"7":0.1942275,"10":null},"ie_mob":{"10":0.0127121176471,"11":0.0560488823529},"edge":{"12":0.856058,"13":2.012647,"14":0},"and_uc":{"0":0.008037},"op_mini":{"5.0-8.0":0.00978268673051},"and_chr":{"0":4.196803},"and_ff":{"0":0.004465}},"total":98.3999965}