{"id":"BM","name":"Bermuda","month":"2016-05","access_date":"2016-06-03","data":{"chrome":{"4":null,"5":null,"6":null,"7":null,"8":null,"9":null,"10":null,"11":0.036275,"12":0.007255,"13":null,"14":null,"15":null,"16":0.01451,"17":null,"18":0.007255,"19":null,"20":null,"21":null,"22":0.007255,"23":null,"24":null,"25":0.021765,"26":0.007255,"27":0.07255,"28":0.050785,"29":0.007255,"30":null,"31":null,"32":0.01451,"33":0.021765,"34":0.04353,"35":0.007255,"36":0.007255,"37":0.021765,"38":0.01451,"39":0.137845,"40":0.021765,"41":0.02902,"42":0.01451,"43":0.07255,"44":0.036275,"45":0.08706,"46":0.04353,"47":0.108825,"48":0.18863,"49":4.621435,"50":22.062455,"51":0.340985,"52":0.02902,"53":null,"54":null},"firefox":{"2":null,"3":null,"3.5":null,"3.6":null,"4":null,"5":null,"6":0.007255,"7":null,"8":null,"9":null,"10":null,"11":null,"12":0.007255,"13":null,"14":0.007255,"15":null,"16":0.021765,"17":null,"18":null,"19":null,"20":null,"21":null,"22":null,"23":null,"24":null,"25":null,"26":0.02902,"27":null,"28":null,"29":null,"30":null,"31":null,"32":null,"33":0.007255,"34":null,"35":null,"36":null,"37":null,"38":0.07255,"39":null,"40":null,"41":0.08706,"42":0.079805,"43":0.166865,"44":0.02902,"45":1.008445,"46":3.99025,"47":0.05804,"48":null,"49":null},"opera":{"9":null,"9.5-9.6":null,"10.0-10.1":0,"10.5":null,"10.6":null,"11":null,"11.1":null,"11.5":null,"11.6":null,"12":null,"12.1":null,"15":null,"16":null,"17":null,"18":null,"19":null,"20":null,"21":null,"22":null,"23":null,"24":null,"25":null,"26":null,"27":null,"28":null,"29":0.01451,"30":null,"31":null,"32":null,"33":null,"34":null,"35":null,"36":0.021765,"37":0.07255,"38":null,"39":null},"safari":{"3.1":null,"3.2":null,"4":0.04353,"5":0.152355,"5.1":0.602165,"6":0.10157,"6.1":0.311965,"7":0.152355,"7.1":0.094315,"8":0.50785,"9":1.24786,"9.1":3.663775,"0":null},"ios_saf":{"3.2":0,"4.0-4.1":0,"4.2-4.3":0,"5.0-5.1":0,"6.0-6.1":0.0316496059014,"7.0-7.1":0.313964090542,"8":0,"8.1-8.4":0.800102037187,"9.0-9.2":1.6748971443,"9.3":9.70756712207},"android":{"2.1":0,"2.2":0,"2.3":0.00549935264055,"3":0,"4":0.0337817376491,"4.1":0.11666483816,"4.2-4.3":0.269468279387,"4.4":0.611606575809,"4.4.3-4.4.4":0.346459216354,"50":null},"op_mob":{"10":0,"11":0,"11.1":0,"11.5":0,"12":0,"12.1":3.56447214647e-6,"0":8.73295675886e-5},"ie":{"5.5":null,"6":0.007255,"7":0.02902,"8":1.0157,"9":1.48002,"10":1.371195,"11":22.555795},"bb":{"7":0.44949375,"10":null},"ie_mob":{"10":0.156872322581,"11":0.408597677419},"edge":{"12":0.297455,"13":4.03378,"14":0.007255},"and_ff":{"0":0.07137},"and_uc":{"0":0.052155},"op_mini":{"5.0-8.0":0.0410841059603},"and_chr":{"0":7.928365}},"total":94.53222375}