{"id":"BN","name":"Brunei Darussalam","month":"2016-05","access_date":"2016-06-03","data":{"chrome":{"4":null,"5":0.00541,"6":null,"7":null,"8":null,"9":null,"10":null,"11":0.02164,"12":null,"13":null,"14":0.00541,"15":null,"16":null,"17":null,"18":null,"19":null,"20":null,"21":0.00541,"22":0.02164,"23":null,"24":null,"25":null,"26":0.002705,"27":null,"28":0.00541,"29":0.035165,"30":0.008115,"31":0.024345,"32":0.013525,"33":0.219105,"34":0.00541,"35":0.013525,"36":0.03246,"37":0.00541,"38":0.02705,"39":0.02164,"40":0.01623,"41":0.018935,"42":0.013525,"43":0.148775,"44":0.0541,"45":0.192055,"46":0.0541,"47":0.132545,"48":0.14066,"49":2.334415,"50":11.88577,"51":0.170415,"52":0.100085,"53":null,"54":null},"firefox":{"2":null,"3":0.018935,"3.5":null,"3.6":0.02164,"4":0.00541,"5":null,"6":0.00541,"7":0.00541,"8":null,"9":0.04328,"10":0.00541,"11":0.008115,"12":0.008115,"13":0.02164,"14":null,"15":null,"16":0.018935,"17":0.002705,"18":0.00541,"19":0.002705,"20":null,"21":0.002705,"22":0.008115,"23":null,"24":null,"25":0.008115,"26":0.002705,"27":0.01082,"28":0.002705,"29":0.02164,"30":0.01082,"31":0.045985,"32":0.127135,"33":0.01623,"34":0.01623,"35":0.018935,"36":0.01623,"37":0.02705,"38":0.040575,"39":0.089265,"40":0.040575,"41":0.040575,"42":0.0541,"43":0.17853,"44":0.105495,"45":0.808795,"46":3.026895,"47":0.327305,"48":0.002705,"49":null},"opera":{"9":null,"9.5-9.6":null,"10.0-10.1":0,"10.5":null,"10.6":null,"11":null,"11.1":null,"11.5":null,"11.6":null,"12":null,"12.1":0.024345,"15":null,"16":null,"17":null,"18":null,"19":null,"20":null,"21":null,"22":null,"23":0.002705,"24":null,"25":null,"26":null,"27":null,"28":null,"29":null,"30":0.00541,"31":null,"32":0.008115,"33":0.01082,"34":0.02705,"35":0.018935,"36":0.067625,"37":0.16771,"38":null,"39":null},"safari":{"3.1":null,"3.2":null,"4":0.02164,"5":0.035165,"5.1":0.083855,"6":0.02705,"6.1":0.051395,"7":0.040575,"7.1":0.01082,"8":0.21099,"9":0.430095,"9.1":0.852075,"0":null},"ios_saf":{"3.2":0,"4.0-4.1":0,"4.2-4.3":0,"5.0-5.1":0,"6.0-6.1":0.0187977465643,"7.0-7.1":0.186473645918,"8":0,"8.1-8.4":0.475207033145,"9.0-9.2":0.994776748181,"9.3":5.76564482619},"android":{"2.1":0,"2.2":0,"2.3":0.0291717149347,"3":0,"4":0.179197677456,"4.1":0.6188570954,"4.2-4.3":1.4294140318,"4.4":3.24431143952,"4.4.3-4.4.4":1.83781804089,"50":null},"op_mob":{"10":0,"11":0,"11.1":0,"11.5":0,"12":0,"12.1":0.0028835190235,"0":0.0706462160758},"ie":{"5.5":null,"6":0.00545571830986,"7":0.0136392957746,"8":0.133665098592,"9":0.223684450704,"10":0.169127267606,"11":1.39120816901},"bb":{"7":0.007295,"10":null},"ie_mob":{"10":0.0182139677419,"11":0.0474410322581},"edge":{"12":0.0541,"13":0.35706,"14":0.002705},"and_ff":{"0":0.021885},"and_uc":{"0":7.958845},"op_mini":{"5.0-8.0":33.2354402649},"and_chr":{"0":14.042925}},"total":95.590605}