{"id":"BO","name":"Bolivia","month":"2016-05","access_date":"2016-06-03","data":{"chrome":{"4":null,"5":null,"6":null,"7":null,"8":0.020908,"9":null,"10":0.005227,"11":0.083632,"12":0.010454,"13":0.015681,"14":0.005227,"15":0.005227,"16":null,"17":0.005227,"18":0.073178,"19":null,"20":null,"21":0.015681,"22":0.031362,"23":0.047043,"24":0.010454,"25":0.062724,"26":0.041816,"27":0.020908,"28":0.015681,"29":0.198626,"30":0.015681,"31":0.083632,"32":0.026135,"33":0.135902,"34":0.036589,"35":0.073178,"36":0.05227,"37":0.05227,"38":0.141129,"39":0.10454,"40":0.094086,"41":0.073178,"42":0.067951,"43":0.297939,"44":0.250896,"45":0.240442,"46":0.334528,"47":0.360663,"48":0.585424,"49":4.866337,"50":23.004027,"51":0.355436,"52":0.020908,"53":null,"54":null},"firefox":{"2":null,"3":0.047043,"3.5":0.026135,"3.6":0.05227,"4":0.020908,"5":0.015681,"6":0.015681,"7":null,"8":0.036589,"9":0.010454,"10":0.010454,"11":0.015681,"12":0.05227,"13":0.015681,"14":0.020908,"15":0.020908,"16":0.031362,"17":0.057497,"18":0.020908,"19":0.010454,"20":0.041816,"21":0.026135,"22":0.020908,"23":0.020908,"24":0.020908,"25":0.057497,"26":0.031362,"27":0.026135,"28":0.031362,"29":0.078405,"30":0.083632,"31":0.088859,"32":0.067951,"33":0.094086,"34":0.109767,"35":0.141129,"36":0.088859,"37":0.162037,"38":0.193399,"39":0.188172,"40":0.193399,"41":0.151583,"42":0.182945,"43":0.768369,"44":0.433841,"45":1.735364,"46":6.157406,"47":0.078405,"48":0.010454,"49":null},"opera":{"9":null,"9.5-9.6":null,"10.0-10.1":0,"10.5":null,"10.6":null,"11":null,"11.1":null,"11.5":null,"11.6":null,"12":null,"12.1":0.020908,"15":null,"16":null,"17":null,"18":null,"19":null,"20":0.005227,"21":null,"22":null,"23":null,"24":null,"25":null,"26":null,"27":0.005227,"28":0.005227,"29":0.015681,"30":0.010454,"31":0.010454,"32":0.005227,"33":0.010454,"34":0.020908,"35":0.031362,"36":0.162037,"37":0.480884,"38":null,"39":null},"safari":{"3.1":null,"3.2":null,"4":0,"5":0.036589,"5.1":0.067951,"6":0.031362,"6.1":0.031362,"7":0.020908,"7.1":0.026135,"8":0.256123,"9":0.250896,"9.1":0.449522,"0":null},"ios_saf":{"3.2":0,"4.0-4.1":0,"4.2-4.3":0,"5.0-5.1":0,"6.0-6.1":0.00549840339531,"7.0-7.1":0.0545441616815,"8":0,"8.1-8.4":0.138999637833,"9.0-9.2":0.29097550768,"9.3":1.68647028941},"android":{"2.1":0,"2.2":0,"2.3":0.0308686524702,"3":0,"4":0.189621722317,"4.1":0.654856413118,"4.2-4.3":1.51256397104,"4.4":3.43303513543,"4.4.3-4.4.4":1.94472510562,"50":null},"op_mob":{"10":0,"11":0,"11.1":0,"11.5":0,"12":0,"12.1":0.00059251889365,"0":0.0145167128944},"ie":{"5.5":null,"6":0.0372591282051,"7":0.0106454652015,"8":0.569532388278,"9":0.260813897436,"10":0.388559479853,"11":1.62875617582},"bb":{"7":0.01312575,"10":null},"ie_mob":{"10":0.173460058065,"11":0.451802941935},"edge":{"12":0.120221,"13":0.292712,"14":null},"and_ff":{"0":0.062049},"and_uc":{"0":2.830389},"op_mini":{"5.0-8.0":6.82937276821},"and_chr":{"0":25.09206}},"total":94.3810992848}