{"id":"BR","name":"Brazil","month":"2016-05","access_date":"2016-06-03","data":{"chrome":{"4":null,"5":null,"6":null,"7":null,"8":null,"9":null,"10":null,"11":0.01396,"12":0.00698,"13":null,"14":null,"15":null,"16":null,"17":null,"18":0.00698,"19":null,"20":null,"21":null,"22":0.0349,"23":null,"24":null,"25":0.01396,"26":0.02094,"27":0.00698,"28":0.00698,"29":0.75384,"30":0.00698,"31":0.02792,"32":0.12564,"33":0.04886,"34":0.04188,"35":0.08376,"36":0.32108,"37":0.05584,"38":0.04886,"39":0.0698,"40":0.07678,"41":0.0698,"42":0.06282,"43":0.46766,"44":0.14658,"45":0.1745,"46":0.30014,"47":0.5584,"48":0.53048,"49":5.8283,"50":43.01774,"51":0.83062,"52":0.15356,"53":0.00698,"54":null},"firefox":{"2":null,"3":0.01396,"3.5":null,"3.6":0.01396,"4":null,"5":null,"6":0.0349,"7":null,"8":null,"9":null,"10":null,"11":null,"12":0.00698,"13":null,"14":null,"15":0.00698,"16":0.01396,"17":0.00698,"18":null,"19":null,"20":0.02792,"21":0.02094,"22":0.01396,"23":0.01396,"24":0.02094,"25":null,"26":0.00698,"27":null,"28":0.01396,"29":0.01396,"30":0.02094,"31":0.09772,"32":0.01396,"33":0.02792,"34":0.02094,"35":0.02792,"36":0.02792,"37":0.0349,"38":0.12564,"39":0.04886,"40":0.04886,"41":0.06282,"42":0.07678,"43":0.21638,"44":0.14658,"45":1.2215,"46":5.0954,"47":0.06282,"48":0.00698,"49":null},"opera":{"9":null,"9.5-9.6":null,"10.0-10.1":0,"10.5":null,"10.6":null,"11":null,"11.1":null,"11.5":null,"11.6":null,"12":null,"12.1":0.02094,"15":null,"16":null,"17":null,"18":null,"19":null,"20":null,"21":null,"22":null,"23":null,"24":null,"25":null,"26":null,"27":null,"28":0.01396,"29":null,"30":null,"31":null,"32":null,"33":null,"34":0.00698,"35":0.00698,"36":0.12564,"37":0.48162,"38":null,"39":null},"safari":{"3.1":null,"3.2":null,"4":0.01396,"5":0.02094,"5.1":0.0349,"6":0.00698,"6.1":0.0349,"7":0.02094,"7.1":0.00698,"8":0.11866,"9":0.25826,"9.1":0.75384,"0":null},"ios_saf":{"3.2":0,"4.0-4.1":0,"4.2-4.3":0,"5.0-5.1":0,"6.0-6.1":0.0098756416734,"7.0-7.1":0.0979663654002,"8":0,"8.1-8.4":0.249656221504,"9.0-9.2":0.522618957357,"9.3":3.02905681407},"android":{"2.1":0,"2.2":0,"2.3":0.0117083049404,"3":0,"4":0.0719224446337,"4.1":0.248383326235,"4.2-4.3":0.573706942078,"4.4":1.30213077087,"4.4.3-4.4.4":0.737623211244,"50":null},"op_mob":{"10":0,"11":0,"11.1":0,"11.5":0,"12":0,"12.1":8.15956369303e-5,"0":0.00199909310479},"ie":{"5.5":null,"6":0.0145259459459,"7":0.0145259459459,"8":0.406726486486,"9":0.34135972973,"10":0.275992972973,"11":2.16436594595},"bb":{"7":0.00528675,"10":null},"ie_mob":{"10":0.259806,"11":0.676704},"edge":{"12":0.12564,"13":0.87948,"14":0.00698},"and_ff":{"0":0.018126},"and_uc":{"0":0.848901},"op_mini":{"5.0-8.0":0.940471311258},"and_chr":{"0":20.315365}},"total":97.613146777}