{"id":"BS","name":"Bahamas","month":"2016-05","access_date":"2016-06-03","data":{"chrome":{"4":null,"5":null,"6":null,"7":null,"8":null,"9":null,"10":null,"11":0.01755,"12":null,"13":null,"14":null,"15":null,"16":null,"17":null,"18":0.00585,"19":null,"20":null,"21":0.00585,"22":null,"23":null,"24":null,"25":0.0117,"26":null,"27":0.00585,"28":0.00585,"29":0.31005,"30":0.00585,"31":0.05265,"32":0.00585,"33":0.04095,"34":0.01755,"35":0.00585,"36":0.0468,"37":0.02925,"38":0.0351,"39":0.0468,"40":0.02925,"41":0.0117,"42":0.0468,"43":0.12285,"44":0.0468,"45":0.2457,"46":0.05265,"47":0.0936,"48":0.15795,"49":4.94325,"50":24.0786,"51":0.3744,"52":0.0351,"53":null,"54":null},"firefox":{"2":null,"3":null,"3.5":null,"3.6":0.0117,"4":null,"5":null,"6":null,"7":null,"8":null,"9":null,"10":null,"11":null,"12":0.0351,"13":0.00585,"14":null,"15":null,"16":0.0234,"17":null,"18":null,"19":null,"20":null,"21":null,"22":null,"23":0.0117,"24":0.0117,"25":null,"26":null,"27":null,"28":null,"29":null,"30":null,"31":0.0117,"32":null,"33":0.01755,"34":null,"35":0.00585,"36":null,"37":0.0117,"38":0.05265,"39":0.0117,"40":0.0234,"41":0.01755,"42":0.0585,"43":0.0936,"44":0.08775,"45":0.81315,"46":3.6504,"47":0.0819,"48":null,"49":null},"opera":{"9":null,"9.5-9.6":null,"10.0-10.1":0,"10.5":null,"10.6":null,"11":null,"11.1":null,"11.5":null,"11.6":null,"12":null,"12.1":0.01755,"15":null,"16":null,"17":null,"18":null,"19":null,"20":null,"21":null,"22":null,"23":null,"24":null,"25":null,"26":null,"27":null,"28":0.0117,"29":0.05265,"30":null,"31":null,"32":null,"33":null,"34":0.00585,"35":0.02925,"36":0.06435,"37":0.3978,"38":null,"39":null},"safari":{"3.1":null,"3.2":null,"4":0.0585,"5":0.0936,"5.1":0.23985,"6":0.01755,"6.1":0.16965,"7":0.0702,"7.1":0.01755,"8":0.33345,"9":0.62595,"9.1":2.01825,"0":null},"ios_saf":{"3.2":0,"4.0-4.1":0,"4.2-4.3":0,"5.0-5.1":0,"6.0-6.1":0.0237882730396,"7.0-7.1":0.235979668553,"8":0,"8.1-8.4":0.601367542441,"9.0-9.2":1.25887540926,"9.3":7.29633910671},"android":{"2.1":0,"2.2":0,"2.3":0.0187563032368,"3":0,"4":0.115217291312,"4.1":0.397901575809,"4.2-4.3":0.919058858603,"4.4":2.08596886712,"4.4.3-4.4.4":1.18164710392,"50":null},"op_mob":{"10":0,"11":0,"11.1":0,"11.5":0,"12":0,"12.1":1.76037744016e-5,"0":0.000431292472839},"ie":{"5.5":null,"6":null,"7":0.0351,"8":0.34515,"9":0.49725,"10":0.70785,"11":8.06715},"bb":{"7":0.0757375,"10":null},"ie_mob":{"10":0.284368709677,"11":0.740681290323},"edge":{"12":0.43875,"13":4.44015,"14":null},"and_ff":{"0":0.02905},"and_uc":{"0":0.43575},"op_mini":{"5.0-8.0":0.202901103753},"and_chr":{"0":20.62785}},"total":91.2116375}