{"id":"BT","name":"Bhutan","month":"2016-05","access_date":"2016-06-03","data":{"chrome":{"4":0.006046,"5":0.021161,"6":null,"7":0.015115,"8":null,"9":0.003023,"10":0.006046,"11":0.021161,"12":0.012092,"13":0.018138,"14":0.018138,"15":null,"16":0.003023,"17":null,"18":0.033253,"19":0.009069,"20":null,"21":0.009069,"22":null,"23":0.021161,"24":0.006046,"25":0.009069,"26":0.006046,"27":0.027207,"28":0.018138,"29":0.006046,"30":0.214633,"31":0.081621,"32":0.024184,"33":0.063483,"34":0.009069,"35":0.033253,"36":0.045345,"37":0.009069,"38":0.048368,"39":0.027207,"40":0.894808,"41":0.069529,"42":0.129989,"43":0.519956,"44":0.069529,"45":0.323461,"46":0.102782,"47":0.136035,"48":0.178357,"49":2.173537,"50":13.751627,"51":0.33253,"52":0.335553,"53":null,"54":null},"firefox":{"2":null,"3":0.06046,"3.5":0.015115,"3.6":0.015115,"4":0.006046,"5":null,"6":0.033253,"7":null,"8":0.006046,"9":0.009069,"10":0.051391,"11":0.012092,"12":0.03023,"13":0.009069,"14":0.036276,"15":0.039299,"16":0.015115,"17":0.009069,"18":0.048368,"19":0.009069,"20":0.003023,"21":0.009069,"22":null,"23":0.012092,"24":0.006046,"25":0.018138,"26":0.024184,"27":0.012092,"28":0.018138,"29":0.048368,"30":0.018138,"31":0.048368,"32":0.033253,"33":0.012092,"34":0.015115,"35":0.018138,"36":0.018138,"37":0.027207,"38":0.048368,"39":0.051391,"40":0.045345,"41":0.018138,"42":0.033253,"43":0.263001,"44":0.160219,"45":0.698313,"46":2.243066,"47":0.643899,"48":0.006046,"49":null},"opera":{"9":null,"9.5-9.6":null,"10.0-10.1":0,"10.5":null,"10.6":null,"11":null,"11.1":null,"11.5":null,"11.6":null,"12":null,"12.1":null,"15":0.006046,"16":null,"17":null,"18":null,"19":null,"20":null,"21":null,"22":null,"23":null,"24":null,"25":null,"26":null,"27":null,"28":0.006046,"29":null,"30":0.003023,"31":null,"32":null,"33":null,"34":0.045345,"35":0.018138,"36":0.081621,"37":0.187426,"38":null,"39":null},"safari":{"3.1":null,"3.2":null,"4":0,"5":0.003023,"5.1":0.048368,"6":null,"6.1":0.012092,"7":0.012092,"7.1":null,"8":0.081621,"9":0.093713,"9.1":0.326484,"0":null},"ios_saf":{"3.2":0,"4.0-4.1":0,"4.2-4.3":0,"5.0-5.1":0,"6.0-6.1":0.00738521372272,"7.0-7.1":0.0732613201293,"8":0,"8.1-8.4":0.18669820291,"9.0-9.2":0.390825510206,"9.3":2.26519275303},"android":{"2.1":0,"2.2":0,"2.3":0.0194690391823,"3":0,"4":0.119595526405,"4.1":0.413021759796,"4.2-4.3":0.953982919932,"4.4":2.1652352862,"4.4.3-4.4.4":1.22654946848,"50":null},"op_mob":{"10":0,"11":0,"11.1":0,"11.5":0,"12":0,"12.1":0.00146165779336,"0":0.0358106159373},"ie":{"5.5":null,"6":0.018138,"7":null,"8":0.178357,"9":0.03023,"10":0.087667,"11":0.743658},"bb":{"7":0.00174425,"10":null},"ie_mob":{"10":0.596150890323,"11":1.55276510968},"edge":{"12":0.087667,"13":0.126966,"14":null},"and_ff":{"0":0.020931},"and_uc":{"0":15.321492},"op_mini":{"5.0-8.0":16.8470677263},"and_chr":{"0":25.022423}},"total":94.21947625}