{"id":"BT","name":"Bhutan","month":"2016-01","access_date":"2016-02-03","data":{"firefox":{"2":0,"3":0.024822,"3.5":0.007092,"3.6":0.01773,"4":0.003546,"5":0.010638,"6":0.010638,"7":0.007092,"8":0.003546,"9":0,"10":0.060282,"11":0.007092,"12":0.039006,"13":0.007092,"14":0.014184,"15":0.109926,"16":0.024822,"17":0.007092,"18":0.046098,"19":0.003546,"20":0.014184,"21":0.003546,"22":0.003546,"23":0.010638,"24":0.049644,"25":0.007092,"26":0.003546,"27":0.003546,"28":0.021276,"29":0.042552,"30":0.01773,"31":0.021276,"32":0.085104,"33":0.021276,"34":0.010638,"35":0.024822,"36":0.01773,"37":0.056736,"38":0.645372,"39":0.05319,"40":0.092196,"41":0.078012,"42":0.152478,"43":2.592126,"44":0.755298,"45":0.014184,"46":0,"47":0},"chrome":{"4":0.014184,"5":0.014184,"6":0.003546,"7":0.014184,"8":0,"9":0,"10":0.021276,"11":0.021276,"12":0.014184,"13":0.003546,"14":0.024822,"15":0,"16":0.007092,"17":0,"18":0.039006,"19":0,"20":0.003546,"21":0.003546,"22":0.003546,"23":0.010638,"24":0,"25":0.014184,"26":0.003546,"27":0.007092,"28":0.007092,"29":0.007092,"30":0.039006,"31":0.049644,"32":0.05319,"33":0.10638,"34":0.010638,"35":0.031914,"36":0.039006,"37":0.014184,"38":0.031914,"39":0.042552,"40":0.03546,"41":0.03546,"42":0.145386,"43":1.91484,"44":0.15957,"45":0.468072,"46":0.280134,"47":14.428674,"48":1.287198,"49":0.468072,"50":0.014184,"51":0},"opera":{"9":0,"9.5-9.6":0,"10.0-10.1":0,"10.5":0,"10.6":0,"11":0,"11.1":0,"11.5":0.003546,"11.6":0,"12":0,"12.1":0,"15":0,"16":0,"17":0,"18":0,"19":0,"20":0,"21":0.003546,"22":0,"23":0,"24":0,"25":0,"26":0,"27":0,"28":0.007092,"29":0.01773,"30":0.003546,"31":0,"32":0.003546,"33":0.028368,"34":0.351054,"35":0,"36":0},"safari":{"3.1":0,"3.2":0,"4":0.003546,"5":0.03546,"5.1":0.049644,"6":0.010638,"6.1":0.063828,"7":0.024822,"7.1":0.127656,"8":0.446796,"9":0.226944,"9.1":0},"android":{"2.1":0,"2.2":0,"2.3":0.0376988157279,"3":0,"4":0.156685702869,"4.1":0.536030036132,"4.2-4.3":1.19340313539,"4.4":2.37502539086,"4.4.3-4.4.4":1.24406091902,"47":null},"ios_saf":{"3.2":0,"4.0-4.1":0,"4.2-4.3":0,"5.0-5.1":0,"6.0-6.1":0,"7.0-7.1":0.152820845781,"8":0.0107173060678,"8.1-8.4":0.436630987947,"9.0-9.2":3.2529008602,"9.3":null},"op_mob":{"10":0,"11":0,"11.1":0,"11.5":0,"12":0.00146063788086,"12.1":0.00146063788086,"0":0.0774138076856},"ie":{"5.5":0,"6":0.0284577721519,"7":0,"8":0.366393816456,"9":0.128059974684,"10":0.124502753165,"11":1.60074968354},"bb":{"7":0.003227,"10":null},"ie_mob":{"10":0.414032235294,"11":1.82550576471},"edge":{"12":0.131202,"13":0.099288,"14":0},"and_uc":{"0":15.018458},"op_mini":{"5.0-8.0":19.4946469166},"and_chr":{"0":23.228878},"and_ff":{"0":0.025816}},"total":98.468331}