{"id":"BW","name":"Botswana","month":"2016-05","access_date":"2016-06-03","data":{"chrome":{"4":null,"5":null,"6":null,"7":null,"8":null,"9":null,"10":null,"11":0.038368,"12":0.009592,"13":null,"14":null,"15":null,"16":null,"17":null,"18":0.014388,"19":null,"20":0.004796,"21":null,"22":0.019184,"23":0.014388,"24":null,"25":0.009592,"26":0.04796,"27":0.009592,"28":0.004796,"29":0.081532,"30":0.019184,"31":0.043164,"32":0.02398,"33":0.02398,"34":0.02398,"35":0.02398,"36":0.033572,"37":0.028776,"38":0.028776,"39":0.04796,"40":0.038368,"41":0.052756,"42":0.09592,"43":0.398068,"44":0.201432,"45":0.45562,"46":0.091124,"47":0.172656,"48":0.38368,"49":2.297284,"50":13.994728,"51":0.19184,"52":0.086328,"53":null,"54":null},"firefox":{"2":null,"3":0.019184,"3.5":null,"3.6":0.028776,"4":0.014388,"5":null,"6":0.019184,"7":0.009592,"8":0.014388,"9":null,"10":0.019184,"11":0.02398,"12":0.07194,"13":0.02398,"14":0.014388,"15":0.019184,"16":0.02398,"17":0.004796,"18":0.74338,"19":0.052756,"20":0.02398,"21":0.028776,"22":0.009592,"23":0.043164,"24":0.014388,"25":0.014388,"26":0.105512,"27":0.369292,"28":0.02398,"29":0.326128,"30":0.02398,"31":0.067144,"32":0.163064,"33":0.043164,"34":1.160632,"35":0.177452,"36":0.052756,"37":0.076736,"38":0.235004,"39":0.19184,"40":0.163064,"41":0.177452,"42":0.067144,"43":0.86328,"44":0.633072,"45":1.410024,"46":5.289988,"47":1.53472,"48":0.028776,"49":null},"opera":{"9":null,"9.5-9.6":null,"10.0-10.1":0,"10.5":null,"10.6":null,"11":null,"11.1":null,"11.5":0.014388,"11.6":null,"12":null,"12.1":0.009592,"15":null,"16":null,"17":0.004796,"18":0.009592,"19":null,"20":null,"21":null,"22":null,"23":null,"24":null,"25":null,"26":null,"27":null,"28":0.009592,"29":null,"30":null,"31":null,"32":null,"33":null,"34":0.004796,"35":0.019184,"36":0.187044,"37":0.422048,"38":null,"39":null},"safari":{"3.1":0.057552,"3.2":null,"4":0.014388,"5":0.052756,"5.1":0.086328,"6":0.02398,"6.1":0.009592,"7":0.019184,"7.1":0.07194,"8":0.076736,"9":0.163064,"9.1":0.31174,"0":null},"ios_saf":{"3.2":0,"4.0-4.1":0,"4.2-4.3":0,"5.0-5.1":0,"6.0-6.1":0.00308948059822,"7.0-7.1":0.0306476475344,"8":0,"8.1-8.4":0.078102069523,"9.0-9.2":0.163495313258,"9.3":0.947605489086},"android":{"2.1":0,"2.2":0,"2.3":0.025195516184,"3":0,"4":0.154772456559,"4.1":0.534504879046,"4.2-4.3":1.23458029302,"4.4":2.8021013356,"4.4.3-4.4.4":1.58731751959,"50":null},"op_mob":{"10":0,"11":0,"11.1":0,"11.5":0,"12":0,"12.1":0.00123933722893,"0":0.0303637621088},"ie":{"5.5":null,"6":0.00481596484736,"7":1.17509542276,"8":1.44960541906,"9":1.03061647734,"10":1.7289313802,"11":5.0230513358},"bb":{"7":0.590654,"10":null},"ie_mob":{"10":0.666984929032,"11":1.73726307097},"edge":{"12":0.374088,"13":0.393272,"14":null},"and_ff":{"0":4.225648},"and_uc":{"0":6.775608},"op_mini":{"5.0-8.0":14.2846009007},"and_chr":{"0":11.19854}},"total":93.252998}