{"id":"BW","name":"Botswana","month":"2016-01","access_date":"2016-02-03","data":{"firefox":{"2":0,"3":0.020256,"3.5":0.005064,"3.6":0.030384,"4":0.020256,"5":0.010128,"6":0.015192,"7":0.010128,"8":0.005064,"9":0.010128,"10":0.030384,"11":0.035448,"12":0.035448,"13":0.040512,"14":0.020256,"15":0.02532,"16":0.086088,"17":0.020256,"18":0.653256,"19":0.05064,"20":0.445632,"21":0.015192,"22":0.005064,"23":0.060768,"24":0.010128,"25":0.015192,"26":0.065832,"27":0.3798,"28":0.020256,"29":0.349416,"30":0.065832,"31":0.045576,"32":0.020256,"33":0.055704,"34":1.19004,"35":0.207624,"36":0.060768,"37":0.091152,"38":0.167112,"39":0.17724,"40":0.2532,"41":0.774792,"42":0.587424,"43":5.590656,"44":1.078632,"45":0.081024,"46":0.005064,"47":0},"chrome":{"4":0,"5":0,"6":0,"7":0.005064,"8":0,"9":0.010128,"10":0.005064,"11":0.065832,"12":0.005064,"13":0,"14":0,"15":0,"16":0.005064,"17":0,"18":0.015192,"19":0,"20":0.005064,"21":0.02532,"22":0.020256,"23":0.005064,"24":0,"25":0.010128,"26":0.040512,"27":0.005064,"28":0.030384,"29":0.070896,"30":0.030384,"31":0.091152,"32":0.015192,"33":0.030384,"34":0.035448,"35":0.045576,"36":0.055704,"37":0.060768,"38":0.035448,"39":0.086088,"40":0.116472,"41":0.035448,"42":0.182304,"43":0.541848,"44":0.268392,"45":0.516528,"46":0.663384,"47":14.994504,"48":1.321704,"49":0.136728,"50":0.005064,"51":0},"opera":{"9":0,"9.5-9.6":0,"10.0-10.1":0,"10.5":0,"10.6":0,"11":0,"11.1":0,"11.5":0,"11.6":0.035448,"12":0.005064,"12.1":0.02532,"15":0.005064,"16":0,"17":0.005064,"18":0.005064,"19":0,"20":0.010128,"21":0.005064,"22":0,"23":0,"24":0,"25":0,"26":0,"27":0,"28":0.005064,"29":0.005064,"30":0.010128,"31":0.005064,"32":0.010128,"33":0.030384,"34":0.693768,"35":0,"36":0},"safari":{"3.1":0.005064,"3.2":0,"4":0.005064,"5":0.035448,"5.1":0.136728,"6":0.02532,"6.1":0.020256,"7":0.030384,"7.1":0.055704,"8":0.096216,"9":0.60768,"9.1":0},"android":{"2.1":0,"2.2":0,"2.3":0.0571237475027,"3":0,"4":0.237420575558,"4.1":0.812228284803,"4.2-4.3":1.80832363188,"4.4":3.59879609267,"4.4.3-4.4.4":1.88508366759,"47":null},"ios_saf":{"3.2":0,"4.0-4.1":0,"4.2-4.3":0,"5.0-5.1":0,"6.0-6.1":0,"7.0-7.1":0.11815022149,"8":0.00828585968888,"8.1-8.4":0.337572061399,"9.0-9.2":2.51491185742,"9.3":null},"op_mob":{"10":0,"11":0,"11.1":0,"11.5":0,"12":0.000994443477179,"12.1":0.000994443477179,"0":0.0527055042905},"ie":{"5.5":0,"6":0.0152067638484,"7":0.0963095043732,"8":1.66767510204,"9":1.45984932945,"10":1.4142290379,"11":5.75829457726},"bb":{"7":0.539258,"10":null},"ie_mob":{"10":0.517408941176,"11":2.28130305882},"edge":{"12":0.435504,"13":0.283584,"14":0},"and_uc":{"0":6.431608},"op_mini":{"5.0-8.0":13.2725056088},"and_chr":{"0":13.709952},"and_ff":{"0":2.038568}},"total":95.7637263149}