{"id":"BZ","name":"Belize","month":"2016-05","access_date":"2016-06-03","data":{"chrome":{"4":null,"5":null,"6":null,"7":null,"8":null,"9":null,"10":null,"11":0.091987,"12":null,"13":null,"14":null,"15":null,"16":null,"17":0.010822,"18":0.021644,"19":null,"20":null,"21":null,"22":0.016233,"23":null,"24":0.005411,"25":0.005411,"26":0.005411,"27":null,"28":0.010822,"29":0.254317,"30":null,"31":0.010822,"32":0.037877,"33":0.021644,"34":0.016233,"35":0.037877,"36":0.048699,"37":0.016233,"38":0.005411,"39":0.037877,"40":0.043288,"41":0.021644,"42":0.043288,"43":0.151508,"44":0.086576,"45":0.470757,"46":0.21644,"47":0.221851,"48":0.265139,"49":4.583117,"50":21.649411,"51":0.422058,"52":0.113631,"53":null,"54":null},"firefox":{"2":null,"3":0.005411,"3.5":null,"3.6":0.032466,"4":null,"5":null,"6":0.005411,"7":null,"8":null,"9":null,"10":null,"11":0.010822,"12":0.005411,"13":null,"14":0.005411,"15":0.021644,"16":null,"17":null,"18":null,"19":null,"20":0.010822,"21":0.010822,"22":null,"23":0.010822,"24":0.005411,"25":0.005411,"26":0.027055,"27":0.027055,"28":0.032466,"29":null,"30":0.027055,"31":0.027055,"32":0.027055,"33":0.059521,"34":0.010822,"35":0.021644,"36":0.032466,"37":0.021644,"38":0.151508,"39":0.081165,"40":0.091987,"41":0.097398,"42":0.189385,"43":0.48699,"44":0.227262,"45":1.488025,"46":6.850326,"47":0.497812,"48":0.005411,"49":null},"opera":{"9":null,"9.5-9.6":null,"10.0-10.1":0,"10.5":null,"10.6":null,"11":null,"11.1":null,"11.5":null,"11.6":null,"12":null,"12.1":0.021644,"15":null,"16":null,"17":null,"18":null,"19":null,"20":null,"21":null,"22":null,"23":null,"24":null,"25":null,"26":null,"27":0.010822,"28":null,"29":0.032466,"30":null,"31":null,"32":0.021644,"33":null,"34":0.010822,"35":0.016233,"36":0.091987,"37":0.313838,"38":null,"39":null},"safari":{"3.1":null,"3.2":null,"4":0.005411,"5":0.070343,"5.1":0.124453,"6":0.021644,"6.1":0.059521,"7":0.016233,"7.1":null,"8":0.692608,"9":0.367948,"9.1":2.039947,"0":null},"ios_saf":{"3.2":0,"4.0-4.1":0,"4.2-4.3":0,"5.0-5.1":0,"6.0-6.1":0.0167519831245,"7.0-7.1":0.166179672595,"8":0,"8.1-8.4":0.423490133387,"9.0-9.2":0.886514946948,"9.3":5.13816826395},"android":{"2.1":0,"2.2":0,"2.3":0.0362090601931,"3":0,"4":0.222427084043,"4.1":0.768149348382,"4.2-4.3":1.77424394946,"4.4":4.02696476576,"4.4.3-4.4.4":2.28117079216,"50":null},"op_mob":{"10":0,"11":0,"11.1":0,"11.5":0,"12":0,"12.1":0.00013586443319,"0":0.00332867861317},"ie":{"5.5":null,"6":0.0108912977588,"7":0.0054456488794,"8":0.223271604055,"9":0.326738932764,"10":0.408423665955,"11":4.12780185059},"bb":{"7":0.22600825,"10":null},"ie_mob":{"10":0.510504045161,"11":1.32968495484},"edge":{"12":0.492401,"13":1.304051,"14":null},"and_ff":{"0":0.050479},"and_uc":{"0":2.592785},"op_mini":{"5.0-8.0":1.56597345695},"and_chr":{"0":22.389371}},"total":94.77953925}