{"id":"CA","name":"Canada","month":"2016-05","access_date":"2016-06-03","data":{"chrome":{"4":null,"5":null,"6":null,"7":null,"8":null,"9":null,"10":null,"11":0.019182,"12":null,"13":null,"14":null,"15":null,"16":0.012788,"17":null,"18":null,"19":0.006394,"20":null,"21":0.006394,"22":0.025576,"23":0.012788,"24":0.006394,"25":0.006394,"26":0.006394,"27":0.012788,"28":0.012788,"29":0.939918,"30":0.006394,"31":0.038364,"32":0.019182,"33":0.03197,"34":0.03197,"35":0.044758,"36":0.044758,"37":0.076728,"38":0.044758,"39":0.076728,"40":0.057546,"41":0.102304,"42":0.070334,"43":0.147062,"44":0.089516,"45":0.217396,"46":0.140668,"47":0.230184,"48":0.47955,"49":4.95535,"50":23.88159,"51":0.396428,"52":0.044758,"53":null,"54":null},"firefox":{"2":null,"3":0.019182,"3.5":null,"3.6":0.019182,"4":0.044758,"5":0.012788,"6":0.025576,"7":null,"8":null,"9":null,"10":null,"11":null,"12":0.006394,"13":null,"14":null,"15":null,"16":0.019182,"17":0.006394,"18":null,"19":null,"20":0.006394,"21":0.019182,"22":0.006394,"23":null,"24":0.012788,"25":0.006394,"26":0.006394,"27":0.012788,"28":0.019182,"29":0.019182,"30":0.012788,"31":0.076728,"32":0.012788,"33":0.019182,"34":0.03197,"35":0.03197,"36":0.03197,"37":0.038364,"38":0.147062,"39":0.057546,"40":0.051152,"41":0.06394,"42":0.070334,"43":0.153456,"44":0.147062,"45":1.37471,"46":5.965602,"47":0.070334,"48":null,"49":null},"opera":{"9":null,"9.5-9.6":null,"10.0-10.1":0,"10.5":null,"10.6":null,"11":null,"11.1":null,"11.5":null,"11.6":null,"12":null,"12.1":0.03197,"15":null,"16":null,"17":null,"18":null,"19":null,"20":null,"21":null,"22":null,"23":null,"24":null,"25":null,"26":null,"27":null,"28":0.006394,"29":null,"30":null,"31":null,"32":null,"33":null,"34":null,"35":null,"36":0.083122,"37":0.185426,"38":null,"39":null},"safari":{"3.1":null,"3.2":null,"4":0.03197,"5":0.09591,"5.1":0.28773,"6":0.03197,"6.1":0.217396,"7":0.09591,"7.1":0.076728,"8":0.485944,"9":1.080586,"9.1":3.331274,"0":null},"ios_saf":{"3.2":0,"4.0-4.1":0,"4.2-4.3":0,"5.0-5.1":0,"6.0-6.1":0.0437176485449,"7.0-7.1":0.433679073565,"8":0,"8.1-8.4":1.10518215521,"9.0-9.2":2.31353796099,"9.3":13.4090771617},"android":{"2.1":0,"2.2":0,"2.3":0.00454384667802,"3":0,"4":0.0279122010221,"4.1":0.0963944616695,"4.2-4.3":0.222648487223,"4.4":0.505340662692,"4.4.3-4.4.4":0.286262340716,"50":null},"op_mob":{"10":0,"11":0,"11.1":0,"11.5":0,"12":0,"12.1":6.93011297234e-5,"0":0.00169787767822},"ie":{"5.5":null,"6":0.0258126930591,"7":0.0387190395887,"8":1.06477358869,"9":0.677583192802,"10":0.613051460154,"11":10.1185756792},"bb":{"7":0.5706495,"10":null},"ie_mob":{"10":0.0460172129032,"11":0.119858787097},"edge":{"12":0.140668,"13":2.602358,"14":0.006394},"and_ff":{"0":0.046878},"and_uc":{"0":0.421902},"op_mini":{"5.0-8.0":0.798764821192},"and_chr":{"0":11.404646}},"total":94.1042511535}