{"id":"CF","name":"Central African Republic","month":"2016-05","access_date":"2016-06-03","data":{"chrome":{"4":0.061789,"5":null,"6":null,"7":null,"8":0.052283,"9":null,"10":null,"11":0.104566,"12":null,"13":null,"14":0.009506,"15":null,"16":null,"17":null,"18":null,"19":null,"20":null,"21":null,"22":0.009506,"23":null,"24":null,"25":null,"26":0.009506,"27":null,"28":0.028518,"29":null,"30":null,"31":0.033271,"32":0.123578,"33":0.014259,"34":0.009506,"35":null,"36":0.009506,"37":0.023765,"38":0.014259,"39":null,"40":null,"41":0.042777,"42":0.080801,"43":0.090307,"44":0.04753,"45":0.413511,"46":0.52283,"47":0.114072,"48":0.09506,"49":1.910706,"50":7.737884,"51":0.175861,"52":null,"53":null,"54":null},"firefox":{"2":0.057036,"3":0.223391,"3.5":0.090307,"3.6":0.099813,"4":0.066542,"5":0.009506,"6":0.009506,"7":0.361228,"8":0.033271,"9":0.061789,"10":0.028518,"11":0.028518,"12":0.356475,"13":0.052283,"14":0.057036,"15":null,"16":0.118825,"17":0.009506,"18":0.104566,"19":0.632149,"20":0.019012,"21":0.123578,"22":0.033271,"23":null,"24":0.04753,"25":0.009506,"26":0.057036,"27":0.218638,"28":0.066542,"29":0.076048,"30":0.213885,"31":0.128331,"32":0.247156,"33":0.342216,"34":0.09506,"35":0.166355,"36":0.104566,"37":0.09506,"38":0.166355,"39":0.042777,"40":0.080801,"41":0.299439,"42":0.622643,"43":0.874552,"44":0.584619,"45":3.906966,"46":5.817672,"47":0.327957,"48":null,"49":null},"opera":{"9":null,"9.5-9.6":null,"10.0-10.1":0,"10.5":0.009506,"10.6":null,"11":null,"11.1":null,"11.5":null,"11.6":0.052283,"12":null,"12.1":null,"15":null,"16":null,"17":null,"18":null,"19":null,"20":null,"21":null,"22":0.009506,"23":null,"24":null,"25":null,"26":0.014259,"27":null,"28":null,"29":null,"30":null,"31":null,"32":0.014259,"33":null,"34":0.009506,"35":0.04753,"36":0.161602,"37":0.399252,"38":0.061789,"39":0.009506},"safari":{"3.1":null,"3.2":null,"4":0,"5":null,"5.1":0.009506,"6":null,"6.1":null,"7":0.085554,"7.1":null,"8":0.137837,"9":0.071295,"9.1":7.633318,"0":null},"ios_saf":{"3.2":0,"4.0-4.1":0,"4.2-4.3":0,"5.0-5.1":0,"6.0-6.1":0.0096215541633,"7.0-7.1":0.0954458172999,"8":0,"8.1-8.4":0.243232889248,"9.0-9.2":0.509172646322,"9.3":2.95112309297},"android":{"2.1":0,"2.2":0,"2.3":0.0289230062465,"3":0,"4":0.177669895514,"4.1":0.613580918228,"4.2-4.3":1.41722730608,"4.4":3.21665148041,"4.4.3-4.4.4":1.82214939353,"50":null},"op_mob":{"10":0,"11":0,"11.1":0,"11.5":0,"12":0,"12.1":0.00105133445873,"0":0.0257576942388},"ie":{"5.5":null,"6":null,"7":0.038024,"8":0.465794,"9":0.218638,"10":1.245286,"11":3.731105},"bb":{"7":0.1088545,"10":null},"ie_mob":{"10":0.787339987097,"11":2.0507460129},"edge":{"12":0.318451,"13":0.627396,"14":null},"and_ff":{"0":0.89182},"and_uc":{"0":8.808034},"op_mini":{"5.0-8.0":12.1176809713},"and_chr":{"0":16.554175}},"total":96.7044525}