{"id":"CG","name":"Congo, Republic of the","month":"2016-01","access_date":"2016-02-03","data":{"firefox":{"2":0.001782,"3":0.548856,"3.5":0.005346,"3.6":0.024948,"4":0.012474,"5":0.00891,"6":0.001782,"7":0.005346,"8":0.01782,"9":0.005346,"10":0.010692,"11":0.055242,"12":0.058806,"13":0.021384,"14":0.014256,"15":0.01782,"16":0.028512,"17":0.03564,"18":0.07128,"19":0.005346,"20":0.016038,"21":0.05346,"22":0.021384,"23":0.021384,"24":0.023166,"25":0.021384,"26":0.021384,"27":0.010692,"28":0.014256,"29":0.03564,"30":0.055242,"31":0.033858,"32":0.03564,"33":0.05346,"34":0.037422,"35":0.030294,"36":0.051678,"37":0.087318,"38":0.110484,"39":0.099792,"40":0.099792,"41":0.0891,"42":0.237006,"43":3.446388,"44":0.212058,"45":0.00891,"46":0.001782,"47":0.001782},"chrome":{"4":0.016038,"5":0.001782,"6":0.007128,"7":0,"8":0,"9":0.007128,"10":0.005346,"11":0.037422,"12":0.005346,"13":0.003564,"14":0.003564,"15":0.005346,"16":0,"17":0,"18":0.005346,"19":0.001782,"20":0,"21":0.005346,"22":0.014256,"23":0.005346,"24":0,"25":0.001782,"26":0.012474,"27":0.030294,"28":0.00891,"29":0.010692,"30":0.012474,"31":0.586278,"32":0.010692,"33":0.032076,"34":0.00891,"35":0.01782,"36":0.030294,"37":0.023166,"38":0.00891,"39":0.016038,"40":0.019602,"41":0.074844,"42":0.065934,"43":0.05346,"44":0.051678,"45":0.135432,"46":0.138996,"47":4.013064,"48":0.363528,"49":0.010692,"50":0,"51":0},"opera":{"9":0,"9.5-9.6":0,"10.0-10.1":0.001782,"10.5":0,"10.6":0,"11":0.005346,"11.1":0,"11.5":0.005346,"11.6":0.039204,"12":0.024948,"12.1":0.057024,"15":0.003564,"16":0,"17":0.003564,"18":0.014256,"19":0,"20":0.005346,"21":0.001782,"22":0.005346,"23":0.001782,"24":0.003564,"25":0.001782,"26":0.001782,"27":0.001782,"28":0.064152,"29":0.007128,"30":0.010692,"31":0.005346,"32":0.010692,"33":0.019602,"34":0.438372,"35":0,"36":0},"safari":{"3.1":0.003564,"3.2":0,"4":0,"5":0.021384,"5.1":0.023166,"6":0.023166,"6.1":0.003564,"7":0.019602,"7.1":0.021384,"8":0.085536,"9":0.224532,"9.1":0},"android":{"2.1":0,"2.2":0,"2.3":0.0335206563231,"3":0,"4":0.139320227843,"4.1":0.476621832094,"4.2-4.3":1.06113827673,"4.4":2.11180134835,"4.4.3-4.4.4":1.10618165866,"47":null},"ios_saf":{"3.2":0,"4.0-4.1":0,"4.2-4.3":0,"5.0-5.1":0,"6.0-6.1":0,"7.0-7.1":0.0819351550428,"8":0.00574610178222,"8.1-8.4":0.234100442979,"9.0-9.2":1.7440483002,"9.3":null},"op_mob":{"10":0,"11":0,"11.1":0,"11.5":0,"12":0.00389877209302,"12.1":0.00389877209302,"0":0.20663492093},"ie":{"5.5":0,"6":0.00365297642164,"7":0.0109589292649,"8":0.281279184466,"9":0.237443467406,"10":0.438357170596,"11":1.64749236616},"bb":{"7":0.2075045,"10":null},"ie_mob":{"10":0.0820418823529,"11":0.361730117647},"edge":{"12":0.065934,"13":0.040986,"14":0},"and_uc":{"0":15.384096},"op_mini":{"5.0-8.0":52.0356115349},"and_chr":{"0":6.200574},"and_ff":{"0":0.04109}},"total":97.1528425943}