{"id":"CH","name":"Switzerland","month":"2016-05","access_date":"2016-06-03","data":{"chrome":{"4":null,"5":null,"6":null,"7":null,"8":null,"9":null,"10":null,"11":0.01205,"12":null,"13":null,"14":null,"15":null,"16":null,"17":null,"18":null,"19":null,"20":null,"21":0.0241,"22":0.03615,"23":null,"24":null,"25":0.01205,"26":0.01205,"27":null,"28":null,"29":0.319325,"30":null,"31":0.01205,"32":0.01205,"33":0.03615,"34":0.042175,"35":0.126525,"36":0.018075,"37":0.018075,"38":0.030125,"39":0.054225,"40":0.0241,"41":0.06025,"42":0.06025,"43":0.090375,"44":0.06025,"45":0.1205,"46":0.10845,"47":0.126525,"48":0.367525,"49":2.71125,"50":15.080575,"51":0.25305,"52":0.03615,"53":null,"54":null},"firefox":{"2":null,"3":0.006025,"3.5":null,"3.6":0.0241,"4":null,"5":null,"6":0.018075,"7":null,"8":null,"9":null,"10":0.006025,"11":null,"12":0.01205,"13":null,"14":null,"15":null,"16":0.030125,"17":0.006025,"18":null,"19":null,"20":0.006025,"21":0.006025,"22":null,"23":null,"24":0.018075,"25":0.006025,"26":0.01205,"27":0.006025,"28":0.01205,"29":0.018075,"30":0.01205,"31":0.078325,"32":0.018075,"33":0.030125,"34":0.030125,"35":0.06025,"36":0.042175,"37":0.0482,"38":0.37355,"39":0.090375,"40":0.078325,"41":0.114475,"42":0.13255,"43":0.2169,"44":0.247025,"45":2.235275,"46":8.814575,"47":0.0723,"48":0.01205,"49":null},"opera":{"9":null,"9.5-9.6":null,"10.0-10.1":0,"10.5":null,"10.6":null,"11":null,"11.1":null,"11.5":null,"11.6":null,"12":null,"12.1":0.078325,"15":null,"16":null,"17":null,"18":null,"19":null,"20":null,"21":null,"22":null,"23":null,"24":null,"25":null,"26":null,"27":null,"28":null,"29":null,"30":null,"31":null,"32":null,"33":null,"34":null,"35":0.01205,"36":0.13255,"37":0.42175,"38":null,"39":null},"safari":{"3.1":null,"3.2":null,"4":0.03615,"5":0.13255,"5.1":0.49405,"6":0.066275,"6.1":0.3856,"7":0.13255,"7.1":0.08435,"8":0.777225,"9":1.813525,"9.1":5.26585,"0":null},"ios_saf":{"3.2":0,"4.0-4.1":0,"4.2-4.3":0,"5.0-5.1":0,"6.0-6.1":0.0548088874293,"7.0-7.1":0.543704163298,"8":0,"8.1-8.4":1.38556867421,"9.0-9.2":2.90048632276,"9.3":16.8109819523},"android":{"2.1":0,"2.2":0,"2.3":0.00371316013629,"3":0,"4":0.0228094122658,"4.1":0.0787720400341,"4.2-4.3":0.181944846678,"4.4":0.4129564523,"4.4.3-4.4.4":0.233929088586,"50":null},"op_mob":{"10":0,"11":0,"11.1":0,"11.5":0,"12":0,"12.1":7.5704453967e-6,"0":0.000185475912219},"ie":{"5.5":null,"6":0.012088799448,"7":0.0302219986201,"8":0.362663983441,"9":0.574217973781,"10":0.586306773229,"11":11.5689810718},"bb":{"7":0.02086875,"10":null},"ie_mob":{"10":0.147767419355,"11":0.384882580645},"edge":{"12":0.20485,"13":2.7474,"14":null},"and_ff":{"0":0.059625},"and_uc":{"0":0.0795},"op_mini":{"5.0-8.0":0.0872569536424},"and_chr":{"0":9.8915}},"total":91.9787243503}