{"id":"CI","name":"Cote d'Ivoire","month":"2016-05","access_date":"2016-06-03","data":{"chrome":{"4":0.009066,"5":0.012088,"6":0.012088,"7":0.006044,"8":0.012088,"9":0.063462,"10":0.009066,"11":0.111814,"12":0.054396,"13":0.04533,"14":0.018132,"15":0.006044,"16":0.054396,"17":0.03022,"18":0.009066,"19":0.012088,"20":0.006044,"21":0.009066,"22":0.006044,"23":0.024176,"24":0.006044,"25":0.027198,"26":0.063462,"27":0.084616,"28":0.036264,"29":0.169232,"30":0.054396,"31":0.057418,"32":0.033242,"33":0.057418,"34":0.024176,"35":0.042308,"36":0.054396,"37":0.024176,"38":0.081594,"39":0.057418,"40":0.051374,"41":0.024176,"42":0.039286,"43":0.42308,"44":0.117858,"45":0.338464,"46":0.199452,"47":0.13599,"48":0.537916,"49":3.834918,"50":9.848698,"51":0.220606,"52":0.039286,"53":null,"54":null},"firefox":{"2":0.009066,"3":0.018132,"3.5":null,"3.6":0.039286,"4":0.012088,"5":0.006044,"6":0.006044,"7":null,"8":0.003022,"9":0.006044,"10":0.012088,"11":0.01511,"12":0.024176,"13":0.009066,"14":0.012088,"15":0.027198,"16":0.021154,"17":0.009066,"18":0.009066,"19":0.033242,"20":0.03022,"21":0.012088,"22":0.01511,"23":0.024176,"24":0.012088,"25":0.012088,"26":0.021154,"27":0.01511,"28":0.012088,"29":0.042308,"30":0.096704,"31":0.078572,"32":0.108792,"33":0.09066,"34":0.039286,"35":0.033242,"36":0.054396,"37":0.06044,"38":0.093682,"39":0.081594,"40":0.10577,"41":0.129946,"42":0.114836,"43":0.631598,"44":0.28709,"45":1.121162,"46":3.862116,"47":0.154122,"48":0.03022,"49":null},"opera":{"9":null,"9.5-9.6":null,"10.0-10.1":0,"10.5":null,"10.6":null,"11":null,"11.1":null,"11.5":null,"11.6":0.003022,"12":null,"12.1":0.01511,"15":null,"16":null,"17":null,"18":0.003022,"19":null,"20":0.006044,"21":null,"22":null,"23":null,"24":null,"25":null,"26":null,"27":null,"28":null,"29":0.006044,"30":0.006044,"31":0.003022,"32":0.006044,"33":0.01511,"34":0.03022,"35":0.039286,"36":0.178298,"37":0.492586,"38":null,"39":0.006044},"safari":{"3.1":null,"3.2":null,"4":0.003022,"5":0.021154,"5.1":0.033242,"6":0.006044,"6.1":0.018132,"7":0.051374,"7.1":0.012088,"8":0.108792,"9":0.12088,"9.1":0.220606,"0":null},"ios_saf":{"3.2":0,"4.0-4.1":0,"4.2-4.3":0,"5.0-5.1":0,"6.0-6.1":0.00211509700889,"7.0-7.1":0.0209817623282,"8":0,"8.1-8.4":0.0534696523848,"9.0-9.2":0.111930933711,"9.3":0.648742554568},"android":{"2.1":0,"2.2":0,"2.3":0.0348057609313,"3":0,"4":0.213806817149,"4.1":0.738379356899,"4.2-4.3":1.70548228563,"4.4":3.87089784072,"4.4.3-4.4.4":2.19276293867,"50":null},"op_mob":{"10":0,"11":0,"11.1":0,"11.5":0,"12":0,"12.1":0.00357018975891,"0":0.0874696490932},"ie":{"5.5":null,"6":0.00912551422319,"7":0.0060836761488,"8":0.146008227571,"9":0.0486694091904,"10":0.158175579869,"11":1.00684840263},"bb":{"7":0.097678,"10":null},"ie_mob":{"10":0.270977677419,"11":0.705802322581},"edge":{"12":0.117858,"13":0.27198,"14":0.003022},"and_ff":{"0":1.220975},"and_uc":{"0":3.06988},"op_mini":{"5.0-8.0":41.1500071611},"and_chr":{"0":11.418035}},"total":95.6285888096}