{"id":"CI","name":"Cote d'Ivoire","month":"2016-01","access_date":"2016-02-03","data":{"firefox":{"2":0.01992,"3":0.03984,"3.5":0.00664,"3.6":0.0166,"4":0.0166,"5":0.00996,"6":0.00664,"7":0.00332,"8":0.00996,"9":0.00996,"10":0.01328,"11":0.0166,"12":0.0332,"13":0.0166,"14":0.02324,"15":0.02656,"16":0.0332,"17":0.0166,"18":0.01328,"19":0.02656,"20":0.03984,"21":0.01992,"22":0.05644,"23":0.01992,"24":0.0498,"25":0.0166,"26":0.02988,"27":0.03652,"28":0.02656,"29":0.05976,"30":0.12616,"31":0.10624,"32":0.083,"33":0.08964,"34":0.06308,"35":0.06972,"36":0.05312,"37":0.11952,"38":0.15604,"39":0.12948,"40":0.2158,"41":0.23572,"42":0.35524,"43":5.15928,"44":0.29548,"45":0.04648,"46":0.00996,"47":0},"chrome":{"4":0.01992,"5":0.02324,"6":0.01328,"7":0.00996,"8":0.01328,"9":0.06972,"10":0.01992,"11":0.10624,"12":0.06972,"13":0.02988,"14":0.04316,"15":0.01992,"16":0.03652,"17":0.01992,"18":0.00664,"19":0.00332,"20":0.00332,"21":0.01328,"22":0.00332,"23":0.01328,"24":0.00332,"25":0.02656,"26":0.05644,"27":0.05644,"28":0.0332,"29":0.03984,"30":0.04648,"31":0.05312,"32":0.01328,"33":0.10292,"34":0.02988,"35":0.04648,"36":0.0498,"37":0.02656,"38":0.05644,"39":0.05644,"40":0.0498,"41":0.04316,"42":0.15604,"43":0.36188,"44":0.53452,"45":0.3652,"46":0.41832,"47":11.77604,"48":1.20516,"49":0.04648,"50":0.00332,"51":0},"opera":{"9":0,"9.5-9.6":0,"10.0-10.1":0,"10.5":0,"10.6":0,"11":0,"11.1":0.00332,"11.5":0,"11.6":0.00996,"12":0.00332,"12.1":0.31208,"15":0.00664,"16":0.00332,"17":0,"18":0.00332,"19":0.00332,"20":0.00332,"21":0,"22":0.00996,"23":0,"24":0,"25":0,"26":0.00332,"27":0.00332,"28":0.00664,"29":0.01328,"30":0.01328,"31":0.00332,"32":0.01992,"33":0.03984,"34":0.7968,"35":0.01328,"36":0.00332},"safari":{"3.1":0,"3.2":0.00332,"4":0.01328,"5":0.02324,"5.1":0.04316,"6":0.00332,"6.1":0.00996,"7":0.06308,"7.1":0.00996,"8":0.12948,"9":0.2822,"9.1":0},"android":{"2.1":0,"2.2":0,"2.3":0.0718084080765,"3":0,"4":0.298453696068,"4.1":1.02102580234,"4.2-4.3":2.27318491817,"4.4":4.52392970882,"4.4.3-4.4.4":2.36967746652,"47":null},"ios_saf":{"3.2":0,"4.0-4.1":0,"4.2-4.3":0,"5.0-5.1":0,"6.0-6.1":0,"7.0-7.1":0.0538135366231,"8":0.0037739363346,"8.1-8.4":0.15375296178,"9.0-9.2":1.14545956526,"9.3":null},"op_mob":{"10":0,"11":0,"11.1":0,"11.5":0,"12":0.00293185623679,"12.1":0.00293185623679,"0":0.15538838055},"ie":{"5.5":0,"6":0.0166927374302,"7":0.0100156424581,"8":0.240375418994,"9":0.100156424581,"10":0.310484916201,"11":1.09838212291},"bb":{"7":0.07849,"10":null},"ie_mob":{"10":0.202533109244,"11":0.892986890756},"edge":{"12":0.11952,"13":0.11952,"14":0},"and_uc":{"0":2.9726},"op_mini":{"5.0-8.0":39.130507907},"and_chr":{"0":10.17888},"and_ff":{"0":0.75484}},"total":94.3807172626}