{"id":"CK","name":"Cook Islands","month":"2016-05","access_date":"2016-06-03","data":{"chrome":{"4":null,"5":null,"6":null,"7":null,"8":null,"9":null,"10":null,"11":null,"12":null,"13":null,"14":null,"15":null,"16":null,"17":null,"18":null,"19":null,"20":null,"21":0.027416,"22":0.03427,"23":null,"24":null,"25":0.013708,"26":null,"27":null,"28":null,"29":0.03427,"30":null,"31":null,"32":0.020562,"33":null,"34":null,"35":null,"36":null,"37":null,"38":null,"39":null,"40":null,"41":0.041124,"42":null,"43":0.020562,"44":0.006854,"45":0.06854,"46":0.095956,"47":0.041124,"48":1.322822,"49":3.550372,"50":16.593534,"51":0.150788,"52":0.006854,"53":null,"54":null},"firefox":{"2":null,"3":null,"3.5":null,"3.6":0.006854,"4":null,"5":0.03427,"6":null,"7":null,"8":null,"9":null,"10":null,"11":null,"12":0.013708,"13":null,"14":null,"15":null,"16":null,"17":null,"18":null,"19":null,"20":0.027416,"21":null,"22":null,"23":null,"24":null,"25":null,"26":null,"27":null,"28":0.013708,"29":0.253598,"30":0.041124,"31":0.130226,"32":null,"33":null,"34":0.157642,"35":null,"36":0.013708,"37":0.006854,"38":0.06854,"39":0.013708,"40":0.013708,"41":0.047978,"42":0.006854,"43":10.911568,"44":0.253598,"45":1.220012,"46":6.106914,"47":0.17135,"48":null,"49":null},"opera":{"9":null,"9.5-9.6":null,"10.0-10.1":0,"10.5":null,"10.6":null,"11":null,"11.1":0.006854,"11.5":null,"11.6":null,"12":null,"12.1":null,"15":null,"16":null,"17":null,"18":null,"19":null,"20":null,"21":null,"22":null,"23":null,"24":null,"25":null,"26":null,"27":null,"28":null,"29":null,"30":null,"31":null,"32":null,"33":null,"34":0.013708,"35":null,"36":0.006854,"37":0.020562,"38":null,"39":null},"safari":{"3.1":null,"3.2":null,"4":0.020562,"5":null,"5.1":0.041124,"6":0.027416,"6.1":0.047978,"7":0.06854,"7.1":0.095956,"8":0.17135,"9":0.370116,"9.1":0.664838,"0":null},"ios_saf":{"3.2":0,"4.0-4.1":0,"4.2-4.3":0,"5.0-5.1":0,"6.0-6.1":0.0233189546281,"7.0-7.1":0.231324029911,"8":0,"8.1-8.4":0.589503172999,"9.0-9.2":1.23403907892,"9.3":7.15238976354},"android":{"2.1":0,"2.2":0,"2.3":0.0105762010221,"3":0,"4":0.0649680919932,"4.1":0.224366550256,"4.2-4.3":0.518233850085,"4.4":1.17622464225,"4.4.3-4.4.4":0.666300664395,"50":null},"op_mob":{"10":0,"11":0,"11.1":0,"11.5":0,"12":0,"12.1":1.00735835173e-5,"0":0.000246802796174},"ie":{"5.5":null,"6":0.027416,"7":null,"8":4.345436,"9":0.301576,"10":0.191912,"11":14.043846},"bb":{"7":0.0015725,"10":null},"ie_mob":{"10":0.124765193548,"11":0.324969806452},"edge":{"12":0.10281,"13":1.014392,"14":null},"and_ff":{"0":0.00629},"and_uc":{"0":0.808265},"op_mini":{"5.0-8.0":0.11610812362},"and_chr":{"0":15.428845}},"total":91.8276575}