{"id":"CK","name":"Cook Islands","month":"2016-01","access_date":"2016-02-03","data":{"firefox":{"2":0,"3":0.007182,"3.5":0,"3.6":0.050274,"4":0,"5":0,"6":0,"7":0,"8":0,"9":0,"10":0.021546,"11":0,"12":0.007182,"13":0,"14":0,"15":0,"16":0,"17":0,"18":0,"19":0,"20":0.007182,"21":0,"22":0,"23":0,"24":0,"25":0.007182,"26":0,"27":0,"28":0.53865,"29":0.193914,"30":0.07182,"31":0,"32":0.007182,"33":0.079002,"34":0.007182,"35":0.057456,"36":0.129276,"37":0.014364,"38":0.351918,"39":0.014364,"40":0.114912,"41":0.833112,"42":0.603288,"43":6.456618,"44":1.070118,"45":0,"46":0,"47":0},"chrome":{"4":0.007182,"5":0,"6":0,"7":0,"8":0,"9":0,"10":0,"11":0,"12":0.03591,"13":0,"14":0,"15":0,"16":0,"17":0,"18":0,"19":0,"20":0,"21":0.014364,"22":0,"23":0,"24":0,"25":0.028728,"26":0.014364,"27":0,"28":0.050274,"29":0.014364,"30":0,"31":0.014364,"32":0.028728,"33":0.007182,"34":0.007182,"35":0.014364,"36":0,"37":0.014364,"38":0.007182,"39":0.021546,"40":0.014364,"41":0,"42":0.007182,"43":1.18503,"44":0.136458,"45":0.172368,"46":5.163858,"47":16.59042,"48":1.18503,"49":0.028728,"50":0,"51":0},"opera":{"9":0,"9.5-9.6":0,"10.0-10.1":0,"10.5":0,"10.6":0,"11":0,"11.1":0,"11.5":0,"11.6":0,"12":0.007182,"12.1":0.007182,"15":0,"16":0,"17":0,"18":0.007182,"19":0,"20":0,"21":0,"22":0,"23":0,"24":0,"25":0,"26":0,"27":0,"28":0,"29":0,"30":0,"31":0,"32":0,"33":0.007182,"34":0.10773,"35":0,"36":0},"safari":{"3.1":0,"3.2":0,"4":0,"5":0.007182,"5.1":0.021546,"6":0.07182,"6.1":0.222642,"7":0.25137,"7.1":0.114912,"8":0.912114,"9":1.386126,"9.1":0},"android":{"2.1":0,"2.2":0,"2.3":0.0293608467588,"3":0,"4":0.122031019341,"4.1":0.417474539851,"4.2-4.3":0.929454305207,"4.4":1.8497333458,"4.4.3-4.4.4":0.968907943039,"47":null},"ios_saf":{"3.2":0,"4.0-4.1":0,"4.2-4.3":0,"5.0-5.1":0,"6.0-6.1":0,"7.0-7.1":0.530600915834,"8":0.0372109733182,"8.1-8.4":1.51600261667,"9.0-9.2":11.2942194942,"9.3":null},"op_mob":{"10":0,"11":0,"11.1":0,"11.5":0,"12":1.15649794802e-5,"12.1":1.15649794802e-5,"0":0.000612943912449},"ie":{"5.5":0,"6":0,"7":0.007182,"8":15.276114,"9":0.222642,"10":0.409374,"11":7.340004},"bb":{"7":0.009863,"10":null},"ie_mob":{"10":0.0604330756303,"11":0.26645492437},"edge":{"12":0.43092,"13":0.43092,"14":0},"and_uc":{"0":1.35264},"op_mini":{"5.0-8.0":0.154353926129},"and_chr":{"0":15.88595},"and_ff":{"0":0.033816}},"total":98.107729}