{"id":"CM","name":"Cameroon","month":"2016-05","access_date":"2016-06-03","data":{"chrome":{"4":0.009488,"5":0.004744,"6":null,"7":0.007116,"8":0.004744,"9":null,"10":0.007116,"11":0.056928,"12":0.01186,"13":0.01186,"14":0.01186,"15":0.004744,"16":0.016604,"17":0.002372,"18":0.007116,"19":0.007116,"20":0.002372,"21":0.009488,"22":0.004744,"23":0.007116,"24":0.007116,"25":0.021348,"26":0.01186,"27":0.009488,"28":0.021348,"29":0.040324,"30":0.009488,"31":0.056928,"32":0.009488,"33":0.02372,"34":0.01186,"35":0.03558,"36":0.021348,"37":0.009488,"38":0.009488,"39":0.033208,"40":0.033208,"41":0.02372,"42":0.02372,"43":0.147064,"44":0.087764,"45":0.185016,"46":0.068788,"47":0.087764,"48":0.327336,"49":1.086376,"50":4.165232,"51":0.1186,"52":0.037952,"53":null,"54":null},"firefox":{"2":0.030836,"3":0.15418,"3.5":0.009488,"3.6":0.040324,"4":0.030836,"5":0.014232,"6":0.007116,"7":0.01186,"8":0.009488,"9":0.009488,"10":0.04744,"11":0.030836,"12":0.052184,"13":0.021348,"14":0.040324,"15":0.033208,"16":0.03558,"17":0.037952,"18":0.02372,"19":0.045068,"20":0.066416,"21":0.052184,"22":0.045068,"23":0.04744,"24":0.045068,"25":0.075904,"26":0.054556,"27":0.049812,"28":0.045068,"29":0.163668,"30":0.211108,"31":0.13046,"32":0.109112,"33":0.15418,"34":0.099624,"35":0.194504,"36":0.111484,"37":0.230084,"38":0.263292,"39":0.1779,"40":0.196876,"41":0.258548,"42":0.30836,"43":1.333064,"44":0.564536,"45":1.603472,"46":4.55424,"47":0.500492,"48":0.056928,"49":0.004744},"opera":{"9":null,"9.5-9.6":null,"10.0-10.1":0,"10.5":null,"10.6":null,"11":0.002372,"11.1":null,"11.5":null,"11.6":0.014232,"12":0.007116,"12.1":0.018976,"15":0.014232,"16":null,"17":null,"18":0.009488,"19":0.004744,"20":0.004744,"21":0.004744,"22":0.002372,"23":null,"24":null,"25":null,"26":0.004744,"27":0.002372,"28":0.01186,"29":0.018976,"30":0.014232,"31":0.007116,"32":0.021348,"33":0.01186,"34":0.021348,"35":0.040324,"36":0.175528,"37":0.301244,"38":null,"39":null},"safari":{"3.1":null,"3.2":null,"4":0.004744,"5":0.009488,"5.1":0.018976,"6":0.026092,"6.1":0.014232,"7":0.009488,"7.1":0.018976,"8":0.028464,"9":0.037952,"9.1":0.08302,"0":null},"ios_saf":{"3.2":0,"4.0-4.1":0,"4.2-4.3":0,"5.0-5.1":0,"6.0-6.1":0.0022160974131,"7.0-7.1":0.0219836863379,"8":0,"8.1-8.4":0.0560229426031,"9.0-9.2":0.117275875101,"9.3":0.679721398545},"android":{"2.1":0,"2.2":0,"2.3":0.0381443316298,"3":0,"4":0.234315180011,"4.1":0.809204749574,"4.2-4.3":1.86907224986,"4.4":4.24219459625,"4.4.3-4.4.4":2.40309289267,"50":null},"op_mob":{"10":0,"11":0,"11.1":0,"11.5":0,"12":0,"12.1":0.0027820425053,"0":0.0681600413799},"ie":{"5.5":null,"6":0.0194173023256,"7":0.024271627907,"8":0.186891534884,"9":0.0606790697674,"10":0.135921116279,"11":0.616499348837},"bb":{"7":0.123955,"10":null},"ie_mob":{"10":0.387256335484,"11":1.00866766452},"edge":{"12":0.1186,"13":0.16604,"14":null},"and_ff":{"0":0.312748},"and_uc":{"0":17.529144},"op_mini":{"5.0-8.0":32.0658219161},"and_chr":{"0":12.462108}},"total":96.033319}