{"id":"CN","name":"China","month":"2016-05","access_date":"2016-06-03","data":{"chrome":{"4":null,"5":0.009274,"6":null,"7":null,"8":null,"9":null,"10":null,"11":0.09274,"12":0.009274,"13":null,"14":0.004637,"15":null,"16":null,"17":0.023185,"18":null,"19":null,"20":0.074192,"21":0.217939,"22":0.009274,"23":0.004637,"24":0.018548,"25":0.009274,"26":0.037096,"27":0.032459,"28":0.027822,"29":0.255035,"30":0.069555,"31":1.451381,"32":0.051007,"33":0.074192,"34":0.060281,"35":0.041733,"36":0.097377,"37":0.032459,"38":0.083466,"39":0.468337,"40":0.041733,"41":0.190117,"42":1.692505,"43":0.102014,"44":0.171569,"45":13.901726,"46":0.287494,"47":1.372552,"48":1.029414,"49":0.904215,"50":1.423559,"51":0.064918,"52":0.032459,"53":null,"54":null},"firefox":{"2":null,"3":0.013911,"3.5":null,"3.6":0.009274,"4":0.009274,"5":null,"6":0.945948,"7":null,"8":0.217939,"9":null,"10":null,"11":null,"12":null,"13":null,"14":null,"15":null,"16":null,"17":0.004637,"18":null,"19":null,"20":null,"21":0.04637,"22":0.009274,"23":0.009274,"24":0.009274,"25":0.013911,"26":null,"27":0.009274,"28":0.004637,"29":0.009274,"30":null,"31":0.037096,"32":null,"33":0.004637,"34":0.004637,"35":0.013911,"36":0.004637,"37":0.04637,"38":0.032459,"39":0.009274,"40":0.037096,"41":0.013911,"42":0.023185,"43":0.060281,"44":0.032459,"45":0.236487,"46":1.043325,"47":0.013911,"48":null,"49":null},"opera":{"9":null,"9.5-9.6":null,"10.0-10.1":0,"10.5":null,"10.6":null,"11":null,"11.1":null,"11.5":null,"11.6":0.004637,"12":0.009274,"12.1":0.023185,"15":null,"16":null,"17":null,"18":null,"19":null,"20":null,"21":null,"22":null,"23":null,"24":null,"25":null,"26":null,"27":null,"28":0.074192,"29":null,"30":null,"31":null,"32":null,"33":null,"34":null,"35":null,"36":0.032459,"37":0.078829,"38":null,"39":null},"safari":{"3.1":null,"3.2":null,"4":0.013911,"5":0.018548,"5.1":0.013911,"6":0.004637,"6.1":0.004637,"7":0.013911,"7.1":null,"8":0.055644,"9":0.097377,"9.1":0.301405,"0":null},"ios_saf":{"3.2":0,"4.0-4.1":0,"4.2-4.3":0,"5.0-5.1":0,"6.0-6.1":0.0215514905012,"7.0-7.1":0.213790785772,"8":0,"8.1-8.4":0.544821679871,"9.0-9.2":1.14050487732,"9.3":6.61027316653},"android":{"2.1":0,"2.2":0,"2.3":0.0305856274844,"3":0,"4":0.187883140261,"4.1":0.648852240204,"4.2-4.3":1.49869574673,"4.4":3.4015587138,"4.4.3-4.4.4":1.92689453152,"50":null},"op_mob":{"10":0,"11":0,"11.1":0,"11.5":0,"12":0,"12.1":6.03436783102e-6,"0":0.00014784201186},"ie":{"5.5":null,"6":0.499219710115,"7":0.269315896246,"8":4.56523287539,"9":1.99031016006,"10":0.853928451512,"11":4.35503510271},"bb":{"7":0.088473,"10":null},"ie_mob":{"10":0.165115006452,"11":0.430066993548},"edge":{"12":0.078829,"13":0.574988,"14":0.004637},"and_ff":{"0":0.064344},"and_uc":{"0":13.115452},"op_mini":{"5.0-8.0":0.0695521236203},"and_chr":{"0":22.56733}},"total":94.059348196}