{"id":"CO","name":"Colombia","month":"2016-01","access_date":"2016-02-03","data":{"firefox":{"2":0.007017,"3":0.035085,"3.5":0.007017,"3.6":0.014034,"4":0.007017,"5":0,"6":0.028068,"7":0,"8":0,"9":0,"10":0.007017,"11":0.007017,"12":0.007017,"13":0.007017,"14":0.007017,"15":0.007017,"16":0.007017,"17":0.007017,"18":0,"19":0.007017,"20":0.021051,"21":0.021051,"22":0.007017,"23":0.007017,"24":0.007017,"25":0.007017,"26":0.007017,"27":0.007017,"28":0.014034,"29":0.014034,"30":0.014034,"31":0.056136,"32":0.014034,"33":0.021051,"34":0.021051,"35":0.021051,"36":0.028068,"37":0.049119,"38":0.091221,"39":0.112272,"40":0.098238,"41":0.084204,"42":0.182442,"43":3.396228,"44":0.182442,"45":0.007017,"46":0,"47":0},"chrome":{"4":0,"5":0,"6":0,"7":0,"8":0.007017,"9":0,"10":0.007017,"11":0.035085,"12":0.007017,"13":0.007017,"14":0,"15":0.021051,"16":0,"17":0,"18":0.028068,"19":0,"20":0,"21":0.014034,"22":0.161391,"23":0.014034,"24":0.007017,"25":0.014034,"26":0.063153,"27":0.021051,"28":0.014034,"29":0.042102,"30":0.021051,"31":0.084204,"32":0.028068,"33":0.035085,"34":0.063153,"35":0.07017,"36":0.105255,"37":0.077187,"38":0.098238,"39":0.147357,"40":0.091221,"41":0.126306,"42":0.168408,"43":0.35085,"44":0.673632,"45":0.540309,"46":0.856074,"47":42.235323,"48":4.35054,"49":0.07017,"50":0.014034,"51":0},"opera":{"9":0,"9.5-9.6":0,"10.0-10.1":0,"10.5":0,"10.6":0,"11":0,"11.1":0,"11.5":0,"11.6":0,"12":0.007017,"12.1":0.042102,"15":0,"16":0,"17":0,"18":0,"19":0,"20":0,"21":0,"22":0,"23":0,"24":0,"25":0,"26":0,"27":0,"28":0.021051,"29":0.007017,"30":0.007017,"31":0.021051,"32":0.014034,"33":0.014034,"34":0.56136,"35":0.007017,"36":0},"safari":{"3.1":0,"3.2":0,"4":0.028068,"5":0.021051,"5.1":0.056136,"6":0.028068,"6.1":0.063153,"7":0.063153,"7.1":0.049119,"8":0.378918,"9":1.466553,"9.1":0},"android":{"2.1":0,"2.2":0,"2.3":0.0406922473964,"3":0,"4":0.169127153241,"4.1":0.578592892667,"4.2-4.3":1.28816395664,"4.4":2.56361158597,"4.4.3-4.4.4":1.34284416408,"47":null},"ios_saf":{"3.2":0,"4.0-4.1":0,"4.2-4.3":0,"5.0-5.1":0,"6.0-6.1":0,"7.0-7.1":0.188970033481,"8":0.0132524439065,"8.1-8.4":0.539914381374,"9.0-9.2":4.02236214124,"9.3":null},"op_mob":{"10":0,"11":0,"11.1":0,"11.5":0,"12":4.62975251834e-5,"12.1":4.62975251834e-5,"0":0.00245376883472},"ie":{"5.5":0,"6":0.0375631226766,"7":0.0225378736059,"8":0.96161594052,"9":0.35309335316,"10":0.503345843866,"11":2.13358536803},"bb":{"7":0.101422,"10":null},"ie_mob":{"10":0.19356912605,"11":0.85346387395},"edge":{"12":0.217527,"13":0.28068,"14":0},"and_uc":{"0":0.721886},"op_mini":{"5.0-8.0":0.617917636115},"and_chr":{"0":22.764908},"and_ff":{"0":0.035796}},"total":98.7269355019}