{"id":"CO","name":"Colombia","month":"2016-05","access_date":"2016-06-03","data":{"chrome":{"4":null,"5":null,"6":null,"7":null,"8":null,"9":null,"10":null,"11":0.021561,"12":null,"13":null,"14":null,"15":null,"16":null,"17":null,"18":0.021561,"19":null,"20":null,"21":0.014374,"22":0.107805,"23":0.014374,"24":null,"25":0.014374,"26":0.050309,"27":0.014374,"28":0.014374,"29":0.761822,"30":0.021561,"31":0.064683,"32":0.043122,"33":0.028748,"34":0.050309,"35":0.057496,"36":0.057496,"37":0.057496,"38":0.07187,"39":0.086244,"40":0.07187,"41":0.079057,"42":0.07187,"43":0.194049,"44":0.222797,"45":0.21561,"46":0.445594,"47":0.50309,"48":0.740261,"49":6.137698,"50":45.946491,"51":0.733074,"52":0.043122,"53":null,"54":null},"firefox":{"2":null,"3":0.028748,"3.5":null,"3.6":0.014374,"4":0.007187,"5":null,"6":0.064683,"7":null,"8":null,"9":null,"10":null,"11":null,"12":null,"13":null,"14":null,"15":null,"16":0.007187,"17":0.007187,"18":null,"19":null,"20":0.007187,"21":null,"22":null,"23":0.007187,"24":null,"25":null,"26":null,"27":null,"28":0.014374,"29":null,"30":0.007187,"31":0.028748,"32":0.007187,"33":0.014374,"34":0.014374,"35":0.014374,"36":0.014374,"37":0.021561,"38":0.043122,"39":0.028748,"40":0.028748,"41":0.043122,"42":0.093431,"43":0.150927,"44":0.107805,"45":0.704326,"46":2.903548,"47":0.043122,"48":0.007187,"49":null},"opera":{"9":null,"9.5-9.6":null,"10.0-10.1":0,"10.5":null,"10.6":null,"11":null,"11.1":null,"11.5":null,"11.6":null,"12":null,"12.1":0.014374,"15":null,"16":null,"17":null,"18":null,"19":null,"20":null,"21":null,"22":null,"23":null,"24":null,"25":null,"26":null,"27":null,"28":null,"29":null,"30":null,"31":null,"32":null,"33":0.007187,"34":0.014374,"35":0.014374,"36":0.086244,"37":0.35935,"38":null,"39":null},"safari":{"3.1":null,"3.2":null,"4":0.014374,"5":0.014374,"5.1":0.050309,"6":0.021561,"6.1":0.057496,"7":0.050309,"7.1":0.028748,"8":0.323415,"9":0.654017,"9.1":1.394278,"0":null},"ios_saf":{"3.2":0,"4.0-4.1":0,"4.2-4.3":0,"5.0-5.1":0,"6.0-6.1":0.00643840440582,"7.0-7.1":0.0638689717057,"8":0,"8.1-8.4":0.162762863379,"9.0-9.2":0.340720361156,"9.3":1.97478739935},"android":{"2.1":0,"2.2":0,"2.3":0.0157103094832,"3":0,"4":0.0965061868257,"4.1":0.333282994037,"4.2-4.3":0.769805164679,"4.4":1.74721084753,"4.4.3-4.4.4":0.989749497445,"50":null},"op_mob":{"10":0,"11":0,"11.1":0,"11.5":0,"12":0,"12.1":3.5553651041e-5,"0":0.000871064450504},"ie":{"5.5":null,"6":0.038474908377,"7":0.0153899633508,"8":0.677158387435,"9":0.246239413613,"10":0.323189230366,"11":1.62364113351},"bb":{"7":0.0745445,"10":null},"ie_mob":{"10":0.220847722581,"11":0.575231277419},"edge":{"12":0.136553,"13":0.539025,"14":null},"and_ff":{"0":0.030943},"and_uc":{"0":0.829835},"op_mini":{"5.0-8.0":0.409791381898},"and_chr":{"0":21.252747}},"total":98.0130595366}