{"id":"CR","name":"Costa Rica","month":"2016-05","access_date":"2016-06-03","data":{"chrome":{"4":null,"5":null,"6":null,"7":null,"8":null,"9":null,"10":null,"11":0.02623,"12":null,"13":null,"14":null,"15":null,"16":null,"17":null,"18":0.005246,"19":null,"20":null,"21":null,"22":0.015738,"23":null,"24":null,"25":0.005246,"26":0.015738,"27":0.02623,"28":0.015738,"29":0.167872,"30":0.005246,"31":0.020984,"32":0.036722,"33":0.015738,"34":0.031476,"35":0.036722,"36":0.05246,"37":0.041968,"38":0.041968,"39":0.062952,"40":0.036722,"41":0.188856,"42":0.02623,"43":0.115412,"44":0.099674,"45":0.115412,"46":0.094428,"47":0.215086,"48":0.283284,"49":3.75089,"50":26.4923,"51":0.424926,"52":0.068198,"53":null,"54":null},"firefox":{"2":null,"3":0.020984,"3.5":0.005246,"3.6":0.010492,"4":null,"5":null,"6":null,"7":null,"8":null,"9":null,"10":null,"11":null,"12":0.015738,"13":null,"14":null,"15":null,"16":0.02623,"17":null,"18":null,"19":null,"20":0.010492,"21":0.062952,"22":0.010492,"23":0.010492,"24":0.010492,"25":0.020984,"26":null,"27":0.010492,"28":0.015738,"29":0.020984,"30":0.010492,"31":0.02623,"32":0.010492,"33":0.02623,"34":0.02623,"35":0.047214,"36":0.036722,"37":0.07869,"38":0.136396,"39":0.068198,"40":0.047214,"41":0.089182,"42":0.089182,"43":0.13115,"44":0.188856,"45":1.211826,"46":5.099112,"47":0.073444,"48":0.010492,"49":null},"opera":{"9":null,"9.5-9.6":null,"10.0-10.1":0,"10.5":null,"10.6":null,"11":null,"11.1":null,"11.5":null,"11.6":0.005246,"12":0.010492,"12.1":0.02623,"15":null,"16":null,"17":null,"18":null,"19":null,"20":null,"21":null,"22":null,"23":null,"24":null,"25":null,"26":null,"27":0.089182,"28":0.089182,"29":0.10492,"30":0.005246,"31":null,"32":null,"33":0.015738,"34":0.015738,"35":0.031476,"36":0.110166,"37":0.36722,"38":null,"39":null},"safari":{"3.1":null,"3.2":null,"4":0.020984,"5":0.057706,"5.1":0.115412,"6":0.036722,"6.1":0.120658,"7":0.068198,"7.1":0.047214,"8":0.47214,"9":1.133136,"9.1":2.38693,"0":null},"ios_saf":{"3.2":0,"4.0-4.1":0,"4.2-4.3":0,"5.0-5.1":0,"6.0-6.1":0.0182910822555,"7.0-7.1":0.181447535974,"8":0,"8.1-8.4":0.462398559418,"9.0-9.2":0.967964072959,"9.3":5.61024074939},"android":{"2.1":0,"2.2":0,"2.3":0.0321819613856,"3":0,"4":0.197689191369,"4.1":0.68271732368,"4.2-4.3":1.57691610789,"4.4":3.57909384838,"4.4.3-4.4.4":2.02746356729,"50":null},"op_mob":{"10":0,"11":0,"11.1":0,"11.5":0,"12":0,"12.1":0.000276971994979,"0":0.00678581387699},"ie":{"5.5":null,"6":null,"7":null,"8":0.230489496112,"9":0.251930379471,"10":0.310892808709,"11":2.64794909487},"bb":{"7":0.161636,"10":null},"ie_mob":{"10":0.462916916129,"11":1.20573708387},"edge":{"12":0.162626,"13":0.860344,"14":0.005246},"and_ff":{"0":0.123604},"and_uc":{"0":0.4754},"op_mini":{"5.0-8.0":3.19237921413},"and_chr":{"0":22.77172}},"total":93.7311257792}