{"id":"CR","name":"Costa Rica","month":"2016-01","access_date":"2016-02-03","data":{"firefox":{"2":0,"3":0.017346,"3.5":0.005782,"3.6":0.023128,"4":0.005782,"5":0.005782,"6":0.011564,"7":0.005782,"8":0,"9":0,"10":0.005782,"11":0.005782,"12":0.011564,"13":0,"14":0.034692,"15":0.005782,"16":0.017346,"17":0.005782,"18":0,"19":0.005782,"20":0.011564,"21":0.52038,"22":0.080948,"23":0.080948,"24":0.080948,"25":0.109858,"26":0,"27":0.052038,"28":0.05782,"29":0.075166,"30":0.005782,"31":0.098294,"32":0.017346,"33":0.040474,"34":0.040474,"35":0.02891,"36":0.092512,"37":0.52038,"38":0.150332,"39":0.092512,"40":0.08673,"41":0.109858,"42":0.248626,"43":5.729962,"44":0.300664,"45":0.011564,"46":0.005782,"47":0},"chrome":{"4":0,"5":0,"6":0,"7":0,"8":0,"9":0,"10":0,"11":0.034692,"12":0.005782,"13":0,"14":0,"15":0,"16":0,"17":0,"18":0.069384,"19":0,"20":0,"21":0.005782,"22":0.017346,"23":0,"24":0.005782,"25":0.005782,"26":0.011564,"27":0.185024,"28":0.080948,"29":0.092512,"30":0.034692,"31":0.098294,"32":0.104076,"33":0.040474,"34":0.075166,"35":0.14455,"36":0.161896,"37":0.156114,"38":0.052038,"39":0.104076,"40":0.063602,"41":0.890428,"42":0.05782,"43":0.161896,"44":0.20237,"45":0.242844,"46":0.46256,"47":25.481274,"48":2.22607,"49":0.104076,"50":0.011564,"51":0},"opera":{"9":0,"9.5-9.6":0,"10.0-10.1":0,"10.5":0,"10.6":0,"11":0.005782,"11.1":0.011564,"11.5":0.011564,"11.6":0.063602,"12":0.121422,"12.1":0.161896,"15":0,"16":0,"17":0,"18":0,"19":0,"20":0,"21":0,"22":0,"23":0,"24":0,"25":0,"26":0,"27":0.092512,"28":0.78057,"29":0.08673,"30":0.011564,"31":0.005782,"32":0.017346,"33":0.052038,"34":0.745878,"35":0.011564,"36":0},"safari":{"3.1":0,"3.2":0,"4":0.023128,"5":0.104076,"5.1":0.179242,"6":0.023128,"6.1":0.121422,"7":0.092512,"7.1":0.08673,"8":0.676494,"9":2.561426,"9.1":0.005782},"android":{"2.1":0,"2.2":0,"2.3":0.0669005670563,"3":0,"4":0.278055481828,"4.1":0.951242437832,"4.2-4.3":2.11782107588,"4.4":4.21473572455,"4.4.3-4.4.4":2.20771871286,"47":null},"ios_saf":{"3.2":0,"4.0-4.1":0,"4.2-4.3":0,"5.0-5.1":0,"6.0-6.1":0,"7.0-7.1":0.368697290615,"8":0.0258566931081,"8.1-8.4":1.05342083033,"9.0-9.2":7.84798518595,"9.3":null},"op_mob":{"10":0,"11":0,"11.1":0,"11.5":0,"12":0.000285781171496,"12.1":0.000285781171496,"0":0.0151464020893},"ie":{"5.5":0,"6":0.00586657712766,"7":0.0117331542553,"8":0.299195433511,"9":0.45172643883,"10":0.45172643883,"11":3.17381822606},"bb":{"7":0.08436,"10":null},"ie_mob":{"10":0.263571831933,"11":1.16211216807},"edge":{"12":0.341138,"13":0.479906,"14":0},"and_uc":{"0":0.531468},"op_mini":{"5.0-8.0":3.81422603557},"and_chr":{"0":21.661524},"and_ff":{"0":0.092796}},"total":98.2351022686}