{"id":"CU","name":"Cuba","month":"2016-01","access_date":"2016-02-03","data":{"firefox":{"2":0.055188,"3":0.101178,"3.5":1.250928,"3.6":0.27594,"4":0.395514,"5":0.662256,"6":0.36792,"7":0.156366,"8":0.18396,"9":0.09198,"10":0.395514,"11":0.147168,"12":0.377118,"13":0.156366,"14":0.202356,"15":0.469098,"16":0.156366,"17":0.41391,"18":0.119574,"19":0.533484,"20":0.395514,"21":0.303534,"22":0.395514,"23":0.846216,"24":3.743586,"25":2.400678,"26":0.956592,"27":2.465064,"28":0.478296,"29":1.204938,"30":1.536066,"31":2.363886,"32":1.756818,"33":1.968372,"34":2.446668,"35":1.79361,"36":2.216718,"37":3.798774,"38":3.348072,"39":5.095692,"40":3.421656,"41":3.568824,"42":4.69098,"43":18.156852,"44":1.42569,"45":0.156366,"46":0.239148,"47":0.018396},"chrome":{"4":0.009198,"5":0,"6":0.009198,"7":0,"8":0,"9":0.018396,"10":0.009198,"11":0.009198,"12":0.009198,"13":0,"14":0.018396,"15":0.009198,"16":0,"17":0.009198,"18":0.009198,"19":0,"20":0,"21":0.009198,"22":0.036792,"23":0.04599,"24":0.009198,"25":0.073584,"26":0.04599,"27":0.036792,"28":0.04599,"29":0.036792,"30":0.027594,"31":0.055188,"32":0.027594,"33":0.147168,"34":0.18396,"35":0.119574,"36":0.064386,"37":0.064386,"38":0.36792,"39":0.09198,"40":0.101178,"41":0.13797,"42":0.211554,"43":0.147168,"44":0.248346,"45":0.27594,"46":0.570276,"47":3.844764,"48":0.27594,"49":0.04599,"50":0,"51":0},"opera":{"9":0,"9.5-9.6":0.009198,"10.0-10.1":0.009198,"10.5":0,"10.6":0.009198,"11":0,"11.1":0,"11.5":0.009198,"11.6":0.027594,"12":0.110376,"12.1":0.055188,"15":0,"16":0,"17":0,"18":0.009198,"19":0,"20":0.064386,"21":0.009198,"22":0.009198,"23":0,"24":0.009198,"25":0.009198,"26":0,"27":0.009198,"28":0,"29":0.09198,"30":0.04599,"31":0.036792,"32":0.009198,"33":0.009198,"34":0.312732,"35":0,"36":0.018396},"safari":{"3.1":0,"3.2":0,"4":0,"5":0.009198,"5.1":0.009198,"6":0,"6.1":0.018396,"7":0,"7.1":0,"8":0.036792,"9":0.119574,"9.1":0},"android":{"2.1":0,"2.2":0,"2.3":0.0108761912859,"3":0,"4":0.0452041700319,"4.1":0.154645844846,"4.2-4.3":0.344299430393,"4.4":0.68520005101,"4.4.3-4.4.4":0.358914312434,"47":null},"ios_saf":{"3.2":0,"4.0-4.1":0,"4.2-4.3":0,"5.0-5.1":0,"6.0-6.1":0,"7.0-7.1":0.0503269207788,"8":0.00352942041825,"8.1-8.4":0.143791202225,"9.0-9.2":1.07124445658,"9.3":null},"op_mob":{"10":0,"11":0,"11.1":0,"11.5":0,"12":0.000118908643204,"12.1":0.000118908643204,"0":0.00630215808979},"ie":{"5.5":0.009198,"6":0.04599,"7":0.018396,"8":0.96579,"9":0.220752,"10":0.59787,"11":1.56366},"bb":{"7":0.010827,"10":null},"ie_mob":{"10":0.0492252773109,"11":0.217038722689},"edge":{"12":0.147168,"13":0.036792,"14":0},"and_uc":{"0":0.310374},"op_mini":{"5.0-8.0":1.58703402462},"and_chr":{"0":3.803088},"and_ff":{"0":0.38095}},"total":99.069975}