{"id":"CU","name":"Cuba","month":"2016-05","access_date":"2016-06-03","data":{"chrome":{"4":null,"5":null,"6":null,"7":null,"8":null,"9":0.017084,"10":null,"11":0.076878,"12":0.008542,"13":null,"14":null,"15":0.017084,"16":null,"17":0.008542,"18":0.017084,"19":null,"20":null,"21":null,"22":0.017084,"23":0.034168,"24":null,"25":0.068336,"26":0.025626,"27":0.017084,"28":0.025626,"29":0.102504,"30":0.034168,"31":0.068336,"32":0.051252,"33":0.119588,"34":0.606482,"35":0.051252,"36":0.068336,"37":0.076878,"38":0.333138,"39":0.04271,"40":0.153756,"41":0.119588,"42":0.162298,"43":0.08542,"44":0.145214,"45":0.17084,"46":0.333138,"47":0.375848,"48":0.264802,"49":0.93962,"50":3.357006,"51":0.059794,"52":0.025626,"53":null,"54":null},"firefox":{"2":0.034168,"3":0.059794,"3.5":0.452726,"3.6":0.21355,"4":0.102504,"5":0.495436,"6":0.068336,"7":0.068336,"8":0.068336,"9":0.119588,"10":0.12813,"11":0.136672,"12":0.162298,"13":0.059794,"14":0.093962,"15":0.239176,"16":0.25626,"17":0.273344,"18":0.205008,"19":0.222092,"20":0.290428,"21":0.273344,"22":0.247718,"23":0.546688,"24":7.448624,"25":0.72607,"26":1.36672,"27":2.246546,"28":0.25626,"29":0.777322,"30":0.708986,"31":0.845658,"32":2.485722,"33":1.315468,"34":2.09279,"35":1.546102,"36":1.435056,"37":2.494264,"38":2.94699,"39":3.485136,"40":3.16054,"41":2.109874,"42":2.545516,"43":4.681016,"44":2.801776,"45":6.312538,"46":11.9588,"47":0.580856,"48":0.08542,"49":0.017084},"opera":{"9":null,"9.5-9.6":null,"10.0-10.1":0.008542,"10.5":null,"10.6":null,"11":null,"11.1":null,"11.5":null,"11.6":0.051252,"12":null,"12.1":0.034168,"15":null,"16":null,"17":null,"18":null,"19":null,"20":0.017084,"21":null,"22":null,"23":null,"24":null,"25":null,"26":null,"27":0.059794,"28":null,"29":0.059794,"30":0.051252,"31":0.008542,"32":null,"33":null,"34":0.025626,"35":0.025626,"36":0.076878,"37":0.12813,"38":null,"39":null},"safari":{"3.1":null,"3.2":null,"4":0,"5":null,"5.1":0.017084,"6":null,"6.1":null,"7":null,"7.1":null,"8":0.025626,"9":0.059794,"9.1":0.068336,"0":null},"ios_saf":{"3.2":0,"4.0-4.1":0,"4.2-4.3":0,"5.0-5.1":0,"6.0-6.1":0.00218788399353,"7.0-7.1":0.0217038092158,"8":0,"8.1-8.4":0.0553097073565,"9.0-9.2":0.115782820938,"9.3":0.671067778496},"android":{"2.1":0,"2.2":0,"2.3":0.0137065247019,"3":0,"4":0.0841972231687,"4.1":0.290774131175,"4.2-4.3":0.671619710392,"4.4":1.52436135434,"4.4.3-4.4.4":0.863511056218,"50":null},"op_mob":{"10":0,"11":0,"11.1":0,"11.5":0,"12":0,"12.1":2.12045188937e-5,"0":0.000519510712894},"ie":{"5.5":null,"6":0.034168,"7":0.008542,"8":0.657734,"9":0.179382,"10":0.657734,"11":1.546102},"bb":{"7":0.008748,"10":null},"ie_mob":{"10":0.0230552129032,"11":0.0600507870968},"edge":{"12":0.119588,"13":0.08542,"14":null},"and_ff":{"0":2.655018},"and_uc":{"0":0.482598},"op_mini":{"5.0-8.0":0.244403284768},"and_chr":{"0":6.939988}},"total":98.064376}