{"id":"CV","name":"Cape Verde","month":"2016-05","access_date":"2016-06-03","data":{"chrome":{"4":null,"5":null,"6":null,"7":null,"8":null,"9":null,"10":0.01291,"11":0.01291,"12":0.03873,"13":null,"14":null,"15":null,"16":null,"17":null,"18":null,"19":0.006455,"20":null,"21":null,"22":null,"23":null,"24":null,"25":null,"26":null,"27":null,"28":null,"29":null,"30":null,"31":0.032275,"32":0.058095,"33":0.07746,"34":0.01291,"35":0.096825,"36":0.23238,"37":0.019365,"38":0.02582,"39":0.05164,"40":0.10328,"41":0.06455,"42":0.109735,"43":2.582,"44":0.303385,"45":0.55513,"46":0.14201,"47":0.27111,"48":0.561585,"49":5.60294,"50":31.73278,"51":0.432485,"52":0.10328,"53":null,"54":null},"firefox":{"2":null,"3":null,"3.5":0.01291,"3.6":0.006455,"4":null,"5":null,"6":null,"7":null,"8":null,"9":null,"10":0.03873,"11":0.006455,"12":0.01291,"13":0.006455,"14":0.01291,"15":null,"16":null,"17":null,"18":0.032275,"19":null,"20":0.01291,"21":null,"22":0.006455,"23":0.01291,"24":null,"25":null,"26":0.05164,"27":null,"28":null,"29":0.019365,"30":null,"31":0.032275,"32":0.032275,"33":0.02582,"34":0.01291,"35":0.058095,"36":0.23238,"37":0.019365,"38":0.05164,"39":0.096825,"40":0.01291,"41":0.032275,"42":0.071005,"43":0.32275,"44":0.24529,"45":1.21354,"46":4.19575,"47":0.07746,"48":0.07746,"49":null},"opera":{"9":null,"9.5-9.6":null,"10.0-10.1":0,"10.5":null,"10.6":null,"11":null,"11.1":null,"11.5":null,"11.6":null,"12":null,"12.1":null,"15":null,"16":null,"17":null,"18":null,"19":null,"20":null,"21":null,"22":null,"23":null,"24":null,"25":null,"26":null,"27":0.006455,"28":null,"29":0.01291,"30":null,"31":null,"32":null,"33":0.01291,"34":0.01291,"35":0.03873,"36":0.47767,"37":0.561585,"38":null,"39":null},"safari":{"3.1":null,"3.2":null,"4":0,"5":0.045185,"5.1":0.096825,"6":0.032275,"6.1":0.09037,"7":0.071005,"7.1":0.006455,"8":0.355025,"9":0.28402,"9.1":1.258725,"0":null},"ios_saf":{"3.2":0,"4.0-4.1":0,"4.2-4.3":0,"5.0-5.1":0,"6.0-6.1":0.00867556588521,"7.0-7.1":0.0860616135812,"8":0,"8.1-8.4":0.219318305578,"9.0-9.2":0.459110946645,"9.3":2.66096956831},"android":{"2.1":0,"2.2":0,"2.3":0.0336267438955,"3":0,"4":0.20656428393,"4.1":0.713367352641,"4.2-4.3":1.64771045088,"4.4":3.73977430324,"4.4.3-4.4.4":2.11848486542,"50":null},"op_mob":{"10":0,"11":0,"11.1":0,"11.5":0,"12":0,"12.1":0.000422770376142,"0":0.0103578742155},"ie":{"5.5":null,"6":0.0194821860817,"7":null,"8":0.331197163389,"9":0.23378623298,"10":0.766299319213,"11":2.90284572617},"bb":{"7":0.01772,"10":null},"ie_mob":{"10":0.495519793548,"11":1.29065620645},"edge":{"12":0.329205,"13":0.600315,"14":0.019365},"and_ff":{"0":0.003544},"and_uc":{"0":2.477256},"op_mini":{"5.0-8.0":4.87285135541},"and_chr":{"0":17.366}},"total":97.2779926278}