{"id":"CX","name":"Christmas Island","month":"2016-05","access_date":"2016-06-03","data":{"chrome":{"4":null,"5":null,"6":null,"7":null,"8":null,"9":null,"10":null,"11":null,"12":null,"13":null,"14":null,"15":null,"16":null,"17":null,"18":null,"19":null,"20":null,"21":null,"22":null,"23":null,"24":null,"25":null,"26":null,"27":2.35345,"28":null,"29":null,"30":null,"31":0.787725,"32":null,"33":0.126425,"34":null,"35":null,"36":null,"37":null,"38":null,"39":0.126425,"40":null,"41":0.126425,"42":null,"43":5.0959,"44":null,"45":null,"46":null,"47":2.35345,"48":2.74245,"49":0.787725,"50":45.3574,"51":0.262575,"52":null,"53":null,"54":null},"firefox":{"2":null,"3":null,"3.5":null,"3.6":null,"4":null,"5":null,"6":0.389,"7":null,"8":null,"9":null,"10":null,"11":null,"12":null,"13":null,"14":null,"15":null,"16":2.2173,"17":null,"18":null,"19":null,"20":0.262575,"21":null,"22":null,"23":0.52515,"24":null,"25":null,"26":null,"27":null,"28":null,"29":null,"30":null,"31":null,"32":null,"33":null,"34":null,"35":null,"36":null,"37":null,"38":null,"39":null,"40":null,"41":null,"42":null,"43":null,"44":null,"45":1.30315,"46":8.49965,"47":null,"48":null,"49":null},"opera":{"9":null,"9.5-9.6":null,"10.0-10.1":0,"10.5":null,"10.6":null,"11":null,"11.1":null,"11.5":null,"11.6":null,"12":0.126425,"12.1":null,"15":null,"16":null,"17":null,"18":null,"19":null,"20":null,"21":null,"22":null,"23":null,"24":null,"25":0.126425,"26":0.126425,"27":null,"28":null,"29":null,"30":null,"31":null,"32":null,"33":null,"34":null,"35":null,"36":null,"37":2.35345,"38":null,"39":null},"safari":{"3.1":null,"3.2":null,"4":0,"5":null,"5.1":2.2173,"6":null,"6.1":null,"7":null,"7.1":null,"8":null,"9":1.4393,"9.1":0.651575,"0":null},"ios_saf":{"3.2":0,"4.0-4.1":0,"4.2-4.3":0,"5.0-5.1":0,"6.0-6.1":0.000631505153597,"7.0-7.1":0.00626453112369,"8":0,"8.1-8.4":0.0159644502829,"9.0-9.2":0.0334192527284,"9.3":0.193695260711},"android":{"2.1":0,"2.2":0,"2.3":0,"3":0,"4":0,"4.1":0,"4.2-4.3":0,"4.4":0,"4.4.3-4.4.4":0,"50":null},"op_mob":{"10":0,"11":0,"11.1":0,"11.5":0,"12":0,"12.1":0,"0":0},"ie":{"5.5":null,"6":0.126425,"7":null,"8":1.0503,"9":null,"10":2.8786,"11":8.626075},"bb":{"7":0,"10":null},"ie_mob":{"10":0,"11":0},"edge":{"12":0.52515,"13":null,"14":null},"and_ff":{"0":null},"and_uc":{"0":null},"op_mini":{"5.0-8.0":0},"and_chr":{"0":0.249975}},"total":94.064175}