{"id":"CY","name":"Cyprus","month":"2016-05","access_date":"2016-06-03","data":{"chrome":{"4":null,"5":null,"6":null,"7":null,"8":null,"9":null,"10":null,"11":0.013104,"12":0.006552,"13":null,"14":null,"15":null,"16":null,"17":null,"18":null,"19":null,"20":null,"21":null,"22":0.03276,"23":null,"24":null,"25":null,"26":0.03276,"27":0.013104,"28":null,"29":0.366912,"30":0.045864,"31":0.039312,"32":0.019656,"33":0.026208,"34":0.039312,"35":0.026208,"36":0.039312,"37":0.03276,"38":0.052416,"39":0.085176,"40":0.026208,"41":0.03276,"42":0.858312,"43":0.137592,"44":0.117936,"45":0.144144,"46":0.1638,"47":0.19656,"48":0.445536,"49":6.755112,"50":33.362784,"51":0.438984,"52":0.078624,"53":null,"54":null},"firefox":{"2":null,"3":null,"3.5":null,"3.6":0.013104,"4":0.013104,"5":null,"6":0.045864,"7":null,"8":null,"9":null,"10":null,"11":0.006552,"12":null,"13":null,"14":null,"15":null,"16":0.013104,"17":null,"18":null,"19":null,"20":null,"21":0.006552,"22":null,"23":null,"24":null,"25":null,"26":0.137592,"27":null,"28":null,"29":null,"30":0.006552,"31":null,"32":0.013104,"33":0.013104,"34":0.039312,"35":0.019656,"36":0.019656,"37":0.039312,"38":0.06552,"39":0.045864,"40":0.03276,"41":0.039312,"42":0.09828,"43":0.157248,"44":0.170352,"45":1.37592,"46":6.152328,"47":0.072072,"48":null,"49":0.013104},"opera":{"9":null,"9.5-9.6":null,"10.0-10.1":0,"10.5":null,"10.6":null,"11":null,"11.1":null,"11.5":null,"11.6":null,"12":null,"12.1":0.039312,"15":null,"16":null,"17":null,"18":null,"19":null,"20":null,"21":null,"22":null,"23":null,"24":null,"25":null,"26":null,"27":null,"28":0.013104,"29":null,"30":null,"31":null,"32":null,"33":null,"34":null,"35":0.006552,"36":0.170352,"37":0.543816,"38":null,"39":null},"safari":{"3.1":null,"3.2":null,"4":0.013104,"5":0.06552,"5.1":0.170352,"6":0.026208,"6.1":0.085176,"7":0.06552,"7.1":0.019656,"8":0.170352,"9":0.497952,"9.1":1.349712,"0":null},"ios_saf":{"3.2":0,"4.0-4.1":0,"4.2-4.3":0,"5.0-5.1":0,"6.0-6.1":0.0184349712005,"7.0-7.1":0.182874914309,"8":0,"8.1-8.4":0.466036071948,"9.0-9.2":0.97557867593,"9.3":5.65437436661},"android":{"2.1":0,"2.2":0,"2.3":0.0127564446337,"3":0,"4":0.0783610170358,"4.1":0.270618861158,"4.2-4.3":0.625065787053,"4.4":1.41869887819,"4.4.3-4.4.4":0.803656011925,"50":null},"op_mob":{"10":0,"11":0,"11.1":0,"11.5":0,"12":0,"12.1":4.56556291391e-5,"0":0.00111856291391},"ie":{"5.5":null,"6":0.0131813858268,"7":0.0197720787402,"8":0.619525133858,"9":0.355897417323,"10":0.276809102362,"11":5.41095888189},"bb":{"7":0.01637325,"10":null},"ie_mob":{"10":0.128139445161,"11":0.333758554839},"edge":{"12":0.124488,"13":1.611792,"14":null},"and_ff":{"0":0.020682},"and_uc":{"0":1.764864},"op_mini":{"5.0-8.0":0.526226781457},"and_chr":{"0":17.862336}},"total":95.06820825}