{"id":"CY","name":"Cyprus","month":"2016-01","access_date":"2016-02-03","data":{"firefox":{"2":0.007477,"3":0.014954,"3.5":0,"3.6":0.029908,"4":0.014954,"5":0,"6":0.014954,"7":0,"8":0,"9":0,"10":0.007477,"11":0,"12":0.014954,"13":0,"14":0.007477,"15":0,"16":0.007477,"17":0,"18":0,"19":0,"20":0.007477,"21":0.007477,"22":0,"23":0.007477,"24":0,"25":0,"26":0.104678,"27":0.007477,"28":0.007477,"29":0.007477,"30":0.007477,"31":0.007477,"32":0.007477,"33":0.014954,"34":0.014954,"35":0.029908,"36":0.022431,"37":0.029908,"38":0.097201,"39":0.089724,"40":0.134586,"41":0.082247,"42":0.261695,"43":7.506908,"44":0.403758,"45":0.007477,"46":0.007477,"47":0},"chrome":{"4":0,"5":0,"6":0,"7":0,"8":0,"9":0,"10":0.007477,"11":0.052339,"12":0.007477,"13":0,"14":0,"15":0,"16":0,"17":0,"18":0,"19":0,"20":0,"21":0.007477,"22":0.052339,"23":0,"24":0,"25":0,"26":0.022431,"27":0.007477,"28":0.014954,"29":0.022431,"30":0.022431,"31":0.044862,"32":0.014954,"33":0.029908,"34":0.037385,"35":0.037385,"36":0.044862,"37":0.052339,"38":0.07477,"39":0.119632,"40":0.052339,"41":0.07477,"42":0.89724,"43":0.201879,"44":0.239264,"45":0.37385,"46":0.336465,"47":35.328825,"48":3.394558,"49":0.112155,"50":0.007477,"51":0},"opera":{"9":0,"9.5-9.6":0,"10.0-10.1":0,"10.5":0,"10.6":0,"11":0,"11.1":0,"11.5":0,"11.6":0,"12":0,"12.1":0.044862,"15":0,"16":0,"17":0,"18":0,"19":0,"20":0,"21":0,"22":0,"23":0,"24":0,"25":0,"26":0,"27":0,"28":0.007477,"29":0,"30":0,"31":0,"32":0.007477,"33":0.022431,"34":0.837424,"35":0,"36":0},"safari":{"3.1":0,"3.2":0,"4":0.022431,"5":0.097201,"5.1":0.179448,"6":0.029908,"6.1":0.104678,"7":0.082247,"7.1":0.052339,"8":0.284126,"9":1.540262,"9.1":0},"android":{"2.1":0,"2.2":0,"2.3":0.0349210524973,"3":0,"4":0.145140624442,"4.1":0.496533715197,"4.2-4.3":1.10546956812,"4.4":2.20002630733,"4.4.3-4.4.4":1.15239473241,"47":null},"ios_saf":{"3.2":0,"4.0-4.1":0,"4.2-4.3":0,"5.0-5.1":0,"6.0-6.1":0,"7.0-7.1":0.473920087051,"8":0.0332359541568,"8.1-8.4":1.35405739157,"9.0-9.2":10.0877275672,"9.3":null},"op_mob":{"10":0,"11":0,"11.1":0,"11.5":0,"12":2.03320979978e-5,"12.1":2.03320979978e-5,"0":0.00107760119388},"ie":{"5.5":0,"6":0.00758629406707,"7":0.0303451762683,"8":0.978631934652,"9":0.470350232158,"10":0.394487291488,"11":6.9338727773},"bb":{"7":0.01072275,"10":null},"ie_mob":{"10":0.066700487395,"11":0.294088512605},"edge":{"12":0.411235,"13":0.919671,"14":0},"and_uc":{"0":0.989016},"op_mini":{"5.0-8.0":0.27136573461},"and_chr":{"0":15.795987},"and_ff":{"0":0.022707}},"total":98.6802064559}