{"id":"CZ","name":"Czech Republic","month":"2016-05","access_date":"2016-06-03","data":{"chrome":{"4":null,"5":null,"6":null,"7":null,"8":null,"9":null,"10":null,"11":0.042755,"12":0.008551,"13":null,"14":null,"15":null,"16":null,"17":null,"18":0.017102,"19":null,"20":0.059857,"21":null,"22":0.051306,"23":null,"24":null,"25":null,"26":0.017102,"27":0.008551,"28":null,"29":5.036539,"30":null,"31":0.042755,"32":0.017102,"33":0.025653,"34":0.051306,"35":0.025653,"36":0.017102,"37":0.034204,"38":0.025653,"39":0.111163,"40":0.051306,"41":0.042755,"42":0.034204,"43":0.222326,"44":0.076959,"45":0.128265,"46":0.102612,"47":0.179571,"48":0.418999,"49":7.088779,"50":30.852008,"51":0.530162,"52":0.068408,"53":null,"54":null},"firefox":{"2":null,"3":0.008551,"3.5":null,"3.6":0.042755,"4":null,"5":null,"6":0.008551,"7":null,"8":null,"9":0.008551,"10":null,"11":null,"12":0.025653,"13":null,"14":null,"15":0.008551,"16":0.017102,"17":null,"18":0.025653,"19":0.008551,"20":0.017102,"21":0.008551,"22":null,"23":null,"24":0.017102,"25":0.008551,"26":0.025653,"27":0.008551,"28":0.025653,"29":0.017102,"30":0.017102,"31":0.094061,"32":0.025653,"33":0.025653,"34":0.025653,"35":0.034204,"36":0.025653,"37":0.034204,"38":0.401897,"39":0.094061,"40":0.119714,"41":0.08551,"42":0.111163,"43":0.820896,"44":0.487407,"45":3.317788,"46":13.553335,"47":0.145367,"48":0.008551,"49":null},"opera":{"9":null,"9.5-9.6":null,"10.0-10.1":0,"10.5":null,"10.6":null,"11":null,"11.1":null,"11.5":null,"11.6":0.017102,"12":0.017102,"12.1":0.453203,"15":null,"16":null,"17":null,"18":null,"19":null,"20":null,"21":0.017102,"22":null,"23":null,"24":null,"25":null,"26":null,"27":null,"28":0.017102,"29":null,"30":0.017102,"31":null,"32":0.008551,"33":0.017102,"34":0.017102,"35":0.034204,"36":1.162936,"37":2.197607,"38":0.008551,"39":null},"safari":{"3.1":null,"3.2":null,"4":0.008551,"5":0.025653,"5.1":0.042755,"6":null,"6.1":0.042755,"7":0.025653,"7.1":0.017102,"8":0.145367,"9":0.384795,"9.1":1.28265,"0":null},"ios_saf":{"3.2":0,"4.0-4.1":0,"4.2-4.3":0,"5.0-5.1":0,"6.0-6.1":0.00584959074373,"7.0-7.1":0.0580279401778,"8":0,"8.1-8.4":0.147877654002,"9.0-9.2":0.309560342158,"9.3":1.79418647292},"android":{"2.1":0,"2.2":0,"2.3":0.00709030834753,"3":0,"4":0.0435547512777,"4.1":0.150415827087,"4.2-4.3":0.347425109029,"4.4":0.788543578365,"4.4.3-4.4.4":0.446689425894,"50":null},"op_mob":{"10":0,"11":0,"11.1":0,"11.5":0,"12":0,"12.1":6.4977015972e-5,"0":0.00159193689131},"ie":{"5.5":null,"6":null,"7":0.0172373720317,"8":0.474027730871,"9":0.344747440633,"10":0.379222184697,"11":8.55835521372},"bb":{"7":0.0253575,"10":null},"ie_mob":{"10":0.164812064516,"11":0.429277935484},"edge":{"12":0.136816,"13":1.906873,"14":0.008551},"and_ff":{"0":0.02898},"and_uc":{"0":0.146349},"op_mini":{"5.0-8.0":0.748925086093},"and_chr":{"0":8.165534}},"total":96.694753442}