{"id":"DE","name":"Germany","month":"2016-05","access_date":"2016-06-03","data":{"chrome":{"4":null,"5":null,"6":null,"7":null,"8":null,"9":null,"10":null,"11":0.040788,"12":null,"13":null,"14":null,"15":null,"16":null,"17":null,"18":0.006798,"19":null,"20":null,"21":null,"22":0.047586,"23":null,"24":0.006798,"25":null,"26":0.020394,"27":null,"28":0.006798,"29":0.686598,"30":0.006798,"31":0.06798,"32":0.054384,"33":0.047586,"34":0.027192,"35":0.027192,"36":0.027192,"37":0.3399,"38":0.027192,"39":0.054384,"40":0.047586,"41":0.10197,"42":0.074778,"43":0.095172,"44":0.06798,"45":0.122364,"46":0.142758,"47":0.217536,"48":0.312708,"49":2.827968,"50":16.954212,"51":0.326304,"52":0.047586,"53":null,"54":null},"firefox":{"2":0.013596,"3":0.013596,"3.5":null,"3.6":0.054384,"4":0.006798,"5":null,"6":0.027192,"7":null,"8":null,"9":0.006798,"10":0.013596,"11":0.013596,"12":0.040788,"13":0.006798,"14":0.006798,"15":0.013596,"16":0.027192,"17":0.013596,"18":0.013596,"19":0.006798,"20":0.020394,"21":0.013596,"22":0.013596,"23":0.013596,"24":0.040788,"25":0.013596,"26":0.03399,"27":0.020394,"28":0.03399,"29":0.027192,"30":0.040788,"31":0.142758,"32":0.074778,"33":0.10197,"34":0.115566,"35":0.122364,"36":0.129162,"37":0.108768,"38":0.924528,"39":0.258324,"40":0.251526,"41":0.278718,"42":0.61182,"43":0.482658,"44":0.564234,"45":4.255548,"46":16.410372,"47":0.20394,"48":0.027192,"49":0.006798},"opera":{"9":null,"9.5-9.6":null,"10.0-10.1":0,"10.5":null,"10.6":null,"11":null,"11.1":null,"11.5":null,"11.6":0.006798,"12":0.006798,"12.1":0.244728,"15":null,"16":null,"17":null,"18":null,"19":null,"20":null,"21":null,"22":null,"23":null,"24":null,"25":null,"26":null,"27":null,"28":0.013596,"29":null,"30":0.006798,"31":null,"32":0.006798,"33":0.013596,"34":0.020394,"35":0.020394,"36":0.380688,"37":1.033296,"38":0.006798,"39":0.006798},"safari":{"3.1":null,"3.2":null,"4":0.027192,"5":0.074778,"5.1":0.197142,"6":0.020394,"6.1":0.129162,"7":0.061182,"7.1":0.027192,"8":0.312708,"9":0.822558,"9.1":2.352108,"0":null},"ios_saf":{"3.2":0,"4.0-4.1":0,"4.2-4.3":0,"5.0-5.1":0,"6.0-6.1":0.0228760509297,"7.0-7.1":0.226930425222,"8":0,"8.1-8.4":0.578306567502,"9.0-9.2":1.2106006152,"9.3":7.01654234115},"android":{"2.1":0,"2.2":0,"2.3":0.010386044293,"3":0,"4":0.0637999863714,"4.1":0.220332511073,"4.2-4.3":0.508916170358,"4.4":1.15507649744,"4.4.3-4.4.4":0.65432079046,"50":null},"op_mob":{"10":0,"11":0,"11.1":0,"11.5":0,"12":0,"12.1":3.0491278189e-5,"0":0.00074703631563},"ie":{"5.5":null,"6":0.0343679466271,"7":0.0274943573017,"8":0.446783306153,"9":0.4055417702,"10":0.350553055597,"11":7.98711079615},"bb":{"7":0.017611,"10":null},"ie_mob":{"10":0.191872103226,"11":0.499759896774},"edge":{"12":0.231132,"13":2.188956,"14":0.006798},"and_ff":{"0":0.09606},"and_uc":{"0":0.790894},"op_mini":{"5.0-8.0":0.351442472406},"and_chr":{"0":13.806918}},"total":93.350200232}