{"id":"DJ","name":"Djibouti","month":"2016-05","access_date":"2016-06-03","data":{"chrome":{"4":0.00371,"5":0.00371,"6":null,"7":null,"8":0.00371,"9":0.02597,"10":null,"11":0.01484,"12":0.00742,"13":null,"14":null,"15":null,"16":0.00371,"17":null,"18":null,"19":null,"20":0.01113,"21":0.03339,"22":null,"23":null,"24":0.00742,"25":0.02226,"26":0.00742,"27":0.00371,"28":null,"29":0.01855,"30":0.02968,"31":0.01484,"32":0.00742,"33":0.05565,"34":0.01855,"35":0.00371,"36":0.04823,"37":0.02597,"38":0.02968,"39":0.05565,"40":0.02968,"41":0.01484,"42":0.0742,"43":1.43577,"44":0.0742,"45":0.5565,"46":0.05565,"47":0.07049,"48":0.34503,"49":2.71943,"50":18.07141,"51":0.48972,"52":0.16695,"53":null,"54":null},"firefox":{"2":null,"3":0.01484,"3.5":0.00371,"3.6":0.04452,"4":0.01113,"5":null,"6":null,"7":null,"8":null,"9":0.00742,"10":0.06307,"11":0.05565,"12":0.00742,"13":0.01113,"14":null,"15":0.02226,"16":0.01855,"17":null,"18":0.01855,"19":0.01113,"20":0.00371,"21":0.02968,"22":0.00742,"23":0.08533,"24":0.01484,"25":0.01113,"26":0.01113,"27":null,"28":0.00742,"29":0.04823,"30":0.08533,"31":0.00742,"32":0.00742,"33":0.02597,"34":0.0371,"35":0.04081,"36":0.03339,"37":0.04823,"38":0.08533,"39":0.02226,"40":0.0742,"41":0.04081,"42":0.05936,"43":0.35616,"44":0.24486,"45":1.00541,"46":4.02535,"47":0.41181,"48":0.00742,"49":null},"opera":{"9":null,"9.5-9.6":null,"10.0-10.1":0,"10.5":null,"10.6":null,"11":null,"11.1":null,"11.5":null,"11.6":0.00371,"12":null,"12.1":0.00742,"15":null,"16":null,"17":null,"18":null,"19":null,"20":null,"21":0.04452,"22":0.00371,"23":null,"24":null,"25":null,"26":null,"27":null,"28":null,"29":0.03339,"30":null,"31":0.00742,"32":null,"33":null,"34":null,"35":null,"36":0.11872,"37":0.50085,"38":null,"39":null},"safari":{"3.1":null,"3.2":null,"4":0,"5":null,"5.1":0.05565,"6":0.02597,"6.1":0.02226,"7":0.02226,"7.1":null,"8":0.10017,"9":0.35245,"9.1":0.36358,"0":null},"ios_saf":{"3.2":0,"4.0-4.1":0,"4.2-4.3":0,"5.0-5.1":0,"6.0-6.1":0.00446587257478,"7.0-7.1":0.0443014559418,"8":0,"8.1-8.4":0.11289725869,"9.0-9.2":0.236333976657,"9.3":1.36977243614},"android":{"2.1":0,"2.2":0,"2.3":0.0316086132879,"3":0,"4":0.194167195911,"4.1":0.670554153322,"4.2-4.3":1.54882205111,"4.4":3.51532934923,"4.4.3-4.4.4":1.99134263714,"50":null},"op_mob":{"10":0,"11":0,"11.1":0,"11.5":0,"12":0,"12.1":0.00192299883132,"0":0.0471134713674},"ie":{"5.5":null,"6":null,"7":0.0111459913793,"8":0.267503793103,"9":0.196912514368,"10":0.252642471264,"11":1.85766522989},"bb":{"7":0.02988225,"10":null},"ie_mob":{"10":0.260041529032,"11":0.677317470968},"edge":{"12":0.0742,"13":0.45262,"14":null},"and_ff":{"0":0.018873},"and_uc":{"0":15.092109},"op_mini":{"5.0-8.0":22.1644845298},"and_chr":{"0":12.315191}},"total":96.78841025}