{"id":"DK","name":"Denmark","month":"2016-05","access_date":"2016-06-03","data":{"chrome":{"4":null,"5":null,"6":null,"7":null,"8":null,"9":null,"10":null,"11":0.006528,"12":null,"13":null,"14":null,"15":null,"16":null,"17":null,"18":null,"19":null,"20":null,"21":null,"22":0.013056,"23":null,"24":null,"25":null,"26":0.006528,"27":null,"28":null,"29":0.35904,"30":null,"31":0.03264,"32":0.013056,"33":0.039168,"34":0.03264,"35":0.039168,"36":0.03264,"37":0.019584,"38":0.045696,"39":0.071808,"40":0.03264,"41":0.19584,"42":0.104448,"43":0.117504,"44":0.124032,"45":0.104448,"46":0.09792,"47":0.176256,"48":0.280704,"49":4.223616,"50":28.031232,"51":0.443904,"52":0.045696,"53":null,"54":null},"firefox":{"2":0.006528,"3":null,"3.5":null,"3.6":0.013056,"4":null,"5":null,"6":0.013056,"7":null,"8":null,"9":null,"10":null,"11":0.006528,"12":0.071808,"13":null,"14":null,"15":null,"16":0.013056,"17":null,"18":null,"19":null,"20":null,"21":0.013056,"22":null,"23":null,"24":0.006528,"25":null,"26":null,"27":null,"28":null,"29":0.013056,"30":null,"31":0.019584,"32":null,"33":0.006528,"34":0.006528,"35":0.052224,"36":0.039168,"37":0.019584,"38":0.104448,"39":0.03264,"40":0.03264,"41":0.03264,"42":0.052224,"43":0.104448,"44":0.110976,"45":1.17504,"46":5.228928,"47":0.039168,"48":0.006528,"49":null},"opera":{"9":null,"9.5-9.6":null,"10.0-10.1":0,"10.5":null,"10.6":null,"11":null,"11.1":null,"11.5":null,"11.6":null,"12":null,"12.1":0.03264,"15":null,"16":null,"17":null,"18":null,"19":null,"20":null,"21":null,"22":null,"23":null,"24":null,"25":null,"26":null,"27":null,"28":0.013056,"29":null,"30":null,"31":null,"32":null,"33":null,"34":null,"35":0.006528,"36":0.104448,"37":0.378624,"38":null,"39":null},"safari":{"3.1":null,"3.2":null,"4":0.013056,"5":0.06528,"5.1":0.124032,"6":0.019584,"6.1":0.1632,"7":0.09792,"7.1":0.045696,"8":0.639744,"9":1.540608,"9.1":4.621824,"0":null},"ios_saf":{"3.2":0,"4.0-4.1":0,"4.2-4.3":0,"5.0-5.1":0,"6.0-6.1":0.0515545371867,"7.0-7.1":0.511421008892,"8":0,"8.1-8.4":1.30329870008,"9.0-9.2":2.72826610792,"9.3":15.8128076459},"android":{"2.1":0,"2.2":0,"2.3":0.00389307325383,"3":0,"4":0.023914592845,"4.1":0.0825887683135,"4.2-4.3":0.190760589438,"4.4":0.432965361158,"4.4.3-4.4.4":0.245263614991,"50":null},"op_mob":{"10":0,"11":0,"11.1":0,"11.5":0,"12":0,"12.1":6.3137254902e-6,"0":0.00015468627451},"ie":{"5.5":null,"6":0.0131266153846,"7":0.0131266153846,"8":0.190335923077,"9":0.393798461538,"10":0.571007769231,"11":9.73338530769},"bb":{"7":0.00781425,"10":null},"ie_mob":{"10":0.204257212903,"11":0.532018787097},"edge":{"12":0.221952,"13":3.309696,"14":0.013056},"and_ff":{"0":0.055568},"and_uc":{"0":0.093771},"op_mini":{"5.0-8.0":0.072772},"and_chr":{"0":9.707262}},"total":96.2958429423}