{"id":"DK","name":"Denmark","month":"2016-01","access_date":"2016-02-03","data":{"firefox":{"2":0,"3":0.007888,"3.5":0,"3.6":0.007888,"4":0,"5":0,"6":0.023664,"7":0,"8":0,"9":0,"10":0,"11":0,"12":0.007888,"13":0,"14":0.007888,"15":0,"16":0.015776,"17":0.007888,"18":0.015776,"19":0.007888,"20":0.007888,"21":0.015776,"22":0,"23":0.007888,"24":0.007888,"25":0.007888,"26":0.007888,"27":0.007888,"28":0.007888,"29":0.015776,"30":0.007888,"31":0.023664,"32":0.007888,"33":0.015776,"34":0.015776,"35":0.134096,"36":0.126208,"37":0.023664,"38":0.11832,"39":0.094656,"40":0.063104,"41":0.07888,"42":0.228752,"43":6.081648,"44":0.331296,"45":0.007888,"46":0,"47":0},"chrome":{"4":0,"5":0,"6":0,"7":0,"8":0,"9":0,"10":0,"11":0.015776,"12":0.007888,"13":0,"14":0,"15":0,"16":0,"17":0,"18":0.007888,"19":0,"20":0,"21":0.007888,"22":0.023664,"23":0,"24":0,"25":0,"26":0.023664,"27":0.007888,"28":0.007888,"29":0.023664,"30":0.007888,"31":0.070992,"32":0.015776,"33":0.03944,"34":0.070992,"35":0.063104,"36":0.047328,"37":0.03944,"38":0.063104,"39":0.11832,"40":0.047328,"41":0.457504,"42":0.418064,"43":0.165648,"44":0.1972,"45":0.268192,"46":0.425952,"47":28.420464,"48":2.7608,"49":0.055216,"50":0.007888,"51":0},"opera":{"9":0,"9.5-9.6":0,"10.0-10.1":0,"10.5":0,"10.6":0,"11":0,"11.1":0,"11.5":0,"11.6":0,"12":0.007888,"12.1":0.047328,"15":0,"16":0,"17":0,"18":0,"19":0,"20":0,"21":0,"22":0,"23":0,"24":0,"25":0.007888,"26":0,"27":0,"28":0.031552,"29":0.007888,"30":0.007888,"31":0.015776,"32":0.007888,"33":0.007888,"34":0.457504,"35":0.007888,"36":0},"safari":{"3.1":0,"3.2":0,"4":0.023664,"5":0.149872,"5.1":0.181424,"6":0.031552,"6.1":0.212976,"7":0.228752,"7.1":0.126208,"8":1.056992,"9":5.340176,"9.1":0.015776},"android":{"2.1":0,"2.2":0,"2.3":0.0102363001063,"3":0,"4":0.0425446223167,"4.1":0.145547392136,"4.2-4.3":0.324042875239,"4.4":0.644886906695,"4.4.3-4.4.4":0.337797903507,"47":null},"ios_saf":{"3.2":0,"4.0-4.1":0,"4.2-4.3":0,"5.0-5.1":0,"6.0-6.1":0,"7.0-7.1":0.928291121871,"8":0.0651009358195,"8.1-8.4":2.6522603482,"9.0-9.2":19.7593395941,"9.3":null},"op_mob":{"10":0,"11":0,"11.1":0,"11.5":0,"12":5.04295485636e-6,"12.1":5.04295485636e-6,"0":0.000267276607387},"ie":{"5.5":0,"6":0.00791556435644,"7":0.0158311287129,"8":0.340369267327,"9":0.807387564356,"10":0.989445544554,"11":11.3904971089},"bb":{"7":0.003696,"10":null},"ie_mob":{"10":0.0968325378151,"11":0.426943462185},"edge":{"12":0.7888,"13":2.121872,"14":0},"and_uc":{"0":0.080256},"op_mini":{"5.0-8.0":0.0673066374829},"and_chr":{"0":7.642672},"and_ff":{"0":0.027456}},"total":99.1280381782}