{"id":"DM","name":"Dominica","month":"2016-05","access_date":"2016-06-03","data":{"chrome":{"4":null,"5":null,"6":null,"7":null,"8":null,"9":null,"10":null,"11":0.094995,"12":0.006333,"13":null,"14":null,"15":null,"16":null,"17":null,"18":0.031665,"19":null,"20":null,"21":0.056997,"22":0.113994,"23":null,"24":null,"25":null,"26":0.012666,"27":null,"28":0.012666,"29":0.082329,"30":0.031665,"31":0.120327,"32":0.436977,"33":0.006333,"34":0.037998,"35":0.088662,"36":0.113994,"37":0.018999,"38":0.012666,"39":0.031665,"40":0.044331,"41":0.006333,"42":0.050664,"43":0.044331,"44":0.050664,"45":0.829623,"46":0.06333,"47":1.659246,"48":0.512973,"49":3.970791,"50":31.98165,"51":0.500307,"52":0.405312,"53":null,"54":null},"firefox":{"2":null,"3":null,"3.5":null,"3.6":0.018999,"4":null,"5":null,"6":null,"7":null,"8":null,"9":null,"10":null,"11":0.012666,"12":null,"13":null,"14":null,"15":null,"16":null,"17":0.018999,"18":null,"19":null,"20":null,"21":null,"22":null,"23":null,"24":null,"25":null,"26":null,"27":null,"28":0.018999,"29":0.012666,"30":null,"31":null,"32":null,"33":null,"34":null,"35":null,"36":null,"37":0.012666,"38":0.037998,"39":0.082329,"40":0.12666,"41":0.037998,"42":0.164658,"43":0.094995,"44":0.259653,"45":0.785292,"46":3.628809,"47":0.272319,"48":0.031665,"49":null},"opera":{"9":null,"9.5-9.6":null,"10.0-10.1":0,"10.5":null,"10.6":null,"11":null,"11.1":null,"11.5":null,"11.6":null,"12":null,"12.1":0.037998,"15":null,"16":null,"17":null,"18":null,"19":null,"20":null,"21":null,"22":null,"23":null,"24":null,"25":null,"26":null,"27":0.012666,"28":null,"29":0.094995,"30":null,"31":null,"32":null,"33":null,"34":null,"35":0.025332,"36":0.424311,"37":0.835956,"38":null,"39":null},"safari":{"3.1":null,"3.2":null,"4":0,"5":0.012666,"5.1":0.031665,"6":null,"6.1":0.082329,"7":0.056997,"7.1":0.018999,"8":0.120327,"9":0.405312,"9.1":1.855569,"0":null},"ios_saf":{"3.2":0,"4.0-4.1":0,"4.2-4.3":0,"5.0-5.1":0,"6.0-6.1":0.00813587308003,"7.0-7.1":0.0807078609539,"8":0,"8.1-8.4":0.205674871463,"9.0-9.2":0.430550403395,"9.3":2.49543499111},"android":{"2.1":0,"2.2":0,"2.3":0.0387691561613,"3":0,"4":0.238153387848,"4.1":0.822459955707,"4.2-4.3":1.8996886519,"4.4":4.31168401022,"4.4.3-4.4.4":2.44245683816,"50":null},"op_mob":{"10":0,"11":0,"11.1":0,"11.5":0,"12":0,"12.1":4.00093494351e-5,"0":0.000980229061161},"ie":{"5.5":null,"6":0.00635242638037,"7":0.00635242638037,"8":0.184220365031,"9":0.184220365031,"10":0.158810659509,"11":3.57006362577},"bb":{"7":0.241171,"10":null},"ie_mob":{"10":0.303237109677,"11":0.789826890323},"edge":{"12":0.246987,"13":2.007561,"14":0.006333},"and_ff":{"0":0.014672},"and_uc":{"0":1.217776},"op_mini":{"5.0-8.0":0.461147761589},"and_chr":{"0":21.661153}},"total":95.0975998681}