{"id":"DZ","name":"Algeria","month":"2016-05","access_date":"2016-06-03","data":{"chrome":{"4":0.054072,"5":0.040554,"6":0.027036,"7":0.020277,"8":0.027036,"9":0.006759,"10":0.033795,"11":0.094626,"12":0.040554,"13":0.020277,"14":0.040554,"15":0.074349,"16":0.047313,"17":0.027036,"18":0.121662,"19":0.013518,"20":0.033795,"21":0.020277,"22":0.054072,"23":0.027036,"24":0.020277,"25":0.074349,"26":0.081108,"27":0.047313,"28":0.060831,"29":0.750249,"30":0.087867,"31":0.162216,"32":0.06759,"33":0.304155,"34":0.13518,"35":0.054072,"36":0.13518,"37":0.06759,"38":0.13518,"39":0.128421,"40":0.358227,"41":0.101385,"42":0.087867,"43":3.102381,"44":0.283878,"45":0.642105,"46":0.425817,"47":0.601551,"48":1.453185,"49":6.89418,"50":25.015059,"51":0.74349,"52":0.114903,"53":0.013518,"54":null},"firefox":{"2":0.013518,"3":0.114903,"3.5":0.033795,"3.6":0.196011,"4":0.040554,"5":0.013518,"6":0.054072,"7":0.013518,"8":0.027036,"9":0.020277,"10":0.033795,"11":0.047313,"12":0.101385,"13":0.033795,"14":0.033795,"15":0.060831,"16":0.047313,"17":0.033795,"18":0.033795,"19":0.040554,"20":0.033795,"21":0.040554,"22":0.033795,"23":0.047313,"24":0.040554,"25":0.047313,"26":0.060831,"27":0.047313,"28":0.047313,"29":0.121662,"30":0.155457,"31":0.114903,"32":0.101385,"33":0.148698,"34":0.128421,"35":0.128421,"36":0.128421,"37":0.13518,"38":0.209529,"39":0.168975,"40":0.168975,"41":0.189252,"42":0.20277,"43":0.966537,"44":0.432576,"45":2.176398,"46":7.468695,"47":0.452853,"48":0.040554,"49":null},"opera":{"9":null,"9.5-9.6":null,"10.0-10.1":0,"10.5":null,"10.6":null,"11":null,"11.1":null,"11.5":null,"11.6":0.013518,"12":0.006759,"12.1":0.081108,"15":null,"16":null,"17":null,"18":0.013518,"19":null,"20":0.013518,"21":null,"22":null,"23":null,"24":null,"25":null,"26":null,"27":null,"28":0.006759,"29":0.006759,"30":0.013518,"31":0.013518,"32":0.020277,"33":0.020277,"34":0.047313,"35":0.047313,"36":0.500166,"37":1.405872,"38":0.006759,"39":0.013518},"safari":{"3.1":null,"3.2":null,"4":0.013518,"5":0.013518,"5.1":0.020277,"6":0.013518,"6.1":0.006759,"7":0.020277,"7.1":null,"8":0.033795,"9":0.040554,"9.1":0.101385,"0":null},"ios_saf":{"3.2":0,"4.0-4.1":0,"4.2-4.3":0,"5.0-5.1":0,"6.0-6.1":0.00315127324171,"7.0-7.1":0.0312606305578,"8":0,"8.1-8.4":0.0796641875505,"9.0-9.2":0.166765379951,"9.3":0.966558528698},"android":{"2.1":0,"2.2":0,"2.3":0.0314506303237,"3":0,"4":0.193196729131,"4.1":0.667202657581,"4.2-4.3":1.54108088586,"4.4":3.49775938671,"4.4.3-4.4.4":1.98138971039,"50":null},"op_mob":{"10":0,"11":0,"11.1":0,"11.5":0,"12":0,"12.1":0.000150619400078,"0":0.00369017530191},"ie":{"5.5":null,"6":0.0509838362069,"7":0.0655506465517,"8":0.66278987069,"9":0.24035237069,"10":0.196651939655,"11":1.31829633621},"bb":{"7":0.01134,"10":null},"ie_mob":{"10":0.126736258065,"11":0.330103741935},"edge":{"12":0.060831,"13":0.209529,"14":null},"and_ff":{"0":0.0324},"and_uc":{"0":2.26152},"op_mini":{"5.0-8.0":1.7360392053},"and_chr":{"0":19.560699}},"total":96.526953}