{"id":"EC","name":"Ecuador","month":"2016-05","access_date":"2016-06-03","data":{"chrome":{"4":null,"5":null,"6":null,"7":null,"8":null,"9":0.007178,"10":null,"11":0.028712,"12":null,"13":0.007178,"14":null,"15":null,"16":null,"17":null,"18":0.021534,"19":null,"20":null,"21":0.014356,"22":0.172272,"23":0.007178,"24":null,"25":0.014356,"26":0.050246,"27":0.014356,"28":0.007178,"29":0.46657,"30":0.021534,"31":0.03589,"32":0.043068,"33":0.03589,"34":0.057424,"35":0.057424,"36":0.086136,"37":0.064602,"38":0.07178,"39":0.10767,"40":0.07178,"41":0.07178,"42":0.078958,"43":0.265586,"44":0.172272,"45":0.258408,"46":0.265586,"47":0.437858,"48":0.516816,"49":5.333254,"50":38.265918,"51":0.703444,"52":0.057424,"53":null,"54":null},"firefox":{"2":null,"3":0.014356,"3.5":null,"3.6":0.021534,"4":0.014356,"5":null,"6":0.03589,"7":null,"8":null,"9":null,"10":0.007178,"11":0.014356,"12":0.028712,"13":0.021534,"14":0.028712,"15":0.014356,"16":0.028712,"17":0.043068,"18":0.014356,"19":0.014356,"20":0.028712,"21":0.021534,"22":0.014356,"23":0.014356,"24":0.021534,"25":0.03589,"26":0.021534,"27":0.021534,"28":0.03589,"29":0.064602,"30":0.050246,"31":0.057424,"32":0.050246,"33":0.100492,"34":0.086136,"35":0.086136,"36":0.086136,"37":0.114848,"38":0.186628,"39":0.157916,"40":0.157916,"41":0.17945,"42":0.200984,"43":0.653198,"44":0.380434,"45":2.347206,"46":9.022746,"47":0.136382,"48":0.014356,"49":null},"opera":{"9":null,"9.5-9.6":null,"10.0-10.1":0,"10.5":null,"10.6":null,"11":null,"11.1":null,"11.5":null,"11.6":null,"12":null,"12.1":0.014356,"15":null,"16":null,"17":null,"18":null,"19":null,"20":null,"21":null,"22":null,"23":null,"24":null,"25":null,"26":null,"27":null,"28":0.007178,"29":null,"30":null,"31":null,"32":null,"33":0.007178,"34":0.021534,"35":0.014356,"36":0.17945,"37":0.667554,"38":null,"39":null},"safari":{"3.1":null,"3.2":null,"4":0.014356,"5":0.03589,"5.1":0.078958,"6":0.03589,"6.1":0.064602,"7":0.100492,"7.1":0.03589,"8":0.387612,"9":0.581418,"9.1":1.414066,"0":null},"ios_saf":{"3.2":0,"4.0-4.1":0,"4.2-4.3":0,"5.0-5.1":0,"6.0-6.1":0.00737153395311,"7.0-7.1":0.0731256168149,"8":0,"8.1-8.4":0.186352378335,"9.0-9.2":0.390101576799,"9.3":2.2609968941},"android":{"2.1":0,"2.2":0,"2.3":0.0162541431005,"3":0,"4":0.099846879046,"4.1":0.344820035775,"4.2-4.3":0.796453011925,"4.4":1.80769291482,"4.4.3-4.4.4":1.02401101533,"50":null},"op_mob":{"10":0,"11":0,"11.1":0,"11.5":0,"12":0,"12.1":0.000161236203091,"0":0.00395028697572},"ie":{"5.5":null,"6":0.0227085818182,"7":0.00756952727273,"8":0.325489672727,"9":0.174099127273,"10":0.317920145455,"11":1.63501789091},"bb":{"7":0.093126,"10":null},"ie_mob":{"10":0.399267483871,"11":1.03995251613},"edge":{"12":0.14356,"13":0.588596,"14":null},"and_ff":{"0":0.025398},"and_uc":{"0":0.344284},"op_mini":{"5.0-8.0":1.85840847682},"and_chr":{"0":15.834356}},"total":96.0235849455}