{"id":"EE","name":"Estonia","month":"2016-05","access_date":"2016-06-03","data":{"chrome":{"4":null,"5":null,"6":null,"7":null,"8":null,"9":null,"10":null,"11":0.023823,"12":0.007941,"13":null,"14":null,"15":null,"16":0.007941,"17":0.007941,"18":0.007941,"19":null,"20":null,"21":0.031764,"22":0.031764,"23":null,"24":null,"25":0.007941,"26":0.031764,"27":0.007941,"28":0.015882,"29":0.587634,"30":null,"31":0.031764,"32":0.015882,"33":0.023823,"34":0.031764,"35":0.023823,"36":0.031764,"37":0.023823,"38":0.039705,"39":0.071469,"40":0.031764,"41":0.047646,"42":0.015882,"43":0.150879,"44":0.150879,"45":0.15882,"46":0.087351,"47":0.262053,"48":0.333522,"49":6.178098,"50":36.242724,"51":0.571752,"52":0.246171,"53":null,"54":null},"firefox":{"2":null,"3":0.023823,"3.5":0.015882,"3.6":0.071469,"4":null,"5":null,"6":0.023823,"7":null,"8":null,"9":null,"10":null,"11":null,"12":0.015882,"13":0.015882,"14":null,"15":null,"16":0.015882,"17":0.047646,"18":0.007941,"19":0.015882,"20":0.015882,"21":null,"22":null,"23":null,"24":0.023823,"25":0.007941,"26":0.007941,"27":null,"28":0.023823,"29":0.039705,"30":0.015882,"31":0.055587,"32":0.015882,"33":0.031764,"34":0.031764,"35":0.071469,"36":0.031764,"37":0.047646,"38":0.532047,"39":0.174702,"40":0.087351,"41":0.095292,"42":0.174702,"43":0.285876,"44":0.222348,"45":2.294949,"46":10.331241,"47":0.095292,"48":0.015882,"49":0.007941},"opera":{"9":null,"9.5-9.6":0.007941,"10.0-10.1":0,"10.5":null,"10.6":0.007941,"11":null,"11.1":null,"11.5":null,"11.6":0.015882,"12":0.015882,"12.1":0.349404,"15":null,"16":null,"17":null,"18":null,"19":null,"20":null,"21":null,"22":null,"23":null,"24":null,"25":null,"26":null,"27":0.015882,"28":null,"29":null,"30":null,"31":0.150879,"32":null,"33":0.023823,"34":0.015882,"35":0.015882,"36":0.460578,"37":1.477026,"38":0.007941,"39":null},"safari":{"3.1":null,"3.2":null,"4":0.007941,"5":0.039705,"5.1":0.103233,"6":0.023823,"6.1":0.095292,"7":0.039705,"7.1":0.031764,"8":0.246171,"9":0.833805,"9.1":2.533179,"0":null},"ios_saf":{"3.2":0,"4.0-4.1":0,"4.2-4.3":0,"5.0-5.1":0,"6.0-6.1":0.0117868179062,"7.0-7.1":0.11692523363,"8":0,"8.1-8.4":0.297970756669,"9.0-9.2":0.623758403597,"9.3":3.6152527882},"android":{"2.1":0,"2.2":0,"2.3":0.00545909767178,"3":0,"4":0.0335344571266,"4.1":0.115810857751,"4.2-4.3":0.267495785917,"4.4":0.607129648211,"4.4.3-4.4.4":0.343923153322,"50":null},"op_mob":{"10":0,"11":0,"11.1":0,"11.5":0,"12":0,"12.1":2.0676448946e-5,"0":0.000506572999178},"ie":{"5.5":null,"6":0.00795660117878,"7":null,"8":0.350090451866,"9":0.183001827112,"10":0.278481041257,"11":7.28029007859},"bb":{"7":0.004118,"10":null},"ie_mob":{"10":0.107958019355,"11":0.281192980645},"edge":{"12":0.127056,"13":1.286442,"14":0.007941},"and_ff":{"0":0.024708},"and_uc":{"0":0.730945},"op_mini":{"5.0-8.0":0.238316750552},"and_chr":{"0":11.673284}},"total":95.67516}