{"id":"EG","name":"Egypt","month":"2016-05","access_date":"2016-06-03","data":{"chrome":{"4":0.098709,"5":0.098709,"6":0.053151,"7":null,"8":null,"9":0.091116,"10":0.015186,"11":0.174639,"12":0.106302,"13":null,"14":null,"15":null,"16":0.106302,"17":0.159453,"18":0.007593,"19":0.782079,"20":0.212604,"21":0.106302,"22":0.030372,"23":0.121488,"24":2.209563,"25":0.167046,"26":0.364464,"27":0.189825,"28":0.296127,"29":0.440394,"30":1.002276,"31":0.493545,"32":0.789672,"33":1.624902,"34":1.009869,"35":2.179191,"36":0.873195,"37":1.032648,"38":0.615033,"39":0.98709,"40":1.161729,"41":1.321182,"42":1.245252,"43":4.40394,"44":1.336368,"45":0.751707,"46":0.37965,"47":0.425208,"48":0.652998,"49":3.067572,"50":9.445692,"51":0.235383,"52":0.060744,"53":null,"54":null},"firefox":{"2":0.751707,"3":0.106302,"3.5":0.015186,"3.6":0.235383,"4":0.113895,"5":0.129081,"6":0.015186,"7":0.060744,"8":0.113895,"9":0.098709,"10":0.068337,"11":0.167046,"12":0.144267,"13":0.182232,"14":0.060744,"15":0.895974,"16":0.167046,"17":0.07593,"18":0.873195,"19":0.15186,"20":0.15186,"21":0.926346,"22":0.174639,"23":0.91116,"24":0.212604,"25":1.731204,"26":0.364464,"27":0.334092,"28":0.523917,"29":0.53151,"30":0.554289,"31":0.645405,"32":0.341685,"33":0.167046,"34":0.205011,"35":0.258162,"36":0.311313,"37":0.372057,"38":0.394836,"39":0.205011,"40":0.174639,"41":0.121488,"42":0.068337,"43":0.463173,"44":0.205011,"45":0.895974,"46":4.715253,"47":0.493545,"48":null,"49":null},"opera":{"9":null,"9.5-9.6":null,"10.0-10.1":0.736521,"10.5":null,"10.6":null,"11":0.053151,"11.1":null,"11.5":null,"11.6":0.091116,"12":null,"12.1":0.07593,"15":0.053151,"16":null,"17":0.045558,"18":0.053151,"19":0.15186,"20":0.205011,"21":0.212604,"22":0.144267,"23":0.136674,"24":null,"25":null,"26":0.030372,"27":null,"28":0.106302,"29":0.098709,"30":0.053151,"31":0.030372,"32":null,"33":0.007593,"34":0.007593,"35":0.015186,"36":0.136674,"37":0.341685,"38":null,"39":null},"safari":{"3.1":null,"3.2":null,"4":0,"5":0.728928,"5.1":0.015186,"6":0.045558,"6.1":null,"7":0.053151,"7.1":null,"8":0.053151,"9":0.045558,"9.1":0.07593,"0":null},"ios_saf":{"3.2":0,"4.0-4.1":0,"4.2-4.3":0,"5.0-5.1":0,"6.0-6.1":0.00429729688763,"7.0-7.1":0.0426291851253,"8":0,"8.1-8.4":0.108635665319,"9.0-9.2":0.227412951293,"9.3":1.31806690137},"android":{"2.1":0,"2.2":0,"2.3":0.0145657955707,"3":0,"4":0.0894756013629,"4.1":0.309002948893,"4.2-4.3":0.713723982964,"4.4":1.61992455026,"4.4.3-4.4.4":0.917645120954,"50":null},"op_mob":{"10":0,"11":0,"11.1":0,"11.5":0,"12":0,"12.1":0.000136426438125,"0":0.00334244773406},"ie":{"5.5":null,"6":0.0153701742007,"7":0.023055261301,"8":2.3208963043,"9":1.70608933627,"10":1.70608933627,"11":1.19887358765},"bb":{"7":0.008421,"10":null},"ie_mob":{"10":0.0834338709677,"11":0.217316129032},"edge":{"12":0.053151,"13":0.106302,"14":null},"and_ff":{"0":0.076992},"and_uc":{"0":1.28721},"op_mini":{"5.0-8.0":1.57245112583},"and_chr":{"0":14.539617}},"total":95.89524}