{"id":"ER","name":"Eritrea","month":"2016-01","access_date":"2016-02-03","data":{"firefox":{"2":0.129906,"3":0.317548,"3.5":0.64953,"3.6":7.195349,"4":1.118635,"5":0.678398,"6":0.180425,"7":0.779436,"8":0.209293,"9":0.555709,"10":0.064953,"11":0.07217,"12":0.555709,"13":0.259812,"14":0.476322,"15":2.915668,"16":0.281463,"17":0.469105,"18":0.851606,"19":0.86604,"20":0.43302,"21":0.692832,"22":0.591794,"23":1.08255,"24":0.064953,"25":0.267029,"26":0.295897,"27":0.627879,"28":0.346416,"29":0.555709,"30":1.890854,"31":1.602174,"32":2.475431,"33":1.436183,"34":0.570143,"35":3.774491,"36":1.4434,"37":0.512407,"38":0.707266,"39":1.522787,"40":1.797033,"41":1.313494,"42":1.205239,"43":10.147102,"44":0.93821,"45":0.021651,"46":0.007217,"47":0.007217},"chrome":{"4":0,"5":0,"6":0,"7":0,"8":0,"9":0,"10":0.007217,"11":0,"12":0.086604,"13":0,"14":0.014434,"15":0,"16":0,"17":0,"18":0.194859,"19":0,"20":0,"21":0,"22":0.303114,"23":0,"24":0.007217,"25":0,"26":0.007217,"27":0,"28":0,"29":0.028868,"30":0,"31":0.079387,"32":0.014434,"33":0.202076,"34":0.007217,"35":0.014434,"36":0.007217,"37":0,"38":0.043302,"39":0.014434,"40":0.050519,"41":0,"42":0,"43":0.476322,"44":0.115472,"45":0.014434,"46":0.086604,"47":7.354123,"48":0.714483,"49":0,"50":0,"51":0},"opera":{"9":0,"9.5-9.6":0,"10.0-10.1":0.021651,"10.5":0,"10.6":0,"11":0,"11.1":0,"11.5":0.115472,"11.6":0.887691,"12":0.028868,"12.1":0,"15":0.007217,"16":0,"17":0,"18":0,"19":0,"20":0,"21":0,"22":0,"23":0,"24":0,"25":0,"26":0,"27":0,"28":0,"29":0.007217,"30":0.050519,"31":0.007217,"32":0,"33":0.028868,"34":0.165991,"35":0,"36":0},"safari":{"3.1":0,"3.2":0,"4":0.007217,"5":0.007217,"5.1":0,"6":0,"6.1":0.173208,"7":0,"7.1":0,"8":0.007217,"9":0.028868,"9.1":0},"android":{"2.1":0,"2.2":0,"2.3":0.0433860828905,"3":0,"4":0.180323407014,"4.1":0.6168958661,"4.2-4.3":1.3734406865,"4.4":2.7333232221,"4.4.3-4.4.4":1.43174073539,"47":null},"ios_saf":{"3.2":0,"4.0-4.1":0,"4.2-4.3":0,"5.0-5.1":0,"6.0-6.1":0,"7.0-7.1":0.0873182141753,"8":0.00612361502009,"8.1-8.4":0.24948061193,"9.0-9.2":1.85863055888,"9.3":null},"op_mob":{"10":0,"11":0,"11.1":0,"11.5":0,"12":7.47578659371e-5,"12.1":7.47578659371e-5,"0":0.00396216689466},"ie":{"5.5":0,"6":0.137533547904,"7":0.0361930389222,"8":0.926541796407,"9":0.0941019011976,"10":0.542895583832,"11":0.673190523952},"bb":{"7":0.02852575,"10":null},"ie_mob":{"10":0.0375588067227,"11":0.165600193277},"edge":{"12":0.07217,"13":0.007217,"14":0},"and_uc":{"0":9.949225},"op_mini":{"5.0-8.0":0.997768317373},"and_chr":{"0":7.386417},"and_ff":{"0":0.328394}},"total":96.3139881422}