{"id":"ER","name":"Eritrea","month":"2016-05","access_date":"2016-06-03","data":{"chrome":{"4":null,"5":null,"6":0.01211,"7":null,"8":null,"9":null,"10":null,"11":null,"12":null,"13":null,"14":null,"15":null,"16":null,"17":null,"18":0.102935,"19":null,"20":null,"21":null,"22":null,"23":null,"24":null,"25":null,"26":null,"27":null,"28":0.01211,"29":0.042385,"30":null,"31":0.08477,"32":0.01211,"33":null,"34":0.03633,"35":null,"36":null,"37":null,"38":0.078715,"39":0.01211,"40":0.01211,"41":0.018165,"42":null,"43":0.320915,"44":0.030275,"45":0.151375,"46":0.042385,"47":0.10899,"48":0.03633,"49":1.108065,"50":3.28181,"51":0.066605,"52":null,"53":null,"54":null},"firefox":{"2":0.127155,"3":0.151375,"3.5":0.39963,"3.6":0.551005,"4":0.90825,"5":0.478345,"6":0.054495,"7":0.236145,"8":1.13834,"9":0.260365,"10":0.07266,"11":0.1211,"12":0.308805,"13":0.902195,"14":0.466235,"15":0.29064,"16":0.333025,"17":0.73871,"18":0.31486,"19":1.06568,"20":0.08477,"21":0.696325,"22":0.15743,"23":0.708435,"24":0.369355,"25":0.066605,"26":0.29064,"27":0.151375,"28":0.248255,"29":0.21798,"30":3.68144,"31":0.8477,"32":0.890085,"33":0.647885,"34":0.272475,"35":0.52073,"36":7.36288,"37":0.635775,"38":0.647885,"39":0.260365,"40":2.973005,"41":1.289715,"42":7.054075,"43":2.87007,"44":2.20402,"45":3.372635,"46":3.469515,"47":0.52073,"48":0.018165,"49":null},"opera":{"9":null,"9.5-9.6":null,"10.0-10.1":0,"10.5":null,"10.6":null,"11":null,"11.1":null,"11.5":null,"11.6":0.429905,"12":0.02422,"12.1":null,"15":0.030275,"16":null,"17":null,"18":null,"19":null,"20":null,"21":null,"22":null,"23":null,"24":null,"25":0.03633,"26":null,"27":null,"28":null,"29":null,"30":null,"31":null,"32":null,"33":null,"34":null,"35":null,"36":0.127155,"37":0.127155,"38":null,"39":null},"safari":{"3.1":null,"3.2":null,"4":0.06055,"5":null,"5.1":null,"6":null,"6.1":null,"7":null,"7.1":null,"8":null,"9":0.139265,"9.1":null,"0":null},"ios_saf":{"3.2":0,"4.0-4.1":0,"4.2-4.3":0,"5.0-5.1":0,"6.0-6.1":0.00101628940986,"7.0-7.1":0.0100815909458,"8":0,"8.1-8.4":0.0256917962813,"9.0-9.2":0.0537820355699,"9.3":0.311716287793},"android":{"2.1":0,"2.2":0,"2.3":0.0408711277683,"3":0,"4":0.251065499148,"4.1":0.867051781942,"4.2-4.3":2.00268526065,"4.4":4.54545328109,"4.4.3-4.4.4":2.5748810494,"50":null},"op_mob":{"10":0,"11":0,"11.1":0,"11.5":0,"12":0,"12.1":0.000203832229581,"0":0.00499388962472},"ie":{"5.5":null,"6":0.127155,"7":null,"8":0.974855,"9":0.06055,"10":0.163485,"11":0.962745},"bb":{"7":0,"10":null},"ie_mob":{"10":0.0207886967742,"11":0.0541473032258},"edge":{"12":null,"13":0.01211,"14":null},"and_ff":{"0":0.130152},"and_uc":{"0":12.171184},"op_mini":{"5.0-8.0":2.34937027815},"and_chr":{"0":13.503813}},"total":99.214639}