{"id":"ES","name":"Spain","month":"2016-05","access_date":"2016-06-03","data":{"chrome":{"4":null,"5":null,"6":null,"7":null,"8":null,"9":null,"10":null,"11":0.074555,"12":null,"13":null,"14":null,"15":null,"16":null,"17":null,"18":null,"19":null,"20":null,"21":0.01147,"22":0.028675,"23":0.005735,"24":0.01147,"25":0.005735,"26":0.017205,"27":0.01147,"28":null,"29":0.55056,"30":0.01147,"31":0.03441,"32":0.02294,"33":0.086025,"34":0.063085,"35":0.05735,"36":0.13764,"37":0.04588,"38":0.074555,"39":0.10323,"40":0.06882,"41":0.06882,"42":0.05735,"43":0.120435,"44":0.17205,"45":0.20646,"46":0.19499,"47":0.235135,"48":0.372775,"49":5.958665,"50":25.61251,"51":0.407185,"52":0.02294,"53":null,"54":null},"firefox":{"2":null,"3":0.01147,"3.5":0.005735,"3.6":0.03441,"4":0.01147,"5":0.005735,"6":0.02294,"7":null,"8":null,"9":null,"10":0.005735,"11":null,"12":0.01147,"13":null,"14":null,"15":0.01147,"16":0.02294,"17":0.01147,"18":null,"19":0.01147,"20":0.040145,"21":0.01147,"22":0.005735,"23":0.005735,"24":0.02294,"25":0.017205,"26":0.051615,"27":0.01147,"28":0.01147,"29":0.017205,"30":0.017205,"31":0.06882,"32":0.03441,"33":0.063085,"34":0.04588,"35":0.051615,"36":0.028675,"37":0.05735,"38":0.177785,"39":0.12617,"40":0.10323,"41":0.086025,"42":0.097495,"43":0.21793,"44":0.17205,"45":1.554185,"46":6.79024,"47":0.03441,"48":0.005735,"49":null},"opera":{"9":null,"9.5-9.6":null,"10.0-10.1":0,"10.5":null,"10.6":null,"11":null,"11.1":null,"11.5":null,"11.6":null,"12":null,"12.1":0.03441,"15":null,"16":null,"17":null,"18":null,"19":null,"20":null,"21":null,"22":0.017205,"23":null,"24":null,"25":null,"26":null,"27":null,"28":0.01147,"29":null,"30":null,"31":null,"32":null,"33":null,"34":0.005735,"35":0.005735,"36":0.143375,"37":0.315425,"38":null,"39":null},"safari":{"3.1":null,"3.2":null,"4":0.02294,"5":0.06882,"5.1":0.17205,"6":0.017205,"6.1":0.108965,"7":0.108965,"7.1":0.040145,"8":0.281015,"9":0.625115,"9.1":1.62874,"0":null},"ios_saf":{"3.2":0,"4.0-4.1":0,"4.2-4.3":0,"5.0-5.1":0,"6.0-6.1":0.0229336499596,"7.0-7.1":0.227501807599,"8":0,"8.1-8.4":0.579762670978,"9.0-9.2":1.21364875586,"9.3":7.0342091156},"android":{"2.1":0,"2.2":0,"2.3":0.0128985394662,"3":0,"4":0.0792338852924,"4.1":0.273633301533,"4.2-4.3":0.632028433844,"4.4":1.43450185349,"4.4.3-4.4.4":0.812607986371,"50":null},"op_mob":{"10":0,"11":0,"11.1":0,"11.5":0,"12":0,"12.1":1.03356274077e-5,"0":0.000253222871489},"ie":{"5.5":null,"6":0.0174336378738,"7":0.0232448504983,"8":0.517197923588,"9":0.319616694352,"10":0.267315780731,"11":4.10271611296},"bb":{"7":0.02132,"10":null},"ie_mob":{"10":0.141949935484,"11":0.369730064516},"edge":{"12":0.108965,"13":1.221555,"14":null},"and_ff":{"0":0.055432},"and_uc":{"0":0.08528},"op_mini":{"5.0-8.0":0.119128441501},"and_chr":{"0":28.254012}},"total":96.500631}