{"id":"ET","name":"Ethiopia","month":"2016-05","access_date":"2016-06-03","data":{"chrome":{"4":0.002648,"5":0.003972,"6":null,"7":0.003972,"8":0.002648,"9":0.005296,"10":0.010592,"11":0.023832,"12":0.002648,"13":0.002648,"14":0.005296,"15":0.002648,"16":0.007944,"17":0.001324,"18":0.001324,"19":0.002648,"20":null,"21":null,"22":null,"23":0.00662,"24":0.002648,"25":0.003972,"26":0.010592,"27":0.005296,"28":0.002648,"29":0.00662,"30":0.003972,"31":0.02648,"32":0.007944,"33":0.034424,"34":0.003972,"35":0.003972,"36":0.021184,"37":0.002648,"38":0.015888,"39":0.01324,"40":0.042368,"41":0.01324,"42":0.009268,"43":0.76792,"44":0.214488,"45":0.124456,"46":0.051636,"47":0.0331,"48":0.157556,"49":0.471344,"50":2.577828,"51":0.067524,"52":0.04634,"53":null,"54":null},"firefox":{"2":0.001324,"3":0.088708,"3.5":0.002648,"3.6":0.02648,"4":0.043692,"5":0.034424,"6":0.003972,"7":0.01324,"8":0.025156,"9":0.00662,"10":0.058256,"11":0.115188,"12":0.03972,"13":0.010592,"14":0.023832,"15":0.01986,"16":0.054284,"17":0.021184,"18":0.01986,"19":0.025156,"20":0.068848,"21":0.030452,"22":0.022508,"23":0.0331,"24":0.030452,"25":0.0331,"26":0.063552,"27":0.02648,"28":0.082088,"29":0.140344,"30":0.100624,"31":0.084736,"32":0.063552,"33":0.05958,"34":0.056932,"35":0.080764,"36":0.07282,"37":0.1324,"38":0.137696,"39":0.131076,"40":0.1986,"41":0.144316,"42":0.11916,"43":0.488556,"44":0.435596,"45":0.749384,"46":1.848304,"47":0.38396,"48":0.003972,"49":null},"opera":{"9":null,"9.5-9.6":null,"10.0-10.1":0,"10.5":null,"10.6":null,"11":null,"11.1":null,"11.5":0.003972,"11.6":0.014564,"12":0.009268,"12.1":0.014564,"15":0.002648,"16":0.001324,"17":0.002648,"18":0.002648,"19":null,"20":0.002648,"21":0.002648,"22":0.003972,"23":null,"24":0.002648,"25":null,"26":0.001324,"27":0.002648,"28":0.002648,"29":0.005296,"30":0.002648,"31":0.005296,"32":0.009268,"33":0.010592,"34":0.014564,"35":0.014564,"36":0.090032,"37":0.230376,"38":null,"39":null},"safari":{"3.1":null,"3.2":null,"4":0,"5":0.002648,"5.1":0.00662,"6":0.003972,"6.1":0.003972,"7":0.015888,"7.1":0.003972,"8":0.022508,"9":0.029128,"9.1":0.03972,"0":null},"ios_saf":{"3.2":0,"4.0-4.1":0,"4.2-4.3":0,"5.0-5.1":0,"6.0-6.1":0.00208220493129,"7.0-7.1":0.0206554729184,"8":0,"8.1-8.4":0.0526381406629,"9.0-9.2":0.110190284964,"9.3":0.638653896524},"android":{"2.1":0,"2.2":0,"2.3":0.0194852810903,"3":0,"4":0.119695298126,"4.1":0.413366320273,"4.2-4.3":0.954778773424,"4.4":2.1670416184,"4.4.3-4.4.4":1.22757270869,"50":null},"op_mob":{"10":0,"11":0,"11.1":0,"11.5":0,"12":0,"12.1":0.00521093260616,"0":0.127667848851},"ie":{"5.5":null,"6":0.0172619622642,"7":0.0212454920174,"8":0.154029817126,"9":0.0478023570392,"10":0.0836541248186,"11":0.582923187228},"bb":{"7":0.006507,"10":null},"ie_mob":{"10":0.0625791483871,"11":0.162996851613},"edge":{"12":0.041044,"13":0.071496,"14":null},"and_ff":{"0":0.034704},"and_uc":{"0":11.686572},"op_mini":{"5.0-8.0":60.0612092185},"and_chr":{"0":6.324104}},"total":97.0841799405}