{"id":"FI","name":"Finland","month":"2016-05","access_date":"2016-06-03","data":{"chrome":{"4":null,"5":null,"6":null,"7":null,"8":null,"9":null,"10":null,"11":0.010708,"12":null,"13":null,"14":null,"15":null,"16":null,"17":null,"18":null,"19":null,"20":null,"21":null,"22":0.016062,"23":null,"24":null,"25":null,"26":0.005354,"27":null,"28":null,"29":0.171328,"30":null,"31":0.016062,"32":0.005354,"33":0.016062,"34":0.016062,"35":0.021416,"36":0.010708,"37":0.016062,"38":0.016062,"39":0.02677,"40":0.02677,"41":0.02677,"42":0.02677,"43":0.064248,"44":0.05354,"45":0.069602,"46":0.069602,"47":0.117788,"48":0.256992,"49":3.308772,"50":20.216704,"51":0.34801,"52":0.037478,"53":null,"54":null},"firefox":{"2":null,"3":null,"3.5":null,"3.6":0.016062,"4":null,"5":null,"6":null,"7":null,"8":null,"9":null,"10":null,"11":null,"12":0.005354,"13":0.016062,"14":null,"15":null,"16":0.016062,"17":0.010708,"18":null,"19":null,"20":0.005354,"21":null,"22":null,"23":null,"24":0.016062,"25":0.005354,"26":0.005354,"27":null,"28":0.010708,"29":0.010708,"30":0.016062,"31":0.042832,"32":0.016062,"33":0.016062,"34":0.016062,"35":0.02677,"36":0.02677,"37":0.021416,"38":0.48186,"39":0.042832,"40":0.058894,"41":0.058894,"42":0.091018,"43":0.155266,"44":0.235576,"45":2.446778,"46":9.947732,"47":0.123142,"48":0.010708,"49":null},"opera":{"9":null,"9.5-9.6":null,"10.0-10.1":0,"10.5":null,"10.6":null,"11":null,"11.1":null,"11.5":null,"11.6":null,"12":null,"12.1":0.112434,"15":null,"16":null,"17":null,"18":null,"19":null,"20":null,"21":null,"22":null,"23":null,"24":null,"25":null,"26":null,"27":null,"28":null,"29":null,"30":null,"31":null,"32":null,"33":null,"34":null,"35":0.010708,"36":0.198098,"37":0.69602,"38":0.005354,"39":null},"safari":{"3.1":null,"3.2":null,"4":0.005354,"5":0.042832,"5.1":0.144558,"6":0.010708,"6.1":0.112434,"7":0.037478,"7.1":0.021416,"8":0.29447,"9":0.685312,"9.1":2.130892,"0":null},"ios_saf":{"3.2":0,"4.0-4.1":0,"4.2-4.3":0,"5.0-5.1":0,"6.0-6.1":0.0411618886419,"7.0-7.1":0.408325935327,"8":0,"8.1-8.4":1.04057254487,"9.0-9.2":2.17828714693,"9.3":12.6251744842},"android":{"2.1":0,"2.2":0,"2.3":0.00723942305508,"3":0,"4":0.0444707416241,"4.1":0.153579189097,"4.2-4.3":0.354731729699,"4.4":0.805127264055,"4.4.3-4.4.4":0.45608365247,"50":null},"op_mob":{"10":0,"11":0,"11.1":0,"11.5":0,"12":0,"12.1":2.25231355235e-5,"0":0.000551816820326},"ie":{"5.5":null,"6":null,"7":null,"8":0.112519762014,"9":0.262546111365,"10":0.241113775744,"11":6.40826835088},"bb":{"7":0.0034845,"10":null},"ie_mob":{"10":1.04915672258,"11":2.73268727742},"edge":{"12":0.101726,"13":1.450934,"14":0.010708},"and_ff":{"0":0.060398},"and_uc":{"0":0.055752},"op_mini":{"5.0-8.0":0.259601660044},"and_chr":{"0":19.329224}},"total":93.6250965}