{"id":"FJ","name":"Fiji","month":"2016-05","access_date":"2016-06-03","data":{"chrome":{"4":null,"5":null,"6":null,"7":null,"8":null,"9":null,"10":null,"11":0.033649,"12":0.009614,"13":null,"14":0.009614,"15":null,"16":null,"17":null,"18":0.004807,"19":null,"20":0.009614,"21":0.033649,"22":0.004807,"23":null,"24":null,"25":0.004807,"26":0.105754,"27":0.009614,"28":0.009614,"29":0.009614,"30":0.009614,"31":0.043263,"32":0.028842,"33":0.024035,"34":0.019228,"35":0.043263,"36":0.019228,"37":0.014421,"38":0.033649,"39":0.067298,"40":0.067298,"41":0.04807,"42":0.028842,"43":0.072105,"44":0.091333,"45":0.273999,"46":0.062491,"47":0.124982,"48":0.312455,"49":2.518868,"50":16.492817,"51":0.278806,"52":0.100947,"53":null,"54":null},"firefox":{"2":null,"3":0.019228,"3.5":null,"3.6":0.019228,"4":0.024035,"5":0.009614,"6":0.038456,"7":null,"8":0.009614,"9":null,"10":0.019228,"11":0.014421,"12":0.120175,"13":0.024035,"14":0.057684,"15":0.057684,"16":0.158631,"17":0.076912,"18":0.024035,"19":0.014421,"20":0.009614,"21":0.038456,"22":0.009614,"23":0.019228,"24":0.024035,"25":0.009614,"26":null,"27":0.052877,"28":0.009614,"29":0.062491,"30":0.028842,"31":0.052877,"32":0.100947,"33":0.09614,"34":0.072105,"35":0.081719,"36":0.365332,"37":0.254771,"38":0.235543,"39":0.249964,"40":0.173052,"41":0.120175,"42":0.182666,"43":0.908523,"44":0.475893,"45":1.956449,"46":6.027978,"47":0.62491,"48":0.004807,"49":0.129789},"opera":{"9":null,"9.5-9.6":null,"10.0-10.1":0,"10.5":null,"10.6":null,"11":null,"11.1":null,"11.5":null,"11.6":null,"12":null,"12.1":0.024035,"15":null,"16":null,"17":null,"18":null,"19":null,"20":null,"21":null,"22":null,"23":null,"24":null,"25":null,"26":null,"27":null,"28":0.019228,"29":null,"30":0.014421,"31":0.004807,"32":0.004807,"33":0.014421,"34":0.014421,"35":0.009614,"36":0.052877,"37":0.206701,"38":null,"39":null},"safari":{"3.1":null,"3.2":null,"4":0,"5":0.043263,"5.1":0.100947,"6":null,"6.1":0.014421,"7":0.024035,"7.1":null,"8":0.249964,"9":0.269192,"9.1":0.461472,"0":null},"ios_saf":{"3.2":0,"4.0-4.1":0,"4.2-4.3":0,"5.0-5.1":0,"6.0-6.1":0.00914389905012,"7.0-7.1":0.0907074785772,"8":0,"8.1-8.4":0.231157767987,"9.0-9.2":0.483895137732,"9.3":2.80461671665},"android":{"2.1":0,"2.2":0,"2.3":0.0353601720613,"3":0,"4":0.21721248552,"4.1":0.750140793015,"4.2-4.3":1.73264843101,"4.4":3.93255627853,"4.4.3-4.4.4":2.22769083986,"50":null},"op_mob":{"10":0,"11":0,"11.1":0,"11.5":0,"12":0,"12.1":0.000253097779509,"0":0.00620089559797},"ie":{"5.5":null,"6":null,"7":0.0145596634615,"8":0.446496346154,"9":0.315459375,"10":0.465909230769,"11":2.79545538462},"bb":{"7":0.046737,"10":null},"ie_mob":{"10":0.881670890323,"11":2.29644510968},"edge":{"12":0.149017,"13":0.442244,"14":null},"and_ff":{"0":0.041544},"and_uc":{"0":5.733072},"op_mini":{"5.0-8.0":2.91720500662},"and_chr":{"0":29.567945}},"total":94.250407}