{"id":"FJ","name":"Fiji","month":"2016-01","access_date":"2016-02-03","data":{"firefox":{"2":0,"3":0.01069,"3.5":0.01069,"3.6":0.037415,"4":0.05345,"5":0.005345,"6":0.02138,"7":0.005345,"8":0.016035,"9":0.005345,"10":0.037415,"11":0.02138,"12":0.058795,"13":0.13897,"14":0.026725,"15":0.03207,"16":0.069485,"17":0.01069,"18":0.016035,"19":0.026725,"20":0.02138,"21":0.03207,"22":0.01069,"23":0.01069,"24":0.01069,"25":0.01069,"26":0.01069,"27":0.03207,"28":0.090865,"29":0.08552,"30":0.048105,"31":0.04276,"32":0.04276,"33":0.05345,"34":0.026725,"35":0.09621,"36":0.09621,"37":0.12828,"38":0.860545,"39":0.187075,"40":0.272595,"41":0.3207,"42":0.87658,"43":7.18368,"44":1.43246,"45":0.026725,"46":0,"47":0},"chrome":{"4":0,"5":0,"6":0,"7":0,"8":0.005345,"9":0,"10":0,"11":0.026725,"12":0.005345,"13":0,"14":0,"15":0,"16":0,"17":0,"18":0.005345,"19":0,"20":0.005345,"21":0.005345,"22":0.005345,"23":0,"24":0.01069,"25":0.005345,"26":0.005345,"27":0.005345,"28":0.005345,"29":0.005345,"30":0.005345,"31":0.14966,"32":0.04276,"33":0.026725,"34":0.026725,"35":0.058795,"36":0.04276,"37":0.02138,"38":0.016035,"39":0.058795,"40":0.05345,"41":0.03207,"42":0.101555,"43":2.39456,"44":0.187075,"45":0.251215,"46":0.272595,"47":15.40429,"48":1.94558,"49":0.155005,"50":0.005345,"51":0},"opera":{"9":0,"9.5-9.6":0,"10.0-10.1":0,"10.5":0,"10.6":0,"11":0,"11.1":0,"11.5":0.005345,"11.6":0,"12":0.005345,"12.1":0.01069,"15":0,"16":0,"17":0,"18":0,"19":0,"20":0,"21":0,"22":0,"23":0,"24":0,"25":0,"26":0,"27":0,"28":0.02138,"29":0.005345,"30":0.01069,"31":0.005345,"32":0.01069,"33":0.026725,"34":0.47036,"35":0,"36":0},"safari":{"3.1":0,"3.2":0,"4":0.005345,"5":0.04276,"5.1":0.069485,"6":0.005345,"6.1":0.02138,"7":0.16035,"7.1":0.17104,"8":0.828475,"9":0.88727,"9.1":0},"android":{"2.1":0,"2.2":0,"2.3":0.0771289096706,"3":0,"4":0.320567030818,"4.1":1.09667668438,"4.2-4.3":2.44161204676,"4.4":4.85912130925,"4.4.3-4.4.4":2.54525401913,"47":null},"ios_saf":{"3.2":0,"4.0-4.1":0,"4.2-4.3":0,"5.0-5.1":0,"6.0-6.1":0,"7.0-7.1":0.249909699186,"8":0.0175261347481,"8.1-8.4":0.71402771196,"9.0-9.2":5.31950645411,"9.3":null},"op_mob":{"10":0,"11":0,"11.1":0,"11.5":0,"12":0.000182008705385,"12.1":0.000182008705385,"0":0.0096464613854},"ie":{"5.5":0,"6":0.048328952514,"7":0.016109650838,"8":0.467179874302,"9":0.386631620112,"10":0.590687197393,"11":4.25831770484},"bb":{"7":0.0349125,"10":null},"ie_mob":{"10":0.598108823529,"11":2.63711617647},"edge":{"12":0.240525,"13":0.3207,"14":0},"and_uc":{"0":4.77603},"op_mini":{"5.0-8.0":2.4292095212},"and_chr":{"0":27.425785},"and_ff":{"0":0.060515}},"total":98.6669925}