{"id":"FK","name":"Falkland Islands (Malvinas)","month":"2016-05","access_date":"2016-06-03","data":{"chrome":{"4":null,"5":null,"6":null,"7":null,"8":null,"9":null,"10":null,"11":null,"12":null,"13":null,"14":null,"15":null,"16":null,"17":null,"18":null,"19":null,"20":0.032645,"21":null,"22":null,"23":null,"24":null,"25":null,"26":null,"27":null,"28":0.032645,"29":4.50501,"30":null,"31":0.026116,"32":0.019587,"33":null,"34":null,"35":0.143638,"36":null,"37":0.006529,"38":0.019587,"39":0.006529,"40":null,"41":0.045703,"42":null,"43":0.006529,"44":0.019587,"45":0.124051,"46":0.293805,"47":0.202399,"48":0.143638,"49":2.996811,"50":21.199663,"51":0.169754,"52":0.006529,"53":null,"54":null},"firefox":{"2":null,"3":0.006529,"3.5":null,"3.6":null,"4":null,"5":null,"6":null,"7":null,"8":null,"9":null,"10":null,"11":null,"12":null,"13":null,"14":null,"15":null,"16":null,"17":null,"18":null,"19":null,"20":0.006529,"21":0.091406,"22":0.32645,"23":null,"24":0.045703,"25":0.006529,"26":0.058761,"27":0.026116,"28":null,"29":null,"30":null,"31":0.019587,"32":0.045703,"33":null,"34":0.182812,"35":0.052232,"36":0.078348,"37":null,"38":0.874886,"39":null,"40":0.293805,"41":0.052232,"42":0.202399,"43":0.359095,"44":0.430914,"45":1.057698,"46":3.375493,"47":0.019587,"48":null,"49":null},"opera":{"9":null,"9.5-9.6":null,"10.0-10.1":0,"10.5":null,"10.6":null,"11":0.006529,"11.1":null,"11.5":null,"11.6":null,"12":0.006529,"12.1":0.019587,"15":null,"16":null,"17":null,"18":null,"19":null,"20":null,"21":null,"22":null,"23":null,"24":null,"25":null,"26":null,"27":null,"28":null,"29":null,"30":0.006529,"31":null,"32":null,"33":null,"34":null,"35":null,"36":0.078348,"37":0.006529,"38":null,"39":null},"safari":{"3.1":null,"3.2":0.052232,"4":0,"5":0.019587,"5.1":0.058761,"6":null,"6.1":0.176283,"7":0.124051,"7.1":0.026116,"8":4.054509,"9":0.972821,"9.1":1.201336,"0":null},"ios_saf":{"3.2":0,"4.0-4.1":0,"4.2-4.3":0,"5.0-5.1":0,"6.0-6.1":0.042077607114,"7.0-7.1":0.417409862571,"8":0,"8.1-8.4":1.06372190784,"9.0-9.2":2.22674696847,"9.3":12.906043654},"android":{"2.1":0,"2.2":0,"2.3":0.00426212947189,"3":0,"4":0.0261816524702,"4.1":0.090418032368,"4.2-4.3":0.208844344123,"4.4":0.474009684838,"4.4.3-4.4.4":0.268514156729,"50":null},"op_mob":{"10":0,"11":0,"11.1":0,"11.5":0,"12":0,"12.1":2.70354499416e-6,"0":6.62368523568e-5},"ie":{"5.5":null,"6":0.00654660431412,"7":0.0720126474553,"8":1.41406653185,"9":2.42224359623,"10":0.851058560836,"11":14.6120208291},"bb":{"7":0,"10":null},"ie_mob":{"10":0.154985870968,"11":0.403684129032},"edge":{"12":0.182812,"13":0.620255,"14":null},"and_ff":{"0":0.04511},"and_uc":{"0":0.45457},"op_mini":{"5.0-8.0":0.0311610596026},"and_chr":{"0":13.480944}},"total":96.9030857698}