{"id":"FO","name":"Faroe Islands","month":"2016-05","access_date":"2016-06-03","data":{"chrome":{"4":null,"5":null,"6":null,"7":null,"8":null,"9":null,"10":0.005607,"11":0.028035,"12":null,"13":null,"14":null,"15":null,"16":null,"17":null,"18":null,"19":null,"20":null,"21":null,"22":0.011214,"23":0.005607,"24":null,"25":null,"26":0.011214,"27":null,"28":null,"29":0.044856,"30":null,"31":null,"32":0.005607,"33":0.072891,"34":0.022428,"35":0.016821,"36":0.022428,"37":null,"38":0.05607,"39":0.011214,"40":0.011214,"41":null,"42":0.011214,"43":0.033642,"44":0.039249,"45":0.033642,"46":0.016821,"47":0.028035,"48":0.084105,"49":3.425877,"50":19.181547,"51":0.414918,"52":0.039249,"53":null,"54":null},"firefox":{"2":null,"3":null,"3.5":null,"3.6":null,"4":null,"5":null,"6":null,"7":null,"8":null,"9":null,"10":null,"11":0.05607,"12":null,"13":null,"14":null,"15":null,"16":0.005607,"17":null,"18":null,"19":null,"20":0.011214,"21":null,"22":null,"23":null,"24":0.011214,"25":null,"26":null,"27":null,"28":null,"29":null,"30":null,"31":0.016821,"32":null,"33":null,"34":0.011214,"35":null,"36":null,"37":null,"38":0.571914,"39":0.016821,"40":0.011214,"41":null,"42":0.028035,"43":0.039249,"44":0.061677,"45":1.037295,"46":4.20525,"47":0.028035,"48":null,"49":null},"opera":{"9":null,"9.5-9.6":null,"10.0-10.1":0,"10.5":null,"10.6":null,"11":null,"11.1":null,"11.5":null,"11.6":null,"12":null,"12.1":0.016821,"15":null,"16":null,"17":null,"18":null,"19":null,"20":null,"21":null,"22":null,"23":null,"24":null,"25":null,"26":null,"27":null,"28":null,"29":null,"30":null,"31":null,"32":null,"33":null,"34":null,"35":null,"36":0.095319,"37":0.179424,"38":null,"39":null},"safari":{"3.1":null,"3.2":null,"4":0.005607,"5":0.028035,"5.1":0.134568,"6":0.033642,"6.1":0.381276,"7":0.033642,"7.1":0.095319,"8":0.342027,"9":0.72891,"9.1":2.573613,"0":null},"ios_saf":{"3.2":0,"4.0-4.1":0,"4.2-4.3":0,"5.0-5.1":0,"6.0-6.1":0.0704273898545,"7.0-7.1":0.698639707357,"8":0,"8.1-8.4":1.78040441552,"9.0-9.2":3.7270174711,"9.3":21.6014890162},"android":{"2.1":0,"2.2":0,"2.3":0.00373691879614,"3":0,"4":0.0229553583191,"4.1":0.0792760630324,"4.2-4.3":0.183109021011,"4.4":0.415598754685,"4.4.3-4.4.4":0.235425884157,"50":null},"op_mob":{"10":0,"11":0,"11.1":0,"11.5":0,"12":0,"12.1":7.22564169156e-6,"0":0.000177028221443},"ie":{"5.5":null,"6":null,"7":0.016821,"8":0.196245,"9":0.656019,"10":0.28035,"11":15.279075},"bb":{"7":0.00329475,"10":null},"ie_mob":{"10":0.355861341935,"11":0.926894658065},"edge":{"12":0.207459,"13":4.412709,"14":0.028035},"and_ff":{"0":0.030751},"and_uc":{"0":null},"op_mini":{"5.0-8.0":0.0832827461369},"and_chr":{"0":8.957451}},"total":94.64585075}