{"id":"FR","name":"France","month":"2016-05","access_date":"2016-06-03","data":{"chrome":{"4":null,"5":null,"6":null,"7":null,"8":null,"9":null,"10":null,"11":0.021576,"12":null,"13":null,"14":null,"15":null,"16":0.021576,"17":null,"18":null,"19":null,"20":null,"21":0.007192,"22":0.014384,"23":0.043152,"24":0.014384,"25":0.021576,"26":0.014384,"27":0.007192,"28":0.007192,"29":1.301752,"30":0.014384,"31":0.057536,"32":0.021576,"33":0.03596,"34":0.043152,"35":0.079112,"36":0.064728,"37":0.057536,"38":0.07192,"39":0.122264,"40":0.10788,"41":0.165416,"42":0.14384,"43":0.186992,"44":0.122264,"45":0.194184,"46":0.230144,"47":0.266104,"48":0.39556,"49":5.221392,"50":25.308648,"51":0.402752,"52":0.043152,"53":null,"54":null},"firefox":{"2":null,"3":0.021576,"3.5":null,"3.6":0.028768,"4":null,"5":null,"6":0.028768,"7":null,"8":null,"9":null,"10":0.007192,"11":null,"12":0.028768,"13":null,"14":null,"15":0.014384,"16":0.03596,"17":0.028768,"18":null,"19":null,"20":0.021576,"21":0.014384,"22":null,"23":0.007192,"24":0.057536,"25":0.007192,"26":0.021576,"27":0.014384,"28":0.014384,"29":0.021576,"30":0.028768,"31":0.201376,"32":0.028768,"33":0.03596,"34":0.043152,"35":0.079112,"36":0.237336,"37":0.057536,"38":0.489056,"39":0.100688,"40":0.100688,"41":0.10788,"42":0.14384,"43":0.302064,"44":0.25172,"45":2.689808,"46":11.406512,"47":0.079112,"48":0.014384,"49":null},"opera":{"9":null,"9.5-9.6":null,"10.0-10.1":0,"10.5":null,"10.6":null,"11":null,"11.1":null,"11.5":null,"11.6":null,"12":0.007192,"12.1":0.043152,"15":null,"16":null,"17":null,"18":null,"19":null,"20":null,"21":null,"22":null,"23":null,"24":null,"25":null,"26":null,"27":0.007192,"28":null,"29":null,"30":null,"31":null,"32":null,"33":null,"34":0.007192,"35":0.007192,"36":0.172608,"37":0.381176,"38":null,"39":null},"safari":{"3.1":null,"3.2":null,"4":0.050344,"5":0.14384,"5.1":0.345216,"6":0.043152,"6.1":0.237336,"7":0.115072,"7.1":0.057536,"8":0.560976,"9":1.40244,"9.1":3.509696,"0":null},"ios_saf":{"3.2":0,"4.0-4.1":0,"4.2-4.3":0,"5.0-5.1":0,"6.0-6.1":0.020273880861,"7.0-7.1":0.201116898141,"8":0,"8.1-8.4":0.512523708165,"9.0-9.2":1.07289377516,"9.3":6.21840473767},"android":{"2.1":0,"2.2":0,"2.3":0.00766545315162,"3":0,"4":0.0470877836457,"4.1":0.162617113288,"4.2-4.3":0.375607204429,"4.4":0.852507896934,"4.4.3-4.4.4":0.482923548552,"50":null},"op_mob":{"10":0,"11":0,"11.1":0,"11.5":0,"12":0,"12.1":2.16268882829e-5,"0":0.000529858762931},"ie":{"5.5":null,"6":0.0444168,"7":0.0518196,"8":0.5848212,"9":0.5330016,"10":0.4885848,"11":6.8772012},"bb":{"7":0.02175425,"10":null},"ie_mob":{"10":0.207138490323,"11":0.539523509677},"edge":{"12":0.237336,"13":2.344592,"14":null},"and_ff":{"0":0.050526},"and_uc":{"0":1.184554},"op_mini":{"5.0-8.0":0.249271514349},"and_chr":{"0":13.717173}},"total":95.77979945}