{"id":"GA","name":"Gabon","month":"2016-05","access_date":"2016-06-03","data":{"chrome":{"4":0.007191,"5":null,"6":null,"7":null,"8":null,"9":null,"10":0.009588,"11":0.055131,"12":0.004794,"13":0.016779,"14":null,"15":0.004794,"16":0.002397,"17":0.004794,"18":null,"19":null,"20":0.019176,"21":0.016779,"22":0.014382,"23":0.002397,"24":null,"25":0.007191,"26":0.074307,"27":0.02397,"28":0.016779,"29":0.011985,"30":0.011985,"31":0.033558,"32":0.019176,"33":0.02397,"34":0.014382,"35":0.02397,"36":0.02397,"37":0.021573,"38":0.021573,"39":0.02397,"40":0.019176,"41":0.129438,"42":0.019176,"43":0.059925,"44":0.033558,"45":0.206142,"46":0.033558,"47":0.062322,"48":0.110262,"49":1.526889,"50":6.632499,"51":0.122247,"52":0.021573,"53":null,"54":null},"firefox":{"2":0.009588,"3":0.038352,"3.5":0.038352,"3.6":0.02397,"4":0.011985,"5":0.009588,"6":0.016779,"7":null,"8":0.007191,"9":0.004794,"10":0.028764,"11":0.028764,"12":0.038352,"13":0.014382,"14":0.014382,"15":0.035955,"16":0.038352,"17":0.019176,"18":0.028764,"19":0.011985,"20":0.028764,"21":0.086292,"22":0.014382,"23":0.019176,"24":0.02397,"25":0.038352,"26":0.009588,"27":0.011985,"28":0.014382,"29":0.019176,"30":0.045543,"31":0.07191,"32":0.052734,"33":0.043146,"34":0.093483,"35":0.09588,"36":0.038352,"37":0.107865,"38":0.07191,"39":0.124644,"40":0.057528,"41":0.050337,"42":0.057528,"43":0.55131,"44":0.184569,"45":0.956403,"46":3.533178,"47":0.107865,"48":0.009588,"49":0.004794},"opera":{"9":null,"9.5-9.6":null,"10.0-10.1":0,"10.5":null,"10.6":null,"11":null,"11.1":null,"11.5":null,"11.6":0.009588,"12":0.016779,"12.1":0.035955,"15":null,"16":null,"17":null,"18":0.004794,"19":0.007191,"20":null,"21":0.002397,"22":0.004794,"23":null,"24":null,"25":null,"26":null,"27":null,"28":0.09588,"29":0.004794,"30":0.002397,"31":null,"32":0.004794,"33":0.002397,"34":0.009588,"35":0.033558,"36":0.134232,"37":0.290037,"38":null,"39":null},"safari":{"3.1":null,"3.2":null,"4":0.007191,"5":0.035955,"5.1":0.045543,"6":0.040749,"6.1":0.026367,"7":0.011985,"7.1":0.07191,"8":0.040749,"9":0.098277,"9.1":0.254082,"0":null},"ios_saf":{"3.2":0,"4.0-4.1":0,"4.2-4.3":0,"5.0-5.1":0,"6.0-6.1":0.00384145109135,"7.0-7.1":0.0381071948262,"8":0,"8.1-8.4":0.0971118835893,"9.0-9.2":0.203289591754,"9.3":1.17824987874},"android":{"2.1":0,"2.2":0,"2.3":0.0226363026689,"3":0,"4":0.139051573538,"4.1":0.480212992334,"4.2-4.3":1.10917883078,"4.4":2.51748023254,"4.4.3-4.4.4":1.42608706814,"50":null},"op_mob":{"10":0,"11":0,"11.1":0,"11.5":0,"12":0,"12.1":0.00418604337099,"0":0.102558062589},"ie":{"5.5":0.00486340089087,"6":0.017021903118,"7":0.017021903118,"8":0.513088793987,"9":0.22371644098,"10":0.449864582405,"11":3.12959847327},"bb":{"7":0.83633,"10":null},"ie_mob":{"10":0.628547367742,"11":1.63714663226},"edge":{"12":0.117453,"13":0.402696,"14":null},"and_ff":{"0":0.053221},"and_uc":{"0":2.501387},"op_mini":{"5.0-8.0":48.248335894},"and_chr":{"0":8.674272}},"total":92.4999734978}