{"id":"GE","name":"Georgia","month":"2016-01","access_date":"2016-02-03","data":{"firefox":{"2":0,"3":0.00798,"3.5":0.00798,"3.6":0.01596,"4":0,"5":0,"6":0.00798,"7":0,"8":0.00798,"9":0,"10":0.00798,"11":0.00798,"12":0.00798,"13":0,"14":0.00798,"15":0,"16":0.00798,"17":0.00798,"18":0.00798,"19":0,"20":0,"21":0.0399,"22":0.00798,"23":0.00798,"24":0.00798,"25":0.01596,"26":0,"27":0.00798,"28":0.00798,"29":0.00798,"30":0.00798,"31":0.01596,"32":0.01596,"33":0.00798,"34":0.01596,"35":0.01596,"36":0.01596,"37":0.05586,"38":0.03192,"39":0.05586,"40":0.02394,"41":0.04788,"42":0.0798,"43":2.73714,"44":0.1995,"45":0.00798,"46":0,"47":0},"chrome":{"4":0.03192,"5":0.02394,"6":0.00798,"7":0.00798,"8":0.02394,"9":0.01596,"10":0.01596,"11":0.02394,"12":0.06384,"13":0.01596,"14":0,"15":0.03192,"16":0.01596,"17":0.01596,"18":0.02394,"19":0,"20":0.00798,"21":0.00798,"22":0.0399,"23":0.01596,"24":0.0399,"25":0.01596,"26":0.02394,"27":0.0399,"28":0.02394,"29":0.01596,"30":0.07182,"31":0.05586,"32":0.01596,"33":0.18354,"34":0.0399,"35":0.0399,"36":0.0798,"37":0.04788,"38":0.05586,"39":0.13566,"40":0.10374,"41":0.1596,"42":0.1596,"43":0.42294,"44":0.41496,"45":0.65436,"46":0.4788,"47":45.37428,"48":5.187,"49":0.51072,"50":0.03192,"51":0},"opera":{"9":0,"9.5-9.6":0,"10.0-10.1":0,"10.5":0,"10.6":0.00798,"11":0.00798,"11.1":0.00798,"11.5":0.00798,"11.6":0.0798,"12":0.05586,"12.1":0.8778,"15":0.06384,"16":0.0399,"17":0.05586,"18":0.09576,"19":0.0399,"20":0.11172,"21":0.01596,"22":0.01596,"23":0.00798,"24":0.00798,"25":0.00798,"26":0.01596,"27":0.01596,"28":0.11172,"29":0.09576,"30":0.09576,"31":0.0798,"32":0.12768,"33":0.17556,"34":10.94856,"35":0.09576,"36":0.02394},"safari":{"3.1":0,"3.2":0,"4":0,"5":0.02394,"5.1":0.03192,"6":0.00798,"6.1":0.01596,"7":0.01596,"7.1":0.00798,"8":0.04788,"9":0.2793,"9.1":0},"android":{"2.1":0,"2.2":0,"2.3":0.0223200170032,"3":0,"4":0.0927675706695,"4.1":0.317362741764,"4.2-4.3":0.706568038257,"4.4":1.4061610712,"4.4.3-4.4.4":0.736560561105,"47":null},"ios_saf":{"3.2":0,"4.0-4.1":0,"4.2-4.3":0,"5.0-5.1":0,"6.0-6.1":0,"7.0-7.1":0.174359348923,"8":0.0122277984959,"8.1-8.4":0.498169568353,"9.0-9.2":3.71136328423,"9.3":null},"op_mob":{"10":0,"11":0,"11.1":0,"11.5":0,"12":0.00016082626539,"12.1":0.00016082626539,"0":0.00852379206566},"ie":{"5.5":0,"6":0.0484004347826,"7":0.00806673913043,"8":0.435603913043,"9":0.145201304348,"10":0.104867608696,"11":2.22642},"bb":{"7":0.011615,"10":null},"ie_mob":{"10":0.0877596638655,"11":0.386940336134},"edge":{"12":0.09576,"13":0.18354,"14":0},"and_uc":{"0":0.3333},"op_mini":{"5.0-8.0":2.1464945554},"and_chr":{"0":11.43232},"and_ff":{"0":0.01616}},"total":97.392595}