{"id":"GF","name":"French Guiana","month":"2016-05","access_date":"2016-06-03","data":{"chrome":{"4":null,"5":null,"6":null,"7":null,"8":null,"9":null,"10":null,"11":0.0072,"12":0.0216,"13":null,"14":null,"15":null,"16":null,"17":null,"18":null,"19":null,"20":null,"21":null,"22":0.0144,"23":0.0072,"24":0.0072,"25":null,"26":0.0216,"27":null,"28":null,"29":0.0648,"30":null,"31":0.1728,"32":0.0144,"33":0.0144,"34":0.0864,"35":0.036,"36":0.0504,"37":0.072,"38":0.0216,"39":0.0792,"40":0.0288,"41":0.0072,"42":0.1584,"43":0.0648,"44":0.1944,"45":0.2664,"46":0.108,"47":0.1296,"48":0.18,"49":3.8664,"50":26.856,"51":0.3456,"52":0.0144,"53":null,"54":null},"firefox":{"2":null,"3":0.0216,"3.5":null,"3.6":0.036,"4":null,"5":null,"6":null,"7":null,"8":null,"9":null,"10":null,"11":null,"12":0.0144,"13":0.0144,"14":null,"15":null,"16":0.0144,"17":null,"18":null,"19":null,"20":0.0072,"21":null,"22":0.0072,"23":null,"24":0.0216,"25":null,"26":0.0144,"27":null,"28":null,"29":null,"30":null,"31":0.0072,"32":0.0216,"33":0.0072,"34":0.0144,"35":0.0216,"36":0.0072,"37":0.2088,"38":0.2088,"39":0.1656,"40":0.0288,"41":0.1152,"42":0.0864,"43":0.4536,"44":0.216,"45":2.4552,"46":10.6344,"47":0.0864,"48":null,"49":null},"opera":{"9":null,"9.5-9.6":null,"10.0-10.1":0,"10.5":null,"10.6":null,"11":null,"11.1":null,"11.5":null,"11.6":null,"12":null,"12.1":0.0576,"15":null,"16":null,"17":null,"18":null,"19":null,"20":null,"21":null,"22":null,"23":null,"24":null,"25":null,"26":null,"27":null,"28":null,"29":null,"30":0.0288,"31":null,"32":null,"33":null,"34":0.1512,"35":null,"36":0.0936,"37":0.3888,"38":null,"39":null},"safari":{"3.1":null,"3.2":null,"4":0.0432,"5":0.072,"5.1":0.1728,"6":null,"6.1":0.1944,"7":0.2016,"7.1":0.036,"8":0.2736,"9":0.6768,"9.1":3.06,"0":null},"ios_saf":{"3.2":0,"4.0-4.1":0,"4.2-4.3":0,"5.0-5.1":0,"6.0-6.1":0.0111439571544,"7.0-7.1":0.110548054972,"8":0,"8.1-8.4":0.281719236863,"9.0-9.2":0.589738212611,"9.3":3.4180745384},"android":{"2.1":0,"2.2":0,"2.3":0.00876733901193,"3":0,"4":0.0538565110733,"4.1":0.185992834753,"4.2-4.3":0.429599611584,"4.4":0.975053345826,"4.4.3-4.4.4":0.552342357751,"50":null},"op_mob":{"10":0,"11":0,"11.1":0,"11.5":0,"12":0,"12.1":3.46497857421e-5,"0":0.000848919750682},"ie":{"5.5":null,"6":0.0152546266752,"7":0.0305092533504,"8":1.98310146777,"9":1.15172431398,"10":0.480520740268,"11":8.29088959796},"bb":{"7":0.0153945,"10":null},"ie_mob":{"10":0.0869676387097,"11":0.22652036129},"edge":{"12":0.2808,"13":3.2256,"14":null},"and_ff":{"0":0.02799},"and_uc":{"0":0.33588},"op_mini":{"5.0-8.0":0.399373430464},"and_chr":{"0":18.540171}},"total":94.9596165}