{"id":"GF","name":"French Guiana","month":"2016-01","access_date":"2016-02-03","data":{"firefox":{"2":0,"3":0.022806,"3.5":0,"3.6":0.007602,"4":0,"5":0,"6":0.007602,"7":0,"8":0,"9":0,"10":0.007602,"11":0.007602,"12":0.007602,"13":0.007602,"14":0.007602,"15":0,"16":0.022806,"17":0.015204,"18":0,"19":0,"20":0.007602,"21":0,"22":0,"23":0.007602,"24":0.053214,"25":0,"26":0.106428,"27":0.007602,"28":0,"29":0.015204,"30":0.015204,"31":0.045612,"32":0.129234,"33":0.022806,"34":0.03801,"35":0.03801,"36":0.015204,"37":0.402906,"38":0.197652,"39":0.106428,"40":0.091224,"41":0.182448,"42":0.334488,"43":11.798304,"44":0.623364,"45":0,"46":0,"47":0},"chrome":{"4":0.045612,"5":0.022806,"6":0.015204,"7":0.007602,"8":0.007602,"9":0.007602,"10":0.015204,"11":0.045612,"12":0.03801,"13":0.015204,"14":0.007602,"15":0,"16":0,"17":0.007602,"18":0.007602,"19":0.007602,"20":0.007602,"21":0.03801,"22":0.007602,"23":0.022806,"24":0.007602,"25":0,"26":0.03801,"27":0.007602,"28":0.007602,"29":0.068418,"30":0.007602,"31":0.281274,"32":0.022806,"33":0.022806,"34":0.060816,"35":0.022806,"36":0.106428,"37":0.030408,"38":0.022806,"39":0.07602,"40":0.060816,"41":0.060816,"42":0.638568,"43":0.15204,"44":0.144438,"45":0.220458,"46":0.212856,"47":26.242104,"48":2.69871,"49":0.030408,"50":0.007602,"51":0},"opera":{"9":0,"9.5-9.6":0.007602,"10.0-10.1":0,"10.5":0,"10.6":0,"11":0,"11.1":0,"11.5":0,"11.6":0,"12":0,"12.1":0.098826,"15":0,"16":0,"17":0,"18":0,"19":0,"20":0,"21":0,"22":0,"23":0,"24":0,"25":0,"26":0,"27":0.015204,"28":0,"29":0.068418,"30":0.007602,"31":0,"32":0.007602,"33":0.015204,"34":0.965454,"35":0,"36":0},"safari":{"3.1":0,"3.2":0,"4":0.045612,"5":0.022806,"5.1":0.288876,"6":0.007602,"6.1":0.197652,"7":0.53214,"7.1":0.060816,"8":0.706986,"9":2.827944,"9.1":0},"android":{"2.1":0,"2.2":0,"2.3":0.0352688153029,"3":0,"4":0.146586013603,"4.1":0.501478467588,"4.2-4.3":1.11647843443,"4.4":2.22193536408,"4.4.3-4.4.4":1.16387090499,"47":null},"ios_saf":{"3.2":0,"4.0-4.1":0,"4.2-4.3":0,"5.0-5.1":0,"6.0-6.1":0,"7.0-7.1":0.247422409601,"8":0.0173517014526,"8.1-8.4":0.706921170289,"9.0-9.2":5.26656271866,"9.3":null},"op_mob":{"10":0,"11":0,"11.1":0,"11.5":0,"12":8.32038303694e-5,"12.1":8.32038303694e-5,"0":0.00440980300958},"ie":{"5.5":0,"6":0.00812876902174,"7":0.0243863070652,"8":1.25183042935,"9":0.520241217391,"10":0.69907413587,"11":9.43750083424},"bb":{"7":0.082731,"10":null},"ie_mob":{"10":0.0536426554622,"11":0.236515344538},"edge":{"12":0.775404,"13":1.44438,"14":0},"and_uc":{"0":1.206194},"op_mini":{"5.0-8.0":1.11049378933},"and_chr":{"0":17.807144},"and_ff":{"0":0.02398}},"total":97.9177286929}