{"id":"GG","name":"Guernsey","month":"2016-05","access_date":"2016-06-03","data":{"chrome":{"4":null,"5":null,"6":null,"7":null,"8":null,"9":null,"10":null,"11":0.006062,"12":null,"13":null,"14":null,"15":null,"16":null,"17":null,"18":null,"19":null,"20":null,"21":null,"22":0.012124,"23":null,"24":null,"25":null,"26":null,"27":null,"28":0.018186,"29":null,"30":null,"31":null,"32":null,"33":0.036372,"34":null,"35":null,"36":0.006062,"37":null,"38":0.048496,"39":0.048496,"40":0.006062,"41":0.024248,"42":null,"43":0.066682,"44":0.066682,"45":0.06062,"46":0.084868,"47":0.084868,"48":0.115178,"49":4.316144,"50":21.441294,"51":0.339472,"52":0.018186,"53":null,"54":null},"firefox":{"2":0.048496,"3":null,"3.5":0.012124,"3.6":null,"4":null,"5":null,"6":null,"7":null,"8":null,"9":null,"10":null,"11":null,"12":null,"13":null,"14":null,"15":null,"16":0.012124,"17":null,"18":null,"19":null,"20":0.012124,"21":null,"22":null,"23":null,"24":null,"25":null,"26":null,"27":null,"28":0.03031,"29":0.036372,"30":0.036372,"31":0.006062,"32":0.036372,"33":0.006062,"34":0.006062,"35":0.03031,"36":0.006062,"37":0.103054,"38":0.096992,"39":0.024248,"40":0.006062,"41":0.012124,"42":0.066682,"43":0.351596,"44":0.048496,"45":1.109346,"46":5.24363,"47":0.036372,"48":0.006062,"49":null},"opera":{"9":null,"9.5-9.6":null,"10.0-10.1":0,"10.5":null,"10.6":null,"11":null,"11.1":null,"11.5":null,"11.6":null,"12":null,"12.1":null,"15":null,"16":null,"17":null,"18":null,"19":null,"20":null,"21":null,"22":null,"23":null,"24":null,"25":null,"26":null,"27":null,"28":null,"29":null,"30":null,"31":null,"32":null,"33":null,"34":null,"35":null,"36":0.048496,"37":0.3031,"38":null,"39":null},"safari":{"3.1":null,"3.2":0.006062,"4":0.115178,"5":0.163674,"5.1":0.357658,"6":0.054558,"6.1":0.321286,"7":0.175798,"7.1":0.024248,"8":0.503146,"9":1.733732,"9.1":5.049646,"0":null},"ios_saf":{"3.2":0,"4.0-4.1":0,"4.2-4.3":0,"5.0-5.1":0,"6.0-6.1":0.0650695255659,"7.0-7.1":0.645489693614,"8":0,"8.1-8.4":1.64495760631,"9.0-9.2":3.44347929295,"9.3":19.9581248816},"android":{"2.1":0,"2.2":0,"2.3":0.00319414650767,"3":0,"4":0.0196211856899,"4.1":0.0677615366269,"4.2-4.3":0.156513178876,"4.4":0.355234722317,"4.4.3-4.4.4":0.201231229983,"50":null},"op_mob":{"10":0,"11":0,"11.1":0,"11.5":0,"12":0,"12.1":4.77392546423e-6,"0":0.000116961173874},"ie":{"5.5":null,"6":null,"7":0.024248,"8":0.400092,"9":1.412446,"10":0.224294,"11":11.00253},"bb":{"7":0.0216645,"10":null},"ie_mob":{"10":0.280837993548,"11":0.731485006452},"edge":{"12":0.266728,"13":3.06131,"14":0.012124},"and_ff":{"0":0.063024},"and_uc":{"0":0.019695},"op_mini":{"5.0-8.0":0.0550242649007},"and_chr":{"0":8.198698}},"total":95.3751995}