{"id":"GH","name":"Ghana","month":"2016-05","access_date":"2016-06-03","data":{"chrome":{"4":null,"5":0.002647,"6":null,"7":null,"8":null,"9":0.010588,"10":null,"11":0.042352,"12":null,"13":0.002647,"14":0.002647,"15":0.005294,"16":0.005294,"17":null,"18":0.005294,"19":null,"20":0.010588,"21":0.002647,"22":0.010588,"23":0.007941,"24":0.005294,"25":0.015882,"26":0.013235,"27":0.013235,"28":0.013235,"29":0.034411,"30":0.007941,"31":0.044999,"32":0.010588,"33":0.063528,"34":0.007941,"35":0.015882,"36":0.015882,"37":0.007941,"38":0.010588,"39":0.015882,"40":0.021176,"41":0.021176,"42":0.031764,"43":0.187937,"44":0.100586,"45":0.386462,"46":0.044999,"47":0.07941,"48":0.346757,"49":1.220267,"50":7.440717,"51":0.21176,"52":0.174702,"53":null,"54":null},"firefox":{"2":null,"3":0.082057,"3.5":0.002647,"3.6":0.02647,"4":0.039705,"5":0.013235,"6":0.005294,"7":0.007941,"8":0.007941,"9":0.005294,"10":0.029117,"11":0.047646,"12":0.02647,"13":0.021176,"14":0.029117,"15":0.029117,"16":0.034411,"17":0.015882,"18":0.015882,"19":0.023823,"20":0.029117,"21":0.02647,"22":0.023823,"23":0.021176,"24":0.02647,"25":0.018529,"26":0.015882,"27":0.029117,"28":0.023823,"29":0.087351,"30":0.068822,"31":0.055587,"32":0.044999,"33":0.082057,"34":0.07941,"35":0.113821,"36":0.089998,"37":0.103233,"38":0.142938,"39":0.148232,"40":0.156173,"41":0.153526,"42":0.193231,"43":0.762336,"44":0.68822,"45":1.42938,"46":4.309316,"47":1.0588,"48":0.010588,"49":0.002647},"opera":{"9":null,"9.5-9.6":null,"10.0-10.1":0,"10.5":null,"10.6":0.002647,"11":0.002647,"11.1":null,"11.5":0.005294,"11.6":0.013235,"12":0.005294,"12.1":0.031764,"15":0.005294,"16":null,"17":0.005294,"18":0.002647,"19":0.002647,"20":0.005294,"21":0.002647,"22":0.002647,"23":null,"24":null,"25":null,"26":0.002647,"27":0.002647,"28":0.005294,"29":0.02647,"30":0.007941,"31":0.010588,"32":0.010588,"33":0.015882,"34":0.034411,"35":0.058234,"36":0.251465,"37":0.571752,"38":null,"39":null},"safari":{"3.1":null,"3.2":null,"4":0.002647,"5":0.010588,"5.1":0.023823,"6":0.005294,"6.1":0.010588,"7":0.010588,"7.1":0.013235,"8":0.076763,"9":0.166761,"9.1":0.314993,"0":null},"ios_saf":{"3.2":0,"4.0-4.1":0,"4.2-4.3":0,"5.0-5.1":0,"6.0-6.1":0.00555413045675,"7.0-7.1":0.055096974131,"8":0,"8.1-8.4":0.140408417947,"9.0-9.2":0.293924583771,"9.3":1.70356289369},"android":{"2.1":0,"2.2":0,"2.3":0.0203428824532,"3":0,"4":0.124963420784,"4.1":0.431559720613,"4.2-4.3":0.996801240204,"4.4":2.2624191414,"4.4.3-4.4.4":1.28160159455,"50":null},"op_mob":{"10":0,"11":0,"11.1":0,"11.5":0,"12":0,"12.1":0.00408531827035,"0":0.100090297624},"ie":{"5.5":null,"6":0.00534320074349,"7":null,"8":0.160296022305,"9":0.0935060130112,"10":0.16831082342,"11":0.980477336431},"bb":{"7":0.088236,"10":null},"ie_mob":{"10":0.563002606452,"11":1.46642539355},"edge":{"12":0.203819,"13":0.320287,"14":0.002647},"and_ff":{"0":0.066177},"and_uc":{"0":6.897114},"op_mini":{"5.0-8.0":47.0873783841},"and_chr":{"0":9.018274}},"total":97.3932553959}