{"id":"GI","name":"Gibraltar","month":"2016-05","access_date":"2016-06-03","data":{"chrome":{"4":null,"5":null,"6":null,"7":null,"8":null,"9":null,"10":null,"11":null,"12":null,"13":null,"14":null,"15":null,"16":null,"17":null,"18":null,"19":null,"20":0.05804,"21":0.034824,"22":0.26118,"23":null,"24":null,"25":null,"26":0.011608,"27":null,"28":null,"29":null,"30":null,"31":null,"32":0.034824,"33":0.046432,"34":0.040628,"35":0.069648,"36":0.075452,"37":0.046432,"38":0.02902,"39":0.05804,"40":0.046432,"41":0.040628,"42":0.034824,"43":0.11608,"44":0.162512,"45":0.08706,"46":0.05804,"47":0.214748,"48":1.294292,"49":3.343104,"50":21.782412,"51":0.20314,"52":0.052236,"53":null,"54":null},"firefox":{"2":null,"3":null,"3.5":null,"3.6":null,"4":null,"5":0.011608,"6":null,"7":null,"8":null,"9":null,"10":null,"11":null,"12":null,"13":null,"14":null,"15":0.11608,"16":0.284396,"17":null,"18":null,"19":null,"20":null,"21":null,"22":null,"23":null,"24":null,"25":0.162512,"26":0.220552,"27":0.17412,"28":0.139296,"29":0.185728,"30":0.162512,"31":0.220552,"32":0.162512,"33":0.168316,"34":0.156708,"35":0.20314,"36":0.220552,"37":0.220552,"38":3.51142,"39":0.325024,"40":0.336632,"41":0.284396,"42":0.301808,"43":0.766128,"44":0.121884,"45":0.876404,"46":3.586872,"47":0.005804,"48":null,"49":null},"opera":{"9":null,"9.5-9.6":null,"10.0-10.1":0,"10.5":null,"10.6":null,"11":null,"11.1":null,"11.5":null,"11.6":null,"12":null,"12.1":null,"15":null,"16":null,"17":null,"18":null,"19":null,"20":null,"21":null,"22":0.075452,"23":null,"24":null,"25":null,"26":null,"27":null,"28":null,"29":null,"30":null,"31":null,"32":null,"33":null,"34":0.011608,"35":0.011608,"36":0.017412,"37":0.11608,"38":null,"39":null},"safari":{"3.1":null,"3.2":null,"4":0,"5":0.365652,"5.1":0.179924,"6":null,"6.1":0.168316,"7":0.023216,"7.1":0.02902,"8":0.679068,"9":0.969268,"9.1":2.420268,"0":null},"ios_saf":{"3.2":0,"4.0-4.1":0,"4.2-4.3":0,"5.0-5.1":0,"6.0-6.1":0.0580257275667,"7.0-7.1":0.575615217462,"8":0,"8.1-8.4":1.46689039289,"9.0-9.2":3.07072150283,"9.3":17.7976511593},"android":{"2.1":0,"2.2":0,"2.3":0.00743890516752,"3":0,"4":0.0456961317433,"4.1":0.157811059625,"4.2-4.3":0.364506353208,"4.4":0.827312524702,"4.4.3-4.4.4":0.468651025554,"50":null},"op_mob":{"10":0,"11":0,"11.1":0,"11.5":0,"12":0,"12.1":4.3589144267e-6,"0":0.000106793403454},"ie":{"5.5":null,"6":null,"7":0.011608,"8":0.394672,"9":0.394672,"10":0.475928,"11":6.001336},"bb":{"7":0.02098,"10":null},"ie_mob":{"10":0.0710071483871,"11":0.184948851613},"edge":{"12":0.11608,"13":1.868888,"14":0.005804},"and_ff":{"0":0.004196},"and_uc":{"0":0.054548},"op_mini":{"5.0-8.0":0.0502408476821},"and_chr":{"0":13.85916}},"total":94.548536}