{"id":"GL","name":"Greenland","month":"2016-05","access_date":"2016-06-03","data":{"chrome":{"4":null,"5":null,"6":null,"7":null,"8":null,"9":null,"10":null,"11":null,"12":null,"13":null,"14":null,"15":null,"16":null,"17":0.0275,"18":null,"19":null,"20":0.0055,"21":null,"22":0.011,"23":null,"24":null,"25":null,"26":null,"27":null,"28":null,"29":0.0165,"30":null,"31":0.176,"32":0.011,"33":0.0055,"34":0.077,"35":0.0165,"36":0.0055,"37":null,"38":0.077,"39":0.0385,"40":null,"41":null,"42":0.2035,"43":0.5005,"44":0.066,"45":0.3355,"46":0.0385,"47":0.0825,"48":0.5225,"49":3.63,"50":14.8555,"51":0.5445,"52":0.0165,"53":null,"54":null},"firefox":{"2":null,"3":0.209,"3.5":null,"3.6":0.902,"4":0.011,"5":null,"6":null,"7":null,"8":null,"9":null,"10":null,"11":null,"12":null,"13":null,"14":null,"15":null,"16":0.0055,"17":null,"18":null,"19":null,"20":0.0165,"21":0.0165,"22":null,"23":0.033,"24":null,"25":null,"26":null,"27":0.0055,"28":null,"29":null,"30":0.0165,"31":0.011,"32":null,"33":0.055,"34":null,"35":null,"36":null,"37":null,"38":0.055,"39":0.011,"40":0.033,"41":0.0055,"42":0.1045,"43":0.2255,"44":0.1925,"45":1.463,"46":5.5825,"47":0.055,"48":null,"49":0.011},"opera":{"9":null,"9.5-9.6":null,"10.0-10.1":0,"10.5":null,"10.6":null,"11":null,"11.1":null,"11.5":null,"11.6":null,"12":null,"12.1":0.0275,"15":null,"16":null,"17":null,"18":null,"19":null,"20":null,"21":null,"22":null,"23":null,"24":null,"25":null,"26":null,"27":null,"28":null,"29":null,"30":null,"31":null,"32":null,"33":0.0055,"34":null,"35":0.0055,"36":0.0935,"37":0.176,"38":null,"39":null},"safari":{"3.1":null,"3.2":null,"4":0.0495,"5":0.0275,"5.1":0.1265,"6":0.022,"6.1":0.3245,"7":0.022,"7.1":0.0165,"8":0.3795,"9":1.705,"9.1":4.1085,"0":null},"ios_saf":{"3.2":0,"4.0-4.1":0,"4.2-4.3":0,"5.0-5.1":0,"6.0-6.1":0.0364920169766,"7.0-7.1":0.362000808407,"8":0,"8.1-8.4":0.922518189167,"9.0-9.2":1.9311575384,"9.3":11.192831447},"android":{"2.1":0,"2.2":0,"2.3":0.00885434412266,"3":0,"4":0.0543909710392,"4.1":0.187838586031,"4.2-4.3":0.43386286201,"4.4":0.98472955707,"4.4.3-4.4.4":0.557823679727,"50":null},"op_mob":{"10":0,"11":0,"11.1":0,"11.5":0,"12":0,"12.1":0.000782236073237,"0":0.0191647837943},"ie":{"5.5":null,"6":null,"7":0.0275,"8":0.4895,"9":0.682,"10":0.5225,"11":11.4675},"bb":{"7":0.00225,"10":null},"ie_mob":{"10":0.1161,"11":0.3024},"edge":{"12":0.451,"13":2.5355,"14":null},"and_ff":{"0":0.0045},"and_uc":{"0":5.481},"op_mini":{"5.0-8.0":9.01605298013},"and_chr":{"0":9.4685}},"total":94.63125}