{"id":"GM","name":"Gambia","month":"2016-01","access_date":"2016-02-03","data":{"firefox":{"2":0.01065,"3":0.11005,"3.5":0.02485,"3.6":0.03195,"4":0.0213,"5":0.0071,"6":0.01775,"7":0.0071,"8":0.01065,"9":0.00355,"10":0.0213,"11":0.13845,"12":0.0639,"13":0.03195,"14":0.0284,"15":0.0568,"16":0.0213,"17":0.0071,"18":0.01065,"19":0.0213,"20":0.0213,"21":0.3266,"22":0.04615,"23":0.04615,"24":0.0497,"25":0.07455,"26":0.01775,"27":0.03905,"28":0.0568,"29":0.142,"30":0.14555,"31":0.13845,"32":0.0639,"33":0.05325,"34":0.05325,"35":0.0781,"36":0.1065,"37":0.4686,"38":0.1207,"39":0.33725,"40":0.1633,"41":0.1704,"42":0.34435,"43":6.01015,"44":3.0885,"45":0.0639,"46":0,"47":0},"chrome":{"4":0.01775,"5":0.0071,"6":0.00355,"7":0.0071,"8":0,"9":0.00355,"10":0.0071,"11":0.0426,"12":0,"13":0.0071,"14":0.0071,"15":0.0071,"16":0.0142,"17":0.00355,"18":0,"19":0.00355,"20":0.01065,"21":0.0071,"22":0.02485,"23":0,"24":0.01775,"25":0.00355,"26":0.03195,"27":0.11715,"28":0.0568,"29":0.0994,"30":0.10295,"31":0.0639,"32":0.05325,"33":0.0426,"34":0.03195,"35":0.0639,"36":0.1278,"37":0.1136,"38":0.01775,"39":0.03195,"40":0.0142,"41":0.50055,"42":0.17395,"43":0.071,"44":0.28755,"45":0.54315,"46":0.1704,"47":7.9804,"48":0.7881,"49":0.5467,"50":0.01065,"51":0},"opera":{"9":0.00355,"9.5-9.6":0.0071,"10.0-10.1":0.0071,"10.5":0,"10.6":0.00355,"11":0.0071,"11.1":0.0142,"11.5":0.02485,"11.6":0.0639,"12":0.08875,"12.1":0.14555,"15":0,"16":0,"17":0,"18":0,"19":0,"20":0.0071,"21":0.02485,"22":0,"23":0,"24":0,"25":0,"26":0.00355,"27":0.01065,"28":0.4047,"29":0.01065,"30":0.0568,"31":0,"32":0.00355,"33":0.0852,"34":0.65675,"35":0,"36":0},"safari":{"3.1":0,"3.2":0.00355,"4":0.01065,"5":0.0568,"5.1":0.07455,"6":0.01065,"6.1":0.00355,"7":0.0284,"7.1":0.01775,"8":0.0568,"9":0.24495,"9.1":0},"android":{"2.1":0,"2.2":0,"2.3":0.0618575982997,"3":0,"4":0.257095642933,"4.1":0.879537725824,"4.2-4.3":1.95817959617,"4.4":3.89702869288,"4.4.3-4.4.4":2.04130074389,"47":null},"ios_saf":{"3.2":0,"4.0-4.1":0,"4.2-4.3":0,"5.0-5.1":0,"6.0-6.1":0,"7.0-7.1":0.201544941795,"8":0.0141343205934,"8.1-8.4":0.575842690842,"9.0-9.2":4.29002804677,"9.3":null},"op_mob":{"10":0,"11":0,"11.1":0,"11.5":0,"12":0.00208251336898,"12.1":0.00208251336898,"0":0.110373208556},"ie":{"5.5":0.0106635152284,"6":0.00355450507614,"7":0.00710901015228,"8":0.362559517766,"9":0.34123248731,"10":0.444313134518,"11":1.62085431472},"bb":{"7":0.1306125,"10":null},"ie_mob":{"10":0.345806722689,"11":1.52469327731},"edge":{"12":0.1562,"13":0.08875,"14":0},"and_uc":{"0":12.20985},"op_mini":{"5.0-8.0":27.7946117647},"and_chr":{"0":10.51295},"and_ff":{"0":0.0645}},"total":97.1555989848}