{"id":"GM","name":"Gambia","month":"2016-05","access_date":"2016-06-03","data":{"chrome":{"4":0.010212,"5":null,"6":0.006808,"7":null,"8":null,"9":null,"10":0.006808,"11":0.139564,"12":0.003404,"13":0.003404,"14":0.003404,"15":0.003404,"16":null,"17":0.003404,"18":0.003404,"19":0.006808,"20":0.01702,"21":null,"22":0.006808,"23":0.01702,"24":0.010212,"25":0.030636,"26":0.006808,"27":0.088504,"28":0.037444,"29":0.040848,"30":0.013616,"31":0.040848,"32":0.05106,"33":0.037444,"34":0.023828,"35":0.05106,"36":0.0851,"37":0.047656,"38":0.003404,"39":0.020424,"40":0.03404,"41":0.40848,"42":0.047656,"43":0.088504,"44":0.047656,"45":0.69782,"46":0.054464,"47":0.037444,"48":0.449328,"49":1.834756,"50":8.145772,"51":0.364228,"52":0.200836,"53":null,"54":null},"firefox":{"2":0.03404,"3":0.054464,"3.5":0.006808,"3.6":0.037444,"4":0.020424,"5":0.006808,"6":0.027232,"7":0.010212,"8":null,"9":0.006808,"10":0.01702,"11":0.10212,"12":0.061272,"13":0.006808,"14":0.047656,"15":0.020424,"16":0.01702,"17":0.010212,"18":0.047656,"19":0.020424,"20":0.030636,"21":0.265512,"22":0.037444,"23":0.057868,"24":0.040848,"25":0.047656,"26":0.006808,"27":0.027232,"28":0.037444,"29":0.122544,"30":0.040848,"31":0.13616,"32":0.2553,"33":0.064676,"34":0.061272,"35":0.040848,"36":0.06808,"37":0.3404,"38":0.115736,"39":0.125948,"40":0.0851,"41":0.047656,"42":0.207644,"43":0.39146,"44":0.565064,"45":1.555628,"46":5.460016,"47":2.529172,"48":0.003404,"49":null},"opera":{"9":null,"9.5-9.6":null,"10.0-10.1":0,"10.5":null,"10.6":null,"11":0.006808,"11.1":null,"11.5":0.010212,"11.6":0.037444,"12":0.05106,"12.1":0.105524,"15":null,"16":0.003404,"17":null,"18":null,"19":0.003404,"20":0.006808,"21":0.0851,"22":null,"23":null,"24":null,"25":null,"26":0.013616,"27":0.003404,"28":0.333592,"29":0.030636,"30":0.006808,"31":null,"32":0.003404,"33":0.010212,"34":0.003404,"35":0.020424,"36":0.245088,"37":0.81696,"38":0.006808,"39":null},"safari":{"3.1":null,"3.2":null,"4":0,"5":0.091908,"5.1":0.057868,"6":null,"6.1":0.013616,"7":0.03404,"7.1":null,"8":0.091908,"9":0.088504,"9.1":0.166796,"0":null},"ios_saf":{"3.2":0,"4.0-4.1":0,"4.2-4.3":0,"5.0-5.1":0,"6.0-6.1":0.00883154810024,"7.0-7.1":0.0876089571544,"8":0,"8.1-8.4":0.223261535974,"9.0-9.2":0.467365525465,"9.3":2.70881243331},"android":{"2.1":0,"2.2":0,"2.3":0.037939173197,"3":0,"4":0.233054921068,"4.1":0.804852459966,"4.2-4.3":1.85901948666,"4.4":4.2193780477,"4.4.3-4.4.4":2.39016791141,"50":null},"op_mob":{"10":0,"11":0,"11.1":0,"11.5":0,"12":0,"12.1":0.00221893745401,"0":0.0543639676233},"ie":{"5.5":null,"6":0.0069877749713,"7":0.0139755499426,"8":0.541552560276,"9":0.195657699196,"10":0.272523223881,"11":2.01247919173},"bb":{"7":0.061013,"10":null},"ie_mob":{"10":0.664238477419,"11":1.73010952258},"edge":{"12":0.13616,"13":0.381248,"14":null},"and_ff":{"0":0.026384},"and_uc":{"0":11.298948},"op_mini":{"5.0-8.0":25.5754730949},"and_chr":{"0":10.580936}},"total":95.497925}