{"id":"GN","name":"Guinea","month":"2016-01","access_date":"2016-02-03","data":{"firefox":{"2":0.001845,"3":0.190035,"3.5":0.01107,"3.6":0.02214,"4":0.02952,"5":0.009225,"6":0.01476,"7":0.001845,"8":0.012915,"9":0.00738,"10":0.012915,"11":0.02583,"12":0.023985,"13":0.009225,"14":0.005535,"15":0.01476,"16":0.01845,"17":0.012915,"18":0.00738,"19":0.08118,"20":0.027675,"21":0.01476,"22":0.027675,"23":0.031365,"24":0.01845,"25":0.020295,"26":0.009225,"27":0.009225,"28":0.02214,"29":0.09225,"30":0.083025,"31":0.05535,"32":0.04428,"33":0.05166,"34":0.04059,"35":0.057195,"36":0.035055,"37":0.04797,"38":0.13653,"39":0.086715,"40":0.123615,"41":0.108855,"42":0.289665,"43":2.952,"44":0.193725,"45":0.009225,"46":0.001845,"47":0},"chrome":{"4":0,"5":0.001845,"6":0.00369,"7":0,"8":0.001845,"9":0.001845,"10":0.001845,"11":0.08118,"12":0.00738,"13":0.001845,"14":0.042435,"15":0.001845,"16":0.005535,"17":0,"18":0,"19":0,"20":0.001845,"21":0,"22":0.001845,"23":0,"24":0.00369,"25":0.049815,"26":0.02583,"27":0.005535,"28":0.012915,"29":0.009225,"30":0.00738,"31":0.08487,"32":0.00738,"33":0.071955,"34":0.00738,"35":0.009225,"36":0.02952,"37":0.005535,"38":0.016605,"39":0.053505,"40":0.08118,"41":0.05904,"42":0.241695,"43":0.23985,"44":0.15129,"45":0.32103,"46":0.08856,"47":4.153095,"48":0.39483,"49":0.020295,"50":0,"51":0},"opera":{"9":0,"9.5-9.6":0.001845,"10.0-10.1":0.001845,"10.5":0.001845,"10.6":0.001845,"11":0.00369,"11.1":0,"11.5":0.001845,"11.6":0.00738,"12":0.005535,"12.1":0.038745,"15":0.020295,"16":0.001845,"17":0.005535,"18":0.06273,"19":0.01107,"20":0.00369,"21":0.00369,"22":0.009225,"23":0,"24":0,"25":0,"26":0.009225,"27":0.001845,"28":0.020295,"29":0.012915,"30":0.068265,"31":0.009225,"32":0.0369,"33":0.134685,"34":1.001835,"35":0.02583,"36":0},"safari":{"3.1":0,"3.2":0,"4":0.00369,"5":0.00369,"5.1":0.009225,"6":0.00369,"6.1":0.00738,"7":0.009225,"7.1":0.01476,"8":0.035055,"9":0.215865,"9.1":0.001845},"android":{"2.1":0,"2.2":0,"2.3":0.0800350265675,"3":0,"4":0.332645579171,"4.1":1.13799803401,"4.2-4.3":2.53360880978,"4.4":5.04220667375,"4.4.3-4.4.4":2.64115587673,"47":null},"ios_saf":{"3.2":0,"4.0-4.1":0,"4.2-4.3":0,"5.0-5.1":0,"6.0-6.1":0,"7.0-7.1":0.0916720021634,"8":0.00642894560626,"8.1-8.4":0.261920006181,"9.0-9.2":1.95130404605,"9.3":null},"op_mob":{"10":0,"11":0,"11.1":0,"11.5":0,"12":0.00281008257679,"12.1":0.00281008257679,"0":0.14893437657},"ie":{"5.5":0,"6":0.00369804798255,"7":0.0129431679389,"8":0.297692862595,"9":0.0887531515812,"10":0.316183102508,"11":0.957794427481},"bb":{"7":0.01631,"10":null},"ie_mob":{"10":0.168856470588,"11":0.744503529412},"edge":{"12":0.09963,"13":0.05904,"14":0},"and_uc":{"0":6.24673},"op_mini":{"5.0-8.0":37.5052354583},"and_chr":{"0":23.12657},"and_ff":{"0":0.285425}},"total":97.3804747601}