{"id":"GN","name":"Guinea","month":"2016-05","access_date":"2016-06-03","data":{"chrome":{"4":null,"5":0.001566,"6":0.001566,"7":0.001566,"8":null,"9":null,"10":0.003132,"11":0.111186,"12":0.00783,"13":null,"14":0.003132,"15":null,"16":0.020358,"17":0.003132,"18":null,"19":null,"20":0.006264,"21":0.001566,"22":null,"23":null,"24":null,"25":0.01566,"26":0.004698,"27":null,"28":0.01566,"29":0.004698,"30":0.00783,"31":0.043848,"32":0.010962,"33":0.037584,"34":0.003132,"35":0.003132,"36":0.006264,"37":0.045414,"38":0.006264,"39":0.00783,"40":0.017226,"41":0.009396,"42":0.02349,"43":0.264654,"44":0.034452,"45":0.519912,"46":0.037584,"47":0.053244,"48":0.14877,"49":0.692172,"50":4.129542,"51":0.0783,"52":0.020358,"53":null,"54":null},"firefox":{"2":0.006264,"3":0.09396,"3.5":0.004698,"3.6":0.021924,"4":0.010962,"5":null,"6":null,"7":0.001566,"8":0.010962,"9":0.00783,"10":0.004698,"11":0.020358,"12":0.017226,"13":0.001566,"14":0.004698,"15":0.003132,"16":0.012528,"17":0.006264,"18":0.006264,"19":0.010962,"20":0.01566,"21":0.001566,"22":0.02349,"23":0.009396,"24":0.014094,"25":0.01566,"26":0.004698,"27":0.032886,"28":0.009396,"29":0.025056,"30":0.03915,"31":0.029754,"32":0.026622,"33":0.040716,"34":0.026622,"35":0.026622,"36":0.122148,"37":0.028188,"38":0.073602,"39":0.03132,"40":0.028188,"41":0.061074,"42":0.09396,"43":0.44631,"44":0.363312,"45":0.709398,"46":1.860408,"47":0.114318,"48":0.006264,"49":null},"opera":{"9":null,"9.5-9.6":null,"10.0-10.1":0.003132,"10.5":null,"10.6":null,"11":null,"11.1":null,"11.5":0.001566,"11.6":0.017226,"12":0.001566,"12.1":0.014094,"15":0.003132,"16":0.003132,"17":0.004698,"18":0.053244,"19":0.003132,"20":0.003132,"21":0.003132,"22":0.004698,"23":null,"24":null,"25":0.001566,"26":null,"27":0.001566,"28":0.014094,"29":0.184788,"30":0.017226,"31":0.029754,"32":0.01566,"33":0.043848,"34":0.029754,"35":0.18009,"36":0.261522,"37":0.53244,"38":0.009396,"39":null},"safari":{"3.1":null,"3.2":null,"4":0.004698,"5":0.003132,"5.1":0.006264,"6":null,"6.1":0.001566,"7":0.006264,"7.1":0.003132,"8":0.073602,"9":0.155034,"9.1":0.425952,"0":null},"ios_saf":{"3.2":0,"4.0-4.1":0,"4.2-4.3":0,"5.0-5.1":0,"6.0-6.1":0.0035155871059,"7.0-7.1":0.0348746240905,"8":0,"8.1-8.4":0.0888740420372,"9.0-9.2":0.186044869644,"9.3":1.07830087712},"android":{"2.1":0,"2.2":0,"2.3":0.0414707586599,"3":0,"4":0.254748946053,"4.1":0.879772522998,"4.2-4.3":2.03206717433,"4.4":4.61214080239,"4.4.3-4.4.4":2.61265779557,"50":null},"op_mob":{"10":0,"11":0,"11.1":0,"11.5":0,"12":0,"12.1":0.00308987473488,"0":0.0757019310046},"ie":{"5.5":null,"6":null,"7":0.0313683333333,"8":0.147431166667,"9":0.0156841666667,"10":0.219578333333,"11":0.602272},"bb":{"7":0.0105425,"10":null},"ie_mob":{"10":0.19887916129,"11":0.51801083871},"edge":{"12":0.136242,"13":0.095526,"14":null},"and_ff":{"0":0.16868},"and_uc":{"0":6.70503},"op_mini":{"5.0-8.0":35.6138961943},"and_chr":{"0":24.526008}},"total":93.9387545}