{"id":"GP","name":"Guadeloupe","month":"2016-05","access_date":"2016-06-03","data":{"chrome":{"4":null,"5":null,"6":null,"7":null,"8":null,"9":null,"10":0.00706,"11":0.04236,"12":null,"13":null,"14":null,"15":null,"16":null,"17":null,"18":null,"19":null,"20":null,"21":null,"22":0.57186,"23":0.00706,"24":null,"25":null,"26":0.00706,"27":null,"28":0.01412,"29":0.16238,"30":0.01412,"31":0.01412,"32":0.02824,"33":0.04942,"34":0.04236,"35":0.06354,"36":0.07766,"37":0.04236,"38":0.04236,"39":0.04236,"40":0.0706,"41":0.01412,"42":0.0706,"43":0.05648,"44":0.09178,"45":0.30358,"46":0.07766,"47":0.19062,"48":0.2471,"49":4.50428,"50":28.29648,"51":0.38124,"52":0.1059,"53":null,"54":null},"firefox":{"2":null,"3":0.02824,"3.5":null,"3.6":0.02118,"4":null,"5":null,"6":null,"7":null,"8":null,"9":null,"10":null,"11":null,"12":0.01412,"13":0.01412,"14":null,"15":0.02118,"16":0.0706,"17":0.01412,"18":null,"19":null,"20":0.00706,"21":null,"22":null,"23":null,"24":0.04236,"25":0.01412,"26":null,"27":null,"28":null,"29":null,"30":0.02118,"31":0.02118,"32":null,"33":null,"34":0.00706,"35":0.02118,"36":0.02824,"37":0.02118,"38":0.16238,"39":0.04942,"40":0.04942,"41":0.02824,"42":0.1059,"43":0.16944,"44":0.16238,"45":1.81442,"46":8.0484,"47":0.08472,"48":null,"49":null},"opera":{"9":null,"9.5-9.6":null,"10.0-10.1":0,"10.5":null,"10.6":null,"11":null,"11.1":null,"11.5":null,"11.6":null,"12":null,"12.1":0.07766,"15":null,"16":null,"17":null,"18":null,"19":null,"20":null,"21":null,"22":null,"23":null,"24":null,"25":null,"26":null,"27":null,"28":null,"29":null,"30":null,"31":null,"32":null,"33":null,"34":null,"35":null,"36":0.12002,"37":0.4589,"38":null,"39":null},"safari":{"3.1":null,"3.2":null,"4":0.07766,"5":0.2118,"5.1":0.36006,"6":0.15532,"6.1":0.3883,"7":0.0706,"7.1":0.07766,"8":0.46596,"9":1.33434,"9.1":3.71356,"0":null},"ios_saf":{"3.2":0,"4.0-4.1":0,"4.2-4.3":0,"5.0-5.1":0,"6.0-6.1":0.0158497372676,"7.0-7.1":0.157229393694,"8":0,"8.1-8.4":0.400681358124,"9.0-9.2":0.8387680962,"9.3":4.86143141471},"android":{"2.1":0,"2.2":0,"2.3":0.0111957069847,"3":0,"4":0.0687736286201,"4.1":0.237508926746,"4.2-4.3":0.548589642249,"4.4":1.24512255537,"4.4.3-4.4.4":0.705329540034,"50":null},"op_mob":{"10":0,"11":0,"11.1":0,"11.5":0,"12":0,"12.1":3.8940397351e-5,"0":0.000954039735099},"ie":{"5.5":null,"6":null,"7":0.0148326432849,"8":1.06795031651,"9":0.296652865697,"10":0.4894772284,"11":6.79335062447},"bb":{"7":0.016905,"10":null},"ie_mob":{"10":0.105214064516,"11":0.274045935484},"edge":{"12":0.50832,"13":3.66414,"14":0.06354},"and_ff":{"0":0.14994},"and_uc":{"0":0.11172},"op_mini":{"5.0-8.0":0.448827019868},"and_chr":{"0":17.68778}},"total":94.9767286784}