{"id":"GQ","name":"Equatorial Guinea","month":"2016-05","access_date":"2016-06-03","data":{"chrome":{"4":null,"5":null,"6":null,"7":null,"8":null,"9":null,"10":null,"11":0.077238,"12":0.007356,"13":null,"14":null,"15":null,"16":null,"17":0.007356,"18":0.022068,"19":null,"20":null,"21":null,"22":0.007356,"23":null,"24":null,"25":0.062526,"26":null,"27":0.007356,"28":0.007356,"29":null,"30":null,"31":0.261138,"32":0.033102,"33":0.01839,"34":0.106662,"35":0.231714,"36":0.014712,"37":0.117696,"38":0.066204,"39":0.011034,"40":0.084594,"41":0.069882,"42":0.143442,"43":0.044136,"44":0.05517,"45":0.176544,"46":0.080916,"47":0.117696,"48":0.209646,"49":1.809576,"50":10.688268,"51":0.069882,"52":0.080916,"53":null,"54":null},"firefox":{"2":null,"3":0.51492,"3.5":null,"3.6":0.011034,"4":0.033102,"5":0.007356,"6":0.022068,"7":0.014712,"8":0.069882,"9":0.003678,"10":0.022068,"11":0.05517,"12":0.044136,"13":0.014712,"14":0.084594,"15":0.158154,"16":0.007356,"17":0.025746,"18":null,"19":0.022068,"20":0.014712,"21":0.025746,"22":null,"23":0.05517,"24":0.143442,"25":0.033102,"26":0.014712,"27":0.011034,"28":null,"29":0.01839,"30":2.497362,"31":0.242748,"32":0.01839,"33":0.356766,"34":0.007356,"35":0.051492,"36":0.007356,"37":0.047814,"38":0.353088,"39":0.106662,"40":0.051492,"41":0.1839,"42":0.047814,"43":0.305274,"44":0.463428,"45":1.265232,"46":4.097292,"47":0.095628,"48":null,"49":null},"opera":{"9":null,"9.5-9.6":null,"10.0-10.1":0,"10.5":null,"10.6":null,"11":null,"11.1":null,"11.5":null,"11.6":0.07356,"12":null,"12.1":0.029424,"15":null,"16":null,"17":null,"18":null,"19":null,"20":null,"21":null,"22":null,"23":null,"24":null,"25":null,"26":null,"27":null,"28":null,"29":null,"30":null,"31":null,"32":null,"33":0.01839,"34":0.011034,"35":0.011034,"36":0.305274,"37":0.481818,"38":null,"39":null},"safari":{"3.1":null,"3.2":null,"4":0,"5":0.066204,"5.1":0.084594,"6":null,"6.1":0.011034,"7":0.161832,"7.1":0.007356,"8":0.117696,"9":0.382512,"9.1":0.695142,"0":null},"ios_saf":{"3.2":0,"4.0-4.1":0,"4.2-4.3":0,"5.0-5.1":0,"6.0-6.1":0.00450385004042,"7.0-7.1":0.044678192401,"8":0,"8.1-8.4":0.113857329022,"9.0-9.2":0.238343744139,"9.3":1.3814208844},"android":{"2.1":0,"2.2":0,"2.3":0.0308345587734,"3":0,"4":0.189412289608,"4.1":0.654133139693,"4.2-4.3":1.5108933799,"4.4":3.4292434293,"4.4.3-4.4.4":1.94257720273,"50":null},"op_mob":{"10":0,"11":0,"11.1":0,"11.5":0,"12":0,"12.1":0.00167251283383,"0":0.0409765644289},"ie":{"5.5":null,"6":null,"7":0.00370376532399,"8":1.18520490368,"9":0.174076970228,"10":0.518527145359,"11":4.46303721541},"bb":{"7":0.148567,"10":null},"ie_mob":{"10":0.235015251613,"11":0.612132748387},"edge":{"12":0.154476,"13":0.38619,"14":null},"and_ff":{"0":0.044254},"and_uc":{"0":11.101432},"op_mini":{"5.0-8.0":19.2773829227},"and_chr":{"0":20.39287}},"total":97.052411}