{"id":"GQ","name":"Equatorial Guinea","month":"2016-01","access_date":"2016-02-03","data":{"firefox":{"2":0.003628,"3":0.409964,"3.5":0.014512,"3.6":0.010884,"4":0.007256,"5":0.014512,"6":0.021768,"7":0.021768,"8":0.014512,"9":0,"10":0.003628,"11":0.039908,"12":0.014512,"13":0.058048,"14":0.047164,"15":0.105212,"16":0.003628,"17":0.043536,"18":0.007256,"19":0,"20":0.007256,"21":0.014512,"22":0,"23":0.05442,"24":0.12698,"25":0.010884,"26":0.007256,"27":0.003628,"28":0.01814,"29":0.10884,"30":1.803116,"31":1.320592,"32":0.025396,"33":0.333776,"34":0.166888,"35":0.16326,"36":0.083444,"37":0.010884,"38":0.243076,"39":0.206796,"40":0.333776,"41":0.177772,"42":0.638528,"43":6.54854,"44":0.424476,"45":0.01814,"46":0,"47":0},"chrome":{"4":0,"5":0,"6":0,"7":0,"8":0.003628,"9":0,"10":0,"11":0.076188,"12":0,"13":0,"14":0,"15":0.014512,"16":0.003628,"17":0,"18":0.007256,"19":0,"20":0,"21":0,"22":0,"23":0,"24":0,"25":0.105212,"26":0.007256,"27":0.003628,"28":0.007256,"29":0,"30":0,"31":0.094328,"32":0.003628,"33":0,"34":0.029024,"35":0.293868,"36":0.043536,"37":0.032652,"38":0.032652,"39":0.003628,"40":0.123352,"41":0.047164,"42":0.25396,"43":0.663924,"44":0.0907,"45":0.29024,"46":0.12698,"47":8.964788,"48":0.65304,"49":0.003628,"50":0,"51":0},"opera":{"9":0.003628,"9.5-9.6":0.003628,"10.0-10.1":0,"10.5":0,"10.6":0,"11":0,"11.1":0,"11.5":0,"11.6":0,"12":0,"12.1":0.03628,"15":0,"16":0,"17":0,"18":0.003628,"19":0.007256,"20":0,"21":0,"22":0,"23":0,"24":0,"25":0,"26":0.003628,"27":0,"28":0,"29":0,"30":0,"31":0,"32":0.007256,"33":0.101584,"34":0.50792,"35":0,"36":0},"safari":{"3.1":0,"3.2":0,"4":0,"5":0.007256,"5.1":0.01814,"6":0,"6.1":0.01814,"7":0.050792,"7.1":0.014512,"8":0.264844,"9":0.809044,"9.1":0.003628},"android":{"2.1":0,"2.2":0,"2.3":0.0586939443146,"3":0,"4":0.243946706057,"4.1":0.834554520723,"4.2-4.3":1.85803017471,"4.4":3.69771849182,"4.4.3-4.4.4":1.93690016238,"47":null},"ios_saf":{"3.2":0,"4.0-4.1":0,"4.2-4.3":0,"5.0-5.1":0,"6.0-6.1":0,"7.0-7.1":0.0939618934789,"8":0.00658953538683,"8.1-8.4":0.268462552797,"9.0-9.2":2.00004601834,"9.3":null},"op_mob":{"10":0,"11":0,"11.1":0,"11.5":0,"12":0.00230314398707,"12.1":0.00230314398707,"0":0.122066631315},"ie":{"5.5":0,"6":0.0109286065574,"7":0.0109286065574,"8":0.714002295082,"9":0.255000819672,"10":1.18393237705,"11":3.1037242623},"bb":{"7":0.023895,"10":null},"ie_mob":{"10":0.202618890756,"11":0.893365109244},"edge":{"12":0.1814,"13":0.112468,"14":0},"and_uc":{"0":9.545256},"op_mini":{"5.0-8.0":30.7392950807},"and_chr":{"0":12.386896},"and_ff":{"0":0.057348}},"total":98.0795279672}