{"id":"GR","name":"Greece","month":"2016-01","access_date":"2016-02-03","data":{"firefox":{"2":0.008479,"3":0.008479,"3.5":0,"3.6":0.025437,"4":0.118706,"5":0.118706,"6":0.127185,"7":0,"8":0,"9":0,"10":0.008479,"11":0.008479,"12":0.093269,"13":0.008479,"14":0,"15":0.008479,"16":0.042395,"17":0.016958,"18":0.008479,"19":0.008479,"20":0.016958,"21":0.008479,"22":0.008479,"23":0.008479,"24":0.016958,"25":0.008479,"26":0.016958,"27":0.050874,"28":0.016958,"29":0.016958,"30":0.050874,"31":0.042395,"32":0.042395,"33":0.033916,"34":0.101748,"35":0.067832,"36":0.042395,"37":0.093269,"38":0.195017,"39":0.118706,"40":0.127185,"41":0.195017,"42":0.432429,"43":15.525049,"44":0.898774,"45":0.016958,"46":0,"47":0},"chrome":{"4":0.008479,"5":0,"6":0,"7":0,"8":0,"9":0,"10":0,"11":0.144143,"12":0.008479,"13":0,"14":0,"15":0,"16":0.127185,"17":0.016958,"18":0.008479,"19":0,"20":0,"21":0.008479,"22":0.195017,"23":0.042395,"24":0,"25":0.008479,"26":0.042395,"27":0.008479,"28":0.008479,"29":0.016958,"30":0.025437,"31":0.067832,"32":0.025437,"33":0.042395,"34":0.101748,"35":0.067832,"36":0.059353,"37":0.042395,"38":0.08479,"39":0.135664,"40":0.076311,"41":0.042395,"42":0.067832,"43":0.211975,"44":0.220454,"45":0.305244,"46":0.373076,"47":39.0034,"48":4.188626,"49":0.144143,"50":0.008479,"51":0},"opera":{"9":0,"9.5-9.6":0,"10.0-10.1":0,"10.5":0,"10.6":0,"11":0,"11.1":0,"11.5":0,"11.6":0,"12":0.271328,"12.1":0.144143,"15":0,"16":0,"17":0,"18":0,"19":0,"20":0,"21":0,"22":0,"23":0,"24":0,"25":0,"26":0.016958,"27":0,"28":0.008479,"29":0.008479,"30":0.008479,"31":0.008479,"32":0.016958,"33":0.016958,"34":1.10227,"35":0.008479,"36":0},"safari":{"3.1":0,"3.2":0,"4":0.016958,"5":0.076311,"5.1":0.279807,"6":0.008479,"6.1":0.050874,"7":0.025437,"7.1":0.016958,"8":0.101748,"9":0.686799,"9.1":0},"android":{"2.1":0,"2.2":0,"2.3":0.0353283536663,"3":0,"4":0.146833469926,"4.1":0.502325028693,"4.2-4.3":1.11836319575,"4.4":2.22568628098,"4.4.3-4.4.4":1.16583567099,"47":null},"ios_saf":{"3.2":0,"4.0-4.1":0,"4.2-4.3":0,"5.0-5.1":0,"6.0-6.1":0,"7.0-7.1":0.197842802102,"8":0.0138746900175,"8.1-8.4":0.565265148862,"9.0-9.2":4.21122535902,"9.3":null},"op_mob":{"10":0,"11":0,"11.1":0,"11.5":0,"12":1.43001616714e-5,"12.1":1.43001616714e-5,"0":0.000757908568586},"ie":{"5.5":0,"6":0.0594880466439,"7":0.186962432309,"8":0.994300208191,"9":0.560887296928,"10":0.501399250284,"11":5.15846347327},"bb":{"7":0.00874575,"10":null},"ie_mob":{"10":0.122881462185,"11":0.541795537815},"edge":{"12":0.262849,"13":0.635925,"14":0},"and_uc":{"0":0.095823},"op_mini":{"5.0-8.0":0.190859491108},"and_chr":{"0":10.600097},"and_ff":{"0":0.018252}},"total":97.6997254576}