{"id":"GR","name":"Greece","month":"2016-05","access_date":"2016-06-03","data":{"chrome":{"4":null,"5":null,"6":null,"7":null,"8":null,"9":null,"10":null,"11":0.110306,"12":null,"13":null,"14":null,"15":null,"16":0.126064,"17":0.015758,"18":null,"19":null,"20":null,"21":null,"22":0.141822,"23":0.039395,"24":null,"25":null,"26":0.031516,"27":null,"28":null,"29":0.252128,"30":0.015758,"31":0.063032,"32":0.015758,"33":0.023637,"34":0.07879,"35":0.039395,"36":0.063032,"37":0.031516,"38":0.063032,"39":0.086669,"40":0.047274,"41":0.023637,"42":0.031516,"43":0.173338,"44":0.126064,"45":0.165459,"46":0.094548,"47":0.212733,"48":0.299402,"49":8.722053,"50":35.187614,"51":0.567288,"52":0.110306,"53":null,"54":null},"firefox":{"2":null,"3":null,"3.5":null,"3.6":0.023637,"4":0.110306,"5":0.118185,"6":0.110306,"7":null,"8":null,"9":null,"10":0.015758,"11":null,"12":0.086669,"13":null,"14":null,"15":null,"16":0.039395,"17":0.007879,"18":null,"19":null,"20":0.015758,"21":null,"22":null,"23":null,"24":0.015758,"25":null,"26":null,"27":0.055153,"28":0.007879,"29":null,"30":0.047274,"31":0.015758,"32":0.007879,"33":0.023637,"34":0.070911,"35":0.031516,"36":0.031516,"37":0.047274,"38":0.141822,"39":0.070911,"40":0.063032,"41":0.063032,"42":0.094548,"43":0.252128,"44":0.189096,"45":2.418853,"46":14.166442,"47":0.126064,"48":null,"49":null},"opera":{"9":null,"9.5-9.6":null,"10.0-10.1":0,"10.5":null,"10.6":null,"11":null,"11.1":null,"11.5":null,"11.6":null,"12":0.260007,"12.1":0.126064,"15":null,"16":null,"17":null,"18":null,"19":null,"20":null,"21":null,"22":null,"23":null,"24":null,"25":null,"26":0.015758,"27":null,"28":null,"29":null,"30":null,"31":null,"32":null,"33":null,"34":0.007879,"35":0.015758,"36":0.244249,"37":0.716989,"38":null,"39":null},"safari":{"3.1":null,"3.2":null,"4":0.023637,"5":0.094548,"5.1":0.267886,"6":0.007879,"6.1":0.047274,"7":0.015758,"7.1":0.007879,"8":0.07879,"9":0.189096,"9.1":0.661836,"0":null},"ios_saf":{"3.2":0,"4.0-4.1":0,"4.2-4.3":0,"5.0-5.1":0,"6.0-6.1":0.00837490652789,"7.0-7.1":0.0830790727567,"8":0,"8.1-8.4":0.211717637025,"9.0-9.2":0.443200053456,"9.3":2.56875133023},"android":{"2.1":0,"2.2":0,"2.3":0.011803407155,"3":0,"4":0.0725066439523,"4.1":0.250400851789,"4.2-4.3":0.578366950596,"4.4":1.31270749574,"4.4.3-4.4.4":0.743614650767,"50":null},"op_mob":{"10":0,"11":0,"11.1":0,"11.5":0,"12":0,"12.1":2.05646019997e-5,"0":0.000503832748994},"ie":{"5.5":null,"6":0.0552246272727,"7":0.165673881818,"8":0.741587851948,"9":0.473353948052,"10":0.370793925974,"11":4.26807476494},"bb":{"7":0.01325625,"10":null},"ie_mob":{"10":0.208295883871,"11":0.542538116129},"edge":{"12":0.110306,"13":1.055786,"14":null},"and_ff":{"0":0.033936},"and_uc":{"0":0.154833},"op_mini":{"5.0-8.0":0.237027602649},"and_chr":{"0":12.937308}},"total":95.86154625}