{"id":"GT","name":"Guatemala","month":"2016-01","access_date":"2016-02-03","data":{"firefox":{"2":0,"3":0.064295,"3.5":0.01169,"3.6":0.02338,"4":0.005845,"5":0.005845,"6":0.01169,"7":0.005845,"8":0,"9":0.005845,"10":0.005845,"11":0.005845,"12":0.02338,"13":0.005845,"14":0.01169,"15":0.005845,"16":0.029225,"17":0.005845,"18":0.01169,"19":0.005845,"20":0.01169,"21":0.029225,"22":0.01169,"23":0.01169,"24":0.01169,"25":0.01169,"26":0.005845,"27":0.01169,"28":0.01169,"29":0.01169,"30":0.017535,"31":0.02338,"32":0.02338,"33":0.02338,"34":0.029225,"35":0.040915,"36":0.07014,"37":0.111055,"38":0.122745,"39":0.12859,"40":0.1169,"41":0.14028,"42":0.286405,"43":5.126065,"44":0.251335,"45":0.01169,"46":0,"47":0},"chrome":{"4":0,"5":0.005845,"6":0,"7":0,"8":0,"9":0,"10":0.005845,"11":0.029225,"12":0.005845,"13":0,"14":0,"15":0,"16":0,"17":0,"18":0.029225,"19":0,"20":0,"21":0.017535,"22":0.040915,"23":0.005845,"24":0.005845,"25":0.005845,"26":0.02338,"27":0.02338,"28":0.017535,"29":0.017535,"30":0.01169,"31":0.029225,"32":0.02338,"33":0.02338,"34":0.04676,"35":0.04676,"36":0.07014,"37":0.052605,"38":0.07014,"39":0.122745,"40":0.111055,"41":0.087675,"42":0.111055,"43":0.22211,"44":0.30394,"45":0.33901,"46":0.543585,"47":30.750545,"48":3.045245,"49":0.052605,"50":0.017535,"51":0},"opera":{"9":0,"9.5-9.6":0,"10.0-10.1":0,"10.5":0,"10.6":0,"11":0,"11.1":0,"11.5":0,"11.6":0,"12":0.005845,"12.1":0.02338,"15":0,"16":0,"17":0,"18":0,"19":0,"20":0,"21":0,"22":0.005845,"23":0,"24":0,"25":0,"26":0,"27":0.005845,"28":0.03507,"29":0.02338,"30":0.017535,"31":0.005845,"32":0.01169,"33":0.02338,"34":0.7014,"35":0.01169,"36":0},"safari":{"3.1":0,"3.2":0,"4":0.01169,"5":0.05845,"5.1":0.122745,"6":0.064295,"6.1":0.075985,"7":0.134435,"7.1":0.099365,"8":0.61957,"9":1.852865,"9.1":0.005845},"android":{"2.1":0,"2.2":0,"2.3":0.0563704994687,"3":0,"4":0.234289888417,"4.1":0.80151803932,"4.2-4.3":1.7844786238,"4.4":3.55134146652,"4.4.3-4.4.4":1.86022648247,"47":null},"ios_saf":{"3.2":0,"4.0-4.1":0,"4.2-4.3":0,"5.0-5.1":0,"6.0-6.1":0,"7.0-7.1":0.236759928402,"8":0.0166039430308,"8.1-8.4":0.676456938292,"9.0-9.2":5.03960419028,"9.3":null},"op_mob":{"10":0,"11":0,"11.1":0,"11.5":0,"12":0.000563955602537,"12.1":0.000563955602537,"0":0.0298896469345},"ie":{"5.5":0,"6":0.0235582012195,"7":0.0117791006098,"8":0.488832675305,"9":0.300367065549,"10":0.512390876524,"11":2.50305887957},"bb":{"7":0.11634,"10":null},"ie_mob":{"10":0.208937142857,"11":0.921222857143},"edge":{"12":0.298095,"13":0.30394,"14":0},"and_uc":{"0":1.5789},"op_mini":{"5.0-8.0":7.52692744186},"and_chr":{"0":22.55561},"and_ff":{"0":0.03324}},"total":98.8001017988}