{"id":"GT","name":"Guatemala","month":"2016-05","access_date":"2016-06-03","data":{"chrome":{"4":null,"5":null,"6":null,"7":null,"8":null,"9":null,"10":null,"11":0.018087,"12":null,"13":null,"14":null,"15":null,"16":null,"17":null,"18":0.030145,"19":null,"20":null,"21":0.006029,"22":0.042203,"23":0.006029,"24":null,"25":0.012058,"26":0.024116,"27":0.012058,"28":0.012058,"29":0.174841,"30":0.012058,"31":0.030145,"32":0.018087,"33":0.024116,"34":0.042203,"35":0.030145,"36":0.042203,"37":0.042203,"38":0.06029,"39":0.084406,"40":0.072348,"41":0.048232,"42":0.042203,"43":0.132638,"44":0.138667,"45":0.132638,"46":0.156754,"47":0.235131,"48":0.379827,"49":5.679318,"50":32.490281,"51":0.48232,"52":0.042203,"53":0.012058,"54":null},"firefox":{"2":null,"3":0.042203,"3.5":0.006029,"3.6":0.012058,"4":0.006029,"5":null,"6":0.030145,"7":null,"8":null,"9":null,"10":null,"11":0.012058,"12":0.018087,"13":null,"14":null,"15":null,"16":0.012058,"17":null,"18":0.006029,"19":0.006029,"20":0.012058,"21":0.012058,"22":0.012058,"23":null,"24":0.006029,"25":0.006029,"26":null,"27":null,"28":null,"29":0.012058,"30":0.012058,"31":0.018087,"32":0.024116,"33":0.012058,"34":0.018087,"35":0.024116,"36":0.018087,"37":0.036174,"38":0.096464,"39":0.054261,"40":0.12058,"41":0.048232,"42":0.096464,"43":0.265276,"44":0.168812,"45":1.121394,"46":4.377054,"47":0.030145,"48":0.012058,"49":null},"opera":{"9":null,"9.5-9.6":null,"10.0-10.1":0,"10.5":null,"10.6":null,"11":null,"11.1":null,"11.5":null,"11.6":null,"12":null,"12.1":0.012058,"15":null,"16":null,"17":null,"18":null,"19":null,"20":null,"21":null,"22":null,"23":null,"24":null,"25":null,"26":null,"27":null,"28":0.006029,"29":0.024116,"30":0.012058,"31":null,"32":null,"33":0.012058,"34":0.024116,"35":0.024116,"36":0.168812,"37":0.42203,"38":null,"39":null},"safari":{"3.1":null,"3.2":null,"4":0.024116,"5":0.06029,"5.1":0.132638,"6":0.024116,"6.1":0.06029,"7":0.078377,"7.1":0.054261,"8":0.48232,"9":0.813915,"9.1":1.465047,"0":null},"ios_saf":{"3.2":0,"4.0-4.1":0,"4.2-4.3":0,"5.0-5.1":0,"6.0-6.1":0.0105635180881,"7.0-7.1":0.104790099434,"8":0,"8.1-8.4":0.267045737268,"9.0-9.2":0.559021377223,"9.3":3.24004226799},"android":{"2.1":0,"2.2":0,"2.3":0.027418165247,"3":0,"4":0.168425872232,"4.1":0.581656791312,"4.2-4.3":1.3434900971,"4.4":3.04929166354,"4.4.3-4.4.4":1.72734441056,"50":null},"op_mob":{"10":0,"11":0,"11.1":0,"11.5":0,"12":0,"12.1":0.000312482275029,"0":0.00765581573822},"ie":{"5.5":null,"6":0.0121706915888,"7":0.0121706915888,"8":0.340779364486,"9":0.219072448598,"10":0.40163282243,"11":2.26983398131},"bb":{"7":0.0814055,"10":null},"ie_mob":{"10":0.250070522581,"11":0.651346477419},"edge":{"12":0.235131,"13":0.66319,"14":null},"and_ff":{"0":0.023826},"and_uc":{"0":1.516922},"op_mini":{"5.0-8.0":3.60167070199},"and_chr":{"0":23.578808}},"total":96.3784875}