{"id":"GW","name":"Guinea-Bissau","month":"2016-01","access_date":"2016-02-03","data":{"firefox":{"2":0.004743,"3":0.056916,"3.5":0,"3.6":0.033201,"4":0.052173,"5":0,"6":0,"7":0.018972,"8":0.004743,"9":0.018972,"10":0.080631,"11":0.033201,"12":0.042687,"13":0.037944,"14":0.052173,"15":0,"16":0.023715,"17":0.014229,"18":0.009486,"19":0.004743,"20":0.061659,"21":0.042687,"22":0,"23":0.028458,"24":0.018972,"25":0.004743,"26":0.052173,"27":0.014229,"28":0.009486,"29":0.071145,"30":0.056916,"31":0.04743,"32":0.018972,"33":0.014229,"34":0.066402,"35":0.056916,"36":0.023715,"37":0.052173,"38":3.718512,"39":0.275094,"40":0.137547,"41":0.109089,"42":1.399185,"43":4.909005,"44":0.218178,"45":0,"46":0,"47":0},"chrome":{"4":0,"5":0.004743,"6":0.004743,"7":0.042687,"8":0,"9":0,"10":0,"11":0.052173,"12":0,"13":0,"14":0,"15":0.004743,"16":0,"17":0,"18":0.004743,"19":0.018972,"20":0,"21":0,"22":0.018972,"23":0,"24":0,"25":0.04743,"26":0.199206,"27":0,"28":0,"29":0.028458,"30":0.203949,"31":0.075888,"32":0.009486,"33":0.232407,"34":0.009486,"35":0.033201,"36":0.037944,"37":0.018972,"38":0.014229,"39":0.042687,"40":0.170748,"41":0.014229,"42":0.123318,"43":1.256895,"44":0.128061,"45":0.355725,"46":0.4743,"47":12.654324,"48":0.977058,"49":0.056916,"50":0,"51":0},"opera":{"9":0,"9.5-9.6":0,"10.0-10.1":0,"10.5":0,"10.6":0,"11":0,"11.1":0,"11.5":0,"11.6":0.004743,"12":0,"12.1":0.004743,"15":0,"16":0,"17":0,"18":0.009486,"19":0.004743,"20":0.018972,"21":0.004743,"22":0.004743,"23":0,"24":0,"25":0,"26":0,"27":0,"28":0,"29":0,"30":0,"31":0,"32":0.004743,"33":0,"34":1.460844,"35":0,"36":0},"safari":{"3.1":0,"3.2":0,"4":0.009486,"5":0.009486,"5.1":0.033201,"6":0.028458,"6.1":0.232407,"7":0,"7.1":0.018972,"8":0.118575,"9":0.341496,"9.1":0},"android":{"2.1":0,"2.2":0,"2.3":0.0783367685441,"3":0,"4":0.325587194261,"4.1":1.11385092774,"4.2-4.3":2.47984832922,"4.4":4.93521641828,"4.4.3-4.4.4":2.58511336196,"47":null},"ios_saf":{"3.2":0,"4.0-4.1":0,"4.2-4.3":0,"5.0-5.1":0,"6.0-6.1":0,"7.0-7.1":0.18073237406,"8":0.0126747379211,"8.1-8.4":0.5163782116,"9.0-9.2":3.84701767642,"9.3":null},"op_mob":{"10":0,"11":0,"11.1":0,"11.5":0,"12":0.00132114731999,"12.1":0.00132114731999,"0":0.0700208079592},"ie":{"5.5":0,"6":0,"7":0,"8":0.594735278443,"9":0.13909131512,"10":1.07915675524,"11":4.57082838997},"bb":{"7":0.0394275,"10":null},"ie_mob":{"10":0.305171058824,"11":1.34552694118},"edge":{"12":0.720936,"13":0.052173,"14":0},"and_uc":{"0":5.504079},"op_mini":{"5.0-8.0":17.6329128974},"and_chr":{"0":12.759474},"and_ff":{"0":1.293222}},"total":93.7061312388}