{"id":"GW","name":"Guinea-Bissau","month":"2016-05","access_date":"2016-06-03","data":{"chrome":{"4":null,"5":null,"6":0.020562,"7":0.082248,"8":null,"9":null,"10":null,"11":0.013708,"12":null,"13":null,"14":null,"15":null,"16":0.003427,"17":null,"18":0.003427,"19":null,"20":0.017135,"21":0.020562,"22":null,"23":null,"24":0.030843,"25":0.027416,"26":0.047978,"27":null,"28":null,"29":0.027416,"30":0.414667,"31":0.047978,"32":0.065113,"33":0.099383,"34":0.020562,"35":null,"36":0.123372,"37":0.06854,"38":0.010281,"39":0.003427,"40":0.037697,"41":0.010281,"42":0.030843,"43":1.552431,"44":0.037697,"45":0.596298,"46":0.044551,"47":0.414667,"48":0.178204,"49":1.521588,"50":10.675105,"51":0.17135,"52":0.013708,"53":null,"54":null},"firefox":{"2":0.006854,"3":0.041124,"3.5":null,"3.6":0.006854,"4":0.071967,"5":0.013708,"6":0.006854,"7":0.03427,"8":0.010281,"9":0.10281,"10":0.041124,"11":0.030843,"12":0.106237,"13":0.085675,"14":null,"15":0.250171,"16":0.047978,"17":0.010281,"18":null,"19":0.178204,"20":0.027416,"21":0.041124,"22":0.006854,"23":0.03427,"24":0.020562,"25":0.006854,"26":0.047978,"27":0.020562,"28":0.006854,"29":0.013708,"30":0.006854,"31":0.017135,"32":0.010281,"33":0.013708,"34":0.037697,"35":0.037697,"36":0.010281,"37":0.071967,"38":0.06854,"39":0.020562,"40":0.037697,"41":0.051405,"42":0.065113,"43":0.500342,"44":0.267306,"45":1.19945,"46":3.629193,"47":0.109664,"48":null,"49":null},"opera":{"9":null,"9.5-9.6":null,"10.0-10.1":0,"10.5":null,"10.6":0.003427,"11":null,"11.1":0.006854,"11.5":null,"11.6":null,"12":0.003427,"12.1":null,"15":null,"16":null,"17":0.006854,"18":0.003427,"19":null,"20":0.006854,"21":null,"22":null,"23":null,"24":null,"25":null,"26":null,"27":null,"28":null,"29":null,"30":null,"31":0.020562,"32":null,"33":null,"34":0.003427,"35":0.010281,"36":0.438656,"37":0.448937,"38":null,"39":null},"safari":{"3.1":null,"3.2":null,"4":0,"5":0.013708,"5.1":0.082248,"6":null,"6.1":0.041124,"7":null,"7.1":0.003427,"8":0.006854,"9":0.157642,"9.1":0.157642,"0":null},"ios_saf":{"3.2":0,"4.0-4.1":0,"4.2-4.3":0,"5.0-5.1":0,"6.0-6.1":0.00466534963622,"7.0-7.1":0.0462802683913,"8":0,"8.1-8.4":0.117940038804,"9.0-9.2":0.246890302749,"9.3":1.43095604042},"android":{"2.1":0,"2.2":0,"2.3":0.0431565065304,"3":0,"4":0.265104254401,"4.1":0.915534459966,"4.2-4.3":2.11466881999,"4.4":4.7996200477,"4.4.3-4.4.4":2.71885991141,"50":null},"op_mob":{"10":0,"11":0,"11.1":0,"11.5":0,"12":0,"12.1":0.00212950664416,"0":0.0521729127819},"ie":{"5.5":null,"6":0.00343358405379,"7":null,"8":2.81553892411,"9":0.113308273775,"10":0.717619067243,"11":3.49882215082},"bb":{"7":0.01643,"10":null},"ie_mob":{"10":0.2953584,"11":0.7693056},"edge":{"12":0.305003,"13":0.209047,"14":null},"and_ff":{"0":1.1501},"and_uc":{"0":7.084616},"op_mini":{"5.0-8.0":24.5446935806},"and_chr":{"0":14.962518}},"total":94.517897}