{"id":"GY","name":"Guyana","month":"2016-01","access_date":"2016-02-03","data":{"firefox":{"2":0,"3":0.028945,"3.5":0,"3.6":0.011578,"4":0,"5":0.017367,"6":0.011578,"7":0,"8":0.017367,"9":0,"10":0,"11":0.023156,"12":0.017367,"13":0.017367,"14":0.005789,"15":0.005789,"16":0.005789,"17":0,"18":0.005789,"19":0.011578,"20":0,"21":0.023156,"22":0.005789,"23":0,"24":0,"25":0.005789,"26":0.011578,"27":0.011578,"28":0,"29":0.034734,"30":0.028945,"31":0.040523,"32":0.011578,"33":0.005789,"34":0.023156,"35":0.052101,"36":0.028945,"37":0.034734,"38":0.138936,"39":0.109991,"40":0.075257,"41":0.098413,"42":0.191037,"43":5.343247,"44":0.804671,"45":0.040523,"46":0.005789,"47":0},"chrome":{"4":0,"5":0.005789,"6":0,"7":0,"8":0,"9":0.017367,"10":0.005789,"11":0.05789,"12":0.028945,"13":0.011578,"14":0.005789,"15":0,"16":0.005789,"17":0,"18":0.040523,"19":0,"20":0.023156,"21":0.005789,"22":0.086835,"23":0,"24":0,"25":0.005789,"26":0.017367,"27":0.005789,"28":0.005789,"29":0.011578,"30":0.005789,"31":0.162092,"32":0.017367,"33":0.081046,"34":0.046312,"35":0.052101,"36":0.075257,"37":0.023156,"38":0.092624,"39":0.11578,"40":0.069468,"41":0.040523,"42":0.301028,"43":0.451542,"44":0.28945,"45":0.966763,"46":0.353129,"47":22.716036,"48":2.48927,"49":0.260505,"50":0.011578,"51":0},"opera":{"9":0,"9.5-9.6":0,"10.0-10.1":0,"10.5":0,"10.6":0,"11":0,"11.1":0,"11.5":0,"11.6":0,"12":0,"12.1":0.052101,"15":0,"16":0,"17":0,"18":0,"19":0,"20":0,"21":0,"22":0,"23":0,"24":0,"25":0,"26":0,"27":0.144725,"28":0.005789,"29":0.196826,"30":0.028945,"31":0.005789,"32":0.011578,"33":0.052101,"34":1.580397,"35":0,"36":0},"safari":{"3.1":0,"3.2":0,"4":0.005789,"5":0.011578,"5.1":0.046312,"6":0.005789,"6.1":0.017367,"7":0.017367,"7.1":0.028945,"8":0.046312,"9":0.486276,"9.1":0},"android":{"2.1":0,"2.2":0,"2.3":0.0763153887354,"3":0,"4":0.317185834431,"4.1":1.08510943358,"4.2-4.3":2.41585902465,"4.4":4.80786949033,"4.4.3-4.4.4":2.51840782827,"47":null},"ios_saf":{"3.2":0,"4.0-4.1":0,"4.2-4.3":0,"5.0-5.1":0,"6.0-6.1":0,"7.0-7.1":0.215643429999,"8":0.0151230457402,"8.1-8.4":0.616124085711,"9.0-9.2":4.59012443855,"9.3":null},"op_mob":{"10":0,"11":0,"11.1":0,"11.5":0,"12":8.45237408283e-5,"12.1":8.45237408283e-5,"0":0.0044797582639},"ie":{"5.5":0,"6":0.00581080414313,"7":0.0581080414313,"8":0.697296497175,"9":0.337026640301,"10":0.586891218456,"11":4.48594079849},"bb":{"7":1.02643125,"10":null},"ie_mob":{"10":0.187619512605,"11":0.827231487395},"edge":{"12":0.816249,"13":0.735203,"14":0},"and_uc":{"0":2.892957},"op_mini":{"5.0-8.0":1.12811019425},"and_chr":{"0":25.946137},"and_ff":{"0":0.033688}},"total":95.43918225}