{"id":"GY","name":"Guyana","month":"2016-05","access_date":"2016-06-03","data":{"chrome":{"4":null,"5":null,"6":null,"7":null,"8":null,"9":0.023365,"10":0.004673,"11":0.102806,"12":0.009346,"13":0.009346,"14":null,"15":null,"16":null,"17":null,"18":0.014019,"19":null,"20":0.009346,"21":null,"22":0.070095,"23":null,"24":null,"25":0.014019,"26":0.014019,"27":0.009346,"28":0.004673,"29":0.542068,"30":0.004673,"31":0.028038,"32":0.023365,"33":0.070095,"34":0.065422,"35":0.032711,"36":0.116825,"37":0.023365,"38":0.060749,"39":0.079441,"40":0.04673,"41":0.028038,"42":0.04673,"43":0.341129,"44":0.074768,"45":0.682258,"46":0.032711,"47":0.079441,"48":0.369167,"49":2.658937,"50":19.220049,"51":0.266361,"52":0.154209,"53":null,"54":null},"firefox":{"2":null,"3":0.042057,"3.5":null,"3.6":0.023365,"4":0.004673,"5":0.009346,"6":0.004673,"7":null,"8":null,"9":null,"10":null,"11":null,"12":0.009346,"13":0.004673,"14":null,"15":0.009346,"16":0.004673,"17":null,"18":null,"19":null,"20":null,"21":0.004673,"22":0.014019,"23":null,"24":0.009346,"25":0.028038,"26":null,"27":0.065422,"28":null,"29":0.014019,"30":0.018692,"31":0.023365,"32":null,"33":0.009346,"34":0.009346,"35":0.04673,"36":0.023365,"37":0.023365,"38":0.032711,"39":0.04673,"40":0.023365,"41":0.04673,"42":0.09346,"43":0.182247,"44":0.149536,"45":1.088809,"46":3.864571,"47":0.350475,"48":null,"49":0.009346},"opera":{"9":null,"9.5-9.6":null,"10.0-10.1":0,"10.5":null,"10.6":null,"11":null,"11.1":null,"11.5":null,"11.6":null,"12":null,"12.1":0.023365,"15":null,"16":null,"17":null,"18":null,"19":null,"20":null,"21":null,"22":null,"23":null,"24":null,"25":null,"26":null,"27":0.219631,"28":null,"29":0.313091,"30":0.014019,"31":null,"32":null,"33":0.107479,"34":0.037384,"35":0.084114,"36":0.168228,"37":0.546741,"38":null,"39":null},"safari":{"3.1":null,"3.2":null,"4":0.014019,"5":0.014019,"5.1":0.144863,"6":null,"6.1":0.014019,"7":0.004673,"7.1":0.028038,"8":0.028038,"9":0.09346,"9.1":0.303745,"0":null},"ios_saf":{"3.2":0,"4.0-4.1":0,"4.2-4.3":0,"5.0-5.1":0,"6.0-6.1":0.00889370957963,"7.0-7.1":0.0882255990299,"8":0,"8.1-8.4":0.224832978173,"9.0-9.2":0.470655110954,"9.3":2.72787860226},"android":{"2.1":0,"2.2":0,"2.3":0.0340005065304,"3":0,"4":0.208860254401,"4.1":0.721296459966,"4.2-4.3":1.66602481999,"4.4":3.7813420477,"4.4.3-4.4.4":2.14203191141,"50":null},"op_mob":{"10":0,"11":0,"11.1":0,"11.5":0,"12":0,"12.1":0.000307069731204,"0":0.00752320841449},"ie":{"5.5":null,"6":null,"7":0.037873552381,"8":0.364532941667,"9":0.203570344048,"10":0.445014240476,"11":2.92573192143},"bb":{"7":0.9067515,"10":null},"ie_mob":{"10":0.227540464516,"11":0.592663535484},"edge":{"12":0.439262,"13":1.411246,"14":null},"and_ff":{"0":0.047934},"and_uc":{"0":5.373934},"op_mini":{"5.0-8.0":3.53928572185},"and_chr":{"0":30.102404}},"total":92.4807335}