{"id":"HK","name":"Hong Kong","month":"2016-05","access_date":"2016-06-03","data":{"chrome":{"4":null,"5":null,"6":null,"7":null,"8":null,"9":null,"10":null,"11":0.031995,"12":null,"13":null,"14":null,"15":null,"16":null,"17":null,"18":null,"19":null,"20":null,"21":0.019197,"22":0.012798,"23":null,"24":null,"25":0.038394,"26":0.012798,"27":0.012798,"28":0.006399,"29":0.313551,"30":0.012798,"31":0.095985,"32":0.012798,"33":0.057591,"34":0.044793,"35":0.031995,"36":0.044793,"37":0.031995,"38":0.044793,"39":0.076788,"40":0.057591,"41":0.070389,"42":0.19197,"43":0.230364,"44":0.217566,"45":0.95985,"46":0.249561,"47":0.396738,"48":0.601506,"49":5.663115,"50":27.765261,"51":0.479925,"52":0.089586,"53":0.012798,"54":null},"firefox":{"2":null,"3":null,"3.5":null,"3.6":0.012798,"4":null,"5":null,"6":null,"7":null,"8":null,"9":null,"10":null,"11":0.012798,"12":0.012798,"13":null,"14":0.006399,"15":null,"16":0.012798,"17":0.019197,"18":null,"19":null,"20":null,"21":0.012798,"22":null,"23":0.019197,"24":null,"25":null,"26":null,"27":null,"28":0.006399,"29":0.012798,"30":0.044793,"31":0.076788,"32":0.006399,"33":0.025596,"34":0.108783,"35":0.031995,"36":0.025596,"37":0.031995,"38":0.166374,"39":0.076788,"40":0.070389,"41":0.044793,"42":0.115182,"43":0.19197,"44":0.159975,"45":1.107027,"46":4.54329,"47":0.051192,"48":0.006399,"49":null},"opera":{"9":null,"9.5-9.6":null,"10.0-10.1":0,"10.5":null,"10.6":null,"11":null,"11.1":null,"11.5":null,"11.6":null,"12":null,"12.1":0.025596,"15":null,"16":null,"17":null,"18":null,"19":null,"20":null,"21":null,"22":null,"23":null,"24":null,"25":null,"26":null,"27":null,"28":0.006399,"29":null,"30":null,"31":null,"32":null,"33":null,"34":0.006399,"35":0.006399,"36":0.06399,"37":0.531117,"38":null,"39":null},"safari":{"3.1":null,"3.2":null,"4":0.006399,"5":0.06399,"5.1":0.153576,"6":0.051192,"6.1":0.121581,"7":0.121581,"7.1":0.051192,"8":0.646299,"9":0.940653,"9.1":2.23965,"0":null},"ios_saf":{"3.2":0,"4.0-4.1":0,"4.2-4.3":0,"5.0-5.1":0,"6.0-6.1":0.0314578061843,"7.0-7.1":0.312061437348,"8":0,"8.1-8.4":0.79525334034,"9.0-9.2":1.66474710327,"9.3":9.64873831285},"android":{"2.1":0,"2.2":0,"2.3":0.010363354912,"3":0,"4":0.063660608745,"4.1":0.219851172061,"4.2-4.3":0.507804390687,"4.4":1.15255311414,"4.4.3-4.4.4":0.652891359455,"50":null},"op_mob":{"10":0,"11":0,"11.1":0,"11.5":0,"12":0,"12.1":1.40280483054e-5,"0":0.000343687183483},"ie":{"5.5":null,"6":0.0195310843373,"7":0.0455725301205,"8":0.755201927711,"9":0.598953253012,"10":0.481766746988,"11":7.82545445783},"bb":{"7":0.032409,"10":null},"ie_mob":{"10":0.0639351741935,"11":0.166528825806},"edge":{"12":0.140778,"13":1.593351,"14":null},"and_ff":{"0":0.054015},"and_uc":{"0":0.64818},"op_mini":{"5.0-8.0":0.161687284768},"and_chr":{"0":17.290449}},"total":94.875349}