{"id":"HK","name":"Hong Kong","month":"2016-01","access_date":"2016-02-03","data":{"firefox":{"2":0,"3":0.007006,"3.5":0,"3.6":0.014012,"4":0.007006,"5":0.007006,"6":0.007006,"7":0,"8":0,"9":0,"10":0.007006,"11":0.014012,"12":0.014012,"13":0.007006,"14":0.014012,"15":0.007006,"16":0.021018,"17":0.007006,"18":0,"19":0.007006,"20":0.007006,"21":0.10509,"22":0.021018,"23":0.03503,"24":0.021018,"25":0.021018,"26":0.007006,"27":0.014012,"28":0.021018,"29":0.028024,"30":0.014012,"31":0.133114,"32":0.021018,"33":0.028024,"34":0.042036,"35":0.056048,"36":0.049042,"37":0.147126,"38":0.196168,"39":0.112096,"40":0.119102,"41":0.14012,"42":0.336288,"43":5.00929,"44":0.308264,"45":0.014012,"46":0.007006,"47":0},"chrome":{"4":0,"5":0,"6":0,"7":0,"8":0,"9":0,"10":0,"11":0.042036,"12":0.007006,"13":0,"14":0,"15":0,"16":0.014012,"17":0.007006,"18":0.014012,"19":0,"20":0.007006,"21":0.014012,"22":0.014012,"23":0.007006,"24":0.014012,"25":0.056048,"26":0.021018,"27":0.049042,"28":0.021018,"29":0.03503,"30":0.021018,"31":0.511438,"32":0.03503,"33":0.091078,"34":0.063054,"35":0.063054,"36":0.077066,"37":0.077066,"38":0.063054,"39":0.133114,"40":0.077066,"41":0.24521,"42":0.231198,"43":0.42036,"44":0.448384,"45":1.043894,"46":0.91078,"47":28.58448,"48":2.655274,"49":0.133114,"50":0.021018,"51":0},"opera":{"9":0,"9.5-9.6":0,"10.0-10.1":0,"10.5":0,"10.6":0,"11":0,"11.1":0,"11.5":0,"11.6":0.014012,"12":0.028024,"12.1":0.063054,"15":0,"16":0,"17":0,"18":0,"19":0,"20":0,"21":0,"22":0,"23":0,"24":0,"25":0,"26":0,"27":0,"28":0.161138,"29":0,"30":0,"31":0,"32":0.007006,"33":0.007006,"34":0.308264,"35":0.007006,"36":0},"safari":{"3.1":0,"3.2":0,"4":0.028024,"5":0.077066,"5.1":0.231198,"6":0.07006,"6.1":0.17515,"7":0.196168,"7.1":0.112096,"8":0.903774,"9":2.809406,"9.1":0.014012},"android":{"2.1":0,"2.2":0,"2.3":0.0259050371945,"3":0,"4":0.10766781084,"4.1":0.368337247609,"4.2-4.3":0.820056333688,"4.4":1.63201734325,"4.4.3-4.4.4":0.854866227418,"47":null},"ios_saf":{"3.2":0,"4.0-4.1":0,"4.2-4.3":0,"5.0-5.1":0,"6.0-6.1":0,"7.0-7.1":0.567397032039,"8":0.039791480169,"8.1-8.4":1.62113437725,"9.0-9.2":12.0774511105,"9.3":null},"op_mob":{"10":0,"11":0,"11.1":0,"11.5":0,"12":1.05000373088e-5,"12.1":1.05000373088e-5,"0":0.000556501977366},"ie":{"5.5":0,"6":0.0356521689989,"7":0.0499130365985,"8":1.62573890635,"9":0.934086827772,"10":0.898434658773,"11":9.44782478471},"bb":{"7":0.0172155,"10":null},"ie_mob":{"10":0.0304431932773,"11":0.134226806723},"edge":{"12":0.392336,"13":0.791678,"14":0},"and_uc":{"0":0.458082},"op_mini":{"5.0-8.0":0.140140497948},"and_chr":{"0":16.918804},"and_ff":{"0":0.047904}},"total":98.6312978832}