{"id":"HN","name":"Honduras","month":"2016-05","access_date":"2016-06-03","data":{"chrome":{"4":null,"5":null,"6":null,"7":null,"8":null,"9":0.016506,"10":null,"11":0.033012,"12":null,"13":null,"14":null,"15":null,"16":null,"17":null,"18":0.02751,"19":null,"20":null,"21":0.005502,"22":0.044016,"23":null,"24":null,"25":null,"26":0.022008,"27":null,"28":0.011004,"29":0.63273,"30":0.011004,"31":0.132048,"32":0.022008,"33":0.022008,"34":0.038514,"35":0.038514,"36":0.066024,"37":0.038514,"38":0.066024,"39":0.088032,"40":0.066024,"41":0.038514,"42":0.02751,"43":0.13755,"44":0.16506,"45":0.159558,"46":0.181566,"47":0.308112,"48":0.434658,"49":4.577664,"50":29.496222,"51":0.511686,"52":0.033012,"53":null,"54":null},"firefox":{"2":null,"3":0.02751,"3.5":null,"3.6":0.011004,"4":null,"5":null,"6":0.071526,"7":null,"8":null,"9":null,"10":0.005502,"11":null,"12":0.011004,"13":null,"14":0.011004,"15":null,"16":0.044016,"17":null,"18":null,"19":null,"20":null,"21":0.005502,"22":null,"23":null,"24":null,"25":null,"26":null,"27":0.033012,"28":null,"29":0.011004,"30":0.011004,"31":0.011004,"32":0.011004,"33":0.022008,"34":0.011004,"35":0.022008,"36":0.033012,"37":0.02751,"38":0.05502,"39":0.049518,"40":0.033012,"41":0.099036,"42":0.11004,"43":0.22008,"44":0.13755,"45":1.166424,"46":4.418106,"47":0.104538,"48":0.011004,"49":null},"opera":{"9":null,"9.5-9.6":null,"10.0-10.1":0,"10.5":null,"10.6":null,"11":null,"11.1":null,"11.5":null,"11.6":null,"12":null,"12.1":0.044016,"15":null,"16":null,"17":null,"18":null,"19":null,"20":null,"21":null,"22":null,"23":null,"24":null,"25":null,"26":null,"27":0.022008,"28":0.005502,"29":0.181566,"30":null,"31":0.011004,"32":0.005502,"33":0.044016,"34":0.016506,"35":0.044016,"36":0.203574,"37":0.561204,"38":null,"39":null},"safari":{"3.1":null,"3.2":null,"4":0.016506,"5":0.016506,"5.1":0.038514,"6":0.005502,"6.1":0.05502,"7":0.02751,"7.1":0.011004,"8":0.170562,"9":0.489678,"9.1":0.940842,"0":null},"ios_saf":{"3.2":0,"4.0-4.1":0,"4.2-4.3":0,"5.0-5.1":0,"6.0-6.1":0.0113720114188,"7.0-7.1":0.112810353274,"8":0,"8.1-8.4":0.287484448666,"9.0-9.2":0.601806844281,"9.3":3.48802334236},"android":{"2.1":0,"2.2":0,"2.3":0.0410960936968,"3":0,"4":0.252447432709,"4.1":0.871824273424,"4.2-4.3":2.01370859114,"4.4":4.57047270613,"4.4.3-4.4.4":2.5890539029,"50":null},"op_mob":{"10":0,"11":0,"11.1":0,"11.5":0,"12":0,"12.1":0.000213725749903,"0":0.00523628087261},"ie":{"5.5":null,"6":0.0227842962963,"7":0.00569607407407,"8":0.370244814815,"9":0.250627259259,"10":0.318980148148,"11":2.25564533333},"bb":{"7":0.1641405,"10":null},"ie_mob":{"10":0.170915012903,"11":0.445173987097},"edge":{"12":0.2751,"13":0.726264,"14":null},"and_ff":{"0":0.017988},"and_uc":{"0":1.227681},"op_mini":{"5.0-8.0":2.46340299338},"and_chr":{"0":24.89232}},"total":95.5991514259}