{"id":"HN","name":"Honduras","month":"2016-01","access_date":"2016-02-03","data":{"firefox":{"2":0.011084,"3":0.02771,"3.5":0.005542,"3.6":0.011084,"4":0,"5":0,"6":0.022168,"7":0.005542,"8":0.005542,"9":0,"10":0.005542,"11":0.011084,"12":0.005542,"13":0.005542,"14":0.005542,"15":0.005542,"16":0.011084,"17":0.005542,"18":0.005542,"19":0,"20":0.011084,"21":0.044336,"22":0.011084,"23":0.022168,"24":0.005542,"25":0.011084,"26":0.005542,"27":0.011084,"28":0.011084,"29":0.016626,"30":0.011084,"31":0.02771,"32":0.011084,"33":0.022168,"34":0.016626,"35":0.033252,"36":0.08313,"37":0.066504,"38":0.072046,"39":0.133008,"40":0.099756,"41":0.144092,"42":0.210596,"43":5.120808,"44":0.293726,"45":0.011084,"46":0.005542,"47":0},"chrome":{"4":0,"5":0,"6":0,"7":0,"8":0.022168,"9":0,"10":0,"11":0.049878,"12":0,"13":0,"14":0,"15":0,"16":0,"17":0.005542,"18":0.049878,"19":0,"20":0,"21":0.005542,"22":0.049878,"23":0,"24":0.005542,"25":0,"26":0.022168,"27":0.02771,"28":0.011084,"29":0.033252,"30":0.016626,"31":0.049878,"32":0.02771,"33":0.022168,"34":0.044336,"35":0.060962,"36":0.08313,"37":0.077588,"38":0.072046,"39":0.121924,"40":0.08313,"41":0.121924,"42":0.133008,"43":0.243848,"44":0.365772,"45":0.376856,"46":0.520948,"47":28.618888,"48":2.793168,"49":0.044336,"50":0,"51":0},"opera":{"9":0,"9.5-9.6":0,"10.0-10.1":0,"10.5":0,"10.6":0,"11":0,"11.1":0,"11.5":0,"11.6":0.005542,"12":0.011084,"12.1":0.05542,"15":0.005542,"16":0,"17":0,"18":0,"19":0,"20":0,"21":0,"22":0,"23":0,"24":0,"25":0,"26":0,"27":0.033252,"28":0.066504,"29":0.13855,"30":0.011084,"31":0.011084,"32":0.016626,"33":0.072046,"34":1.141652,"35":0.005542,"36":0},"safari":{"3.1":0,"3.2":0,"4":0.022168,"5":0.022168,"5.1":0.066504,"6":0.022168,"6.1":0.05542,"7":0.02771,"7.1":0.044336,"8":0.315894,"9":1.069606,"9.1":0},"android":{"2.1":0,"2.2":0,"2.3":0.0900084301807,"3":0,"4":0.374097537938,"4.1":1.27980736663,"4.2-4.3":2.84932936791,"4.4":5.67053110138,"4.4.3-4.4.4":2.97027819596,"47":null},"ios_saf":{"3.2":0,"4.0-4.1":0,"4.2-4.3":0,"5.0-5.1":0,"6.0-6.1":0,"7.0-7.1":0.274848830741,"8":0.0192751128052,"8.1-8.4":0.785282373545,"9.0-9.2":5.85035368291,"9.3":null},"op_mob":{"10":0,"11":0,"11.1":0,"11.5":0,"12":0.000158339112051,"12.1":0.000158339112051,"0":0.00839197293869},"ie":{"5.5":0,"6":0.0288547150997,"7":0.0173128290598,"8":0.525155814815,"9":0.369340353276,"10":0.490530156695,"11":2.59115341595},"bb":{"7":0.189465,"10":null},"ie_mob":{"10":0.131042722689,"11":0.577779277311},"edge":{"12":0.30481,"13":0.349146,"14":0},"and_uc":{"0":1.332942},"op_mini":{"5.0-8.0":2.11329934884},"and_chr":{"0":25.255444},"and_ff":{"0":0.026748}},"total":98.5178182849}