{"id":"HR","name":"Croatia","month":"2016-05","access_date":"2016-06-03","data":{"chrome":{"4":null,"5":null,"6":null,"7":null,"8":null,"9":null,"10":null,"11":0.02914,"12":null,"13":null,"14":null,"15":null,"16":null,"17":null,"18":0.01457,"19":null,"20":null,"21":null,"22":0.11656,"23":null,"24":null,"25":null,"26":0.094705,"27":null,"28":null,"29":0.17484,"30":0.007285,"31":0.050995,"32":0.021855,"33":0.05828,"34":0.13113,"35":0.036425,"36":0.07285,"37":0.050995,"38":0.07285,"39":0.123845,"40":0.050995,"41":0.065565,"42":0.050995,"43":0.23312,"44":0.13113,"45":0.16027,"46":0.109275,"47":0.211265,"48":0.313255,"49":6.811475,"50":35.04085,"51":0.53909,"52":0.11656,"53":null,"54":null},"firefox":{"2":null,"3":0.007285,"3.5":null,"3.6":0.036425,"4":null,"5":null,"6":null,"7":null,"8":null,"9":null,"10":0.007285,"11":null,"12":0.021855,"13":null,"14":null,"15":null,"16":0.01457,"17":null,"18":0.01457,"19":null,"20":0.021855,"21":0.007285,"22":0.01457,"23":null,"24":null,"25":0.007285,"26":0.01457,"27":0.007285,"28":0.02914,"29":0.01457,"30":0.01457,"31":0.021855,"32":0.01457,"33":0.02914,"34":0.02914,"35":0.04371,"36":0.036425,"37":0.065565,"38":0.1457,"39":0.13113,"40":0.07285,"41":0.11656,"42":0.11656,"43":0.27683,"44":0.225835,"45":2.7683,"46":11.357315,"47":0.152985,"48":0.007285,"49":0.007285},"opera":{"9":null,"9.5-9.6":null,"10.0-10.1":0,"10.5":null,"10.6":null,"11":null,"11.1":null,"11.5":null,"11.6":null,"12":null,"12.1":0.167555,"15":null,"16":null,"17":0.01457,"18":null,"19":null,"20":null,"21":null,"22":null,"23":null,"24":null,"25":null,"26":null,"27":null,"28":0.02914,"29":null,"30":0.007285,"31":null,"32":0.007285,"33":0.007285,"34":0.01457,"35":0.02914,"36":0.444385,"37":1.406005,"38":null,"39":null},"safari":{"3.1":null,"3.2":null,"4":0,"5":0.02914,"5.1":0.050995,"6":null,"6.1":0.036425,"7":0.021855,"7.1":null,"8":0.08742,"9":0.20398,"9.1":0.61194,"0":null},"ios_saf":{"3.2":0,"4.0-4.1":0,"4.2-4.3":0,"5.0-5.1":0,"6.0-6.1":0.0117585640663,"7.0-7.1":0.116644955538,"8":0,"8.1-8.4":0.297256499596,"9.0-9.2":0.622263210388,"9.3":3.60658677041},"android":{"2.1":0,"2.2":0,"2.3":0.0115973026689,"3":0,"4":0.0712405735378,"4.1":0.246028492334,"4.2-4.3":0.568267830778,"4.4":1.28978573254,"4.4.3-4.4.4":0.730630068143,"50":null},"op_mob":{"10":0,"11":0,"11.1":0,"11.5":0,"12":0,"12.1":4.37002986625e-5,"0":0.00107065731723},"ie":{"5.5":null,"6":0.00730652141802,"7":0.014613042836,"8":0.270341292467,"9":0.226502163959,"10":0.255728249631,"11":4.17202372969},"bb":{"7":0.0115345,"10":null},"ie_mob":{"10":0.31923643871,"11":0.83149956129},"edge":{"12":0.16027,"13":1.13646,"14":0.007285},"and_ff":{"0":0.024426},"and_uc":{"0":0.111274},"op_mini":{"5.0-8.0":0.503689642384},"and_chr":{"0":16.148164}},"total":95.6848335}