{"id":"HT","name":"Haiti","month":"2016-05","access_date":"2016-06-03","data":{"chrome":{"4":null,"5":null,"6":null,"7":null,"8":null,"9":null,"10":0.011628,"11":0.07752,"12":0.036822,"13":0.00969,"14":0.005814,"15":0.003876,"16":0.001938,"17":0.025194,"18":0.007752,"19":null,"20":0.003876,"21":0.005814,"22":0.003876,"23":null,"24":0.003876,"25":0.011628,"26":0.007752,"27":0.042636,"28":0.023256,"29":0.044574,"30":0.00969,"31":0.02907,"32":0.027132,"33":0.03876,"34":0.02907,"35":0.02907,"36":0.110466,"37":0.025194,"38":0.007752,"39":0.021318,"40":0.023256,"41":0.437988,"42":0.023256,"43":0.054264,"44":0.040698,"45":0.313956,"46":0.031008,"47":0.060078,"48":0.149226,"49":0.969,"50":6.296562,"51":0.120156,"52":0.01938,"53":null,"54":null},"firefox":{"2":0.001938,"3":0.060078,"3.5":0.007752,"3.6":0.025194,"4":0.007752,"5":0.003876,"6":0.001938,"7":0.003876,"8":0.003876,"9":0.003876,"10":0.007752,"11":0.015504,"12":0.015504,"13":0.00969,"14":0.00969,"15":0.003876,"16":0.005814,"17":0.007752,"18":0.003876,"19":0.017442,"20":0.00969,"21":0.12597,"22":0.021318,"23":0.023256,"24":0.023256,"25":0.036822,"26":0.007752,"27":0.013566,"28":0.017442,"29":0.01938,"30":0.011628,"31":0.027132,"32":0.007752,"33":0.025194,"34":0.032946,"35":0.015504,"36":0.015504,"37":0.124032,"38":0.032946,"39":0.023256,"40":0.02907,"41":0.023256,"42":0.027132,"43":0.172482,"44":0.120156,"45":0.498066,"46":1.467066,"47":0.040698,"48":0.011628,"49":0.001938},"opera":{"9":null,"9.5-9.6":null,"10.0-10.1":0,"10.5":null,"10.6":0.003876,"11":0.003876,"11.1":null,"11.5":0.005814,"11.6":0.027132,"12":0.03876,"12.1":0.060078,"15":0.003876,"16":null,"17":null,"18":0.003876,"19":null,"20":0.007752,"21":null,"22":null,"23":null,"24":0.007752,"25":null,"26":null,"27":0.03876,"28":0.17442,"29":0.170544,"30":0.021318,"31":0.005814,"32":0.003876,"33":0.013566,"34":0.015504,"35":0.073644,"36":0.205428,"37":0.410856,"38":null,"39":null},"safari":{"3.1":null,"3.2":null,"4":0.001938,"5":0.040698,"5.1":0.052326,"6":0.013566,"6.1":0.025194,"7":0.00969,"7.1":0.005814,"8":0.065892,"9":0.141474,"9.1":0.292638,"0":null},"ios_saf":{"3.2":0,"4.0-4.1":0,"4.2-4.3":0,"5.0-5.1":0,"6.0-6.1":0.00987667997171,"7.0-7.1":0.0979766653193,"8":0,"8.1-8.4":0.249682469685,"9.0-9.2":0.522673904103,"9.3":3.02937528092},"android":{"2.1":0,"2.2":0,"2.3":0.0490572044293,"3":0,"4":0.301351398637,"4.1":1.04071355111,"4.2-4.3":2.40380301704,"4.4":5.45586194974,"4.4.3-4.4.4":3.09060387905,"50":null},"op_mob":{"10":0,"11":0,"11.1":0,"11.5":0,"12":0,"12.1":0.00247590598624,"0":0.0606596966628},"ie":{"5.5":null,"6":0.00780533944954,"7":0.00585400458716,"8":0.331726926606,"9":0.154155454128,"10":0.333678261468,"11":1.71522334404},"bb":{"7":0.48366,"10":null},"ie_mob":{"10":0.954890458065,"11":2.48715654194},"edge":{"12":0.178296,"13":0.395352,"14":null},"and_ff":{"0":0.266013},"and_uc":{"0":7.778865},"op_mini":{"5.0-8.0":28.5372923974},"and_chr":{"0":22.362975}},"total":96.6695733303}