{"id":"HU","name":"Hungary","month":"2016-05","access_date":"2016-06-03","data":{"chrome":{"4":0.066024,"5":null,"6":null,"7":0.008253,"8":null,"9":null,"10":null,"11":0.016506,"12":0.008253,"13":null,"14":null,"15":null,"16":0.008253,"17":null,"18":null,"19":null,"20":null,"21":null,"22":0.033012,"23":null,"24":null,"25":null,"26":0.024759,"27":0.008253,"28":0.016506,"29":0.264096,"30":0.008253,"31":0.024759,"32":0.008253,"33":0.024759,"34":0.057771,"35":0.024759,"36":0.049518,"37":0.049518,"38":0.033012,"39":0.057771,"40":0.041265,"41":0.024759,"42":0.024759,"43":0.074277,"44":0.057771,"45":0.08253,"46":0.066024,"47":4.885776,"48":0.214578,"49":5.257161,"50":27.094599,"51":0.470421,"52":0.057771,"53":null,"54":null},"firefox":{"2":null,"3":0.008253,"3.5":null,"3.6":0.033012,"4":0.008253,"5":null,"6":0.008253,"7":null,"8":null,"9":0.008253,"10":null,"11":null,"12":0.024759,"13":null,"14":null,"15":0.016506,"16":null,"17":0.008253,"18":0.016506,"19":0.016506,"20":0.016506,"21":null,"22":null,"23":0.008253,"24":0.016506,"25":null,"26":0.016506,"27":0.016506,"28":0.016506,"29":0.008253,"30":0.033012,"31":0.074277,"32":0.024759,"33":0.033012,"34":0.033012,"35":0.057771,"36":0.024759,"37":0.049518,"38":0.173313,"39":0.08253,"40":0.066024,"41":0.090783,"42":4.506138,"43":7.526736,"44":0.239337,"45":2.706984,"46":12.915945,"47":0.041265,"48":0.008253,"49":null},"opera":{"9":null,"9.5-9.6":null,"10.0-10.1":0,"10.5":null,"10.6":null,"11":null,"11.1":null,"11.5":null,"11.6":0.008253,"12":0.008253,"12.1":4.497885,"15":null,"16":null,"17":null,"18":null,"19":null,"20":null,"21":null,"22":null,"23":null,"24":null,"25":null,"26":null,"27":null,"28":0.008253,"29":null,"30":0.008253,"31":null,"32":0.008253,"33":0.008253,"34":0.016506,"35":0.041265,"36":0.478674,"37":1.444275,"38":0.008253,"39":null},"safari":{"3.1":null,"3.2":null,"4":0,"5":0.008253,"5.1":0.033012,"6":null,"6.1":0.033012,"7":0.016506,"7.1":0.016506,"8":0.099036,"9":0.181566,"9.1":0.643734,"0":null},"ios_saf":{"3.2":0,"4.0-4.1":0,"4.2-4.3":0,"5.0-5.1":0,"6.0-6.1":0.007008478173,"7.0-7.1":0.0695241034762,"8":0,"8.1-8.4":0.177174328213,"9.0-9.2":0.370888664915,"9.3":2.14964042522},"android":{"2.1":0,"2.2":0,"2.3":0.00638185746735,"3":0,"4":0.039202838728,"4.1":0.1353865477,"4.2-4.3":0.3127110159,"4.4":0.709753719761,"4.4.3-4.4.4":0.402057020443,"50":null},"op_mob":{"10":0,"11":0,"11.1":0,"11.5":0,"12":0,"12.1":7.35005843397e-5,"0":0.00180076431632},"ie":{"5.5":null,"6":0.00830556687898,"7":0.00830556687898,"8":0.257472573248,"9":0.265778140127,"10":0.182722471338,"11":3.17272654777},"bb":{"7":0.013976,"10":null},"ie_mob":{"10":0.293698877419,"11":0.764983122581},"edge":{"12":0.115542,"13":0.982107,"14":null},"and_ff":{"0":0.022711},"and_uc":{"0":0.117049},"op_mini":{"5.0-8.0":0.847167735099},"and_chr":{"0":10.288439}},"total":97.3695858662}