{"id":"ID","name":"Indonesia","month":"2016-05","access_date":"2016-06-03","data":{"chrome":{"4":0.008856,"5":0.01107,"6":0.017712,"7":0.008856,"8":0.004428,"9":0.004428,"10":0.013284,"11":0.030996,"12":0.01107,"13":0.004428,"14":0.006642,"15":0.006642,"16":0.006642,"17":0.004428,"18":0.006642,"19":0.004428,"20":0.004428,"21":0.006642,"22":0.006642,"23":0.008856,"24":0.006642,"25":0.008856,"26":0.013284,"27":0.01107,"28":0.013284,"29":0.17712,"30":0.015498,"31":0.174906,"32":0.013284,"33":0.059778,"34":0.019926,"35":0.017712,"36":0.019926,"37":0.037638,"38":0.028782,"39":0.04428,"40":0.039852,"41":0.026568,"42":0.039852,"43":0.28782,"44":0.146124,"45":0.115128,"46":0.183762,"47":0.18819,"48":0.451656,"49":1.359396,"50":6.216912,"51":0.148338,"52":0.05535,"53":null,"54":null},"firefox":{"2":null,"3":0.159408,"3.5":0.006642,"3.6":0.039852,"4":0.019926,"5":0.01107,"6":0.019926,"7":0.008856,"8":0.01107,"9":0.015498,"10":0.019926,"11":0.024354,"12":0.05535,"13":0.024354,"14":0.019926,"15":0.024354,"16":0.03321,"17":0.024354,"18":0.02214,"19":0.024354,"20":0.030996,"21":0.026568,"22":0.019926,"23":0.02214,"24":0.028782,"25":0.037638,"26":0.030996,"27":0.03321,"28":0.030996,"29":0.079704,"30":0.086346,"31":0.061992,"32":0.061992,"33":0.07749,"34":0.135054,"35":0.123984,"36":0.137268,"37":0.163836,"38":0.18819,"39":0.181548,"40":0.181548,"41":0.183762,"42":0.181548,"43":0.679698,"44":0.422874,"45":1.171206,"46":3.484836,"47":0.515862,"48":0.006642,"49":0.002214},"opera":{"9":null,"9.5-9.6":null,"10.0-10.1":0,"10.5":null,"10.6":0.002214,"11":null,"11.1":null,"11.5":0.002214,"11.6":0.002214,"12":0.002214,"12.1":0.019926,"15":null,"16":null,"17":null,"18":null,"19":null,"20":0.002214,"21":null,"22":null,"23":null,"24":null,"25":null,"26":null,"27":null,"28":0.002214,"29":0.004428,"30":0.006642,"31":null,"32":0.006642,"33":0.008856,"34":0.061992,"35":0.019926,"36":0.07749,"37":0.197046,"38":null,"39":null},"safari":{"3.1":null,"3.2":null,"4":0.002214,"5":0.006642,"5.1":0.019926,"6":0.008856,"6.1":0.006642,"7":0.015498,"7.1":0.015498,"8":0.068634,"9":0.092988,"9.1":0.18819,"0":null},"ios_saf":{"3.2":0,"4.0-4.1":0,"4.2-4.3":0,"5.0-5.1":0,"6.0-6.1":0.0038355648747,"7.0-7.1":0.038048803557,"8":0,"8.1-8.4":0.0969630800323,"9.0-9.2":0.202978093169,"9.3":1.17644445837},"android":{"2.1":0,"2.2":0,"2.3":0.0129678239637,"3":0,"4":0.0796594900625,"4.1":0.275103122658,"4.2-4.3":0.635423374219,"4.4":1.44220727939,"4.4.3-4.4.4":0.81697290971,"50":null},"op_mob":{"10":0,"11":0,"11.1":0,"11.5":0,"12":0,"12.1":0.000726598969831,"0":0.0178016747609},"ie":{"5.5":null,"6":0.0208182089552,"7":0.00462626865672,"8":0.159606268657,"9":0.0346970149254,"10":0.0439495522388,"11":0.198929552239},"bb":{"7":0.529448,"10":null},"ie_mob":{"10":0.0669596,"11":0.1744064},"edge":{"12":0.030996,"13":0.081918,"14":null},"and_ff":{"0":0.046716},"and_uc":{"0":51.146234},"op_mini":{"5.0-8.0":8.37477972627},"and_chr":{"0":10.661452}},"total":96.2674588657}