{"id":"ID","name":"Indonesia","month":"2016-01","access_date":"2016-02-03","data":{"firefox":{"2":0.002788,"3":0.170068,"3.5":0.011152,"3.6":0.058548,"4":0.030668,"5":0.016728,"6":0.022304,"7":0.016728,"8":0.019516,"9":0.022304,"10":0.030668,"11":0.039032,"12":0.080852,"13":0.04182,"14":0.036244,"15":0.044608,"16":0.058548,"17":0.039032,"18":0.036244,"19":0.04182,"20":0.047396,"21":0.050184,"22":0.030668,"23":0.039032,"24":0.047396,"25":0.05576,"26":0.052972,"27":0.058548,"28":0.052972,"29":0.136612,"30":0.150552,"31":0.105944,"32":0.105944,"33":0.142188,"34":0.197948,"35":0.206312,"36":0.214676,"37":0.26486,"38":0.326196,"39":0.351288,"40":0.3485,"41":0.401472,"42":0.591056,"43":5.19962,"44":0.945132,"45":0.02788,"46":0.005576,"47":0},"chrome":{"4":0.01394,"5":0.01394,"6":0.02788,"7":0.01394,"8":0.005576,"9":0.008364,"10":0.019516,"11":0.044608,"12":0.019516,"13":0.008364,"14":0.011152,"15":0.008364,"16":0.008364,"17":0.005576,"18":0.011152,"19":0.002788,"20":0.005576,"21":0.008364,"22":0.008364,"23":0.008364,"24":0.005576,"25":0.008364,"26":0.019516,"27":0.01394,"28":0.01394,"29":0.016728,"30":0.016728,"31":0.150552,"32":0.01394,"33":0.09758,"34":0.02788,"35":0.02788,"36":0.047396,"37":0.052972,"38":0.047396,"39":0.061336,"40":0.08364,"41":0.05576,"42":0.066912,"43":0.43214,"44":0.4182,"45":0.239768,"46":0.393108,"47":7.424444,"48":0.741608,"49":0.11152,"50":0.005576,"51":0},"opera":{"9":0,"9.5-9.6":0.002788,"10.0-10.1":0.002788,"10.5":0,"10.6":0.002788,"11":0.002788,"11.1":0,"11.5":0.002788,"11.6":0.005576,"12":0.008364,"12.1":0.04182,"15":0.002788,"16":0.002788,"17":0.002788,"18":0.002788,"19":0.002788,"20":0.002788,"21":0.002788,"22":0.002788,"23":0,"24":0.002788,"25":0.002788,"26":0.002788,"27":0.002788,"28":0.019516,"29":0.008364,"30":0.025092,"31":0.008364,"32":0.019516,"33":0.033456,"34":0.440504,"35":0.002788,"36":0},"safari":{"3.1":0,"3.2":0,"4":0.002788,"5":0.011152,"5.1":0.02788,"6":0.011152,"6.1":0.011152,"7":0.019516,"7.1":0.022304,"8":0.089216,"9":0.234192,"9.1":0},"android":{"2.1":0,"2.2":0,"2.3":0.0332896306057,"3":0,"4":0.138360027205,"4.1":0.473336935175,"4.2-4.3":1.05382486886,"4.4":2.09724672816,"4.4.3-4.4.4":1.09855780999,"47":null},"ios_saf":{"3.2":0,"4.0-4.1":0,"4.2-4.3":0,"5.0-5.1":0,"6.0-6.1":0,"7.0-7.1":0.0904003955908,"8":0.00633976800247,"8.1-8.4":0.258286844545,"9.0-9.2":1.92423699186,"9.3":null},"op_mob":{"10":0,"11":0,"11.1":0,"11.5":0,"12":0.00070281348091,"12.1":0.00070281348091,"0":0.0372491144882},"ie":{"5.5":0,"6":0.0173254285714,"7":0.00866271428571,"8":0.187692142857,"9":0.0462011428571,"10":0.060639,"11":0.233893285714},"bb":{"7":0.77529,"10":null},"ie_mob":{"10":0.0586656806723,"11":0.258662319328},"edge":{"12":0.047396,"13":0.044608,"14":0},"and_uc":{"0":40.7478},"op_mini":{"5.0-8.0":9.38021725855},"and_chr":{"0":13.500316},"and_ff":{"0":0.086544}},"total":95.5810197143}