{"id":"IE","name":"Ireland","month":"2016-05","access_date":"2016-06-03","data":{"chrome":{"4":null,"5":null,"6":null,"7":null,"8":null,"9":null,"10":null,"11":0.037688,"12":null,"13":0.010768,"14":null,"15":null,"16":null,"17":null,"18":null,"19":null,"20":null,"21":0.005384,"22":0.043072,"23":null,"24":null,"25":null,"26":0.010768,"27":null,"28":0.005384,"29":0.59224,"30":0.005384,"31":0.02692,"32":0.016152,"33":0.177672,"34":0.043072,"35":0.048456,"36":0.021536,"37":0.032304,"38":0.043072,"39":0.096912,"40":0.139984,"41":0.037688,"42":0.043072,"43":0.102296,"44":0.10768,"45":0.301504,"46":0.145368,"47":0.209976,"48":0.301504,"49":5.077112,"50":25.299416,"51":0.34996,"52":0.048456,"53":null,"54":null},"firefox":{"2":null,"3":null,"3.5":0.021536,"3.6":0.010768,"4":null,"5":null,"6":0.016152,"7":null,"8":null,"9":null,"10":0.177672,"11":0.005384,"12":0.005384,"13":null,"14":null,"15":null,"16":0.048456,"17":null,"18":null,"19":null,"20":0.005384,"21":null,"22":null,"23":null,"24":null,"25":0.005384,"26":null,"27":null,"28":0.005384,"29":null,"30":0.010768,"31":0.010768,"32":0.010768,"33":0.010768,"34":0.010768,"35":0.021536,"36":0.010768,"37":0.016152,"38":0.091528,"39":0.05384,"40":0.032304,"41":0.048456,"42":0.059224,"43":0.1346,"44":0.113064,"45":1.162944,"46":4.87252,"47":0.059224,"48":0.005384,"49":null},"opera":{"9":null,"9.5-9.6":null,"10.0-10.1":0,"10.5":null,"10.6":null,"11":null,"11.1":null,"11.5":null,"11.6":null,"12":null,"12.1":0.043072,"15":null,"16":null,"17":null,"18":null,"19":null,"20":null,"21":null,"22":null,"23":null,"24":null,"25":null,"26":null,"27":null,"28":0.010768,"29":null,"30":0.005384,"31":null,"32":null,"33":null,"34":null,"35":0.010768,"36":0.150752,"37":0.328424,"38":null,"39":null},"safari":{"3.1":null,"3.2":null,"4":0.02692,"5":0.069992,"5.1":0.16152,"6":0.021536,"6.1":0.129216,"7":0.059224,"7.1":0.02692,"8":0.339192,"9":0.673,"9.1":1.787488,"0":null},"ios_saf":{"3.2":0,"4.0-4.1":0,"4.2-4.3":0,"5.0-5.1":0,"6.0-6.1":0.0464368052749,"7.0-7.1":0.460653108327,"8":0,"8.1-8.4":1.17392243735,"9.0-9.2":2.45743573515,"9.3":14.2430969139},"android":{"2.1":0,"2.2":0,"2.3":0.00875041737649,"3":0,"4":0.0537525638842,"4.1":0.185633854344,"4.2-4.3":0.428770451448,"4.4":0.973171418228,"4.4.3-4.4.4":0.551276294719,"50":null},"op_mob":{"10":0,"11":0,"11.1":0,"11.5":0,"12":0,"12.1":1.91767302948e-5,"0":0.000469829892222},"ie":{"5.5":null,"6":0.00544294890511,"7":0.0272147445255,"8":0.299362189781,"9":0.544294890511,"10":0.321133985401,"11":4.76802324088},"bb":{"7":0.00923,"10":null},"ie_mob":{"10":0.27270183871,"11":0.71029316129},"edge":{"12":0.199208,"13":1.593664,"14":null},"and_ff":{"0":0.032305},"and_uc":{"0":0.07384},"op_mini":{"5.0-8.0":0.221030993377},"and_chr":{"0":20.916698}},"total":94.839696}