{"id":"IL","name":"Israel","month":"2016-05","access_date":"2016-06-03","data":{"chrome":{"4":null,"5":null,"6":null,"7":null,"8":null,"9":null,"10":null,"11":0.040482,"12":0.006747,"13":null,"14":null,"15":null,"16":null,"17":null,"18":null,"19":null,"20":null,"21":0.013494,"22":0.040482,"23":null,"24":0.006747,"25":null,"26":0.020241,"27":0.006747,"28":null,"29":0.512772,"30":0.013494,"31":0.094458,"32":0.020241,"33":0.026988,"34":0.033735,"35":0.047229,"36":0.033735,"37":0.047229,"38":0.080964,"39":0.121446,"40":0.074217,"41":0.047229,"42":0.060723,"43":0.215904,"44":0.094458,"45":0.141687,"46":0.182169,"47":0.263133,"48":0.391326,"49":7.630857,"50":37.479585,"51":0.586989,"52":0.128193,"53":0.006747,"54":null},"firefox":{"2":null,"3":0.006747,"3.5":null,"3.6":0.020241,"4":null,"5":null,"6":0.020241,"7":null,"8":null,"9":0.047229,"10":null,"11":0.013494,"12":null,"13":null,"14":null,"15":null,"16":0.013494,"17":null,"18":null,"19":null,"20":null,"21":null,"22":null,"23":0.006747,"24":0.013494,"25":0.020241,"26":0.047229,"27":0.006747,"28":0.006747,"29":0.013494,"30":null,"31":0.020241,"32":null,"33":0.013494,"34":0.168675,"35":0.020241,"36":0.020241,"37":0.020241,"38":0.087711,"39":0.040482,"40":0.020241,"41":0.047229,"42":0.040482,"43":0.114699,"44":0.094458,"45":0.802893,"46":3.360006,"47":0.040482,"48":null,"49":null},"opera":{"9":null,"9.5-9.6":null,"10.0-10.1":0,"10.5":null,"10.6":null,"11":null,"11.1":null,"11.5":null,"11.6":null,"12":null,"12.1":0.040482,"15":null,"16":null,"17":null,"18":null,"19":null,"20":null,"21":null,"22":null,"23":null,"24":null,"25":null,"26":null,"27":null,"28":null,"29":null,"30":null,"31":null,"32":null,"33":null,"34":0.013494,"35":null,"36":0.087711,"37":0.276627,"38":null,"39":null},"safari":{"3.1":null,"3.2":null,"4":0.033735,"5":0.026988,"5.1":0.074217,"6":0.020241,"6.1":0.047229,"7":0.033735,"7.1":0.020241,"8":0.148434,"9":0.296868,"9.1":0.917592,"0":null},"ios_saf":{"3.2":0,"4.0-4.1":0,"4.2-4.3":0,"5.0-5.1":0,"6.0-6.1":0.0225501010509,"7.0-7.1":0.223697002425,"8":0,"8.1-8.4":0.570066554568,"9.0-9.2":1.19335134762,"9.3":6.91656699434},"android":{"2.1":0,"2.2":0,"2.3":0.00805583929585,"3":0,"4":0.0494858699602,"4.1":0.170898876491,"4.2-4.3":0.394736125497,"4.4":0.895924413118,"4.4.3-4.4.4":0.507517875639,"50":null},"op_mob":{"10":0,"11":0,"11.1":0,"11.5":0,"12":0,"12.1":1.23907717612e-5,"0":0.00030357390815},"ie":{"5.5":null,"6":0.0204858508065,"7":0.0273144677419,"8":0.641889991935,"9":0.484831802419,"10":0.518974887097,"11":6.71253044758},"bb":{"7":0.01057225,"10":null},"ie_mob":{"10":0.0397075870968,"11":0.103424412903},"edge":{"12":0.141687,"13":1.518075,"14":null},"and_ff":{"0":0.022771},"and_uc":{"0":0.117108},"op_mini":{"5.0-8.0":0.14281603532},"and_chr":{"0":18.568731}},"total":95.6800896976}