{"id":"IM","name":"Isle of Man","month":"2016-05","access_date":"2016-06-03","data":{"chrome":{"4":null,"5":null,"6":null,"7":null,"8":null,"9":null,"10":null,"11":0.013232,"12":null,"13":null,"14":null,"15":null,"16":null,"17":null,"18":null,"19":null,"20":null,"21":null,"22":0.013232,"23":null,"24":null,"25":null,"26":null,"27":null,"28":null,"29":0.013232,"30":0.006616,"31":0.013232,"32":0.072776,"33":0.013232,"34":0.013232,"35":0.006616,"36":0.059544,"37":null,"38":null,"39":0.03308,"40":0.026464,"41":0.013232,"42":null,"43":0.059544,"44":0.006616,"45":0.079392,"46":0.026464,"47":0.039696,"48":0.125704,"49":4.92892,"50":29.599984,"51":0.152168,"52":0.019848,"53":null,"54":null},"firefox":{"2":null,"3":0.006616,"3.5":null,"3.6":null,"4":null,"5":null,"6":null,"7":null,"8":null,"9":null,"10":0.039696,"11":0.013232,"12":null,"13":null,"14":null,"15":null,"16":null,"17":null,"18":null,"19":null,"20":null,"21":null,"22":0.09924,"23":null,"24":0.006616,"25":null,"26":null,"27":null,"28":0.006616,"29":null,"30":null,"31":null,"32":0.086008,"33":null,"34":null,"35":null,"36":0.013232,"37":null,"38":0.046312,"39":0.105856,"40":null,"41":0.013232,"42":0.052928,"43":0.052928,"44":0.06616,"45":1.270272,"46":4.280552,"47":0.026464,"48":null,"49":null},"opera":{"9":null,"9.5-9.6":null,"10.0-10.1":0,"10.5":null,"10.6":null,"11":null,"11.1":null,"11.5":null,"11.6":null,"12":null,"12.1":0.006616,"15":null,"16":null,"17":null,"18":null,"19":null,"20":null,"21":null,"22":null,"23":null,"24":null,"25":null,"26":null,"27":null,"28":null,"29":null,"30":null,"31":null,"32":null,"33":null,"34":null,"35":0.026464,"36":0.072776,"37":0.138936,"38":null,"39":null},"safari":{"3.1":null,"3.2":null,"4":0.013232,"5":0.06616,"5.1":0.39696,"6":0.079392,"6.1":0.112472,"7":0.019848,"7.1":0.337416,"8":0.436656,"9":1.349664,"9.1":2.87796,"0":null},"ios_saf":{"3.2":0,"4.0-4.1":0,"4.2-4.3":0,"5.0-5.1":0,"6.0-6.1":0.0469848019402,"7.0-7.1":0.466089235247,"8":0,"8.1-8.4":1.18777579305,"9.0-9.2":2.48643571867,"9.3":14.4111784511},"android":{"2.1":0,"2.2":0,"2.3":0.0050980988075,"3":0,"4":0.0313168926746,"4.1":0.108152524702,"4.2-4.3":0.249806841567,"4.4":0.566981417376,"4.4.3-4.4.4":0.321180224872,"50":null},"op_mob":{"10":0,"11":0,"11.1":0,"11.5":0,"12":0,"12.1":1.11320607713e-5,"0":0.000272735488898},"ie":{"5.5":null,"6":null,"7":null,"8":0.602056,"9":0.840232,"10":0.502816,"11":11.47876},"bb":{"7":0.014382,"10":null},"ie_mob":{"10":0.374576051613,"11":0.975639948387},"edge":{"12":0.29772,"13":4.320248,"14":null},"and_ff":{"0":0.010152},"and_uc":{"0":0.040608},"op_mini":{"5.0-8.0":0.12830813245},"and_chr":{"0":8.914104}},"total":95.837454}