{"id":"IN","name":"India","month":"2016-01","access_date":"2016-02-03","data":{"firefox":{"2":0.003248,"3":0.149408,"3.5":0.012992,"3.6":0.042224,"4":0.022736,"5":0.012992,"6":0.01624,"7":0.009744,"8":0.012992,"9":0.012992,"10":0.022736,"11":0.035728,"12":0.055216,"13":0.025984,"14":0.035728,"15":0.029232,"16":0.03248,"17":0.025984,"18":0.025984,"19":0.022736,"20":0.025984,"21":0.055216,"22":0.019488,"23":0.022736,"24":0.025984,"25":0.022736,"26":0.019488,"27":0.022736,"28":0.035728,"29":0.051968,"30":0.038976,"31":0.058464,"32":0.029232,"33":0.055216,"34":0.03248,"35":0.051968,"36":0.038976,"37":0.087696,"38":0.185136,"39":0.110432,"40":0.107184,"41":0.12992,"42":0.188384,"43":3.244752,"44":0.902944,"45":0.025984,"46":0.003248,"47":0},"chrome":{"4":0.009744,"5":0.012992,"6":0.01624,"7":0.009744,"8":0.012992,"9":0.006496,"10":0.022736,"11":0.029232,"12":0.025984,"13":0.009744,"14":0.012992,"15":0.009744,"16":0.009744,"17":0.006496,"18":0.01624,"19":0.006496,"20":0.006496,"21":0.006496,"22":0.012992,"23":0.012992,"24":0.009744,"25":0.012992,"26":0.01624,"27":0.029232,"28":0.042224,"29":0.022736,"30":0.022736,"31":0.17864,"32":0.019488,"33":0.116928,"34":0.025984,"35":0.042224,"36":0.038976,"37":0.03248,"38":0.051968,"39":0.06496,"40":0.06496,"41":0.107184,"42":0.055216,"43":0.168896,"44":0.279328,"45":0.204624,"46":0.412496,"47":16.636256,"48":1.67272,"49":0.315056,"50":0.012992,"51":0},"opera":{"9":0,"9.5-9.6":0.003248,"10.0-10.1":0,"10.5":0,"10.6":0.003248,"11":0.003248,"11.1":0,"11.5":0.006496,"11.6":0.009744,"12":0.012992,"12.1":0.035728,"15":0.003248,"16":0.003248,"17":0,"18":0.003248,"19":0.003248,"20":0.003248,"21":0.003248,"22":0.003248,"23":0,"24":0,"25":0.003248,"26":0.006496,"27":0.003248,"28":0.058464,"29":0.006496,"30":0.019488,"31":0.006496,"32":0.019488,"33":0.025984,"34":0.428736,"35":0.003248,"36":0},"safari":{"3.1":0,"3.2":0,"4":0,"5":0.009744,"5.1":0.01624,"6":0.003248,"6.1":0.006496,"7":0.012992,"7.1":0.006496,"8":0.045472,"9":0.133168,"9.1":0},"android":{"2.1":0,"2.2":0,"2.3":0.021571903932,"3":0,"4":0.0896582257173,"4.1":0.306725509033,"4.2-4.3":0.682885583847,"4.4":1.35902994772,"4.4.3-4.4.4":0.711872829756,"47":null},"ios_saf":{"3.2":0,"4.0-4.1":0,"4.2-4.3":0,"5.0-5.1":0,"6.0-6.1":0,"7.0-7.1":0.0558385247759,"8":0.00391594849078,"8.1-8.4":0.159538642217,"9.0-9.2":1.18856288452,"9.3":null},"op_mob":{"10":0,"11":0,"11.1":0,"11.5":0,"12":0.000884704290511,"12.1":0.000884704290511,"0":0.0468893273971},"ie":{"5.5":0,"6":0.0195589945355,"7":0.0130393296903,"8":0.413998717668,"9":0.185810448087,"10":0.215148939891,"11":0.93231207286},"bb":{"7":0.035448,"10":null},"ie_mob":{"10":0.162274957983,"11":0.715485042017},"edge":{"12":0.087696,"13":0.0812,"14":0},"and_uc":{"0":38.594432},"op_mini":{"5.0-8.0":11.807853264},"and_chr":{"0":11.330544},"and_ff":{"0":0.040512}},"total":97.2905645027}