{"id":"IQ","name":"Iraq","month":"2016-05","access_date":"2016-06-03","data":{"chrome":{"4":0.010884,"5":0.013605,"6":0.040815,"7":null,"8":0.008163,"9":null,"10":0.008163,"11":0.035373,"12":0.005442,"13":0.029931,"14":0.016326,"15":0.013605,"16":0.008163,"17":0.005442,"18":0.008163,"19":0.008163,"20":0.005442,"21":0.013605,"22":0.024489,"23":0.010884,"24":0.008163,"25":0.010884,"26":0.010884,"27":0.016326,"28":0.010884,"29":0.097956,"30":0.02721,"31":0.038094,"32":0.013605,"33":0.138771,"34":0.040815,"35":0.02721,"36":0.010884,"37":0.016326,"38":0.125166,"39":0.046257,"40":0.065304,"41":0.02721,"42":0.038094,"43":1.643484,"44":0.111561,"45":0.568689,"46":0.097956,"47":0.157818,"48":0.38094,"49":1.534644,"50":12.949239,"51":0.356451,"52":0.130608,"53":null,"54":null},"firefox":{"2":null,"3":0.002721,"3.5":0.002721,"3.6":0.032652,"4":0.002721,"5":0.005442,"6":0.035373,"7":null,"8":0.002721,"9":0.005442,"10":0.013605,"11":0.008163,"12":0.032652,"13":0.02721,"14":0.005442,"15":0.019047,"16":0.008163,"17":0.002721,"18":0.010884,"19":0.005442,"20":0.008163,"21":0.005442,"22":0.005442,"23":0.010884,"24":0.010884,"25":0.010884,"26":0.008163,"27":0.010884,"28":0.002721,"29":0.021768,"30":0.024489,"31":0.024489,"32":0.016326,"33":0.02721,"34":0.008163,"35":0.035373,"36":0.016326,"37":0.032652,"38":0.032652,"39":0.029931,"40":0.019047,"41":0.038094,"42":0.029931,"43":0.201354,"44":0.130608,"45":0.633993,"46":2.274756,"47":0.280263,"48":0.002721,"49":null},"opera":{"9":null,"9.5-9.6":null,"10.0-10.1":0,"10.5":null,"10.6":null,"11":null,"11.1":null,"11.5":null,"11.6":null,"12":0.005442,"12.1":0.016326,"15":0.008163,"16":null,"17":null,"18":null,"19":null,"20":null,"21":null,"22":null,"23":null,"24":null,"25":null,"26":null,"27":null,"28":0.005442,"29":0.002721,"30":0.005442,"31":null,"32":null,"33":null,"34":0.005442,"35":0.005442,"36":0.087072,"37":0.410871,"38":0.005442,"39":0.002721},"safari":{"3.1":null,"3.2":null,"4":0.002721,"5":0.002721,"5.1":0.019047,"6":null,"6.1":null,"7":0.002721,"7.1":0.002721,"8":0.021768,"9":0.02721,"9.1":0.10884,"0":null},"ios_saf":{"3.2":0,"4.0-4.1":0,"4.2-4.3":0,"5.0-5.1":0,"6.0-6.1":0.0350257427243,"7.0-7.1":0.347455367825,"8":0,"8.1-8.4":0.885450776071,"9.0-9.2":1.85356230497,"9.3":10.7430958084},"android":{"2.1":0,"2.2":0,"2.3":0.0445524361158,"3":0,"4":0.273679250426,"4.1":0.945148109029,"4.2-4.3":2.18306936968,"4.4":4.95486735945,"4.4.3-4.4.4":2.8068034753,"50":null},"op_mob":{"10":0,"11":0,"11.1":0,"11.5":0,"12":0,"12.1":6.86752369822e-5,"0":0.00168254330606},"ie":{"5.5":null,"6":0.00557624288425,"7":0.00278812144213,"8":0.267659658444,"9":0.136617950664,"10":0.133829829222,"11":0.914503833017},"bb":{"7":0.0090975,"10":null},"ie_mob":{"10":0.0605717419355,"11":0.157768258065},"edge":{"12":0.05442,"13":0.171423,"14":null},"and_ff":{"0":0.050946},"and_uc":{"0":0.662298},"op_mini":{"5.0-8.0":0.791550781457},"and_chr":{"0":38.210202}},"total":90.5968151357}