{"id":"IR","name":"Iran","month":"2016-05","access_date":"2016-06-03","data":{"chrome":{"4":0.028805,"5":0.011522,"6":0.011522,"7":0.011522,"8":0.005761,"9":0.005761,"10":0.011522,"11":0.11522,"12":0.017283,"13":0.017283,"14":0.028805,"15":0.023044,"16":0.011522,"17":0.005761,"18":0.017283,"19":0.005761,"20":0.011522,"21":0.017283,"22":0.046088,"23":0.023044,"24":0.023044,"25":0.011522,"26":0.023044,"27":0.017283,"28":0.017283,"29":0.149786,"30":0.023044,"31":0.051849,"32":0.017283,"33":0.063371,"34":0.028805,"35":0.028805,"36":0.051849,"37":0.034566,"38":0.109459,"39":0.080654,"40":0.046088,"41":0.05761,"42":0.046088,"43":0.126742,"44":0.126742,"45":0.213157,"46":0.299572,"47":0.46088,"48":0.524251,"49":2.529079,"50":13.36552,"51":0.23044,"52":0.046088,"53":null,"54":null},"firefox":{"2":null,"3":0.05761,"3.5":0.028805,"3.6":0.074893,"4":0.074893,"5":0.017283,"6":0.080654,"7":0.023044,"8":0.023044,"9":0.028805,"10":0.028805,"11":0.040327,"12":0.126742,"13":0.05761,"14":0.05761,"15":0.051849,"16":0.05761,"17":0.034566,"18":0.034566,"19":0.023044,"20":0.046088,"21":0.05761,"22":0.028805,"23":0.040327,"24":0.074893,"25":0.05761,"26":0.063371,"27":0.046088,"28":0.034566,"29":0.097937,"30":0.097937,"31":0.092176,"32":0.103698,"33":0.161308,"34":0.097937,"35":0.138264,"36":0.144025,"37":0.149786,"38":0.247723,"39":0.207396,"40":0.195874,"41":0.311094,"42":0.339899,"43":1.38264,"44":0.904477,"45":2.903544,"46":9.223361,"47":0.933282,"48":0.011522,"49":null},"opera":{"9":null,"9.5-9.6":null,"10.0-10.1":0,"10.5":null,"10.6":null,"11":null,"11.1":null,"11.5":0.011522,"11.6":0.011522,"12":0.011522,"12.1":0.05761,"15":null,"16":0.005761,"17":null,"18":0.005761,"19":null,"20":0.017283,"21":null,"22":null,"23":null,"24":null,"25":null,"26":0.005761,"27":null,"28":null,"29":null,"30":0.023044,"31":0.005761,"32":0.011522,"33":0.011522,"34":0.017283,"35":0.028805,"36":0.299572,"37":0.178591,"38":null,"39":null},"safari":{"3.1":null,"3.2":null,"4":0.011522,"5":0.005761,"5.1":0.017283,"6":null,"6.1":null,"7":0.011522,"7.1":null,"8":0.05761,"9":0.092176,"9.1":0.184352,"0":null},"ios_saf":{"3.2":0,"4.0-4.1":0,"4.2-4.3":0,"5.0-5.1":0,"6.0-6.1":0.00714281780517,"7.0-7.1":0.0708567526273,"8":0,"8.1-8.4":0.180570434115,"9.0-9.2":0.37799791825,"9.3":2.1908450772},"android":{"2.1":0,"2.2":0,"2.3":0.0345258245315,"3":0,"4":0.212087207836,"4.1":0.732440706133,"4.2-4.3":1.69176540204,"4.4":3.83976491397,"4.4.3-4.4.4":2.17512694549,"50":null},"op_mob":{"10":0,"11":0,"11.1":0,"11.5":0,"12":0,"12.1":0.000433753019088,"0":0.0106269489677},"ie":{"5.5":null,"6":1.00878077911,"7":1.15372054622,"8":5.17145089061,"9":1.76826515879,"10":1.53056394072,"11":5.75700754975},"bb":{"7":0.0148365,"10":null},"ie_mob":{"10":0.0329274580645,"11":0.0857645419355},"edge":{"12":0.195874,"13":0.23044,"14":null},"and_ff":{"0":0.322164},"and_uc":{"0":2.594268},"op_mini":{"5.0-8.0":4.99943729801},"and_chr":{"0":17.700477}},"total":93.5184463652}