{"id":"IR","name":"Iran","month":"2016-01","access_date":"2016-02-03","data":{"firefox":{"2":0.006327,"3":0.082251,"3.5":0.037962,"3.6":0.120213,"4":0.113886,"5":0.025308,"6":0.037962,"7":0.06327,"8":0.044289,"9":0.044289,"10":0.044289,"11":0.069597,"12":0.170829,"13":0.069597,"14":0.088578,"15":0.088578,"16":0.113886,"17":0.056943,"18":0.06327,"19":0.037962,"20":0.069597,"21":0.082251,"22":0.056943,"23":0.069597,"24":0.107559,"25":0.082251,"26":0.107559,"27":0.075924,"28":0.056943,"29":0.158175,"30":0.183483,"31":0.170829,"32":0.208791,"33":0.297369,"34":0.177156,"35":0.246753,"36":0.196137,"37":0.25308,"38":0.436563,"39":0.44289,"40":0.499833,"41":0.645354,"42":1.088244,"43":13.641012,"44":1.790541,"45":0.037962,"46":0.006327,"47":0},"chrome":{"4":0.025308,"5":0.025308,"6":0.025308,"7":0.018981,"8":0.025308,"9":0.012654,"10":0.018981,"11":0.132867,"12":0.025308,"13":0.018981,"14":0.050616,"15":0.031635,"16":0.006327,"17":0.012654,"18":0.018981,"19":0.006327,"20":0.006327,"21":0.012654,"22":0.044289,"23":0.018981,"24":0.018981,"25":0.012654,"26":0.025308,"27":0.018981,"28":0.025308,"29":0.037962,"30":0.025308,"31":0.069597,"32":0.018981,"33":0.069597,"34":0.037962,"35":0.025308,"36":0.075924,"37":0.069597,"38":0.139194,"39":0.101232,"40":0.069597,"41":0.06327,"42":0.069597,"43":0.208791,"44":0.430236,"45":0.468198,"46":0.676989,"47":15.134184,"48":1.334997,"49":0.12654,"50":0.006327,"51":0},"opera":{"9":0,"9.5-9.6":0.006327,"10.0-10.1":0,"10.5":0,"10.6":0,"11":0.006327,"11.1":0,"11.5":0.012654,"11.6":0.018981,"12":0.018981,"12.1":0.113886,"15":0.006327,"16":0.006327,"17":0.006327,"18":0.012654,"19":0.006327,"20":0.012654,"21":0.006327,"22":0.006327,"23":0.006327,"24":0.012654,"25":0.012654,"26":0.018981,"27":0.006327,"28":0.012654,"29":0.012654,"30":0.025308,"31":0.037962,"32":0.151848,"33":0.132867,"34":0.310023,"35":0,"36":0},"safari":{"3.1":0,"3.2":0,"4":0.012654,"5":0.006327,"5.1":0.025308,"6":0.006327,"6.1":0.006327,"7":0.025308,"7.1":0.006327,"8":0.088578,"9":0.227772,"9.1":0},"android":{"2.1":0,"2.2":0,"2.3":0.060890960255,"3":0,"4":0.25307805356,"4.1":0.865793341126,"4.2-4.3":1.92757946057,"4.4":3.83613049607,"4.4.3-4.4.4":2.00940168842,"47":null},"ios_saf":{"3.2":0,"4.0-4.1":0,"4.2-4.3":0,"5.0-5.1":0,"6.0-6.1":0,"7.0-7.1":0.129659686824,"8":0.00909301699804,"8.1-8.4":0.370456248068,"9.0-9.2":2.75989904811,"9.3":null},"op_mob":{"10":0,"11":0,"11.1":0,"11.5":0,"12":0.000436594130083,"12.1":0.000436594130083,"0":0.0231394888944},"ie":{"5.5":0,"6":0.662324575646,"7":0.904327785978,"8":4.73816811808,"9":1.74497051661,"10":1.55391535055,"11":5.89086761993},"bb":{"7":0.01561025,"10":null},"ie_mob":{"10":0.0271616806723,"11":0.119758319328},"edge":{"12":0.234099,"13":0.101232,"14":0},"and_uc":{"0":2.137686},"op_mini":{"5.0-8.0":5.82707632285},"and_chr":{"0":17.747855},"and_ff":{"0":0.448106}},"total":98.2515902168}