{"id":"IT","name":"Italy","month":"2016-05","access_date":"2016-06-03","data":{"chrome":{"4":null,"5":null,"6":null,"7":null,"8":null,"9":null,"10":null,"11":0.027288,"12":null,"13":null,"14":null,"15":null,"16":null,"17":null,"18":null,"19":null,"20":null,"21":0.013644,"22":0.061398,"23":null,"24":null,"25":0.03411,"26":0.040932,"27":0.013644,"28":0.006822,"29":0.498006,"30":0.006822,"31":0.03411,"32":0.06822,"33":0.03411,"34":0.06822,"35":0.075042,"36":0.388854,"37":0.040932,"38":0.06822,"39":0.095508,"40":0.047754,"41":0.088686,"42":0.06822,"43":0.156906,"44":0.088686,"45":0.13644,"46":0.143262,"47":0.191016,"48":0.334278,"49":6.439968,"50":29.150406,"51":0.470718,"52":0.06822,"53":null,"54":null},"firefox":{"2":null,"3":0.006822,"3.5":null,"3.6":0.027288,"4":null,"5":null,"6":0.006822,"7":null,"8":null,"9":null,"10":null,"11":0.013644,"12":0.020466,"13":null,"14":null,"15":0.006822,"16":0.040932,"17":0.006822,"18":null,"19":null,"20":0.013644,"21":0.020466,"22":null,"23":0.006822,"24":0.020466,"25":0.006822,"26":0.013644,"27":0.006822,"28":0.013644,"29":0.020466,"30":0.020466,"31":0.061398,"32":0.013644,"33":0.020466,"34":0.03411,"35":0.03411,"36":0.03411,"37":0.054576,"38":0.143262,"39":0.075042,"40":0.061398,"41":0.06822,"42":0.088686,"43":0.30699,"44":0.225126,"45":2.162574,"46":7.906698,"47":0.061398,"48":0.006822,"49":null},"opera":{"9":null,"9.5-9.6":null,"10.0-10.1":0,"10.5":null,"10.6":null,"11":null,"11.1":null,"11.5":null,"11.6":null,"12":null,"12.1":0.061398,"15":null,"16":null,"17":null,"18":null,"19":null,"20":null,"21":null,"22":null,"23":null,"24":null,"25":null,"26":null,"27":null,"28":0.03411,"29":null,"30":null,"31":null,"32":null,"33":null,"34":0.006822,"35":0.013644,"36":0.184194,"37":0.416142,"38":null,"39":null},"safari":{"3.1":null,"3.2":null,"4":0.040932,"5":0.122796,"5.1":0.293346,"6":0.027288,"6.1":0.184194,"7":0.06822,"7.1":0.040932,"8":0.37521,"9":0.948258,"9.1":2.749266,"0":null},"ios_saf":{"3.2":0,"4.0-4.1":0,"4.2-4.3":0,"5.0-5.1":0,"6.0-6.1":0.0192443057801,"7.0-7.1":0.190903513339,"8":0,"8.1-8.4":0.486496050121,"9.0-9.2":1.01840866188,"9.3":5.90261346888},"android":{"2.1":0,"2.2":0,"2.3":0.0119630675752,"3":0,"4":0.0734874151051,"4.1":0.25378793356,"4.2-4.3":0.586190311187,"4.4":1.33046401533,"4.4.3-4.4.4":0.75367325724,"50":null},"op_mob":{"10":0,"11":0,"11.1":0,"11.5":0,"12":0,"12.1":1.81576418647e-5,"0":0.000444862225685},"ie":{"5.5":null,"6":0.0137259811159,"7":0.0274519622318,"8":0.672573074678,"9":0.528450272961,"10":0.425505414592,"11":6.32081430386},"bb":{"7":0.0373415,"10":null},"ie_mob":{"10":0.489309483871,"11":1.27448051613},"edge":{"12":0.191016,"13":1.732788,"14":null},"and_ff":{"0":0.073094},"and_uc":{"0":0.463988},"op_mini":{"5.0-8.0":0.209284980132},"and_chr":{"0":15.996684}},"total":95.2429065094}