{"id":"JE","name":"Jersey","month":"2016-05","access_date":"2016-06-03","data":{"chrome":{"4":null,"5":null,"6":null,"7":null,"8":null,"9":null,"10":null,"11":0.016497,"12":null,"13":null,"14":null,"15":null,"16":null,"17":null,"18":0.005499,"19":null,"20":null,"21":null,"22":0.005499,"23":null,"24":0.021996,"25":null,"26":null,"27":null,"28":null,"29":0.010998,"30":null,"31":0.027495,"32":0.005499,"33":0.032994,"34":0.010998,"35":0.010998,"36":0.021996,"37":null,"38":0.010998,"39":0.027495,"40":0.027495,"41":0.016497,"42":null,"43":0.05499,"44":0.065988,"45":0.142974,"46":0.065988,"47":0.060489,"48":0.467415,"49":3.381885,"50":18.190692,"51":0.291447,"52":0.032994,"53":null,"54":null},"firefox":{"2":null,"3":null,"3.5":null,"3.6":null,"4":null,"5":null,"6":null,"7":null,"8":null,"9":null,"10":null,"11":null,"12":0.032994,"13":0.087984,"14":null,"15":null,"16":0.010998,"17":null,"18":null,"19":0.032994,"20":null,"21":0.021996,"22":null,"23":null,"24":null,"25":null,"26":0.010998,"27":null,"28":null,"29":0.104481,"30":null,"31":null,"32":0.016497,"33":0.087984,"34":0.016497,"35":null,"36":null,"37":0.016497,"38":0.065988,"39":0.005499,"40":0.016497,"41":0.016497,"42":0.032994,"43":0.038493,"44":0.049491,"45":0.951327,"46":3.90429,"47":0.032994,"48":null,"49":null},"opera":{"9":0.005499,"9.5-9.6":null,"10.0-10.1":0,"10.5":null,"10.6":null,"11":null,"11.1":null,"11.5":null,"11.6":null,"12":null,"12.1":0.021996,"15":null,"16":null,"17":null,"18":null,"19":null,"20":null,"21":null,"22":null,"23":null,"24":null,"25":null,"26":null,"27":null,"28":null,"29":null,"30":null,"31":null,"32":null,"33":null,"34":null,"35":null,"36":0.065988,"37":0.450918,"38":null,"39":null},"safari":{"3.1":null,"3.2":null,"4":0.027495,"5":0.098982,"5.1":0.648882,"6":0.098982,"6.1":0.346437,"7":0.192465,"7.1":0.060489,"8":0.978822,"9":1.803672,"9.1":5.251545,"0":null},"ios_saf":{"3.2":0,"4.0-4.1":0,"4.2-4.3":0,"5.0-5.1":0,"6.0-6.1":0.0658821594584,"7.0-7.1":0.653551021827,"8":0,"8.1-8.4":1.66550099111,"9.0-9.2":3.48648387854,"9.3":20.2073759491},"android":{"2.1":0,"2.2":0,"2.3":0.00563583475298,"3":0,"4":0.0346201277683,"4.1":0.119560208688,"4.2-4.3":0.276155902896,"4.4":0.626785336457,"4.4.3-4.4.4":0.355057589438,"50":null},"op_mob":{"10":0,"11":0,"11.1":0,"11.5":0,"12":0,"12.1":3.23406484006e-5,"0":0.000792345885816},"ie":{"5.5":null,"6":null,"7":0.010998,"8":0.241956,"9":0.252954,"10":0.764361,"11":11.278449},"bb":{"7":0.06188875,"10":null},"ie_mob":{"10":0.383340006452,"11":0.998466993548},"edge":{"12":0.186966,"13":2.425059,"14":0.005499},"and_ff":{"0":0.009002},"and_uc":{"0":0.081018},"op_mini":{"5.0-8.0":0.372758313466},"and_chr":{"0":11.986003}},"total":95.17013075}