{"id":"JP","name":"Japan","month":"2016-05","access_date":"2016-06-03","data":{"chrome":{"4":null,"5":null,"6":null,"7":null,"8":null,"9":null,"10":null,"11":0.019368,"12":null,"13":null,"14":null,"15":null,"16":null,"17":0.03228,"18":null,"19":null,"20":null,"21":0.012912,"22":0.012912,"23":null,"24":null,"25":null,"26":null,"27":0.012912,"28":null,"29":0.135576,"30":null,"31":0.038736,"32":0.012912,"33":0.019368,"34":0.025824,"35":0.019368,"36":0.019368,"37":0.012912,"38":0.012912,"39":0.025824,"40":0.019368,"41":0.077472,"42":0.071016,"43":0.058104,"44":0.051648,"45":0.22596,"46":0.06456,"47":0.135576,"48":0.180768,"49":4.106016,"50":16.436976,"51":0.284064,"52":0.077472,"53":0.006456,"54":null},"firefox":{"2":null,"3":null,"3.5":0.006456,"3.6":0.025824,"4":null,"5":null,"6":null,"7":null,"8":null,"9":null,"10":0.012912,"11":0.006456,"12":0.025824,"13":null,"14":null,"15":0.006456,"16":0.038736,"17":null,"18":null,"19":0.006456,"20":null,"21":0.006456,"22":null,"23":0.006456,"24":0.019368,"25":0.006456,"26":null,"27":0.006456,"28":0.025824,"29":0.019368,"30":0.012912,"31":0.051648,"32":0.012912,"33":0.03228,"34":0.045192,"35":0.071016,"36":0.038736,"37":0.03228,"38":0.167856,"39":0.06456,"40":0.058104,"41":0.058104,"42":0.06456,"43":0.180768,"44":0.154944,"45":1.730208,"46":7.353384,"47":0.071016,"48":0.019368,"49":0.006456},"opera":{"9":null,"9.5-9.6":null,"10.0-10.1":0,"10.5":null,"10.6":null,"11":null,"11.1":null,"11.5":null,"11.6":0.006456,"12":null,"12.1":0.238872,"15":null,"16":null,"17":null,"18":null,"19":null,"20":null,"21":null,"22":null,"23":null,"24":null,"25":null,"26":null,"27":null,"28":0.006456,"29":null,"30":0.006456,"31":null,"32":null,"33":null,"34":0.012912,"35":0.006456,"36":0.167856,"37":0.342168,"38":null,"39":null},"safari":{"3.1":null,"3.2":null,"4":0.06456,"5":0.174312,"5.1":0.439008,"6":0.09684,"6.1":0.309888,"7":0.135576,"7.1":0.077472,"8":0.367992,"9":0.606864,"9.1":2.330616,"0":null},"ios_saf":{"3.2":0,"4.0-4.1":0,"4.2-4.3":0,"5.0-5.1":0,"6.0-6.1":0.0603887429264,"7.0-7.1":0.59905632983,"8":0,"8.1-8.4":1.52662742118,"9.0-9.2":3.19577227567,"9.3":18.5224352304},"android":{"2.1":0,"2.2":0,"2.3":0.0127914048836,"3":0,"4":0.0785757728563,"4.1":0.271360517888,"4.2-4.3":0.626778839296,"4.4":1.42258695741,"4.4.3-4.4.4":0.805858507666,"50":null},"op_mob":{"10":0,"11":0,"11.1":0,"11.5":0,"12":0,"12.1":5.52239968835e-6,"0":0.000135298792365},"ie":{"5.5":null,"6":0.0453632997932,"7":0.0388828283942,"8":0.492515826327,"9":1.00447306685,"10":0.453632997932,"11":16.7649795093},"bb":{"7":0.010632,"10":null},"ie_mob":{"10":0.0186803096774,"11":0.0486556903226},"edge":{"12":0.116208,"13":2.369352,"14":null},"and_ff":{"0":0.038984},"and_uc":{"0":0.2658},"op_mini":{"5.0-8.0":0.0636511788079},"and_chr":{"0":9.898488}},"total":96.7978795286}