{"id":"KG","name":"Kyrgyzstan","month":"2016-05","access_date":"2016-06-03","data":{"chrome":{"4":0.017442,"5":0.005814,"6":0.011628,"7":0.011628,"8":0.023256,"9":0.011628,"10":0.040698,"11":0.034884,"12":0.05814,"13":0.162792,"14":0.034884,"15":0.034884,"16":0.023256,"17":0.052326,"18":0.05814,"19":0.017442,"20":0.023256,"21":0.02907,"22":0.040698,"23":0.034884,"24":0.046512,"25":0.040698,"26":0.023256,"27":0.02907,"28":0.02907,"29":0.296514,"30":0.005814,"31":0.040698,"32":null,"33":0.011628,"34":0.02907,"35":0.023256,"36":0.063954,"37":0.017442,"38":0.046512,"39":0.104652,"40":0.104652,"41":0.02907,"42":0.046512,"43":0.360468,"44":0.075582,"45":0.424422,"46":0.11628,"47":0.337212,"48":0.395352,"49":5.686092,"50":27.697896,"51":0.354654,"52":0.430236,"53":null,"54":null},"firefox":{"2":0.023256,"3":0.034884,"3.5":0.075582,"3.6":0.220932,"4":0.017442,"5":0.005814,"6":0.017442,"7":null,"8":null,"9":0.023256,"10":0.017442,"11":0.011628,"12":0.011628,"13":0.011628,"14":null,"15":0.005814,"16":0.011628,"17":0.011628,"18":null,"19":0.005814,"20":0.011628,"21":0.011628,"22":0.011628,"23":0.005814,"24":0.011628,"25":0.011628,"26":null,"27":null,"28":null,"29":null,"30":0.005814,"31":0.017442,"32":0.005814,"33":0.011628,"34":0.023256,"35":0.08721,"36":0.023256,"37":null,"38":0.023256,"39":0.046512,"40":0.011628,"41":0.046512,"42":0.122094,"43":0.11628,"44":0.040698,"45":0.534888,"46":3.534912,"47":0.017442,"48":0.005814,"49":null},"opera":{"9":null,"9.5-9.6":0.005814,"10.0-10.1":0,"10.5":0.011628,"10.6":0.023256,"11":0.017442,"11.1":0.017442,"11.5":0.023256,"11.6":0.081396,"12":0.069768,"12.1":0.587214,"15":null,"16":0.017442,"17":null,"18":0.011628,"19":null,"20":0.011628,"21":0.011628,"22":0.005814,"23":null,"24":0.017442,"25":0.034884,"26":null,"27":0.046512,"28":0.005814,"29":0.005814,"30":0.023256,"31":0.005814,"32":null,"33":0.656982,"34":0.093024,"35":0.046512,"36":0.912798,"37":3.232584,"38":null,"39":null},"safari":{"3.1":null,"3.2":null,"4":0.046512,"5":0.040698,"5.1":0.052326,"6":0.011628,"6.1":0.023256,"7":0.017442,"7.1":null,"8":0.104652,"9":0.133722,"9.1":0.779076,"0":null},"ios_saf":{"3.2":0,"4.0-4.1":0,"4.2-4.3":0,"5.0-5.1":0,"6.0-6.1":0.00950690683104,"7.0-7.1":0.0943085157639,"8":0,"8.1-8.4":0.240334604689,"9.0-9.2":0.503105509499,"9.3":2.91595846322},"android":{"2.1":0,"2.2":0,"2.3":0.0222468904032,"3":0,"4":0.13665946962,"4.1":0.471951889267,"4.2-4.3":1.09009762976,"4.4":2.47417202555,"4.4.3-4.4.4":1.4015540954,"50":null},"op_mob":{"10":0,"11":0,"11.1":0,"11.5":0,"12":0,"12.1":0.000842889321733,"0":0.0206507883825},"ie":{"5.5":null,"6":0.0631472727273,"7":0.0442030909091,"8":0.997726909091,"9":0.239959636364,"10":0.189441818182,"11":1.10507727273},"bb":{"7":0.0094185,"10":null},"ie_mob":{"10":0.118450296774,"11":0.308521703226},"edge":{"12":0.075582,"13":0.418608,"14":null},"and_ff":{"0":0.008372},"and_uc":{"0":4.868318},"op_mini":{"5.0-8.0":9.7151423223},"and_chr":{"0":15.56055}},"total":93.1275645}