{"id":"KH","name":"Cambodia","month":"2016-01","access_date":"2016-02-03","data":{"firefox":{"2":0,"3":0.021105,"3.5":0.008442,"3.6":0.059094,"4":0.008442,"5":0.004221,"6":0.021105,"7":0.004221,"8":0.004221,"9":0.008442,"10":0.012663,"11":0.025326,"12":0.054873,"13":0.021105,"14":0.016884,"15":0.016884,"16":0.029547,"17":0.016884,"18":0.029547,"19":0.033768,"20":0.021105,"21":0.029547,"22":0.046431,"23":0.04221,"24":0.012663,"25":0.04221,"26":0.113967,"27":0.033768,"28":0.021105,"29":0.160398,"30":0.113967,"31":0.075978,"32":0.08442,"33":0.101304,"34":0.08442,"35":0.139293,"36":0.151956,"37":0.122409,"38":0.270144,"39":0.303912,"40":0.341901,"41":0.240597,"42":0.4221,"43":5.900958,"44":1.912113,"45":0.08442,"46":0.004221,"47":0},"chrome":{"4":0,"5":0,"6":0.008442,"7":0.008442,"8":0.004221,"9":0,"10":0.004221,"11":0.080199,"12":0.012663,"13":0.004221,"14":0.004221,"15":0.021105,"16":0.004221,"17":0,"18":0,"19":0,"20":0.004221,"21":0.025326,"22":0.008442,"23":0.025326,"24":0.004221,"25":0.021105,"26":0.004221,"27":0.008442,"28":0.025326,"29":0.046431,"30":0.016884,"31":0.105525,"32":0.025326,"33":0.109746,"34":0.04221,"35":0.029547,"36":0.063315,"37":0.029547,"38":0.033768,"39":0.08442,"40":0.059094,"41":0.08442,"42":0.202608,"43":0.75978,"44":0.510741,"45":1.190322,"46":0.493857,"47":13.54941,"48":1.528002,"49":0.502299,"50":0.033768,"51":0},"opera":{"9":0,"9.5-9.6":0.004221,"10.0-10.1":0,"10.5":0,"10.6":0,"11":0,"11.1":0,"11.5":0,"11.6":0.004221,"12":0,"12.1":0.050652,"15":0.004221,"16":0,"17":0,"18":0,"19":0,"20":0.004221,"21":0,"22":0,"23":0,"24":0,"25":0,"26":0,"27":0,"28":0.004221,"29":0.021105,"30":0.004221,"31":0.067536,"32":0.016884,"33":0.021105,"34":0.628929,"35":0.004221,"36":0},"safari":{"3.1":0,"3.2":0,"4":0.025326,"5":0.004221,"5.1":0.033768,"6":0.037989,"6.1":0.029547,"7":0.050652,"7.1":0.025326,"8":0.249039,"9":0.751338,"9.1":0.004221},"android":{"2.1":0,"2.2":0,"2.3":0.0990439175345,"3":0,"4":0.411651282253,"4.1":1.40828070244,"4.2-4.3":3.13535901445,"4.4":6.23976680468,"4.4.3-4.4.4":3.26844927864,"47":null},"ios_saf":{"3.2":0,"4.0-4.1":0,"4.2-4.3":0,"5.0-5.1":0,"6.0-6.1":0,"7.0-7.1":0.981468954363,"8":0.068830290306,"8.1-8.4":2.80419701247,"9.0-9.2":20.8912677429,"9.3":null},"op_mob":{"10":0,"11":0,"11.1":0,"11.5":0,"12":0.000279427334909,"12.1":0.000279427334909,"0":0.0148096487502},"ie":{"5.5":0,"6":0.0395432112676,"7":0.0247145070423,"8":0.850179042254,"9":0.182887352113,"10":0.301516985915,"11":1.04789509859},"bb":{"7":0.005779,"10":null},"ie_mob":{"10":0.14102702521,"11":0.62180097479},"edge":{"12":0.177282,"13":0.177282,"14":0},"and_uc":{"0":2.450296},"op_mini":{"5.0-8.0":3.72942349658},"and_chr":{"0":16.609147},"and_ff":{"0":0.086685}},"total":98.8702241972}