{"id":"KM","name":"Comoros","month":"2016-05","access_date":"2016-06-03","data":{"chrome":{"4":0.004403,"5":0.004403,"6":null,"7":0.004403,"8":null,"9":0.074851,"10":null,"11":0.030821,"12":0.035224,"13":0.092463,"14":null,"15":null,"16":0.013209,"17":0.026418,"18":null,"19":0.017612,"20":null,"21":null,"22":null,"23":null,"24":null,"25":0.052836,"26":0.048433,"27":0.013209,"28":0.004403,"29":0.008806,"30":0.008806,"31":0.004403,"32":0.035224,"33":0.039627,"34":0.061642,"35":0.022015,"36":0.04403,"37":null,"38":0.017612,"39":0.039627,"40":0.061642,"41":0.334628,"42":0.066045,"43":0.506345,"44":0.057239,"45":1.347318,"46":0.061642,"47":0.123284,"48":0.237762,"49":3.548818,"50":12.200713,"51":0.479927,"52":0.030821,"53":null,"54":null},"firefox":{"2":null,"3":0.066045,"3.5":null,"3.6":0.026418,"4":0.013209,"5":null,"6":0.004403,"7":null,"8":null,"9":null,"10":1.149183,"11":0.057239,"12":0.096866,"13":null,"14":0.154105,"15":null,"16":0.008806,"17":0.017612,"18":0.008806,"19":0.004403,"20":null,"21":0.035224,"22":null,"23":0.004403,"24":0.008806,"25":0.017612,"26":null,"27":0.008806,"28":0.202538,"29":0.017612,"30":0.017612,"31":0.964257,"32":0.017612,"33":0.074851,"34":0.017612,"35":null,"36":0.04403,"37":0.198135,"38":0.145299,"39":0.158508,"40":0.048433,"41":0.255374,"42":0.039627,"43":2.016574,"44":0.959854,"45":2.408441,"46":4.055163,"47":0.08806,"48":0.110075,"49":null},"opera":{"9":null,"9.5-9.6":null,"10.0-10.1":0,"10.5":null,"10.6":null,"11":null,"11.1":null,"11.5":null,"11.6":null,"12":null,"12.1":0.017612,"15":0.039627,"16":0.030821,"17":0.013209,"18":0.008806,"19":0.004403,"20":null,"21":0.004403,"22":0.004403,"23":null,"24":null,"25":null,"26":null,"27":null,"28":0.008806,"29":0.004403,"30":null,"31":null,"32":0.004403,"33":null,"34":0.008806,"35":0.013209,"36":0.946645,"37":0.722092,"38":null,"39":null},"safari":{"3.1":null,"3.2":null,"4":0,"5":0.004403,"5.1":null,"6":null,"6.1":null,"7":null,"7.1":null,"8":0.008806,"9":0.453509,"9.1":1.003884,"0":null},"ios_saf":{"3.2":0,"4.0-4.1":0,"4.2-4.3":0,"5.0-5.1":0,"6.0-6.1":0.00279963116411,"7.0-7.1":0.0277723411479,"8":0,"8.1-8.4":0.0707746758286,"9.0-9.2":0.148156481205,"9.3":0.858702870655},"android":{"2.1":0,"2.2":0,"2.3":0.0367317030097,"3":0,"4":0.225637604202,"4.1":0.779236842419,"4.2-4.3":1.79985344747,"4.4":4.08509011329,"4.4.3-4.4.4":2.31409728961,"50":null},"op_mob":{"10":0,"11":0,"11.1":0,"11.5":0,"12":0,"12.1":0.0019196912955,"0":0.0470324367398},"ie":{"5.5":null,"6":null,"7":0.0178723924731,"8":0.174255826613,"9":0.236809200269,"10":0.227873004032,"11":2.66745457661},"bb":{"7":0.02658575,"10":null},"ie_mob":{"10":0.25619816129,"11":0.66730683871},"edge":{"12":0.083657,"13":0.184926,"14":null},"and_ff":{"0":0.005597},"and_uc":{"0":6.374983},"op_mini":{"5.0-8.0":22.126361872},"and_chr":{"0":16.85415}},"total":96.88636275}