{"id":"KN","name":"Saint Kitts and Nevis","month":"2016-05","access_date":"2016-06-03","data":{"chrome":{"4":null,"5":null,"6":null,"7":null,"8":null,"9":null,"10":null,"11":0.033385,"12":null,"13":null,"14":0.020031,"15":null,"16":null,"17":null,"18":null,"19":null,"20":null,"21":null,"22":0.033385,"23":null,"24":null,"25":null,"26":0.006677,"27":null,"28":null,"29":0.13354,"30":null,"31":0.026708,"32":0.006677,"33":0.020031,"34":0.020031,"35":0.020031,"36":0.033385,"37":0.013354,"38":0.020031,"39":0.026708,"40":0.060093,"41":0.026708,"42":0.020031,"43":0.126863,"44":0.053416,"45":1.488971,"46":0.086801,"47":0.140217,"48":0.253726,"49":4.787409,"50":32.323357,"51":0.327173,"52":0.140217,"53":null,"54":null},"firefox":{"2":null,"3":null,"3.5":null,"3.6":0.013354,"4":null,"5":null,"6":null,"7":null,"8":null,"9":0.013354,"10":null,"11":0.026708,"12":null,"13":null,"14":null,"15":null,"16":null,"17":null,"18":null,"19":null,"20":null,"21":0.020031,"22":null,"23":null,"24":null,"25":null,"26":null,"27":null,"28":null,"29":null,"30":null,"31":0.006677,"32":null,"33":null,"34":0.13354,"35":null,"36":null,"37":0.006677,"38":0.026708,"39":0.060093,"40":0.020031,"41":null,"42":0.126863,"43":0.053416,"44":0.220341,"45":0.994873,"46":5.314892,"47":0.093478,"48":null,"49":null},"opera":{"9":null,"9.5-9.6":null,"10.0-10.1":0,"10.5":null,"10.6":null,"11":null,"11.1":null,"11.5":null,"11.6":null,"12":null,"12.1":0.033385,"15":null,"16":null,"17":null,"18":null,"19":null,"20":null,"21":null,"22":null,"23":null,"24":null,"25":null,"26":null,"27":null,"28":0.013354,"29":0.093478,"30":null,"31":null,"32":null,"33":0.006677,"34":null,"35":0.013354,"36":0.080124,"37":0.280434,"38":null,"39":null},"safari":{"3.1":null,"3.2":null,"4":0.006677,"5":0.026708,"5.1":0.086801,"6":null,"6.1":0.220341,"7":0.013354,"7.1":0.013354,"8":0.440682,"9":0.981519,"9.1":2.764278,"0":null},"ios_saf":{"3.2":0,"4.0-4.1":0,"4.2-4.3":0,"5.0-5.1":0,"6.0-6.1":0.0178641471302,"7.0-7.1":0.177212339531,"8":0,"8.1-8.4":0.45160563945,"9.0-9.2":0.945370666128,"9.3":5.47929120776},"android":{"2.1":0,"2.2":0,"2.3":0.0175018881317,"3":0,"4":0.107511598524,"4.1":0.371290055366,"4.2-4.3":0.857592518455,"4.4":1.94645998722,"4.4.3-4.4.4":1.1026189523,"50":null},"op_mob":{"10":0,"11":0,"11.1":0,"11.5":0,"12":0,"12.1":1.55340864823e-5,"0":0.000380585118816},"ie":{"5.5":null,"6":null,"7":0.00671317009751,"8":0.167829252438,"9":0.140976572048,"10":0.21482144312,"11":5.6659155623},"bb":{"7":0.24839425,"10":null},"ie_mob":{"10":0.21663816129,"11":0.56426683871},"edge":{"12":0.227018,"13":3.291761,"14":null},"and_ff":{"0":0.06646},"and_uc":{"0":0.402083},"op_mini":{"5.0-8.0":0.179045880795},"and_chr":{"0":18.744021}},"total":94.06517125}