{"id":"KP","name":"North Korea","month":"2016-05","access_date":"2016-06-03","data":{"chrome":{"4":null,"5":null,"6":null,"7":null,"8":null,"9":null,"10":null,"11":0.146688,"12":null,"13":null,"14":null,"15":0.027504,"16":null,"17":null,"18":null,"19":null,"20":null,"21":null,"22":3.034608,"23":null,"24":null,"25":0.027504,"26":0.055008,"27":0.430896,"28":0.660096,"29":null,"30":null,"31":0.403392,"32":0.174192,"33":null,"34":null,"35":null,"36":0.403392,"37":null,"38":null,"39":null,"40":1.173504,"41":null,"42":0.485904,"43":1.311024,"44":2.026128,"45":0.430896,"46":0.146688,"47":null,"48":3.685536,"49":12.807696,"50":36.250272,"51":0.055008,"52":null,"53":null,"54":null},"firefox":{"2":null,"3":null,"3.5":null,"3.6":null,"4":null,"5":0.375888,"6":null,"7":null,"8":null,"9":null,"10":null,"11":null,"12":0.430896,"13":null,"14":null,"15":null,"16":null,"17":null,"18":null,"19":null,"20":null,"21":null,"22":null,"23":null,"24":null,"25":null,"26":null,"27":null,"28":null,"29":null,"30":null,"31":null,"32":null,"33":null,"34":null,"35":null,"36":null,"37":0.403392,"38":0.110016,"39":null,"40":0.174192,"41":null,"42":0.055008,"43":0.430896,"44":0.027504,"45":3.401328,"46":16.236528,"47":null,"48":null,"49":null},"opera":{"9":null,"9.5-9.6":null,"10.0-10.1":0,"10.5":null,"10.6":null,"11":null,"11.1":null,"11.5":null,"11.6":null,"12":null,"12.1":null,"15":null,"16":null,"17":null,"18":null,"19":null,"20":null,"21":null,"22":null,"23":null,"24":null,"25":null,"26":null,"27":null,"28":null,"29":null,"30":null,"31":null,"32":null,"33":null,"34":null,"35":null,"36":null,"37":0.174192,"38":null,"39":null},"safari":{"3.1":null,"3.2":null,"4":0,"5":null,"5.1":null,"6":null,"6.1":null,"7":0.174192,"7.1":0.110016,"8":null,"9":0.2292,"9.1":0.999312,"0":null},"ios_saf":{"3.2":0,"4.0-4.1":0,"4.2-4.3":0,"5.0-5.1":0,"6.0-6.1":0.0109065481002,"7.0-7.1":0.108192957154,"8":0,"8.1-8.4":0.275717535974,"9.0-9.2":0.577174525465,"9.3":3.34525643331},"android":{"2.1":0,"2.2":0,"2.3":0.000935940942646,"3":0,"4":0.00574935150483,"4.1":0.019855318569,"4.2-4.3":0.0458611061897,"4.4":0.104090003407,"4.4.3-4.4.4":0.0589642793867,"50":null},"op_mob":{"10":0,"11":0,"11.1":0,"11.5":0,"12":0,"12.1":0,"0":0},"ie":{"5.5":null,"6":null,"7":null,"8":0.57035255615,"9":0.0968523208556,"10":0.602636663102,"11":2.75491045989},"bb":{"7":0.117728,"10":null},"ie_mob":{"10":0,"11":0},"edge":{"12":0.055008,"13":0.2292,"14":null},"and_ff":{"0":0.078208},"and_uc":{"0":0.470912},"op_mini":{"5.0-8.0":0},"and_chr":{"0":2.774768}},"total":99.371776}