{"id":"KR","name":"South Korea","month":"2016-05","access_date":"2016-06-03","data":{"chrome":{"4":null,"5":null,"6":null,"7":null,"8":null,"9":null,"10":null,"11":0.02031,"12":null,"13":null,"14":null,"15":null,"16":null,"17":null,"18":0.01354,"19":null,"20":null,"21":null,"22":0.00677,"23":null,"24":0.00677,"25":null,"26":0.01354,"27":0.06093,"28":0.01354,"29":0.96811,"30":0.00677,"31":0.18956,"32":0.01354,"33":0.00677,"34":0.02708,"35":0.02031,"36":0.02708,"37":0.02708,"38":0.01354,"39":0.02708,"40":0.01354,"41":0.11509,"42":0.25726,"43":0.10155,"44":0.07447,"45":0.18279,"46":0.14894,"47":0.18279,"48":0.34527,"49":3.62195,"50":23.34296,"51":0.42651,"52":0.06093,"53":0.01354,"54":null},"firefox":{"2":null,"3":0.01354,"3.5":null,"3.6":0.01354,"4":null,"5":null,"6":0.02031,"7":null,"8":null,"9":null,"10":null,"11":null,"12":null,"13":null,"14":null,"15":null,"16":0.00677,"17":null,"18":null,"19":null,"20":null,"21":0.06093,"22":0.00677,"23":0.02708,"24":null,"25":null,"26":null,"27":null,"28":null,"29":null,"30":null,"31":0.04062,"32":null,"33":0.01354,"34":null,"35":null,"36":0.01354,"37":0.03385,"38":0.01354,"39":0.02031,"40":0.01354,"41":0.02031,"42":0.04739,"43":0.03385,"44":0.02708,"45":0.23018,"46":1.13736,"47":0.05416,"48":null,"49":null},"opera":{"9":null,"9.5-9.6":null,"10.0-10.1":0,"10.5":null,"10.6":null,"11":null,"11.1":null,"11.5":null,"11.6":null,"12":0.00677,"12.1":0.04062,"15":null,"16":null,"17":null,"18":null,"19":null,"20":null,"21":null,"22":null,"23":null,"24":null,"25":null,"26":null,"27":null,"28":0.04062,"29":null,"30":null,"31":null,"32":null,"33":null,"34":null,"35":null,"36":0.03385,"37":0.1354,"38":null,"39":null},"safari":{"3.1":null,"3.2":null,"4":0.04062,"5":0.10155,"5.1":0.0677,"6":0.04062,"6.1":0.03385,"7":0.04739,"7.1":0.01354,"8":0.23695,"9":0.37912,"9.1":1.09674,"0":null},"ios_saf":{"3.2":0,"4.0-4.1":0,"4.2-4.3":0,"5.0-5.1":0,"6.0-6.1":0.0154907816289,"7.0-7.1":0.153668553759,"8":0,"8.1-8.4":0.39160695958,"9.0-9.2":0.819772163804,"9.3":4.75133254123},"android":{"2.1":0,"2.2":0,"2.3":0.00913874843839,"3":0,"4":0.0561380261215,"4.1":0.193872020443,"4.2-4.3":0.447798673481,"4.4":1.0163593799,"4.4.3-4.4.4":0.575741151618,"50":null},"op_mob":{"10":0,"11":0,"11.1":0,"11.5":0,"12":0,"12.1":1.0342639484e-5,"0":0.000253394667359},"ie":{"5.5":null,"6":0.0614410352265,"7":0.102401725377,"8":1.87053818356,"9":1.97293990894,"10":2.12312910616,"11":22.3372296957},"bb":{"7":0.009687,"10":null},"ie_mob":{"10":0.0143325935484,"11":0.0373314064516},"edge":{"12":0.0677,"13":1.25922,"14":null},"and_ff":{"0":0.019374},"and_uc":{"0":0.264778},"op_mini":{"5.0-8.0":0.119209262693},"and_chr":{"0":17.481126}},"total":90.6850806549}