{"id":"KR","name":"South Korea","month":"2016-01","access_date":"2016-02-03","data":{"firefox":{"2":0,"3":0.007092,"3.5":0,"3.6":0.007092,"4":0,"5":0,"6":0,"7":0,"8":0,"9":0,"10":0.007092,"11":0.007092,"12":0,"13":0,"14":0.007092,"15":0,"16":0,"17":0,"18":0,"19":0,"20":0,"21":0.03546,"22":0.007092,"23":0.007092,"24":0.007092,"25":0.007092,"26":0,"27":0.007092,"28":0.007092,"29":0.007092,"30":0,"31":0.007092,"32":0,"33":0.014184,"34":0.007092,"35":0,"36":0.007092,"37":0.03546,"38":0.021276,"39":0.007092,"40":0.007092,"41":0.007092,"42":0.021276,"43":0.645372,"44":0.063828,"45":0,"46":0,"47":0},"chrome":{"4":0,"5":0,"6":0,"7":0,"8":0,"9":0,"10":0,"11":0.021276,"12":0,"13":0,"14":0,"15":0,"16":0,"17":0,"18":0.07092,"19":0.021276,"20":0.007092,"21":0,"22":0.028368,"23":0.007092,"24":0.007092,"25":0.007092,"26":0.014184,"27":0.063828,"28":0.014184,"29":0.03546,"30":0.03546,"31":0.120564,"32":0.021276,"33":0.021276,"34":0.03546,"35":0.028368,"36":0.03546,"37":0.028368,"38":0.056736,"39":0.049644,"40":0.028368,"41":0.120564,"42":0.148932,"43":0.134748,"44":0.134748,"45":0.226944,"46":0.397152,"47":16.538544,"48":1.98576,"49":0.03546,"50":0.014184,"51":0},"opera":{"9":0,"9.5-9.6":0,"10.0-10.1":0,"10.5":0,"10.6":0,"11":0,"11.1":0,"11.5":0,"11.6":0.007092,"12":0.007092,"12.1":0.021276,"15":0,"16":0,"17":0,"18":0,"19":0,"20":0,"21":0,"22":0,"23":0,"24":0,"25":0,"26":0,"27":0,"28":0.056736,"29":0,"30":0,"31":0,"32":0,"33":0,"34":0.10638,"35":0,"36":0},"safari":{"3.1":0,"3.2":0,"4":0.021276,"5":0.014184,"5.1":0.03546,"6":0.014184,"6.1":0.021276,"7":0.028368,"7.1":0.014184,"8":0.127656,"9":0.510624,"9.1":0},"android":{"2.1":0,"2.2":0,"2.3":0.0165647778959,"3":0,"4":0.0688473581296,"4.1":0.235530435707,"4.2-4.3":0.524378750266,"4.4":1.04358100744,"4.4.3-4.4.4":0.546637670563,"47":null},"ios_saf":{"3.2":0,"4.0-4.1":0,"4.2-4.3":0,"5.0-5.1":0,"6.0-6.1":0,"7.0-7.1":0.282689710518,"8":0.0198249926857,"8.1-8.4":0.807684887195,"9.0-9.2":6.0172524096,"9.3":null},"op_mob":{"10":0,"11":0,"11.1":0,"11.5":0,"12":3.90578286283e-6,"12.1":3.90578286283e-6,"0":0.00020700649173},"ie":{"5.5":0,"6":0.0639085400631,"7":0.127817080126,"8":3.86291619937,"9":8.1376874347,"10":11.865685605,"11":20.9335973451},"bb":{"7":0.004362,"10":null},"ie_mob":{"10":0.00322568067227,"11":0.0142223193277},"edge":{"12":0.191484,"13":0.631188,"14":0},"and_uc":{"0":0.095964},"op_mini":{"5.0-8.0":0.0521291819425},"and_chr":{"0":21.015144},"and_ff":{"0":0.008724}},"total":99.0174422044}