{"id":"KW","name":"Kuwait","month":"2016-05","access_date":"2016-06-03","data":{"chrome":{"4":null,"5":null,"6":0.005722,"7":null,"8":null,"9":null,"10":null,"11":0.005722,"12":0.002861,"13":0.002861,"14":0.005722,"15":0.008583,"16":null,"17":null,"18":null,"19":0.002861,"20":0.005722,"21":0.002861,"22":0.008583,"23":0.002861,"24":0.002861,"25":null,"26":0.008583,"27":0.005722,"28":0.008583,"29":0.185965,"30":0.005722,"31":0.062942,"32":0.042915,"33":0.02861,"34":0.025749,"35":0.020027,"36":0.017166,"37":0.008583,"38":0.017166,"39":0.022888,"40":0.011444,"41":0.017166,"42":0.062942,"43":0.243185,"44":0.054359,"45":0.131606,"46":0.060081,"47":0.082969,"48":0.223158,"49":2.245885,"50":12.319466,"51":0.260351,"52":0.105857,"53":null,"54":null},"firefox":{"2":null,"3":0.008583,"3.5":0.005722,"3.6":0.011444,"4":null,"5":null,"6":0.020027,"7":null,"8":null,"9":null,"10":0.002861,"11":0.005722,"12":0.008583,"13":null,"14":null,"15":null,"16":0.005722,"17":0.002861,"18":null,"19":null,"20":0.008583,"21":0.002861,"22":null,"23":0.005722,"24":null,"25":null,"26":0.002861,"27":null,"28":0.005722,"29":0.005722,"30":0.005722,"31":0.008583,"32":0.011444,"33":0.008583,"34":0.008583,"35":0.005722,"36":0.005722,"37":0.011444,"38":0.020027,"39":0.025749,"40":0.011444,"41":0.02861,"42":0.034332,"43":0.08583,"44":0.080108,"45":0.480648,"46":1.645075,"47":0.11444,"48":0.002861,"49":null},"opera":{"9":null,"9.5-9.6":null,"10.0-10.1":0.005722,"10.5":null,"10.6":null,"11":null,"11.1":null,"11.5":null,"11.6":null,"12":null,"12.1":0.014305,"15":null,"16":null,"17":null,"18":null,"19":null,"20":null,"21":null,"22":null,"23":null,"24":null,"25":null,"26":null,"27":null,"28":0.005722,"29":0.005722,"30":null,"31":null,"32":null,"33":null,"34":0.011444,"35":0.008583,"36":0.062942,"37":0.248907,"38":null,"39":null},"safari":{"3.1":null,"3.2":null,"4":0,"5":0.020027,"5.1":0.051498,"6":0.02861,"6.1":0.045776,"7":0.051498,"7.1":0.014305,"8":0.248907,"9":0.369069,"9.1":0.952713,"0":null},"ios_saf":{"3.2":0,"4.0-4.1":0,"4.2-4.3":0,"5.0-5.1":0,"6.0-6.1":0.0362504799919,"7.0-7.1":0.35960476152,"8":0,"8.1-8.4":0.916412134196,"9.0-9.2":1.91837540117,"9.3":11.1187472231},"android":{"2.1":0,"2.2":0,"2.3":0.0131955962521,"3":0,"4":0.0810586626917,"4.1":0.279935149063,"4.2-4.3":0.646584216354,"4.4":1.46753881175,"4.4.3-4.4.4":0.831322563884,"50":null},"op_mob":{"10":0,"11":0,"11.1":0,"11.5":0,"12":0,"12.1":0.000674254339263,"0":0.016519231312},"ie":{"5.5":null,"6":0.00575371840355,"7":0.0143842960089,"8":0.382622273836,"9":0.402760288248,"10":0.457420613082,"11":3.92115909202},"bb":{"7":0.01963225,"10":null},"ie_mob":{"10":0.0871418580645,"11":0.226974141935},"edge":{"12":0.100135,"13":0.638003,"14":null},"and_ff":{"0":0.021417},"and_uc":{"0":21.788228},"op_mini":{"5.0-8.0":7.77145551435},"and_chr":{"0":18.247325}},"total":92.9506135316}