{"id":"KZ","name":"Kazakhstan","month":"2016-01","access_date":"2016-02-03","data":{"firefox":{"2":0.006728,"3":0.020184,"3.5":0.020184,"3.6":0.107648,"4":0.006728,"5":0.006728,"6":0.020184,"7":0,"8":0.013456,"9":0.013456,"10":0.006728,"11":0.013456,"12":0.03364,"13":0.006728,"14":0.013456,"15":0.013456,"16":0.020184,"17":0.013456,"18":0.006728,"19":0.006728,"20":0.020184,"21":0.053824,"22":0.013456,"23":0.013456,"24":0.026912,"25":0.013456,"26":0.006728,"27":0.013456,"28":0.03364,"29":0.026912,"30":0.020184,"31":0.06728,"32":0.026912,"33":0.03364,"34":0.026912,"35":0.053824,"36":0.03364,"37":0.074008,"38":0.174928,"39":0.080736,"40":0.06728,"41":0.174928,"42":0.248936,"43":5.907184,"44":0.316216,"45":0.006728,"46":0,"47":0},"chrome":{"4":0.020184,"5":0.020184,"6":0.006728,"7":0.006728,"8":0.020184,"9":0.013456,"10":0.020184,"11":0.060552,"12":0.047096,"13":0.047096,"14":0.013456,"15":0.026912,"16":0.020184,"17":0.060552,"18":0.047096,"19":0.006728,"20":0.013456,"21":0.013456,"22":0.114376,"23":0.020184,"24":0.03364,"25":0.020184,"26":0.074008,"27":0.06728,"28":0.094192,"29":0.026912,"30":0.020184,"31":0.127832,"32":0.026912,"33":0.053824,"34":0.040368,"35":0.047096,"36":0.06728,"37":0.06728,"38":0.03364,"39":0.121104,"40":0.094192,"41":0.195112,"42":0.094192,"43":0.363312,"44":0.289304,"45":0.578608,"46":0.491144,"47":26.986008,"48":2.650832,"49":0.497872,"50":0.026912,"51":0},"opera":{"9":0,"9.5-9.6":0,"10.0-10.1":0.013456,"10.5":0.006728,"10.6":0.006728,"11":0.013456,"11.1":0.006728,"11.5":0.020184,"11.6":0.10092,"12":0.195112,"12.1":1.137032,"15":0.006728,"16":0.006728,"17":0,"18":0.020184,"19":0.013456,"20":0.020184,"21":0.006728,"22":0.006728,"23":0.006728,"24":0.013456,"25":0.006728,"26":0.020184,"27":0.020184,"28":0.161472,"29":0.013456,"30":0.074008,"31":0.040368,"32":0.060552,"33":0.06728,"34":4.67596,"35":0.020184,"36":0.006728},"safari":{"3.1":0,"3.2":0,"4":0.013456,"5":0.03364,"5.1":0.047096,"6":0.013456,"6.1":0.026912,"7":0.020184,"7.1":0.047096,"8":0.154744,"9":0.592064,"9.1":0},"android":{"2.1":0,"2.2":0,"2.3":0.0353436701382,"3":0,"4":0.146897129012,"4.1":0.502542809777,"4.2-4.3":1.11884805781,"4.4":2.2266512187,"4.4.3-4.4.4":1.16634111456,"47":null},"ios_saf":{"3.2":0,"4.0-4.1":0,"4.2-4.3":0,"5.0-5.1":0,"6.0-6.1":0,"7.0-7.1":0.329808126095,"8":0.0231294010508,"8.1-8.4":0.942308931699,"9.0-9.2":7.02020154116,"9.3":null},"op_mob":{"10":0,"11":0,"11.1":0,"11.5":0,"12":0.000156743489616,"12.1":0.000156743489616,"0":0.00830740494963},"ie":{"5.5":0,"6":0.0275737704918,"7":0.0275737704918,"8":0.799639344262,"9":0.668663934426,"10":0.365352459016,"11":2.27483606557},"bb":{"7":0.013088,"10":null},"ie_mob":{"10":0.072588907563,"11":0.320051092437},"edge":{"12":0.154744,"13":0.242208,"14":0},"and_uc":{"0":2.92844},"op_mini":{"5.0-8.0":2.09200310807},"and_chr":{"0":18.45224},"and_ff":{"0":0.026176}},"total":91.3761193443}