{"id":"KZ","name":"Kazakhstan","month":"2016-05","access_date":"2016-06-03","data":{"chrome":{"4":0.019698,"5":0.019698,"6":0.013132,"7":0.013132,"8":0.019698,"9":0.019698,"10":0.026264,"11":0.059094,"12":0.045962,"13":0.026264,"14":0.03283,"15":0.03283,"16":0.052528,"17":0.072226,"18":0.059094,"19":0.039396,"20":0.039396,"21":0.045962,"22":0.105056,"23":0.059094,"24":0.052528,"25":0.045962,"26":0.091924,"27":0.06566,"28":0.06566,"29":0.860146,"30":0.03283,"31":0.052528,"32":0.026264,"33":0.072226,"34":0.059094,"35":0.06566,"36":0.03283,"37":0.03283,"38":0.059094,"39":0.124754,"40":0.105056,"41":0.085358,"42":0.09849,"43":0.36113,"44":0.13132,"45":0.216678,"46":0.177282,"47":0.242942,"48":0.604072,"49":4.609332,"50":27.229202,"51":0.407092,"52":0.387394,"53":null,"54":null},"firefox":{"2":0.026264,"3":0.06566,"3.5":0.105056,"3.6":0.39396,"4":0.019698,"5":0.006566,"6":0.013132,"7":null,"8":null,"9":0.013132,"10":0.019698,"11":0.026264,"12":0.019698,"13":0.019698,"14":0.013132,"15":0.019698,"16":0.013132,"17":0.013132,"18":0.026264,"19":0.026264,"20":0.013132,"21":0.019698,"22":0.013132,"23":0.013132,"24":0.019698,"25":0.013132,"26":0.013132,"27":null,"28":0.039396,"29":0.013132,"30":0.013132,"31":0.045962,"32":0.013132,"33":0.03283,"34":0.026264,"35":0.045962,"36":0.03283,"37":0.019698,"38":0.124754,"39":0.052528,"40":0.045962,"41":0.078792,"42":0.085358,"43":0.26264,"44":0.13132,"45":1.109654,"46":5.101782,"47":0.039396,"48":null,"49":null},"opera":{"9":null,"9.5-9.6":null,"10.0-10.1":0.013132,"10.5":0.019698,"10.6":0.045962,"11":0.013132,"11.1":0.013132,"11.5":0.03283,"11.6":0.177282,"12":0.249508,"12.1":1.063692,"15":0.019698,"16":0.006566,"17":0.013132,"18":0.019698,"19":0.006566,"20":0.026264,"21":0.013132,"22":0.006566,"23":0.006566,"24":0.013132,"25":0.013132,"26":0.026264,"27":0.085358,"28":0.026264,"29":0.019698,"30":0.059094,"31":0.026264,"32":0.019698,"33":0.03283,"34":0.052528,"35":0.085358,"36":1.05056,"37":2.882474,"38":null,"39":null},"safari":{"3.1":0.006566,"3.2":null,"4":0.052528,"5":0.078792,"5.1":0.059094,"6":0.013132,"6.1":0.019698,"7":0.013132,"7.1":null,"8":0.137886,"9":0.22981,"9.1":0.6566,"0":null},"ios_saf":{"3.2":0,"4.0-4.1":0,"4.2-4.3":0,"5.0-5.1":0,"6.0-6.1":0.0169080082862,"7.0-7.1":0.167727442199,"8":0,"8.1-8.4":0.427434449475,"9.0-9.2":0.894771798504,"9.3":5.18602430154},"android":{"2.1":0,"2.2":0,"2.3":0.013472746167,"3":0,"4":0.0827611550256,"4.1":0.285814686542,"4.2-4.3":0.660164562181,"4.4":1.49836184157,"4.4.3-4.4.4":0.848783008518,"50":null},"op_mob":{"10":0,"11":0,"11.1":0,"11.5":0,"12":0,"12.1":0.000160827078734,"0":0.00394026342899},"ie":{"5.5":0.0137651991614,"6":0.0206477987421,"7":0.0137651991614,"8":0.598786163522,"9":0.247773584906,"10":0.351012578616,"11":2.03724947589},"bb":{"7":0.005151,"10":null},"ie_mob":{"10":0.0819285935484,"11":0.213395406452},"edge":{"12":0.072226,"13":0.505582,"14":null},"and_ff":{"0":0.01717},"and_uc":{"0":2.836484},"op_mini":{"5.0-8.0":1.85369290949},"and_chr":{"0":17.241524}},"total":89.059345}