{"id":"LA","name":"Lao","month":"2016-01","access_date":"2016-02-03","data":{"firefox":{"2":0,"3":0.012692,"3.5":0.012692,"3.6":0.03173,"4":0.015865,"5":0.006346,"6":0.025384,"7":0.009519,"8":0.012692,"9":0.012692,"10":0.015865,"11":0.015865,"12":0.082498,"13":0.044422,"14":0.019038,"15":0.022211,"16":0.019038,"17":0.009519,"18":0.009519,"19":0.006346,"20":0.009519,"21":0.012692,"22":0.009519,"23":0.012692,"24":0.012692,"25":0.019038,"26":0.025384,"27":0.025384,"28":0.009519,"29":0.038076,"30":0.088844,"31":0.022211,"32":0.022211,"33":0.041249,"34":0.050768,"35":0.225283,"36":0.025384,"37":0.03173,"38":0.123747,"39":0.111055,"40":0.079325,"41":0.130093,"42":0.237975,"43":3.566452,"44":0.777385,"45":0.012692,"46":0.003173,"47":0},"chrome":{"4":0,"5":0.003173,"6":0.003173,"7":0,"8":0.003173,"9":0.006346,"10":0.009519,"11":0.088844,"12":0.034903,"13":0.022211,"14":0.003173,"15":0.012692,"16":0,"17":0.003173,"18":0.006346,"19":0.003173,"20":0.034903,"21":0.003173,"22":0.003173,"23":0.003173,"24":0.003173,"25":0.009519,"26":0.006346,"27":0.009519,"28":0.012692,"29":0.006346,"30":0.019038,"31":0.145958,"32":0.006346,"33":0.136439,"34":0.012692,"35":0.012692,"36":0.019038,"37":0.022211,"38":0.028557,"39":0.053941,"40":0.107882,"41":0.022211,"42":0.050768,"43":3.033388,"44":0.152304,"45":0.212591,"46":0.310954,"47":9.182662,"48":0.961419,"49":0.266532,"50":0.025384,"51":0},"opera":{"9":0,"9.5-9.6":0,"10.0-10.1":0,"10.5":0,"10.6":0,"11":0.003173,"11.1":0,"11.5":0.003173,"11.6":0.003173,"12":0.003173,"12.1":0.009519,"15":0,"16":0,"17":0,"18":0,"19":0,"20":0.003173,"21":0,"22":0,"23":0,"24":0,"25":0,"26":0,"27":0,"28":0.006346,"29":0.012692,"30":0.009519,"31":0.003173,"32":0.025384,"33":0.022211,"34":0.339511,"35":0.006346,"36":0},"safari":{"3.1":0,"3.2":0,"4":0.003173,"5":0.012692,"5.1":0.098363,"6":0.009519,"6.1":0.019038,"7":0.028557,"7.1":0.022211,"8":0.123747,"9":0.377587,"9.1":0},"android":{"2.1":0,"2.2":0,"2.3":0.0956654792774,"3":0,"4":0.397609648247,"4.1":1.36024353348,"4.2-4.3":3.02841032837,"4.4":6.02692519447,"4.4.3-4.4.4":3.15696081615,"47":null},"ios_saf":{"3.2":0,"4.0-4.1":0,"4.2-4.3":0,"5.0-5.1":0,"6.0-6.1":0,"7.0-7.1":0.726305811785,"8":0.0509357322551,"8.1-8.4":2.07515946224,"9.0-9.2":15.4599379937,"9.3":null},"op_mob":{"10":0,"11":0,"11.1":0,"11.5":0,"12":0.000303101479915,"12.1":0.000303101479915,"0":0.0160643784355},"ie":{"5.5":0,"6":0.0128039470783,"7":0.00320098676957,"8":0.813050639471,"9":0.288088809261,"10":0.172853285557,"11":1.60369437155},"bb":{"7":0.0034135,"10":null},"ie_mob":{"10":0.59067892437,"11":2.60435707563},"edge":{"12":0.098363,"13":0.101536,"14":0},"and_uc":{"0":3.126766},"op_mini":{"5.0-8.0":4.0453944186},"and_chr":{"0":30.591295},"and_ff":{"0":0.040962}},"total":98.8196835397}