{"id":"LA","name":"Lao","month":"2016-05","access_date":"2016-06-03","data":{"chrome":{"4":0.002456,"5":null,"6":null,"7":null,"8":null,"9":0.002456,"10":0.007368,"11":0.152272,"12":0.041752,"13":0.009824,"14":0.002456,"15":0.009824,"16":0.004912,"17":null,"18":0.007368,"19":null,"20":0.027016,"21":0.004912,"22":0.009824,"23":0.007368,"24":0.007368,"25":0.009824,"26":0.007368,"27":0.004912,"28":0.014736,"29":0.01228,"30":0.009824,"31":0.063856,"32":0.007368,"33":0.108064,"34":0.017192,"35":0.019648,"36":0.019648,"37":0.009824,"38":0.029472,"39":0.02456,"40":0.046664,"41":0.01228,"42":0.01228,"43":2.67704,"44":0.07368,"45":0.19648,"46":0.058944,"47":0.108064,"48":0.142448,"49":0.975032,"50":7.603776,"51":0.179288,"52":0.115432,"53":null,"54":null},"firefox":{"2":null,"3":0.007368,"3.5":0.004912,"3.6":0.02456,"4":0.01228,"5":0.004912,"6":0.007368,"7":0.007368,"8":0.009824,"9":0.01228,"10":0.014736,"11":0.019648,"12":0.031928,"13":0.019648,"14":0.019648,"15":0.019648,"16":0.01228,"17":0.007368,"18":0.007368,"19":0.002456,"20":0.004912,"21":0.01228,"22":0.007368,"23":0.009824,"24":0.007368,"25":0.01228,"26":0.02456,"27":0.004912,"28":0.004912,"29":0.027016,"30":0.03684,"31":0.014736,"32":0.01228,"33":0.031928,"34":0.017192,"35":0.132624,"36":0.017192,"37":0.01228,"38":0.051576,"39":0.044208,"40":0.031928,"41":0.029472,"42":0.076136,"43":0.230864,"44":0.189112,"45":0.616456,"46":2.350392,"47":0.388048,"48":0.002456,"49":null},"opera":{"9":null,"9.5-9.6":null,"10.0-10.1":0,"10.5":null,"10.6":null,"11":null,"11.1":null,"11.5":null,"11.6":null,"12":null,"12.1":0.002456,"15":null,"16":null,"17":null,"18":null,"19":null,"20":null,"21":null,"22":null,"23":null,"24":null,"25":null,"26":null,"27":null,"28":0.004912,"29":0.004912,"30":0.004912,"31":null,"32":0.022104,"33":null,"34":0.034384,"35":0.02456,"36":0.044208,"37":0.13508,"38":null,"39":null},"safari":{"3.1":null,"3.2":null,"4":0,"5":0.007368,"5.1":0.090872,"6":0.014736,"6.1":0.01228,"7":0.044208,"7.1":0.002456,"8":0.076136,"9":0.157184,"9.1":0.314368,"0":null},"ios_saf":{"3.2":0,"4.0-4.1":0,"4.2-4.3":0,"5.0-5.1":0,"6.0-6.1":0.0476073969281,"7.0-7.1":0.472265377526,"8":0,"8.1-8.4":1.20351499434,"9.0-9.2":2.51938344543,"9.3":14.6021407858},"android":{"2.1":0,"2.2":0,"2.3":0.0456109982964,"3":0,"4":0.280181846678,"4.1":0.967604749574,"4.2-4.3":2.23493891652,"4.4":5.07259459625,"4.4.3-4.4.4":2.87349289267,"50":null},"op_mob":{"10":0,"11":0,"11.1":0,"11.5":0,"12":0,"12.1":0.000214208717483,"0":0.00524811357832},"ie":{"5.5":null,"6":0.0049733148405,"7":0.0049733148405,"8":0.313318834951,"9":0.146712787795,"10":0.0969796393897,"11":1.22592210818},"bb":{"7":0.001886,"10":null},"ie_mob":{"10":0.682269625806,"11":1.77707437419},"edge":{"12":0.054032,"13":0.174376,"14":null},"and_ff":{"0":0.03772},"and_uc":{"0":1.599328},"op_mini":{"5.0-8.0":2.4689696777},"and_chr":{"0":32.827368}},"total":90.24175}