{"id":"LB","name":"Lebanon","month":"2016-05","access_date":"2016-06-03","data":{"chrome":{"4":0.008644,"5":0.008644,"6":0.004322,"7":null,"8":0.017288,"9":null,"10":0.012966,"11":0.038898,"12":0.008644,"13":0.008644,"14":0.008644,"15":0.017288,"16":0.004322,"17":0.008644,"18":0.017288,"19":0.004322,"20":0.004322,"21":0.012966,"22":0.017288,"23":0.004322,"24":0.008644,"25":0.012966,"26":0.012966,"27":0.008644,"28":0.008644,"29":0.06483,"30":0.012966,"31":0.069152,"32":0.017288,"33":0.077796,"34":0.030254,"35":0.017288,"36":0.02161,"37":0.017288,"38":0.051864,"39":0.06483,"40":0.051864,"41":0.017288,"42":0.030254,"43":0.207456,"44":0.103728,"45":0.181524,"46":0.198812,"47":0.10805,"48":0.293896,"49":3.401414,"50":20.689414,"51":0.285252,"52":0.103728,"53":null,"54":null},"firefox":{"2":null,"3":0.025932,"3.5":null,"3.6":0.012966,"4":0.034576,"5":0.051864,"6":0.008644,"7":null,"8":0.004322,"9":0.008644,"10":0.030254,"11":null,"12":0.030254,"13":0.017288,"14":null,"15":0.017288,"16":0.008644,"17":0.008644,"18":0.008644,"19":0.004322,"20":null,"21":0.012966,"22":null,"23":null,"24":null,"25":null,"26":0.060508,"27":0.008644,"28":0.004322,"29":0.017288,"30":0.017288,"31":0.012966,"32":0.012966,"33":0.017288,"34":0.017288,"35":0.051864,"36":0.017288,"37":0.025932,"38":0.051864,"39":0.060508,"40":0.047542,"41":0.060508,"42":0.051864,"43":0.181524,"44":0.207456,"45":0.985416,"46":3.924376,"47":0.254998,"48":0.004322,"49":null},"opera":{"9":null,"9.5-9.6":null,"10.0-10.1":0,"10.5":null,"10.6":null,"11":null,"11.1":null,"11.5":null,"11.6":null,"12":null,"12.1":0.02161,"15":null,"16":null,"17":null,"18":null,"19":null,"20":null,"21":null,"22":null,"23":null,"24":null,"25":null,"26":null,"27":null,"28":null,"29":null,"30":null,"31":null,"32":null,"33":null,"34":null,"35":null,"36":0.077796,"37":0.32415,"38":null,"39":null},"safari":{"3.1":null,"3.2":null,"4":0.008644,"5":0.056186,"5.1":0.159914,"6":0.077796,"6.1":0.103728,"7":0.10805,"7.1":0.056186,"8":0.618046,"9":0.829824,"9.1":1.465158,"0":null},"ios_saf":{"3.2":0,"4.0-4.1":0,"4.2-4.3":0,"5.0-5.1":0,"6.0-6.1":0.0329427773848,"7.0-7.1":0.326792351657,"8":0,"8.1-8.4":0.832793412288,"9.0-9.2":1.7433317792,"9.3":10.1042086795},"android":{"2.1":0,"2.2":0,"2.3":0.0368279659284,"3":0,"4":0.22622893356,"4.1":0.781278991482,"4.2-4.3":1.80457033049,"4.4":4.09579592504,"4.4.3-4.4.4":2.32016185349,"50":null},"op_mob":{"10":0,"11":0,"11.1":0,"11.5":0,"12":0,"12.1":0.000130234601567,"0":0.00319074773839},"ie":{"5.5":null,"6":0.026136591716,"7":0.0304926903353,"8":0.531444031558,"9":0.400761072978,"10":0.361556185404,"11":3.05798123077},"bb":{"7":0.05535075,"10":null},"ie_mob":{"10":0.0346480129032,"11":0.0902459870968},"edge":{"12":0.155592,"13":0.570504,"14":null},"and_ff":{"0":0.017031},"and_uc":{"0":2.548973},"op_mini":{"5.0-8.0":1.50108401766},"and_chr":{"0":23.104059}},"total":91.4576395528}