{"id":"LB","name":"Lebanon","month":"2016-01","access_date":"2016-02-03","data":{"firefox":{"2":0,"3":0.01341,"3.5":0.00447,"3.6":0.01341,"4":0.00894,"5":0.03129,"6":0.01788,"7":0.00447,"8":0.00447,"9":0.00447,"10":0.00894,"11":0.01341,"12":0.03129,"13":0.00894,"14":0.00447,"15":0.03576,"16":0.02235,"17":0.01341,"18":0.01341,"19":0.00447,"20":0.00447,"21":0.01341,"22":0.00447,"23":0.00447,"24":0.00447,"25":0.00894,"26":0.04917,"27":0.01341,"28":0.00894,"29":0.03576,"30":0.02235,"31":0.02235,"32":0.02235,"33":0.03129,"34":0.02682,"35":0.06705,"36":0.03129,"37":0.04023,"38":0.0894,"39":0.07599,"40":0.08046,"41":0.15645,"42":0.29949,"43":4.42977,"44":0.42912,"45":0.01341,"46":0,"47":0},"chrome":{"4":0.01341,"5":0.02682,"6":0.00447,"7":0.01341,"8":0.02235,"9":0.00894,"10":0.01341,"11":0.04917,"12":0.01788,"13":0.01341,"14":0.01341,"15":0.02235,"16":0.00894,"17":0.00447,"18":0.01788,"19":0.00447,"20":0.00447,"21":0.00447,"22":0.02682,"23":0.00894,"24":0.01341,"25":0.02682,"26":0.02235,"27":0.00894,"28":0.00894,"29":0.00447,"30":0.00894,"31":0.05364,"32":0.01788,"33":0.10728,"34":0.01788,"35":0.01788,"36":0.04917,"37":0.0447,"38":0.0447,"39":0.08493,"40":0.04917,"41":0.05811,"42":0.07152,"43":0.28608,"44":0.21903,"45":0.23691,"46":0.30396,"47":20.00325,"48":1.55556,"49":0.10281,"50":0.00447,"51":0},"opera":{"9":0,"9.5-9.6":0,"10.0-10.1":0,"10.5":0,"10.6":0,"11":0,"11.1":0,"11.5":0,"11.6":0.00447,"12":0,"12.1":0.04023,"15":0,"16":0,"17":0,"18":0,"19":0,"20":0,"21":0,"22":0,"23":0,"24":0,"25":0,"26":0,"27":0,"28":0,"29":0,"30":0.00447,"31":0.00447,"32":0,"33":0.00894,"34":0.40677,"35":0.00447,"36":0.00447},"safari":{"3.1":0,"3.2":0,"4":0.00447,"5":0.0894,"5.1":0.18774,"6":0.08493,"6.1":0.12069,"7":0.15645,"7.1":0.12516,"8":0.6258,"9":1.46169,"9.1":0},"android":{"2.1":0,"2.2":0,"2.3":0.0820242635494,"3":0,"4":0.340913345377,"4.1":1.16628249734,"4.2-4.3":2.59658059299,"4.4":5.16752860361,"4.4.3-4.4.4":2.70680069713,"47":null},"ios_saf":{"3.2":0,"4.0-4.1":0,"4.2-4.3":0,"5.0-5.1":0,"6.0-6.1":0,"7.0-7.1":0.610152220047,"8":0.0427898959514,"8.1-8.4":1.74329205728,"9.0-9.2":12.9875258267,"9.3":null},"op_mob":{"10":0,"11":0,"11.1":0,"11.5":0,"12":0.000123377938067,"12.1":0.000123377938067,"0":0.00653903071757},"ie":{"5.5":0,"6":0.0224092838196,"7":0.0403367108753,"8":0.743988222812,"9":0.466113103448,"10":0.416812679045,"11":3.35691071618},"bb":{"7":0.069125,"10":null},"ie_mob":{"10":0.0296482352941,"11":0.130721764706},"edge":{"12":0.25479,"13":0.3129,"14":0},"and_uc":{"0":2.2673},"op_mini":{"5.0-8.0":1.64668421341},"and_chr":{"0":28.35459},"and_ff":{"0":0.02212}},"total":98.8866257162}