{"id":"LI","name":"Liechtenstein","month":"2016-05","access_date":"2016-06-03","data":{"chrome":{"4":null,"5":null,"6":null,"7":null,"8":null,"9":null,"10":null,"11":null,"12":null,"13":null,"14":null,"15":null,"16":null,"17":null,"18":null,"19":null,"20":null,"21":null,"22":0.013062,"23":null,"24":null,"25":null,"26":null,"27":null,"28":null,"29":0.097965,"30":null,"31":null,"32":null,"33":null,"34":null,"35":null,"36":0.052248,"37":0.013062,"38":0.013062,"39":0.333081,"40":0.019593,"41":0.019593,"42":0.006531,"43":0.013062,"44":null,"45":0.091434,"46":0.026124,"47":0.039186,"48":0.13062,"49":3.174066,"50":14.446572,"51":0.215523,"52":0.019593,"53":null,"54":null},"firefox":{"2":null,"3":null,"3.5":null,"3.6":null,"4":null,"5":null,"6":null,"7":null,"8":null,"9":0.045717,"10":null,"11":null,"12":0.104496,"13":null,"14":null,"15":0.097965,"16":0.013062,"17":null,"18":null,"19":0.006531,"20":null,"21":0.006531,"22":null,"23":null,"24":null,"25":0.045717,"26":null,"27":null,"28":0.006531,"29":0.019593,"30":0.045717,"31":0.006531,"32":0.045717,"33":0.013062,"34":0.039186,"35":0.06531,"36":0.039186,"37":0.006531,"38":0.542073,"39":0.045717,"40":0.032655,"41":0.156744,"42":0.13062,"43":0.280833,"44":0.150213,"45":2.703834,"46":8.908284,"47":0.019593,"48":null,"49":null},"opera":{"9":null,"9.5-9.6":null,"10.0-10.1":0,"10.5":null,"10.6":null,"11":0.006531,"11.1":null,"11.5":null,"11.6":null,"12":null,"12.1":0.013062,"15":null,"16":null,"17":null,"18":null,"19":null,"20":null,"21":null,"22":null,"23":null,"24":0.006531,"25":null,"26":null,"27":null,"28":null,"29":null,"30":null,"31":null,"32":null,"33":null,"34":null,"35":null,"36":0.117558,"37":0.137151,"38":0.026124,"39":0.026124},"safari":{"3.1":null,"3.2":null,"4":0.058779,"5":0.235116,"5.1":0.306957,"6":0.189399,"6.1":0.248178,"7":0.202461,"7.1":0.111027,"8":0.404922,"9":1.613157,"9.1":4.408425,"0":null},"ios_saf":{"3.2":0,"4.0-4.1":0,"4.2-4.3":0,"5.0-5.1":0,"6.0-6.1":0.0458994846403,"7.0-7.1":0.455322887631,"8":0,"8.1-8.4":1.16033897171,"9.0-9.2":2.42900072716,"9.3":14.0782899289},"android":{"2.1":0,"2.2":0,"2.3":0.00322577172061,"3":0,"4":0.0198154548552,"4.1":0.0684324429302,"4.2-4.3":0.15806281431,"4.4":0.358751897785,"4.4.3-4.4.4":0.203223618399,"50":null},"op_mob":{"10":0,"11":0,"11.1":0,"11.5":0,"12":0,"12.1":3.90286975717e-6,"0":9.56203090508e-5},"ie":{"5.5":null,"6":null,"7":0.078422627907,"8":0.307155292636,"9":0.705803651163,"10":1.25476204651,"11":17.8868943818},"bb":{"7":0.003468,"10":null},"ie_mob":{"10":0.0808155870968,"11":0.210496412903},"edge":{"12":0.163275,"13":3.317748,"14":null},"and_ff":{"0":0.010404},"and_uc":{"0":0.020808},"op_mini":{"5.0-8.0":0.0449844768212},"and_chr":{"0":8.522928}},"total":92.002257}