{"id":"LK","name":"Sri Lanka","month":"2016-05","access_date":"2016-06-03","data":{"chrome":{"4":0.007497,"5":0.012495,"6":0.009996,"7":0.014994,"8":0.002499,"9":0.007497,"10":0.009996,"11":0.084966,"12":0.019992,"13":0.007497,"14":0.007497,"15":0.004998,"16":0.009996,"17":0.004998,"18":0.007497,"19":0.004998,"20":0.007497,"21":0.007497,"22":0.012495,"23":0.007497,"24":0.002499,"25":0.014994,"26":0.012495,"27":0.012495,"28":0.037485,"29":0.082467,"30":0.027489,"31":0.054978,"32":0.009996,"33":0.052479,"34":0.014994,"35":0.017493,"36":0.022491,"37":0.009996,"38":0.032487,"39":0.052479,"40":0.02499,"41":0.012495,"42":0.032487,"43":0.097461,"44":0.097461,"45":0.262395,"46":0.062475,"47":0.119952,"48":0.262395,"49":1.879248,"50":11.412933,"51":0.229908,"52":0.069972,"53":null,"54":null},"firefox":{"2":null,"3":0.014994,"3.5":0.009996,"3.6":0.044982,"4":0.012495,"5":0.007497,"6":0.019992,"7":0.004998,"8":0.007497,"9":0.009996,"10":0.017493,"11":0.014994,"12":0.044982,"13":0.02499,"14":0.017493,"15":0.02499,"16":0.022491,"17":0.012495,"18":0.019992,"19":0.017493,"20":0.02499,"21":0.014994,"22":0.012495,"23":0.009996,"24":0.019992,"25":0.032487,"26":0.009996,"27":0.012495,"28":0.012495,"29":0.027489,"30":0.034986,"31":0.02499,"32":0.022491,"33":0.022491,"34":0.019992,"35":0.029988,"36":0.022491,"37":0.029988,"38":0.052479,"39":0.052479,"40":0.044982,"41":0.04998,"42":0.057477,"43":0.332367,"44":0.197421,"45":0.832167,"46":2.576469,"47":0.177429,"48":0.007497,"49":null},"opera":{"9":null,"9.5-9.6":0.002499,"10.0-10.1":0,"10.5":null,"10.6":null,"11":null,"11.1":null,"11.5":0.002499,"11.6":0.004998,"12":0.002499,"12.1":0.019992,"15":0.007497,"16":0.002499,"17":null,"18":0.002499,"19":0.002499,"20":0.007497,"21":0.002499,"22":0.002499,"23":null,"24":null,"25":null,"26":0.002499,"27":null,"28":0.002499,"29":0.007497,"30":0.012495,"31":0.002499,"32":0.004998,"33":0.012495,"34":0.029988,"35":0.034986,"36":0.17493,"37":0.487305,"38":0.002499,"39":null},"safari":{"3.1":null,"3.2":null,"4":0.002499,"5":0.002499,"5.1":0.012495,"6":0.004998,"6.1":0.004998,"7":0.007497,"7.1":0.004998,"8":0.044982,"9":0.07497,"9.1":0.17493,"0":null},"ios_saf":{"3.2":0,"4.0-4.1":0,"4.2-4.3":0,"5.0-5.1":0,"6.0-6.1":0.00625252627324,"7.0-7.1":0.0620250606306,"8":0,"8.1-8.4":0.158063864188,"9.0-9.2":0.33088369038,"9.3":1.91777485853},"android":{"2.1":0,"2.2":0,"2.3":0.0464778534923,"3":0,"4":0.28550681431,"4.1":0.985994463373,"4.2-4.3":2.27741482112,"4.4":5.16900127768,"4.4.3-4.4.4":2.92810477002,"50":null},"op_mob":{"10":0,"11":0,"11.1":0,"11.5":0,"12":0,"12.1":0.00148941695884,"0":0.0364907154915},"ie":{"5.5":null,"6":0.017736804878,"7":0.00760148780488,"8":0.494096707317,"9":0.060811902439,"10":0.152029756098,"11":0.719607512195},"bb":{"7":0.028125,"10":null},"ie_mob":{"10":0.85514516129,"11":2.22735483871},"edge":{"12":0.084966,"13":0.172431,"14":null},"and_ff":{"0":0.03},"and_uc":{"0":14.235},"op_mini":{"5.0-8.0":17.1670198675},"and_chr":{"0":19.661994}},"total":91.6782731707}