{"id":"LR","name":"Liberia","month":"2016-05","access_date":"2016-06-03","data":{"chrome":{"4":null,"5":null,"6":null,"7":null,"8":null,"9":null,"10":0.004498,"11":0.029237,"12":null,"13":null,"14":null,"15":null,"16":null,"17":null,"18":null,"19":0.004498,"20":0.002249,"21":null,"22":null,"23":null,"24":null,"25":null,"26":0.035984,"27":0.004498,"28":null,"29":0.006747,"30":0.006747,"31":0.02249,"32":0.008996,"33":0.011245,"34":0.006747,"35":0.008996,"36":0.006747,"37":0.004498,"38":0.008996,"39":0.011245,"40":0.06747,"41":0.024739,"42":0.008996,"43":0.085462,"44":0.065221,"45":0.296868,"46":0.040482,"47":0.033735,"48":0.254137,"49":1.299922,"50":6.542341,"51":0.080964,"52":0.060723,"53":null,"54":null},"firefox":{"2":null,"3":0.051727,"3.5":0.002249,"3.6":0.056225,"4":0.105703,"5":0.013494,"6":0.002249,"7":0.008996,"8":0.002249,"9":0.004498,"10":0.051727,"11":0.047229,"12":0.170924,"13":0.008996,"14":0.013494,"15":0.015743,"16":0.017992,"17":0.047229,"18":0.006747,"19":0.035984,"20":0.011245,"21":0.040482,"22":0.033735,"23":0.011245,"24":0.051727,"25":0.015743,"26":0.071968,"27":0.006747,"28":0.008996,"29":0.038233,"30":0.020241,"31":0.038233,"32":0.062972,"33":0.04498,"34":0.024739,"35":0.02249,"36":0.020241,"37":0.04498,"38":0.083213,"39":0.033735,"40":0.035984,"41":0.065221,"42":0.038233,"43":0.312611,"44":0.267631,"45":1.117753,"46":1.922895,"47":0.251888,"48":0.004498,"49":null},"opera":{"9":null,"9.5-9.6":null,"10.0-10.1":0,"10.5":null,"10.6":null,"11":0.006747,"11.1":null,"11.5":0.006747,"11.6":0.004498,"12":0.006747,"12.1":0.026988,"15":null,"16":null,"17":null,"18":0.008996,"19":0.013494,"20":0.004498,"21":0.002249,"22":null,"23":null,"24":0.006747,"25":null,"26":null,"27":0.011245,"28":0.015743,"29":0.152932,"30":0.015743,"31":null,"32":0.008996,"33":0.008996,"34":0.04498,"35":0.035984,"36":0.195663,"37":0.357591,"38":null,"39":null},"safari":{"3.1":null,"3.2":null,"4":0,"5":0.004498,"5.1":0.006747,"6":0.004498,"6.1":0.020241,"7":0.006747,"7.1":0.002249,"8":0.051727,"9":0.139438,"9.1":0.256386,"0":null},"ios_saf":{"3.2":0,"4.0-4.1":0,"4.2-4.3":0,"5.0-5.1":0,"6.0-6.1":0.00479738025465,"7.0-7.1":0.0475900121261,"8":0,"8.1-8.4":0.121277772838,"9.0-9.2":0.253877363076,"9.3":1.47145247171},"android":{"2.1":0,"2.2":0,"2.3":0.0583547745599,"3":0,"4":0.358465043725,"4.1":1.23795486031,"4.2-4.3":2.85938395344,"4.4":6.4898845707,"4.4.3-4.4.4":3.67635079727,"50":null},"op_mob":{"10":0,"11":0,"11.1":0,"11.5":0,"12":0,"12.1":0.00276248686318,"0":0.0676809281479},"ie":{"5.5":null,"6":0.00452098807496,"7":0.0180839522998,"8":0.273519778535,"9":0.162755570698,"10":0.644240800681,"11":2.87760890971},"bb":{"7":0.04069275,"10":null},"ie_mob":{"10":0.382749380645,"11":0.996928619355},"edge":{"12":0.332852,"13":0.883857,"14":null},"and_ff":{"0":0.046506},"and_uc":{"0":10.580115},"op_mini":{"5.0-8.0":31.840423585},"and_chr":{"0":15.866661}},"total":97.44105475}