{"id":"LS","name":"Lesotho","month":"2016-05","access_date":"2016-06-03","data":{"chrome":{"4":null,"5":null,"6":null,"7":null,"8":null,"9":null,"10":null,"11":0.017914,"12":0.001378,"13":null,"14":null,"15":null,"16":0.004134,"17":null,"18":null,"19":null,"20":0.02756,"21":0.028938,"22":null,"23":null,"24":null,"25":null,"26":0.009646,"27":null,"28":0.001378,"29":null,"30":null,"31":0.017914,"32":0.001378,"33":0.00689,"34":0.005512,"35":null,"36":0.026182,"37":null,"38":0.002756,"39":0.023426,"40":0.052364,"41":0.004134,"42":0.00689,"43":0.078546,"44":0.06201,"45":0.14469,"46":0.030316,"47":0.026182,"48":0.2067,"49":0.494702,"50":2.91447,"51":0.042718,"52":0.009646,"53":null,"54":null},"firefox":{"2":null,"3":0.049608,"3.5":0.015158,"3.6":0.04134,"4":null,"5":0.001378,"6":0.00689,"7":null,"8":null,"9":null,"10":0.031694,"11":0.009646,"12":0.011024,"13":0.008268,"14":0.002756,"15":0.008268,"16":0.004134,"17":0.009646,"18":0.005512,"19":0.011024,"20":0.005512,"21":0.009646,"22":0.011024,"23":0.004134,"24":null,"25":0.002756,"26":null,"27":null,"28":null,"29":0.004134,"30":0.02067,"31":null,"32":0.011024,"33":0.004134,"34":0.005512,"35":0.017914,"36":0.004134,"37":0.016536,"38":0.019292,"39":0.02067,"40":0.017914,"41":0.017914,"42":0.02067,"43":0.152958,"44":0.119886,"45":0.361036,"46":1.445522,"47":0.168116,"48":0.004134,"49":null},"opera":{"9":null,"9.5-9.6":null,"10.0-10.1":0,"10.5":null,"10.6":null,"11":0.008268,"11.1":null,"11.5":null,"11.6":0.002756,"12":0.002756,"12.1":0.01378,"15":null,"16":null,"17":null,"18":0.00689,"19":null,"20":0.00689,"21":null,"22":null,"23":null,"24":null,"25":null,"26":0.001378,"27":0.004134,"28":null,"29":0.01378,"30":0.02756,"31":null,"32":0.049608,"33":0.009646,"34":0.031694,"35":0.05512,"36":0.217724,"37":0.198432,"38":0.002756,"39":null},"safari":{"3.1":null,"3.2":null,"4":0,"5":0.002756,"5.1":0.015158,"6":null,"6.1":0.004134,"7":0.004134,"7.1":0.016536,"8":0.00689,"9":0.009646,"9.1":0.045474,"0":null},"ios_saf":{"3.2":0,"4.0-4.1":0,"4.2-4.3":0,"5.0-5.1":0,"6.0-6.1":0.00111085792239,"7.0-7.1":0.0110197105901,"8":0,"8.1-8.4":0.0280824882781,"9.0-9.2":0.058786601253,"9.3":0.340722341956},"android":{"2.1":0,"2.2":0,"2.3":0.0100761362862,"3":0,"4":0.0618962657581,"4.1":0.213758034072,"4.2-4.3":0.493730678024,"4.4":1.12061029983,"4.4.3-4.4.4":0.634796586031,"50":null},"op_mob":{"10":0,"11":0,"11.1":0,"11.5":0,"12":0,"12.1":0.00533001791975,"0":0.130585439034},"ie":{"5.5":null,"6":0.02067,"7":0.005512,"8":0.70278,"9":0.146068,"10":0.31005,"11":1.539226},"bb":{"7":0.353502,"10":null},"ie_mob":{"10":0.497517212903,"11":1.2958587871},"edge":{"12":0.06201,"13":0.202566,"14":null},"and_ff":{"0":null},"and_uc":{"0":9.74286},"op_mini":{"5.0-8.0":61.433786543},"and_chr":{"0":9.175104}},"total":96.285878}