{"id":"LT","name":"Lithuania","month":"2016-05","access_date":"2016-06-03","data":{"chrome":{"4":null,"5":null,"6":null,"7":null,"8":null,"9":null,"10":null,"11":0.017216,"12":null,"13":null,"14":null,"15":null,"16":null,"17":null,"18":0.017216,"19":null,"20":null,"21":null,"22":0.034432,"23":null,"24":null,"25":null,"26":0.017216,"27":null,"28":0.008608,"29":21.373664,"30":null,"31":0.04304,"32":0.008608,"33":0.025824,"34":0.034432,"35":0.025824,"36":0.034432,"37":0.025824,"38":0.051648,"39":0.120512,"40":0.051648,"41":0.051648,"42":0.025824,"43":0.146336,"44":0.068864,"45":0.137728,"46":0.103296,"47":0.232416,"48":0.361536,"49":5.42304,"50":28.32032,"51":0.490656,"52":0.111904,"53":null,"54":null},"firefox":{"2":null,"3":null,"3.5":0.008608,"3.6":0.025824,"4":null,"5":null,"6":null,"7":null,"8":null,"9":null,"10":null,"11":0.034432,"12":0.008608,"13":null,"14":0.008608,"15":0.008608,"16":0.017216,"17":0.017216,"18":null,"19":0.008608,"20":0.017216,"21":0.008608,"22":null,"23":null,"24":0.017216,"25":null,"26":null,"27":null,"28":0.017216,"29":0.017216,"30":0.017216,"31":0.025824,"32":0.017216,"33":0.017216,"34":0.017216,"35":0.025824,"36":0.025824,"37":0.034432,"38":0.499264,"39":0.120512,"40":0.077472,"41":0.077472,"42":0.111904,"43":0.292672,"44":0.197984,"45":2.470496,"46":10.725568,"47":0.146336,"48":0.008608,"49":null},"opera":{"9":null,"9.5-9.6":null,"10.0-10.1":0,"10.5":null,"10.6":0.008608,"11":null,"11.1":null,"11.5":null,"11.6":null,"12":0.017216,"12.1":0.197984,"15":null,"16":null,"17":null,"18":null,"19":0.008608,"20":null,"21":null,"22":null,"23":null,"24":null,"25":null,"26":null,"27":null,"28":0.017216,"29":0.017216,"30":0.008608,"31":0.017216,"32":0.008608,"33":0.008608,"34":0.025824,"35":0.025824,"36":0.705856,"37":2.341376,"38":0.008608,"39":null},"safari":{"3.1":null,"3.2":null,"4":0,"5":0.025824,"5.1":0.060256,"6":null,"6.1":0.034432,"7":0.025824,"7.1":0.025824,"8":0.120512,"9":0.378752,"9.1":1.144864,"0":null},"ios_saf":{"3.2":0,"4.0-4.1":0,"4.2-4.3":0,"5.0-5.1":0,"6.0-6.1":0.00591413955133,"7.0-7.1":0.0586682643492,"8":0,"8.1-8.4":0.149509447858,"9.0-9.2":0.312976265057,"9.3":1.81398488319},"android":{"2.1":0,"2.2":0,"2.3":0.00432386939239,"3":0,"4":0.0265609119818,"4.1":0.0917278006814,"4.2-4.3":0.211869600227,"4.4":0.480876045997,"4.4.3-4.4.4":0.272403771721,"50":null},"op_mob":{"10":0,"11":0,"11.1":0,"11.5":0,"12":0,"12.1":4.61198112799e-5,"0":0.00112993537636},"ie":{"5.5":null,"6":0.0433736434109,"7":0.0173494573643,"8":0.364338604651,"9":0.242892403101,"10":0.303615503876,"11":4.6236303876},"bb":{"7":0.01703975,"10":null},"ie_mob":{"10":0.155127909677,"11":0.404054090323},"edge":{"12":0.111904,"13":1.136256,"14":null},"and_ff":{"0":0.033384},"and_uc":{"0":0.122408},"op_mini":{"5.0-8.0":0.531576944812},"and_chr":{"0":7.450415}},"total":96.70898875}