{"id":"LU","name":"Luxembourg","month":"2016-05","access_date":"2016-06-03","data":{"chrome":{"4":null,"5":null,"6":null,"7":null,"8":null,"9":null,"10":0.006925,"11":0.020775,"12":null,"13":null,"14":null,"15":null,"16":null,"17":null,"18":null,"19":null,"20":0.006925,"21":0.006925,"22":0.034625,"23":null,"24":null,"25":null,"26":null,"27":0.020775,"28":0.006925,"29":0.408575,"30":null,"31":0.034625,"32":0.034625,"33":0.01385,"34":0.0277,"35":0.0277,"36":0.034625,"37":0.0277,"38":0.034625,"39":0.048475,"40":0.0277,"41":0.034625,"42":0.034625,"43":0.1108,"44":0.062325,"45":0.242375,"46":0.103875,"47":0.214675,"48":0.37395,"49":3.25475,"50":19.341525,"51":0.353175,"52":0.04155,"53":0.006925,"54":null},"firefox":{"2":null,"3":0.01385,"3.5":null,"3.6":0.04155,"4":0.01385,"5":0.006925,"6":null,"7":null,"8":null,"9":null,"10":0.034625,"11":0.0277,"12":0.020775,"13":null,"14":null,"15":null,"16":0.0277,"17":0.034625,"18":null,"19":null,"20":0.006925,"21":0.01385,"22":null,"23":0.020775,"24":0.06925,"25":0.020775,"26":0.0554,"27":0.01385,"28":0.020775,"29":0.04155,"30":0.090025,"31":0.394725,"32":0.062325,"33":0.034625,"34":0.0277,"35":0.062325,"36":0.04155,"37":0.076175,"38":0.948725,"39":0.1108,"40":0.2493,"41":0.18005,"42":0.477825,"43":0.353175,"44":0.23545,"45":2.887725,"46":10.45675,"47":0.103875,"48":0.020775,"49":null},"opera":{"9":null,"9.5-9.6":0.006925,"10.0-10.1":0,"10.5":null,"10.6":null,"11":null,"11.1":null,"11.5":null,"11.6":null,"12":null,"12.1":0.1662,"15":null,"16":null,"17":null,"18":null,"19":null,"20":null,"21":null,"22":null,"23":null,"24":null,"25":null,"26":null,"27":null,"28":null,"29":null,"30":null,"31":null,"32":null,"33":null,"34":null,"35":0.01385,"36":0.159275,"37":0.616325,"38":null,"39":null},"safari":{"3.1":null,"3.2":null,"4":0.04155,"5":0.12465,"5.1":0.51245,"6":0.020775,"6.1":0.34625,"7":0.1108,"7.1":0.048475,"8":0.657875,"9":1.67585,"9.1":5.1522,"0":null},"ios_saf":{"3.2":0,"4.0-4.1":0,"4.2-4.3":0,"5.0-5.1":0,"6.0-6.1":0.0375985246564,"7.0-7.1":0.372977364592,"8":0,"8.1-8.4":0.950490703314,"9.0-9.2":1.98971392482,"9.3":11.5322194826},"android":{"2.1":0,"2.2":0,"2.3":0.00475481260647,"3":0,"4":0.0292081345826,"4.1":0.100869953152,"4.2-4.3":0.232985817717,"4.4":0.528803087734,"4.4.3-4.4.4":0.299553194208,"50":null},"op_mob":{"10":0,"11":0,"11.1":0,"11.5":0,"12":0,"12.1":2.31593299571e-5,"0":0.00056740358395},"ie":{"5.5":null,"6":0.845306922661,"7":0.0207862358031,"8":2.39041711736,"9":0.512727149811,"10":0.602800838291,"11":8.43921173607},"bb":{"7":0.0169125,"10":null},"ie_mob":{"10":0.0938370967742,"11":0.244412903226},"edge":{"12":0.20775,"13":2.09135,"14":null},"and_ff":{"0":0.138375},"and_uc":{"0":0.495075},"op_mini":{"5.0-8.0":0.266934437086},"and_chr":{"0":10.10725}},"total":94.5042625}