{"id":"LY","name":"Libya","month":"2016-05","access_date":"2016-06-03","data":{"chrome":{"4":0.019362,"5":0.009681,"6":0.038724,"7":null,"8":0.022589,"9":0.03227,"10":0.035497,"11":0.025816,"12":0.035497,"13":0.038724,"14":0.045178,"15":0.074221,"16":0.045178,"17":0.009681,"18":0.006454,"19":0.012908,"20":0.006454,"21":null,"22":0.006454,"23":0.019362,"24":0.016135,"25":0.016135,"26":0.022589,"27":0.019362,"28":0.006454,"29":0.09681,"30":0.03227,"31":0.061313,"32":0.029043,"33":0.177485,"34":0.025816,"35":0.019362,"36":0.029043,"37":0.03227,"38":0.083902,"39":0.054859,"40":0.070994,"41":0.048405,"42":0.077448,"43":0.58086,"44":0.141988,"45":0.445326,"46":0.112945,"47":0.177485,"48":0.513093,"49":2.542876,"50":14.143941,"51":0.248479,"52":0.093583,"53":null,"54":null},"firefox":{"2":0.006454,"3":0.041951,"3.5":0.006454,"3.6":0.029043,"4":0.009681,"5":0.006454,"6":0.019362,"7":0.019362,"8":0.016135,"9":0.022589,"10":0.019362,"11":0.035497,"12":0.112945,"13":0.016135,"14":0.009681,"15":0.025816,"16":0.029043,"17":0.006454,"18":0.009681,"19":0.006454,"20":0.016135,"21":0.006454,"22":0.006454,"23":0.012908,"24":0.025816,"25":0.029043,"26":0.016135,"27":0.019362,"28":0.009681,"29":0.067767,"30":0.019362,"31":0.019362,"32":0.025816,"33":0.025816,"34":0.029043,"35":0.041951,"36":0.06454,"37":0.051632,"38":0.041951,"39":0.045178,"40":0.045178,"41":0.122626,"42":0.054859,"43":0.35497,"44":0.238798,"45":0.948738,"46":3.059196,"47":0.248479,"48":0.006454,"49":null},"opera":{"9":null,"9.5-9.6":null,"10.0-10.1":0.003227,"10.5":null,"10.6":null,"11":null,"11.1":null,"11.5":0.012908,"11.6":0.009681,"12":0.009681,"12.1":0.038724,"15":0.003227,"16":null,"17":0.009681,"18":0.009681,"19":0.006454,"20":0.003227,"21":null,"22":null,"23":null,"24":null,"25":null,"26":null,"27":null,"28":0.003227,"29":0.006454,"30":null,"31":0.003227,"32":0.012908,"33":0.009681,"34":0.012908,"35":0.022589,"36":0.274295,"37":0.822885,"38":0.003227,"39":0.009681},"safari":{"3.1":null,"3.2":null,"4":0,"5":0.006454,"5.1":0.016135,"6":0.006454,"6.1":null,"7":0.006454,"7.1":null,"8":0.080675,"9":0.058086,"9.1":0.19362,"0":null},"ios_saf":{"3.2":0,"4.0-4.1":0,"4.2-4.3":0,"5.0-5.1":0,"6.0-6.1":0.00910410266774,"7.0-7.1":0.090312698464,"8":0,"8.1-8.4":0.230151715441,"9.0-9.2":0.481789113177,"9.3":2.79241037025},"android":{"2.1":0,"2.2":0,"2.3":0.0361087666099,"3":0,"4":0.221810994889,"4.1":0.766021691652,"4.2-4.3":1.76932956388,"4.4":4.01581068654,"4.4.3-4.4.4":2.27485229642,"50":null},"op_mob":{"10":0,"11":0,"11.1":0,"11.5":0,"12":0,"12.1":0.00279545149981,"0":0.0684885617452},"ie":{"5.5":0.00324446684709,"6":0.0129778673884,"7":null,"8":0.415291756428,"9":0.317957751015,"10":0.288757549391,"11":1.34645374154},"bb":{"7":0.0016935,"10":null},"ie_mob":{"10":0.0244301032258,"11":0.0636318967742},"edge":{"12":0.070994,"13":0.351743,"14":null},"and_ff":{"0":0.047418},"and_uc":{"0":2.933142},"op_mini":{"5.0-8.0":32.2203739868},"and_chr":{"0":17.287117}},"total":96.3062416326}