{"id":"MA","name":"Morocco","month":"2016-05","access_date":"2016-06-03","data":{"chrome":{"4":0.011674,"5":0.029185,"6":0.040859,"7":0.023348,"8":0.017511,"9":null,"10":0.017511,"11":0.05837,"12":0.040859,"13":0.023348,"14":0.017511,"15":null,"16":0.023348,"17":0.023348,"18":null,"19":0.011674,"20":null,"21":0.023348,"22":0.052533,"23":0.023348,"24":0.011674,"25":0.029185,"26":0.064207,"27":0.040859,"28":0.040859,"29":1.774448,"30":0.05837,"31":0.087555,"32":0.046696,"33":0.110903,"34":0.064207,"35":0.075881,"36":0.075881,"37":0.081718,"38":0.110903,"39":0.192621,"40":0.163436,"41":0.140088,"42":0.105066,"43":0.945594,"44":0.268502,"45":0.46696,"46":0.461123,"47":0.682929,"48":1.074008,"49":8.11343,"50":22.449102,"51":0.519493,"52":0.05837,"53":0.005837,"54":null},"firefox":{"2":0.011674,"3":0.075881,"3.5":0.023348,"3.6":0.099229,"4":0.017511,"5":0.011674,"6":0.075881,"7":0.005837,"8":0.005837,"9":0.011674,"10":0.029185,"11":0.017511,"12":0.046696,"13":0.017511,"14":0.017511,"15":0.023348,"16":0.046696,"17":0.023348,"18":0.023348,"19":0.023348,"20":0.035022,"21":0.023348,"22":0.017511,"23":0.023348,"24":0.040859,"25":0.040859,"26":0.046696,"27":0.035022,"28":0.023348,"29":0.05837,"30":0.087555,"31":0.070044,"32":0.087555,"33":0.122577,"34":0.099229,"35":0.099229,"36":0.110903,"37":0.128414,"38":0.140088,"39":0.122577,"40":0.151762,"41":0.169273,"42":0.23348,"43":0.840528,"44":0.309361,"45":1.552642,"46":5.942066,"47":0.140088,"48":0.029185,"49":null},"opera":{"9":null,"9.5-9.6":null,"10.0-10.1":0,"10.5":null,"10.6":null,"11":null,"11.1":null,"11.5":null,"11.6":0.011674,"12":null,"12.1":0.052533,"15":null,"16":null,"17":null,"18":null,"19":null,"20":null,"21":null,"22":null,"23":null,"24":null,"25":null,"26":null,"27":0.005837,"28":0.005837,"29":0.011674,"30":0.011674,"31":0.017511,"32":0.011674,"33":0.023348,"34":0.035022,"35":0.040859,"36":0.461123,"37":0.928083,"38":0.005837,"39":0.005837},"safari":{"3.1":null,"3.2":null,"4":0.046696,"5":0.040859,"5.1":0.064207,"6":0.023348,"6.1":0.046696,"7":0.040859,"7.1":0.011674,"8":0.163436,"9":0.227643,"9.1":0.367731,"0":null},"ios_saf":{"3.2":0,"4.0-4.1":0,"4.2-4.3":0,"5.0-5.1":0,"6.0-6.1":0.0078140385004,"7.0-7.1":0.077515261924,"8":0,"8.1-8.4":0.19753889329,"9.0-9.2":0.413518917441,"9.3":2.39672188884},"android":{"2.1":0,"2.2":0,"2.3":0.0380272674617,"3":0,"4":0.23359607155,"4.1":0.806721316865,"4.2-4.3":1.86333610562,"4.4":4.22917538842,"4.4.3-4.4.4":2.39571785009,"50":null},"op_mob":{"10":0,"11":0,"11.1":0,"11.5":0,"12":0,"12.1":0.000502378219279,"0":0.0123082663723},"ie":{"5.5":null,"6":0.0650535877863,"7":0.0455375114504,"8":0.670051954198,"9":0.416342961832,"10":0.221182198473,"11":1.1254270687},"bb":{"7":0.049956,"10":null},"ie_mob":{"10":0.239063632258,"11":0.622677367742},"edge":{"12":0.052533,"13":0.215969,"14":null},"and_ff":{"0":0.037467},"and_uc":{"0":0.807622},"op_mini":{"5.0-8.0":5.79041135541},"and_chr":{"0":17.234795}},"total":93.0739222824}