{"id":"MC","name":"Monaco","month":"2016-01","access_date":"2016-02-03","data":{"firefox":{"2":0,"3":0.008615,"3.5":0,"3.6":0,"4":0,"5":0,"6":0.01723,"7":0.008615,"8":0,"9":0,"10":0,"11":0,"12":0.025845,"13":0,"14":0,"15":0,"16":0.03446,"17":0,"18":0.008615,"19":0,"20":0,"21":0.008615,"22":0.008615,"23":0,"24":0,"25":0.008615,"26":0.01723,"27":0,"28":0.06892,"29":0.01723,"30":0,"31":0.025845,"32":0,"33":0.03446,"34":0.008615,"35":0.06892,"36":0.08615,"37":0.05169,"38":0.1723,"39":0.094765,"40":0.025845,"41":0.180915,"42":0.542745,"43":9.33866,"44":0.387675,"45":0.008615,"46":0,"47":0},"chrome":{"4":0,"5":0,"6":0,"7":0,"8":0,"9":0,"10":0,"11":0.008615,"12":0.008615,"13":0,"14":0,"15":0,"16":0,"17":0,"18":0,"19":0,"20":0,"21":0.08615,"22":0,"23":0,"24":0,"25":0.008615,"26":0.008615,"27":0,"28":0,"29":0,"30":0,"31":0.129225,"32":0,"33":0.008615,"34":0.025845,"35":0.01723,"36":0.008615,"37":0.008615,"38":0,"39":0.043075,"40":0.077535,"41":0.008615,"42":0.008615,"43":0.060305,"44":0.01723,"45":0.10338,"46":0.31014,"47":28.53288,"48":2.49835,"49":0.043075,"50":0,"51":0},"opera":{"9":0,"9.5-9.6":0,"10.0-10.1":0,"10.5":0,"10.6":0,"11":0,"11.1":0,"11.5":0,"11.6":0,"12":0,"12.1":0.008615,"15":0,"16":0,"17":0,"18":0,"19":0,"20":0,"21":0,"22":0,"23":0,"24":0,"25":0,"26":0,"27":0,"28":0,"29":0,"30":0,"31":0,"32":0,"33":0,"34":0.22399,"35":0,"36":0},"safari":{"3.1":0,"3.2":0,"4":0.077535,"5":0.10338,"5.1":0.79258,"6":0.1723,"6.1":1.05103,"7":0.301525,"7.1":0.29291,"8":2.42943,"9":11.7164,"9.1":0.025845},"android":{"2.1":0,"2.2":0,"2.3":0.00557677364506,"3":0,"4":0.0231784654623,"4.1":0.0792947502657,"4.2-4.3":0.176539740701,"4.4":0.351336739639,"4.4.3-4.4.4":0.184033530287,"47":null},"ios_saf":{"3.2":0,"4.0-4.1":0,"4.2-4.3":0,"5.0-5.1":0,"6.0-6.1":0,"7.0-7.1":0.700626228495,"8":0.0491348264139,"8.1-8.4":2.00178922427,"9.0-9.2":14.9133297208,"9.3":null},"op_mob":{"10":0,"11":0,"11.1":0,"11.5":0,"12":1.24014426066e-6,"12.1":1.24014426066e-6,"0":6.57276458152e-5},"ie":{"5.5":0,"6":0,"7":0.00890972368421,"8":0.418757013158,"9":0.659319552632,"10":0.668229276316,"11":11.7786547105},"bb":{"7":0.02873875,"10":null},"ie_mob":{"10":0.0343107563025,"11":0.151279243697},"edge":{"12":0.56859,"13":1.29225,"14":0},"and_uc":{"0":0.01108},"op_mini":{"5.0-8.0":0.0165517920657},"and_chr":{"0":4.054},"and_ff":{"0":0.02493}},"total":98.6778090263}