{"id":"MC","name":"Monaco","month":"2016-05","access_date":"2016-06-03","data":{"chrome":{"4":null,"5":null,"6":null,"7":null,"8":null,"9":null,"10":null,"11":null,"12":null,"13":null,"14":null,"15":null,"16":null,"17":null,"18":null,"19":null,"20":null,"21":0.068796,"22":null,"23":null,"24":null,"25":null,"26":null,"27":null,"28":null,"29":0.22932,"30":null,"31":0.145236,"32":0.007644,"33":0.030576,"34":0.007644,"35":0.015288,"36":null,"37":null,"38":0.015288,"39":0.015288,"40":0.015288,"41":0.022932,"42":null,"43":0.061152,"44":0.015288,"45":0.099372,"46":0.030576,"47":0.473928,"48":0.259896,"49":4.43352,"50":27.357876,"51":0.3822,"52":0.030576,"53":null,"54":null},"firefox":{"2":null,"3":null,"3.5":null,"3.6":null,"4":null,"5":null,"6":null,"7":null,"8":null,"9":null,"10":0.007644,"11":null,"12":null,"13":null,"14":null,"15":null,"16":0.015288,"17":null,"18":null,"19":null,"20":0.007644,"21":null,"22":null,"23":null,"24":0.007644,"25":0.030576,"26":null,"27":null,"28":0.03822,"29":null,"30":null,"31":0.015288,"32":null,"33":0.022932,"34":null,"35":0.07644,"36":0.022932,"37":0.03822,"38":0.099372,"39":0.015288,"40":0.015288,"41":0.022932,"42":0.022932,"43":0.206388,"44":0.099372,"45":2.209116,"46":8.385468,"47":0.022932,"48":null,"49":null},"opera":{"9":null,"9.5-9.6":null,"10.0-10.1":0,"10.5":null,"10.6":null,"11":null,"11.1":null,"11.5":null,"11.6":null,"12":null,"12.1":0.015288,"15":null,"16":null,"17":null,"18":null,"19":0.007644,"20":null,"21":null,"22":null,"23":null,"24":null,"25":null,"26":null,"27":null,"28":null,"29":null,"30":0.007644,"31":null,"32":null,"33":null,"34":0.007644,"35":null,"36":0.045864,"37":0.15288,"38":0.015288,"39":0.007644},"safari":{"3.1":null,"3.2":null,"4":0.053508,"5":0.122304,"5.1":1.039584,"6":0.061152,"6.1":0.504504,"7":0.160524,"7.1":0.512148,"8":1.56702,"9":3.462732,"9.1":10.3194,"0":null},"ios_saf":{"3.2":0,"4.0-4.1":0,"4.2-4.3":0,"5.0-5.1":0,"6.0-6.1":0.0418418552951,"7.0-7.1":0.415071204527,"8":0,"8.1-8.4":1.05776210186,"9.0-9.2":2.21427098222,"9.3":12.8337338561},"android":{"2.1":0,"2.2":0,"2.3":0.00146096081772,"3":0,"4":0.00897447359455,"4.1":0.0309932402044,"4.2-4.3":0.0715870800681,"4.4":0.162479713799,"4.4.3-4.4.4":0.0920405315162,"50":null},"op_mob":{"10":0,"11":0,"11.1":0,"11.5":0,"12":0,"12.1":1.01978098083e-6,"0":2.49846340302e-5},"ie":{"5.5":null,"6":null,"7":null,"8":0.328692,"9":0.428064,"10":0.450996,"11":9.09636},"bb":{"7":0.01767,"10":null},"ie_mob":{"10":0.0660136,"11":0.1719424},"edge":{"12":0.07644,"13":2.002728,"14":null},"and_ff":{"0":0.068324},"and_uc":{"0":0.063612},"op_mini":{"5.0-8.0":0.011753995585},"and_chr":{"0":4.388968}},"total":97.264178}