{"id":"MD","name":"Moldova","month":"2016-05","access_date":"2016-06-03","data":{"chrome":{"4":0.016342,"5":0.024513,"6":0.016342,"7":0.008171,"8":0.016342,"9":0.016342,"10":0.024513,"11":0.040855,"12":0.049026,"13":0.024513,"14":0.024513,"15":0.024513,"16":0.040855,"17":0.032684,"18":0.08171,"19":0.032684,"20":0.024513,"21":0.032684,"22":0.057197,"23":0.032684,"24":0.040855,"25":0.024513,"26":0.049026,"27":0.032684,"28":0.032684,"29":1.519806,"30":0.024513,"31":0.024513,"32":0.040855,"33":0.040855,"34":0.057197,"35":0.040855,"36":0.040855,"37":0.016342,"38":0.057197,"39":0.392208,"40":0.073539,"41":0.08171,"42":0.049026,"43":0.269643,"44":0.196104,"45":0.563799,"46":0.269643,"47":0.457576,"48":0.743561,"49":8.121974,"50":43.910954,"51":0.743561,"52":0.24513,"53":null,"54":null},"firefox":{"2":0.016342,"3":0.040855,"3.5":0.057197,"3.6":0.310498,"4":0.016342,"5":null,"6":null,"7":0.008171,"8":null,"9":0.016342,"10":0.016342,"11":0.016342,"12":0.016342,"13":0.016342,"14":0.016342,"15":0.016342,"16":0.016342,"17":0.040855,"18":0.008171,"19":0.008171,"20":0.024513,"21":0.032684,"22":0.008171,"23":0.016342,"24":0.049026,"25":0.016342,"26":0.016342,"27":0.049026,"28":0.024513,"29":0.024513,"30":0.024513,"31":0.16342,"32":0.032684,"33":0.057197,"34":0.024513,"35":0.065368,"36":0.08171,"37":0.040855,"38":0.661851,"39":0.049026,"40":0.049026,"41":0.08171,"42":0.196104,"43":0.285985,"44":0.16342,"45":1.160282,"46":5.588964,"47":0.073539,"48":null,"49":null},"opera":{"9":null,"9.5-9.6":null,"10.0-10.1":0,"10.5":0.008171,"10.6":0.024513,"11":0.008171,"11.1":0.008171,"11.5":0.024513,"11.6":0.065368,"12":0.171591,"12.1":0.359524,"15":null,"16":0.008171,"17":null,"18":0.008171,"19":0.008171,"20":0.016342,"21":0.008171,"22":null,"23":null,"24":null,"25":null,"26":0.016342,"27":0.049026,"28":0.024513,"29":null,"30":0.032684,"31":0.008171,"32":0.024513,"33":0.024513,"34":0.032684,"35":0.073539,"36":0.710877,"37":1.87933,"38":null,"39":null},"safari":{"3.1":null,"3.2":null,"4":0.024513,"5":0.049026,"5.1":0.049026,"6":0.008171,"6.1":0.016342,"7":null,"7.1":null,"8":0.040855,"9":0.098052,"9.1":0.580141,"0":null},"ios_saf":{"3.2":0,"4.0-4.1":0,"4.2-4.3":0,"5.0-5.1":0,"6.0-6.1":0.00768398090137,"7.0-7.1":0.0762250905416,"8":0,"8.1-8.4":0.194251037187,"9.0-9.2":0.406636269301,"9.3":2.35683062207},"android":{"2.1":0,"2.2":0,"2.3":0.0088988483816,"3":0,"4":0.0546643543441,"4.1":0.188782712095,"4.2-4.3":0.436043570698,"4.4":0.98967906644,"4.4.3-4.4.4":0.560627448041,"50":null},"op_mob":{"10":0,"11":0,"11.1":0,"11.5":0,"12":0,"12.1":9.70589966671e-5,"0":0.00237794541834},"ie":{"5.5":null,"6":0.0656964824121,"7":0.0821206030151,"8":0.747297487437,"9":0.197089447236,"10":0.279210050251,"11":1.83128944724},"bb":{"7":0.040238,"10":null},"ie_mob":{"10":0.233404,"11":0.607936},"edge":{"12":0.073539,"13":0.473918,"14":0.008171},"and_ff":{"0":0.085963},"and_uc":{"0":0.437131},"op_mini":{"5.0-8.0":1.11870199558},"and_chr":{"0":9.959654}},"total":94.4666745176}