{"id":"ME","name":"Montenegro","month":"2016-05","access_date":"2016-06-03","data":{"chrome":{"4":null,"5":0.006363,"6":null,"7":null,"8":0.038178,"9":null,"10":0.095445,"11":0.057267,"12":0.012726,"13":null,"14":null,"15":null,"16":0.019089,"17":null,"18":0.06363,"19":0.006363,"20":0.012726,"21":null,"22":0.139986,"23":0.006363,"24":0.012726,"25":0.019089,"26":0.101808,"27":0.019089,"28":0.012726,"29":0.114534,"30":0.019089,"31":0.076356,"32":0.025452,"33":0.076356,"34":0.165438,"35":0.012726,"36":0.050904,"37":0.038178,"38":0.06363,"39":0.101808,"40":0.267246,"41":0.038178,"42":0.057267,"43":0.12726,"44":0.139986,"45":0.229068,"46":0.139986,"47":0.311787,"48":0.369054,"49":7.832853,"50":32.928525,"51":0.464499,"52":0.279972,"53":null,"54":null},"firefox":{"2":null,"3":null,"3.5":0.019089,"3.6":0.038178,"4":null,"5":0.006363,"6":null,"7":null,"8":0.012726,"9":null,"10":0.006363,"11":null,"12":0.019089,"13":0.012726,"14":null,"15":0.006363,"16":null,"17":null,"18":0.012726,"19":null,"20":null,"21":0.012726,"22":0.006363,"23":0.006363,"24":null,"25":null,"26":0.012726,"27":0.006363,"28":null,"29":0.031815,"30":null,"31":0.012726,"32":0.006363,"33":0.012726,"34":0.019089,"35":0.031815,"36":0.012726,"37":0.057267,"38":0.076356,"39":0.057267,"40":0.044541,"41":0.076356,"42":0.057267,"43":0.19089,"44":0.209979,"45":1.571661,"46":6.910218,"47":0.369054,"48":0.012726,"49":0.139986},"opera":{"9":null,"9.5-9.6":null,"10.0-10.1":0,"10.5":null,"10.6":null,"11":null,"11.1":0.006363,"11.5":null,"11.6":null,"12":0.025452,"12.1":0.286335,"15":null,"16":null,"17":0.006363,"18":null,"19":null,"20":null,"21":null,"22":null,"23":null,"24":null,"25":null,"26":null,"27":null,"28":0.006363,"29":null,"30":null,"31":0.025452,"32":0.012726,"33":0.006363,"34":0.006363,"35":0.025452,"36":0.483588,"37":1.2726,"38":null,"39":null},"safari":{"3.1":null,"3.2":null,"4":0,"5":0.006363,"5.1":0.050904,"6":null,"6.1":0.006363,"7":0.012726,"7.1":null,"8":0.044541,"9":0.101808,"9.1":0.349965,"0":null},"ios_saf":{"3.2":0,"4.0-4.1":0,"4.2-4.3":0,"5.0-5.1":0,"6.0-6.1":0.0132216122676,"7.0-7.1":0.131158393694,"8":0,"8.1-8.4":0.334242358124,"9.0-9.2":0.6996877212,"9.3":4.05533291471},"android":{"2.1":0,"2.2":0,"2.3":0.0216278614424,"3":0,"4":0.132856863146,"4.1":0.458819632027,"4.2-4.3":1.05976521068,"4.4":2.40532716184,"4.4.3-4.4.4":1.36255527087,"50":null},"op_mob":{"10":0,"11":0,"11.1":0,"11.5":0,"12":0,"12.1":0.000143886854521,"0":0.00352522793577},"ie":{"5.5":null,"6":0.012726,"7":0.006363,"8":0.279972,"9":0.178164,"10":0.139986,"11":1.488942},"bb":{"7":0.0127295,"10":null},"ie_mob":{"10":0.164462793548,"11":0.428368206452},"edge":{"12":0.057267,"13":0.394506,"14":null},"and_ff":{"0":0.018185},"and_uc":{"0":0.207309},"op_mini":{"5.0-8.0":1.65843988521},"and_chr":{"0":22.286016}},"total":95.3805085}