{"id":"MG","name":"Madagascar","month":"2016-05","access_date":"2016-06-03","data":{"chrome":{"4":null,"5":null,"6":null,"7":null,"8":0.004388,"9":null,"10":null,"11":0.026328,"12":0.002194,"13":0.002194,"14":0.002194,"15":0.006582,"16":null,"17":null,"18":0.006582,"19":null,"20":null,"21":null,"22":null,"23":null,"24":0.006582,"25":0.006582,"26":0.015358,"27":0.004388,"28":0.01097,"29":0.057044,"30":0.006582,"31":0.089954,"32":0.008776,"33":0.006582,"34":0.01097,"35":0.01097,"36":0.008776,"37":0.004388,"38":0.013164,"39":0.015358,"40":0.01097,"41":0.028522,"42":0.015358,"43":0.182102,"44":0.061432,"45":0.118476,"46":0.041686,"47":0.085566,"48":0.265474,"49":1.28349,"50":6.081768,"51":0.125058,"52":0.013164,"53":null,"54":null},"firefox":{"2":0.024134,"3":0.210624,"3.5":0.01097,"3.6":0.028522,"4":0.017552,"5":0.008776,"6":0.02194,"7":0.004388,"8":0.008776,"9":0.013164,"10":0.037298,"11":0.028522,"12":0.037298,"13":0.02194,"14":0.019746,"15":0.026328,"16":0.02194,"17":0.01097,"18":0.024134,"19":0.046074,"20":0.050462,"21":0.02194,"22":0.039492,"23":0.024134,"24":0.013164,"25":0.039492,"26":0.017552,"27":0.078984,"28":0.074596,"29":0.050462,"30":0.15358,"31":0.105312,"32":0.25231,"33":0.08776,"34":0.114088,"35":0.136028,"36":0.074596,"37":0.149192,"38":0.392726,"39":0.179908,"40":0.162356,"41":0.177714,"42":0.16455,"43":0.664782,"44":0.34007,"45":1.292266,"46":4.42091,"47":0.160162,"48":0.026328,"49":null},"opera":{"9":null,"9.5-9.6":null,"10.0-10.1":0.118476,"10.5":null,"10.6":null,"11":0.002194,"11.1":null,"11.5":0.006582,"11.6":0.013164,"12":0.002194,"12.1":0.05485,"15":null,"16":null,"17":null,"18":0.004388,"19":null,"20":0.006582,"21":null,"22":null,"23":null,"24":null,"25":null,"26":0.002194,"27":null,"28":0.004388,"29":0.002194,"30":0.013164,"31":0.004388,"32":0.006582,"33":0.030716,"34":0.039492,"35":0.028522,"36":0.195266,"37":0.478292,"38":null,"39":null},"safari":{"3.1":null,"3.2":null,"4":0.002194,"5":0.015358,"5.1":0.030716,"6":0.004388,"6.1":0.015358,"7":0.006582,"7.1":0.004388,"8":0.041686,"9":0.072402,"9.1":0.190878,"0":null},"ios_saf":{"3.2":0,"4.0-4.1":0,"4.2-4.3":0,"5.0-5.1":0,"6.0-6.1":0.000986004446241,"7.0-7.1":0.00978116410671,"8":0,"8.1-8.4":0.024926192401,"9.0-9.2":0.0521793552951,"9.3":0.302427283751},"android":{"2.1":0,"2.2":0,"2.3":0.0157316831346,"3":0,"4":0.0966374821124,"4.1":0.333736420784,"4.2-4.3":0.770852473595,"4.4":1.7495879029,"4.4.3-4.4.4":0.991096037479,"50":null},"op_mob":{"10":0,"11":0,"11.1":0,"11.5":0,"12":0,"12.1":0.00468434333203,"0":0.114766411635},"ie":{"5.5":null,"6":0.00672204255319,"7":0.0448136170213,"8":0.237512170213,"9":0.100830638298,"10":0.0537763404255,"11":0.394359829787},"bb":{"7":0.0800115,"10":null},"ie_mob":{"10":0.121269987097,"11":0.315866012903},"edge":{"12":0.050462,"13":0.107506,"14":null},"and_ff":{"0":0.93672},"and_uc":{"0":12.505212},"op_mini":{"5.0-8.0":53.991741245},"and_chr":{"0":2.835658}},"total":96.3754161383}