{"id":"MH","name":"Marshall Islands","month":"2016-05","access_date":"2016-06-03","data":{"chrome":{"4":null,"5":null,"6":null,"7":null,"8":null,"9":null,"10":null,"11":0.03843,"12":null,"13":null,"14":null,"15":null,"16":null,"17":null,"18":null,"19":null,"20":0.01098,"21":null,"22":0.07686,"23":null,"24":null,"25":null,"26":null,"27":null,"28":0.01647,"29":null,"30":null,"31":0.01647,"32":null,"33":null,"34":0.02196,"35":0.00549,"36":null,"37":null,"38":null,"39":0.06039,"40":0.06588,"41":0.06588,"42":0.01098,"43":0.12078,"44":0.0549,"45":0.27999,"46":0.10431,"47":0.02745,"48":0.45018,"49":4.76532,"50":26.36847,"51":0.67527,"52":0.54351,"53":null,"54":null},"firefox":{"2":null,"3":null,"3.5":null,"3.6":0.51057,"4":null,"5":0.01647,"6":null,"7":null,"8":null,"9":null,"10":0.00549,"11":null,"12":0.02745,"13":null,"14":null,"15":null,"16":null,"17":null,"18":null,"19":null,"20":null,"21":0.00549,"22":null,"23":null,"24":null,"25":0.01098,"26":null,"27":null,"28":null,"29":null,"30":null,"31":0.02196,"32":null,"33":null,"34":null,"35":0.00549,"36":0.01098,"37":null,"38":0.01098,"39":0.03294,"40":0.00549,"41":0.26901,"42":0.02196,"43":0.09333,"44":0.09333,"45":0.94428,"46":4.86414,"47":0.69174,"48":null,"49":null},"opera":{"9":null,"9.5-9.6":null,"10.0-10.1":0,"10.5":null,"10.6":null,"11":null,"11.1":null,"11.5":null,"11.6":null,"12":null,"12.1":null,"15":null,"16":null,"17":null,"18":null,"19":null,"20":null,"21":null,"22":null,"23":null,"24":null,"25":null,"26":null,"27":0.07137,"28":null,"29":0.04941,"30":null,"31":null,"32":null,"33":null,"34":null,"35":0.02196,"36":0.01098,"37":0.2745,"38":null,"39":null},"safari":{"3.1":null,"3.2":null,"4":0,"5":0.04392,"5.1":0.07137,"6":null,"6.1":0.04392,"7":null,"7.1":0.07137,"8":0.30195,"9":0.72468,"9.1":2.50893,"0":null},"ios_saf":{"3.2":0,"4.0-4.1":0,"4.2-4.3":0,"5.0-5.1":0,"6.0-6.1":0.0240797872878,"7.0-7.1":0.238871489895,"8":0,"8.1-8.4":0.608737022635,"9.0-9.2":1.27430234327,"9.3":7.38575235691},"android":{"2.1":0,"2.2":0,"2.3":0.0320790760931,"3":0,"4":0.197057181715,"4.1":0.68053468569,"4.2-4.3":1.57187472856,"4.4":3.56765153407,"4.4.3-4.4.4":2.02098179387,"50":null},"op_mob":{"10":0,"11":0,"11.1":0,"11.5":0,"12":0,"12.1":1.95256027356e-5,"0":0.000478377267022},"ie":{"5.5":null,"6":null,"7":null,"8":0.0714573561812,"9":0.0769540758874,"10":0.610135887393,"11":3.73227268054},"bb":{"7":0.0428545,"10":null},"ie_mob":{"10":0.322871187097,"11":0.840966812903},"edge":{"12":0.18666,"13":1.7568,"14":null},"and_ff":{"0":0.004511},"and_uc":{"0":1.078129},"op_mini":{"5.0-8.0":0.22505209713},"and_chr":{"0":26.566553}},"total":98.7340475}