{"id":"MM","name":"Myanmar","month":"2016-05","access_date":"2016-06-03","data":{"chrome":{"4":null,"5":0.00367,"6":null,"7":null,"8":null,"9":null,"10":null,"11":0.05505,"12":0.00367,"13":null,"14":null,"15":null,"16":null,"17":null,"18":0.001835,"19":null,"20":0.001835,"21":null,"22":0.005505,"23":null,"24":0.005505,"25":0.00734,"26":0.001835,"27":0.005505,"28":0.005505,"29":0.016515,"30":0.009175,"31":0.06606,"32":0.02202,"33":0.031195,"34":0.012845,"35":0.01468,"36":0.00734,"37":0.005505,"38":0.01835,"39":0.020185,"40":0.005505,"41":0.009175,"42":0.009175,"43":0.04404,"44":0.03303,"45":0.056885,"46":0.027525,"47":0.056885,"48":0.137625,"49":0.4771,"50":3.396585,"51":0.104595,"52":0.04037,"53":null,"54":null},"firefox":{"2":0.02936,"3":0.020185,"3.5":0.005505,"3.6":0.04037,"4":0.031195,"5":0.01835,"6":0.01468,"7":0.00734,"8":0.009175,"9":0.02202,"10":0.016515,"11":0.03303,"12":0.067895,"13":0.031195,"14":0.02202,"15":0.045875,"16":0.016515,"17":0.023855,"18":0.031195,"19":0.0734,"20":0.0367,"21":0.06239,"22":0.031195,"23":0.053215,"24":0.02936,"25":0.071565,"26":0.086245,"27":0.06239,"28":0.034865,"29":0.163315,"30":0.181665,"31":0.0734,"32":0.08074,"33":0.104595,"34":0.09909,"35":0.122945,"36":0.137625,"37":0.12845,"38":0.19818,"39":0.21653,"40":0.133955,"41":0.23121,"42":0.225705,"43":0.735835,"44":0.508295,"45":1.212935,"46":3.275475,"47":1.121185,"48":0.02569,"49":0.001835},"opera":{"9":null,"9.5-9.6":null,"10.0-10.1":0.001835,"10.5":null,"10.6":null,"11":null,"11.1":null,"11.5":null,"11.6":null,"12":null,"12.1":0.00367,"15":null,"16":null,"17":null,"18":null,"19":null,"20":0.001835,"21":null,"22":null,"23":null,"24":null,"25":null,"26":null,"27":null,"28":0.001835,"29":null,"30":0.00367,"31":null,"32":0.005505,"33":0.00367,"34":0.10643,"35":0.00734,"36":0.027525,"37":0.09542,"38":null,"39":null},"safari":{"3.1":null,"3.2":null,"4":0.00367,"5":0.001835,"5.1":0.005505,"6":0.001835,"6.1":0.005505,"7":0.01468,"7.1":0.001835,"8":0.09909,"9":0.12845,"9.1":0.192675,"0":null},"ios_saf":{"3.2":0,"4.0-4.1":0,"4.2-4.3":0,"5.0-5.1":0,"6.0-6.1":0.00895212712207,"7.0-7.1":0.0888051010509,"8":0,"8.1-8.4":0.226309773646,"9.0-9.2":0.4737465673,"9.3":2.74579643088},"android":{"2.1":0,"2.2":0,"2.3":0.106942490062,"3":0,"4":0.656932438955,"4.1":2.26870853918,"4.2-4.3":5.24018201306,"4.4":11.8935326448,"4.4.3-4.4.4":6.73737687394,"50":null},"op_mob":{"10":0,"11":0,"11.1":0,"11.5":0,"12":0,"12.1":0.000215584556118,"0":0.0052818216249},"ie":{"5.5":null,"6":0.0114913114754,"7":0.00383043715847,"8":0.145556612022,"9":0.107252240437,"10":0.0612869945355,"11":0.371552404372},"bb":{"7":0.00204125,"10":null},"ie_mob":{"10":0.0135907741935,"11":0.0353992258065},"edge":{"12":0.02936,"13":0.05505,"14":null},"and_ff":{"0":0.3266},"and_uc":{"0":7.69143},"op_mini":{"5.0-8.0":2.48482759382},"and_chr":{"0":39.35161}},"total":96.58335125}