{"id":"MN","name":"Mongolia","month":"2016-05","access_date":"2016-06-03","data":{"chrome":{"4":0.021108,"5":null,"6":null,"7":null,"8":null,"9":null,"10":0.007036,"11":0.03518,"12":0.03518,"13":0.014072,"14":null,"15":null,"16":null,"17":null,"18":0.021108,"19":0.014072,"20":null,"21":0.021108,"22":0.056288,"23":0.056288,"24":0.007036,"25":0.056288,"26":0.021108,"27":0.028144,"28":0.03518,"29":0.028144,"30":0.03518,"31":0.028144,"32":0.03518,"33":0.098504,"34":0.056288,"35":0.042216,"36":0.084432,"37":0.091468,"38":0.03518,"39":0.056288,"40":0.091468,"41":0.098504,"42":0.07036,"43":0.379944,"44":0.168864,"45":1.4072,"46":0.253296,"47":0.337728,"48":0.436232,"49":4.988524,"50":37.769248,"51":0.591024,"52":0.31662,"53":null,"54":null},"firefox":{"2":null,"3":0.014072,"3.5":0.021108,"3.6":0.03518,"4":0.021108,"5":null,"6":null,"7":null,"8":0.007036,"9":0.021108,"10":0.014072,"11":0.063324,"12":0.049252,"13":0.014072,"14":0.014072,"15":0.028144,"16":0.056288,"17":0.014072,"18":0.014072,"19":0.007036,"20":0.021108,"21":0.042216,"22":0.007036,"23":0.021108,"24":0.049252,"25":0.014072,"26":0.084432,"27":0.028144,"28":0.028144,"29":0.056288,"30":0.091468,"31":0.042216,"32":0.049252,"33":0.056288,"34":0.049252,"35":0.03518,"36":0.028144,"37":0.154792,"38":0.119612,"39":0.049252,"40":0.10554,"41":0.119612,"42":0.24626,"43":0.499556,"44":0.309584,"45":2.511852,"46":9.118656,"47":0.816176,"48":0.021108,"49":null},"opera":{"9":null,"9.5-9.6":null,"10.0-10.1":0,"10.5":null,"10.6":null,"11":null,"11.1":null,"11.5":null,"11.6":0.007036,"12":0.007036,"12.1":0.021108,"15":null,"16":null,"17":null,"18":null,"19":null,"20":null,"21":null,"22":null,"23":null,"24":null,"25":null,"26":null,"27":null,"28":0.056288,"29":null,"30":0.014072,"31":null,"32":null,"33":null,"34":null,"35":0.028144,"36":0.295512,"37":1.343876,"38":0.021108,"39":0.021108},"safari":{"3.1":null,"3.2":null,"4":0.021108,"5":0.028144,"5.1":0.03518,"6":0.042216,"6.1":0.021108,"7":0.028144,"7.1":null,"8":0.112576,"9":0.21108,"9.1":0.63324,"0":null},"ios_saf":{"3.2":0,"4.0-4.1":0,"4.2-4.3":0,"5.0-5.1":0,"6.0-6.1":0.0141071544058,"7.0-7.1":0.139942971706,"8":0,"8.1-8.4":0.356628863379,"9.0-9.2":0.746550611156,"9.3":4.32694639935},"android":{"2.1":0,"2.2":0,"2.3":0.0460202657581,"3":0,"4":0.282695918228,"4.1":0.97628706644,"4.2-4.3":2.25499302215,"4.4":5.11811098467,"4.4.3-4.4.4":2.89927674276,"50":null},"op_mob":{"10":0,"11":0,"11.1":0,"11.5":0,"12":0,"12.1":8.41615374627e-5,"0":0.00206195766784},"ie":{"5.5":null,"6":0.015286054902,"7":null,"8":0.557941003922,"9":0.0611442196078,"10":0.145217521569,"11":1.1693832},"bb":{"7":0.052611,"10":null},"ie_mob":{"10":0.0633148645161,"11":0.164913135484},"edge":{"12":0.098504,"13":0.408088,"14":null},"and_ff":{"0":0.050388},"and_uc":{"0":0.693576},"op_mini":{"5.0-8.0":0.970045880795},"and_chr":{"0":8.75676}},"total":96.417811}