{"id":"MN","name":"Mongolia","month":"2016-01","access_date":"2016-02-03","data":{"firefox":{"2":0,"3":0.014586,"3.5":0.043758,"3.6":0.094809,"4":0.021879,"5":0.007293,"6":0.014586,"7":0.007293,"8":0.014586,"9":0.021879,"10":0.021879,"11":0.07293,"12":0.379236,"13":0.021879,"14":0.07293,"15":0.087516,"16":0.109395,"17":0.021879,"18":0.014586,"19":0.029172,"20":0.029172,"21":0.036465,"22":0.021879,"23":0.014586,"24":0.051051,"25":0.021879,"26":0.021879,"27":0.036465,"28":0.029172,"29":0.080223,"30":0.087516,"31":0.043758,"32":0.043758,"33":0.058344,"34":0.102102,"35":0.058344,"36":0.102102,"37":0.182325,"38":0.255255,"39":0.189618,"40":0.262548,"41":0.211497,"42":0.612612,"43":12.354342,"44":1.648218,"45":0.065637,"46":0.007293,"47":0},"chrome":{"4":0.021879,"5":0,"6":0.007293,"7":0,"8":0.007293,"9":0.007293,"10":0.014586,"11":0.043758,"12":0.131274,"13":0.007293,"14":0,"15":0,"16":0.007293,"17":0,"18":0.051051,"19":0.007293,"20":0.007293,"21":0,"22":0.051051,"23":0.014586,"24":0.021879,"25":0.065637,"26":0.021879,"27":0.021879,"28":0.007293,"29":0.029172,"30":0.036465,"31":0.07293,"32":0.021879,"33":0.116688,"34":0.036465,"35":0.07293,"36":0.080223,"37":0.080223,"38":0.058344,"39":0.080223,"40":0.07293,"41":0.058344,"42":0.532389,"43":0.444873,"44":0.401115,"45":1.414842,"46":0.517803,"47":36.071178,"48":3.843411,"49":0.43758,"50":0.021879,"51":0},"opera":{"9":0,"9.5-9.6":0,"10.0-10.1":0,"10.5":0,"10.6":0,"11":0,"11.1":0,"11.5":0.007293,"11.6":0.043758,"12":0.007293,"12.1":0.080223,"15":0,"16":0,"17":0,"18":0,"19":0,"20":0,"21":0,"22":0,"23":0,"24":0,"25":0,"26":0,"27":0,"28":0.021879,"29":0,"30":0.014586,"31":0.051051,"32":0.007293,"33":0.021879,"34":1.735734,"35":0.007293,"36":0},"safari":{"3.1":0,"3.2":0,"4":0.007293,"5":0.021879,"5.1":0.058344,"6":0.007293,"6.1":0.021879,"7":0.014586,"7.1":0.007293,"8":0.123981,"9":0.933504,"9.1":0},"android":{"2.1":0,"2.2":0,"2.3":0.0764818975558,"3":0,"4":0.317877886716,"4.1":1.08747698087,"4.2-4.3":2.4211300695,"4.4":4.81835954601,"4.4.3-4.4.4":2.52390261934,"47":null},"ios_saf":{"3.2":0,"4.0-4.1":0,"4.2-4.3":0,"5.0-5.1":0,"6.0-6.1":0,"7.0-7.1":0.296550741733,"8":0.0207970650046,"8.1-8.4":0.847287833522,"9.0-9.2":6.31229435974,"9.3":null},"op_mob":{"10":0,"11":0,"11.1":0,"11.5":0,"12":5.23153587862e-5,"12.1":5.23153587862e-5,"0":0.00277271401567},"ie":{"5.5":0,"6":0.015003828125,"7":0,"8":0.735187578125,"9":0.135034453125,"10":0.195049765625,"11":1.79295746094},"bb":{"7":0.02503975,"10":null},"ie_mob":{"10":0.0170154285714,"11":0.0750225714286},"edge":{"12":0.21879,"13":0.269841,"14":0},"and_uc":{"0":0.452069},"op_mini":{"5.0-8.0":0.698235655267},"and_chr":{"0":9.374535},"and_ff":{"0":0.048726}},"total":98.6916778359}