{"id":"MO","name":"Macao","month":"2016-05","access_date":"2016-06-03","data":{"chrome":{"4":null,"5":null,"6":null,"7":null,"8":null,"9":null,"10":null,"11":0.040117,"12":null,"13":null,"14":null,"15":null,"16":null,"17":0.005731,"18":0.005731,"19":null,"20":0.028655,"21":0.011462,"22":0.017193,"23":null,"24":null,"25":0.040117,"26":0.022924,"27":0.011462,"28":0.022924,"29":0.28655,"30":0.05731,"31":0.183392,"32":0.011462,"33":0.040117,"34":0.05731,"35":0.063041,"36":0.085965,"37":0.068772,"38":0.063041,"39":0.080234,"40":0.143275,"41":0.154737,"42":0.361053,"43":0.424094,"44":0.412632,"45":1.914154,"46":0.378246,"47":0.590293,"48":0.905498,"49":6.321293,"50":22.729146,"51":0.332398,"52":0.068772,"53":0.005731,"54":null},"firefox":{"2":null,"3":null,"3.5":null,"3.6":null,"4":null,"5":null,"6":0.05731,"7":null,"8":null,"9":null,"10":null,"11":null,"12":null,"13":null,"14":null,"15":null,"16":0.005731,"17":null,"18":null,"19":null,"20":null,"21":null,"22":null,"23":null,"24":null,"25":null,"26":0.011462,"27":null,"28":null,"29":null,"30":null,"31":0.194854,"32":0.011462,"33":0.011462,"34":0.040117,"35":0.028655,"36":0.011462,"37":0.005731,"38":0.063041,"39":0.05731,"40":0.034386,"41":0.011462,"42":0.091696,"43":0.17193,"44":0.051579,"45":0.785147,"46":3.834039,"47":0.017193,"48":null,"49":null},"opera":{"9":null,"9.5-9.6":null,"10.0-10.1":0,"10.5":null,"10.6":null,"11":null,"11.1":null,"11.5":null,"11.6":null,"12":null,"12.1":0.085965,"15":null,"16":null,"17":null,"18":null,"19":null,"20":null,"21":null,"22":null,"23":null,"24":null,"25":null,"26":null,"27":null,"28":null,"29":null,"30":null,"31":null,"32":null,"33":null,"34":null,"35":0.011462,"36":0.045848,"37":0.206316,"38":null,"39":null},"safari":{"3.1":null,"3.2":null,"4":0,"5":0.028655,"5.1":0.137544,"6":0.074503,"6.1":0.080234,"7":0.137544,"7.1":0.034386,"8":0.63041,"9":0.704913,"9.1":1.805265,"0":null},"ios_saf":{"3.2":0,"4.0-4.1":0,"4.2-4.3":0,"5.0-5.1":0,"6.0-6.1":0.0542899808003,"7.0-7.1":0.538556609539,"8":0,"8.1-8.4":1.37245071463,"9.0-9.2":2.87302578395,"9.3":16.6518229111},"android":{"2.1":0,"2.2":0,"2.3":0.00953676660988,"3":0,"4":0.0585829948893,"4.1":0.202315691652,"4.2-4.3":0.467301563884,"4.4":1.06062468654,"4.4.3-4.4.4":0.600816296422,"50":null},"op_mob":{"10":0,"11":0,"11.1":0,"11.5":0,"12":0,"12.1":1.69998701467e-5,"0":0.000416496818595},"ie":{"5.5":null,"6":0.0236050753623,"7":0.0177038065217,"8":0.896992863768,"9":0.784868755797,"10":0.690448454348,"11":5.72423077536},"bb":{"7":0.0106725,"10":null},"ie_mob":{"10":0.030791883871,"11":0.080202116129},"edge":{"12":0.137544,"13":1.300937,"14":null},"and_ff":{"0":0.021345},"and_uc":{"0":1.882629},"op_mini":{"5.0-8.0":0.195940503311},"and_chr":{"0":14.092791}},"total":95.2043662312}