{"id":"MO","name":"Macao","month":"2016-01","access_date":"2016-02-03","data":{"firefox":{"2":0,"3":0.006163,"3.5":0,"3.6":0.012326,"4":0.006163,"5":0.006163,"6":0.012326,"7":0,"8":0,"9":0,"10":0,"11":0,"12":0.018489,"13":0,"14":0,"15":0.006163,"16":0.012326,"17":0.006163,"18":0,"19":0,"20":0,"21":0,"22":0,"23":0,"24":0,"25":0.006163,"26":0.006163,"27":0,"28":0,"29":0.006163,"30":0.030815,"31":1.288067,"32":0.030815,"33":0.018489,"34":0.030815,"35":0.024652,"36":0.018489,"37":0.018489,"38":0.06163,"39":0.067793,"40":0.073956,"41":0.06163,"42":0.129423,"43":3.907342,"44":0.18489,"45":0.012326,"46":0.006163,"47":0},"chrome":{"4":0,"5":0,"6":0,"7":0,"8":0,"9":0,"10":0,"11":0.043141,"12":0.006163,"13":0,"14":0,"15":0,"16":0.006163,"17":0.012326,"18":0.018489,"19":0,"20":0.006163,"21":0.012326,"22":0.024652,"23":0.006163,"24":0.006163,"25":0.012326,"26":0.012326,"27":0.018489,"28":0.018489,"29":0.018489,"30":0.030815,"31":1.238763,"32":0.036978,"33":0.073956,"34":0.036978,"35":0.067793,"36":0.117097,"37":0.104771,"38":0.073956,"39":0.178727,"40":0.086282,"41":0.098608,"42":0.338965,"43":0.671767,"44":0.745723,"45":1.762618,"46":1.275741,"47":21.81702,"48":2.089257,"49":0.104771,"50":0.012326,"51":0},"opera":{"9":0,"9.5-9.6":0,"10.0-10.1":0,"10.5":0,"10.6":0.006163,"11":0,"11.1":0,"11.5":0,"11.6":0,"12":0,"12.1":0.036978,"15":0,"16":0,"17":0,"18":0,"19":0,"20":0,"21":0,"22":0,"23":0,"24":0,"25":0,"26":0,"27":0,"28":0,"29":0.012326,"30":0,"31":0,"32":0,"33":0.006163,"34":0.203379,"35":0,"36":0},"safari":{"3.1":0,"3.2":0,"4":0.006163,"5":0.098608,"5.1":0.160238,"6":0.036978,"6.1":0.147912,"7":0.166401,"7.1":0.080119,"8":0.640952,"9":2.138561,"9.1":0.024652},"android":{"2.1":0,"2.2":0,"2.3":0.025708527949,"3":0,"4":0.106851069288,"4.1":0.365543131775,"4.2-4.3":0.813835587885,"4.4":1.61963726079,"4.4.3-4.4.4":0.848381422317,"47":null},"ios_saf":{"3.2":0,"4.0-4.1":0,"4.2-4.3":0,"5.0-5.1":0,"6.0-6.1":0,"7.0-7.1":0.953059428763,"8":0.0668379339652,"8.1-8.4":2.72302693932,"9.0-9.2":20.2865506979,"9.3":null},"op_mob":{"10":0,"11":0,"11.1":0,"11.5":0,"12":1.08796915806e-5,"12.1":1.08796915806e-5,"0":0.000576623653774},"ie":{"5.5":0,"6":0.025236786505,"7":0.05047357301,"8":1.29969450501,"9":1.8990681845,"10":1.84228541487,"11":6.59311047443},"bb":{"7":0.0095925,"10":null},"ie_mob":{"10":0.0234089243697,"11":0.10321207563},"edge":{"12":0.265009,"13":0.585485,"14":0},"and_uc":{"0":1.807227},"op_mini":{"5.0-8.0":0.145207616963},"and_chr":{"0":14.674426},"and_ff":{"0":0.046044}},"total":98.2004394383}