{"id":"MP","name":"Northern Mariana Islands","month":"2016-01","access_date":"2016-02-03","data":{"firefox":{"2":0,"3":0.00752,"3.5":0,"3.6":0.00752,"4":0,"5":0,"6":0,"7":0,"8":0,"9":0,"10":0,"11":0.00752,"12":0,"13":0,"14":0,"15":0,"16":0.01504,"17":0,"18":0.00752,"19":0,"20":0.01504,"21":0,"22":0,"23":0,"24":0,"25":0.00752,"26":0,"27":0,"28":0,"29":0,"30":0.00752,"31":0.00752,"32":0.00752,"33":0.01504,"34":0,"35":0.01504,"36":0,"37":0.00752,"38":0.08272,"39":0.09776,"40":0.03008,"41":0.0376,"42":0.18048,"43":4.5496,"44":0.64672,"45":0.00752,"46":0,"47":0},"chrome":{"4":0,"5":0,"6":0,"7":0,"8":0,"9":0,"10":0,"11":0.00752,"12":0,"13":0,"14":0,"15":0,"16":0,"17":0,"18":0.00752,"19":0,"20":0,"21":0,"22":0.01504,"23":0,"24":0,"25":0.00752,"26":0.02256,"27":0,"28":0.00752,"29":0,"30":0.00752,"31":0.43616,"32":0,"33":0,"34":0.0752,"35":0.02256,"36":0.04512,"37":0.01504,"38":0.00752,"39":0.06768,"40":0.02256,"41":0.01504,"42":0.24064,"43":0.06016,"44":0.12032,"45":0.43616,"46":0.39856,"47":32.66688,"48":3.97808,"49":0.09024,"50":0.00752,"51":0},"opera":{"9":0,"9.5-9.6":0,"10.0-10.1":0,"10.5":0,"10.6":0,"11":0,"11.1":0,"11.5":0,"11.6":0,"12":0,"12.1":0,"15":0,"16":0,"17":0,"18":0,"19":0,"20":0,"21":0,"22":0,"23":0,"24":0,"25":0,"26":0,"27":0,"28":0.00752,"29":0.02256,"30":0,"31":0,"32":0,"33":0.00752,"34":0.2256,"35":0,"36":0},"safari":{"3.1":0,"3.2":0,"4":0.03008,"5":0.03008,"5.1":0.09776,"6":0,"6.1":0.00752,"7":0.0376,"7.1":0.08272,"8":0.91744,"9":1.1656,"9.1":0},"android":{"2.1":0,"2.2":0,"2.3":0.0530880340064,"3":0,"4":0.220647141339,"4.1":0.754845483528,"4.2-4.3":1.68056807651,"4.4":3.3445461424,"4.4.3-4.4.4":1.75190512221,"47":null},"ios_saf":{"3.2":0,"4.0-4.1":0,"4.2-4.3":0,"5.0-5.1":0,"6.0-6.1":0,"7.0-7.1":0.552581889358,"8":0.0387524961368,"8.1-8.4":1.57880539817,"9.0-9.2":11.7621002163,"9.3":null},"op_mob":{"10":0,"11":0,"11.1":0,"11.5":0,"12":6.47680636737e-6,"12.1":6.47680636737e-6,"0":0.00034327073747},"ie":{"5.5":0,"6":0.0602412972973,"7":0.135542918919,"8":2.00302313514,"9":0.647593945946,"10":0.66265427027,"11":7.63558443243},"bb":{"7":0.00124,"10":null},"ie_mob":{"10":0.0247583193277,"11":0.109161680672},"edge":{"12":0.24816,"13":1.22576,"14":0},"and_uc":{"0":0.49352},"op_mini":{"5.0-8.0":0.0864437756498},"and_chr":{"0":16.97312},"and_ff":{"0":0.01984}},"total":99.2378}