{"id":"MQ","name":"Martinique","month":"2016-05","access_date":"2016-06-03","data":{"chrome":{"4":null,"5":null,"6":null,"7":null,"8":null,"9":null,"10":null,"11":0.036015,"12":0.014406,"13":null,"14":null,"15":null,"16":null,"17":null,"18":null,"19":null,"20":null,"21":null,"22":0.014406,"23":0.014406,"24":null,"25":null,"26":0.007203,"27":null,"28":null,"29":0.100842,"30":0.007203,"31":0.021609,"32":0.07203,"33":0.064827,"34":0.036015,"35":0.036015,"36":0.093639,"37":0.036015,"38":0.036015,"39":0.050421,"40":0.064827,"41":0.036015,"42":0.021609,"43":0.079233,"44":0.108045,"45":0.165669,"46":0.079233,"47":0.122451,"48":0.295323,"49":5.106927,"50":30.713592,"51":0.424977,"52":0.07203,"53":null,"54":null},"firefox":{"2":null,"3":null,"3.5":null,"3.6":0.014406,"4":null,"5":null,"6":null,"7":null,"8":null,"9":null,"10":null,"11":null,"12":0.014406,"13":null,"14":null,"15":null,"16":null,"17":null,"18":null,"19":0.007203,"20":0.014406,"21":0.021609,"22":null,"23":null,"24":null,"25":null,"26":0.014406,"27":null,"28":null,"29":null,"30":null,"31":null,"32":0.028812,"33":0.007203,"34":0.014406,"35":null,"36":0.014406,"37":0.021609,"38":0.108045,"39":0.028812,"40":0.043218,"41":0.079233,"42":0.136857,"43":0.165669,"44":0.151263,"45":1.707111,"46":8.71563,"47":0.244902,"48":0.014406,"49":null},"opera":{"9":null,"9.5-9.6":null,"10.0-10.1":0,"10.5":null,"10.6":null,"11":null,"11.1":null,"11.5":null,"11.6":null,"12":null,"12.1":0.07203,"15":null,"16":null,"17":null,"18":null,"19":null,"20":null,"21":null,"22":null,"23":null,"24":null,"25":null,"26":null,"27":null,"28":null,"29":null,"30":null,"31":null,"32":null,"33":null,"34":null,"35":null,"36":0.165669,"37":0.597849,"38":null,"39":null},"safari":{"3.1":null,"3.2":null,"4":0.043218,"5":0.043218,"5.1":0.280917,"6":0.036015,"6.1":0.180075,"7":0.252105,"7.1":0.028812,"8":0.410571,"9":1.267728,"9.1":3.270162,"0":null},"ios_saf":{"3.2":0,"4.0-4.1":0,"4.2-4.3":0,"5.0-5.1":0,"6.0-6.1":0.0122877501011,"7.0-7.1":0.121894481002,"8":0,"8.1-8.4":0.310634322555,"9.0-9.2":0.650267735348,"9.3":3.76889871099},"android":{"2.1":0,"2.2":0,"2.3":0.00905014537195,"3":0,"4":0.055593750142,"4.1":0.191992369676,"4.2-4.3":0.443457123225,"4.4":1.00650545315,"4.4.3-4.4.4":0.570159158433,"50":null},"op_mob":{"10":0,"11":0,"11.1":0,"11.5":0,"12":0,"12.1":1.52543825477e-5,"0":0.000373732372419},"ie":{"5.5":null,"6":null,"7":0.0144322883212,"8":0.216484324818,"9":0.274213478102,"10":0.382455640511,"11":6.98522754745},"bb":{"7":0.0097895,"10":null},"ie_mob":{"10":0.0993205677419,"11":0.258695432258},"edge":{"12":0.324135,"13":4.040883,"14":null},"and_ff":{"0":0.019579},"and_uc":{"0":0.114677},"op_mini":{"5.0-8.0":0.175822013245},"and_chr":{"0":18.21568}},"total":94.4199097792}