{"id":"MS","name":"Montserrat","month":"2016-05","access_date":"2016-06-03","data":{"chrome":{"4":0.014816,"5":null,"6":0.014816,"7":null,"8":null,"9":null,"10":0.014816,"11":0.059264,"12":0.014816,"13":null,"14":null,"15":0.014816,"16":null,"17":null,"18":null,"19":null,"20":null,"21":0.029632,"22":0.014816,"23":0.014816,"24":0.014816,"25":0.029632,"26":null,"27":null,"28":0.014816,"29":0.200016,"30":null,"31":null,"32":0.029632,"33":0.014816,"34":null,"35":0.014816,"36":0.118528,"37":0.07408,"38":0.014816,"39":0.029632,"40":0.029632,"41":0.088896,"42":null,"43":0.088896,"44":0.07408,"45":0.733392,"46":0.155568,"47":0.088896,"48":0.214832,"49":8.734032,"50":28.1504,"51":0.288912,"52":0.103712,"53":null,"54":null},"firefox":{"2":0.244464,"3":null,"3.5":null,"3.6":null,"4":null,"5":null,"6":null,"7":null,"8":null,"9":null,"10":null,"11":null,"12":null,"13":null,"14":null,"15":null,"16":null,"17":null,"18":null,"19":null,"20":0.014816,"21":0.014816,"22":null,"23":null,"24":null,"25":null,"26":null,"27":null,"28":null,"29":null,"30":null,"31":0.1852,"32":null,"33":null,"34":null,"35":null,"36":null,"37":0.014816,"38":0.014816,"39":0.029632,"40":null,"41":0.029632,"42":0.029632,"43":0.088896,"44":null,"45":0.088896,"46":3.637328,"47":null,"48":null,"49":null},"opera":{"9":null,"9.5-9.6":null,"10.0-10.1":0,"10.5":null,"10.6":null,"11":null,"11.1":null,"11.5":null,"11.6":null,"12":null,"12.1":0.33336,"15":null,"16":null,"17":null,"18":null,"19":null,"20":null,"21":null,"22":null,"23":null,"24":null,"25":null,"26":null,"27":null,"28":null,"29":0.014816,"30":0.014816,"31":null,"32":null,"33":null,"34":null,"35":0.014816,"36":0.07408,"37":0.140752,"38":null,"39":null},"safari":{"3.1":null,"3.2":null,"4":0.029632,"5":0.103712,"5.1":0.103712,"6":null,"6.1":0.014816,"7":0.044448,"7.1":null,"8":0.059264,"9":2.859488,"9.1":0.51856,"0":null},"ios_saf":{"3.2":0,"4.0-4.1":0,"4.2-4.3":0,"5.0-5.1":0,"6.0-6.1":0.0091476960388,"7.0-7.1":0.0907451447049,"8":0,"8.1-8.4":0.231253755861,"9.0-9.2":0.484096074373,"9.3":2.80578132902},"android":{"2.1":0,"2.2":0,"2.3":0.00796440204429,"3":0,"4":0.0489241839864,"4.1":0.168959100511,"4.2-4.3":0.39025570017,"4.4":0.885755284497,"4.4.3-4.4.4":0.50175732879,"50":null},"op_mob":{"10":0,"11":0,"11.1":0,"11.5":0,"12":0,"12.1":3.81456953642e-6,"0":9.34569536424e-5},"ie":{"5.5":null,"6":null,"7":null,"8":0.134590735232,"9":0.276658733532,"10":6.92394560136,"11":10.1989868253},"bb":{"7":0.52812,"10":null},"ie_mob":{"10":0.107860645161,"11":0.280939354839},"edge":{"12":1.489008,"13":2.4076,"14":null},"and_ff":{"0":null},"and_uc":{"0":0.235872},"op_mini":{"5.0-8.0":0.0439667284768},"and_chr":{"0":19.085264}},"total":95.5562218955}