{"id":"MT","name":"Malta","month":"2016-05","access_date":"2016-06-03","data":{"chrome":{"4":null,"5":null,"6":null,"7":null,"8":null,"9":null,"10":null,"11":0.02139,"12":null,"13":null,"14":null,"15":null,"16":null,"17":null,"18":0.00713,"19":null,"20":null,"21":null,"22":0.04278,"23":null,"24":null,"25":0.00713,"26":0.04991,"27":null,"28":null,"29":0.58466,"30":0.00713,"31":0.01426,"32":0.02139,"33":0.02852,"34":0.04278,"35":0.04278,"36":0.07843,"37":0.04278,"38":0.03565,"39":0.09982,"40":0.03565,"41":0.02139,"42":0.04278,"43":0.12834,"44":0.09982,"45":0.22816,"46":0.12121,"47":0.14973,"48":1.01959,"49":7.10148,"50":36.23466,"51":0.4991,"52":0.08556,"53":0.00713,"54":null},"firefox":{"2":null,"3":null,"3.5":null,"3.6":0.00713,"4":null,"5":null,"6":0.01426,"7":null,"8":null,"9":null,"10":null,"11":null,"12":0.01426,"13":null,"14":null,"15":null,"16":0.01426,"17":null,"18":null,"19":null,"20":null,"21":0.00713,"22":null,"23":0.00713,"24":null,"25":null,"26":0.02139,"27":null,"28":0.01426,"29":0.04278,"30":0.04278,"31":0.02139,"32":0.02139,"33":0.01426,"34":0.03565,"35":0.02139,"36":0.03565,"37":0.04278,"38":0.18538,"39":0.07843,"40":0.06417,"41":0.08556,"42":0.07843,"43":0.29233,"44":0.22816,"45":1.57573,"46":6.21023,"47":0.20677,"48":0.01426,"49":0.00713},"opera":{"9":null,"9.5-9.6":null,"10.0-10.1":0,"10.5":null,"10.6":null,"11":null,"11.1":null,"11.5":null,"11.6":null,"12":null,"12.1":0.03565,"15":null,"16":null,"17":null,"18":null,"19":null,"20":null,"21":null,"22":null,"23":null,"24":null,"25":null,"26":null,"27":null,"28":null,"29":null,"30":null,"31":null,"32":null,"33":null,"34":0.00713,"35":null,"36":0.12834,"37":0.4278,"38":null,"39":null},"safari":{"3.1":null,"3.2":null,"4":0,"5":0.02852,"5.1":0.11408,"6":0.02139,"6.1":0.07843,"7":0.04991,"7.1":0.02139,"8":0.29233,"9":0.80569,"9.1":2.23882,"0":null},"ios_saf":{"3.2":0,"4.0-4.1":0,"4.2-4.3":0,"5.0-5.1":0,"6.0-6.1":0.0199458619644,"7.0-7.1":0.197862950687,"8":0,"8.1-8.4":0.504231390461,"9.0-9.2":1.05553501516,"9.3":6.11779478173},"android":{"2.1":0,"2.2":0,"2.3":0.00852199318569,"3":0,"4":0.0523493867121,"4.1":0.180787998296,"4.2-4.3":0.417577666099,"4.4":0.947767385009,"4.4.3-4.4.4":0.536885570698,"50":null},"op_mob":{"10":0,"11":0,"11.1":0,"11.5":0,"12":0,"12.1":1.14288187681e-5,"0":0.000280006059819},"ie":{"5.5":null,"6":null,"7":0.01426,"8":0.27094,"9":0.29233,"10":0.20677,"11":5.52575},"bb":{"7":0.0150675,"10":null},"ie_mob":{"10":0.186309290323,"11":0.485270709677},"edge":{"12":0.15686,"13":2.73079,"14":null},"and_ff":{"0":0.01435},"and_uc":{"0":0.16646},"op_mini":{"5.0-8.0":0.131728565121},"and_chr":{"0":15.07143}},"total":95.8629575}