{"id":"MU","name":"Mauritius","month":"2016-01","access_date":"2016-02-03","data":{"firefox":{"2":0,"3":0.017151,"3.5":0.022868,"3.6":0.022868,"4":0.011434,"5":0.005717,"6":0.011434,"7":0.011434,"8":0.005717,"9":0.005717,"10":0.011434,"11":0.022868,"12":0.022868,"13":0.011434,"14":0.005717,"15":0.005717,"16":0.011434,"17":0.005717,"18":0.011434,"19":0.011434,"20":0.028585,"21":0.011434,"22":0.005717,"23":0.005717,"24":0.017151,"25":0.005717,"26":0.005717,"27":0.005717,"28":0.011434,"29":0.011434,"30":0.017151,"31":0.051453,"32":0.017151,"33":0.022868,"34":0.034302,"35":0.040019,"36":0.05717,"37":0.091472,"38":0.17151,"39":0.160076,"40":0.108623,"41":0.137208,"42":0.325869,"43":6.505946,"44":0.617436,"45":0.028585,"46":0.005717,"47":0},"chrome":{"4":0.005717,"5":0,"6":0,"7":0,"8":0,"9":0,"10":0.005717,"11":0.040019,"12":0.005717,"13":0,"14":0.005717,"15":0.005717,"16":0,"17":0,"18":0.045736,"19":0,"20":0.005717,"21":0,"22":0.131491,"23":0.017151,"24":0.011434,"25":0.005717,"26":0.074321,"27":0.005717,"28":0.017151,"29":0.017151,"30":0.022868,"31":0.085755,"32":0.034302,"33":0.068604,"34":0.102906,"35":0.034302,"36":0.062887,"37":0.040019,"38":0.051453,"39":0.11434,"40":0.068604,"41":0.040019,"42":0.160076,"43":0.240114,"44":0.245831,"45":0.411624,"46":0.405907,"47":26.64122,"48":2.584084,"49":0.291567,"50":0.017151,"51":0},"opera":{"9":0,"9.5-9.6":0,"10.0-10.1":0,"10.5":0,"10.6":0,"11":0,"11.1":0,"11.5":0,"11.6":0,"12":0,"12.1":0.091472,"15":0,"16":0.005717,"17":0,"18":0.005717,"19":0.011434,"20":0.005717,"21":0,"22":0,"23":0,"24":0,"25":0,"26":0,"27":0,"28":0.017151,"29":0.005717,"30":0.011434,"31":0.005717,"32":0.011434,"33":0.017151,"34":1.194853,"35":0.005717,"36":0},"safari":{"3.1":0,"3.2":0,"4":0.005717,"5":0.062887,"5.1":0.097189,"6":0.028585,"6.1":0.062887,"7":0.080038,"7.1":0.062887,"8":0.354454,"9":1.091947,"9.1":0},"android":{"2.1":0,"2.2":0,"2.3":0.0541917517535,"3":0,"4":0.225234468225,"4.1":0.770538970244,"4.2-4.3":1.71550764145,"4.4":3.41408036047,"4.4.3-4.4.4":1.78832780786,"47":null},"ios_saf":{"3.2":0,"4.0-4.1":0,"4.2-4.3":0,"5.0-5.1":0,"6.0-6.1":0,"7.0-7.1":0.188659003297,"8":0.0132306314,"8.1-8.4":0.539025723705,"9.0-9.2":4.0157416416,"9.3":null},"op_mob":{"10":0,"11":0,"11.1":0,"11.5":0,"12":0.000852658425569,"12.1":0.000852658425569,"0":0.0451908965552},"ie":{"5.5":0,"6":0.0287203136095,"7":0.0172321881657,"8":0.505477519527,"9":0.252738759763,"10":0.442292829586,"11":3.57855107574},"bb":{"7":0.03319325,"10":null},"ie_mob":{"10":0.24467087395,"11":1.07877612605},"edge":{"12":0.405907,"13":0.417341,"14":0},"and_uc":{"0":2.565517},"op_mini":{"5.0-8.0":11.3801477866},"and_chr":{"0":20.007556},"and_ff":{"0":0.17132}},"total":97.9960969364}