{"id":"MU","name":"Mauritius","month":"2016-05","access_date":"2016-06-03","data":{"chrome":{"4":null,"5":null,"6":null,"7":null,"8":null,"9":null,"10":null,"11":0.02678,"12":null,"13":null,"14":0.016068,"15":null,"16":null,"17":null,"18":0.02678,"19":null,"20":null,"21":null,"22":0.101764,"23":0.016068,"24":null,"25":null,"26":0.069628,"27":null,"28":0.010712,"29":0.021424,"30":0.02678,"31":0.112476,"32":0.032136,"33":0.032136,"34":0.085696,"35":0.032136,"36":0.096408,"37":0.016068,"38":0.042848,"39":0.048204,"40":0.05356,"41":0.02678,"42":0.021424,"43":0.155324,"44":0.096408,"45":0.471328,"46":0.069628,"47":0.112476,"48":0.283868,"49":4.477616,"50":26.662168,"51":0.4017,"52":0.219596,"53":null,"54":null},"firefox":{"2":null,"3":0.010712,"3.5":0.016068,"3.6":0.032136,"4":0.010712,"5":0.005356,"6":null,"7":null,"8":null,"9":null,"10":null,"11":0.010712,"12":0.021424,"13":0.010712,"14":0.005356,"15":0.010712,"16":0.02678,"17":null,"18":0.005356,"19":0.005356,"20":0.016068,"21":0.005356,"22":null,"23":null,"24":0.016068,"25":null,"26":0.010712,"27":0.005356,"28":0.010712,"29":0.02678,"30":0.010712,"31":0.02678,"32":0.010712,"33":0.021424,"34":0.016068,"35":0.021424,"36":0.016068,"37":0.064272,"38":0.08034,"39":0.085696,"40":0.037492,"41":0.048204,"42":0.096408,"43":0.198172,"44":0.149968,"45":1.413984,"46":5.613088,"47":0.342784,"48":0.010712,"49":0.005356},"opera":{"9":null,"9.5-9.6":null,"10.0-10.1":0,"10.5":null,"10.6":null,"11":null,"11.1":null,"11.5":null,"11.6":null,"12":0.005356,"12.1":0.032136,"15":null,"16":0.005356,"17":null,"18":null,"19":null,"20":null,"21":null,"22":null,"23":null,"24":null,"25":null,"26":null,"27":null,"28":null,"29":null,"30":0.010712,"31":0.005356,"32":0.005356,"33":null,"34":0.021424,"35":0.016068,"36":0.230308,"37":0.712348,"38":0.010712,"39":null},"safari":{"3.1":null,"3.2":null,"4":0.005356,"5":0.069628,"5.1":0.085696,"6":0.02678,"6.1":0.058916,"7":0.042848,"7.1":0.048204,"8":0.283868,"9":0.380276,"9.1":1.15154,"0":null},"ios_saf":{"3.2":0,"4.0-4.1":0,"4.2-4.3":0,"5.0-5.1":0,"6.0-6.1":0.0062179668553,"7.0-7.1":0.0616822312045,"8":0,"8.1-8.4":0.157190202102,"9.0-9.2":0.329054805982,"9.3":1.90717479386},"android":{"2.1":0,"2.2":0,"2.3":0.0223734787053,"3":0,"4":0.137437083475,"4.1":0.474637369676,"4.2-4.3":1.09630045656,"4.4":2.48825045315,"4.4.3-4.4.4":1.40952915843,"50":null},"op_mob":{"10":0,"11":0,"11.1":0,"11.5":0,"12":0,"12.1":0.00103843241138,"0":0.0254415940787},"ie":{"5.5":null,"6":0.005356,"7":0.010712,"8":0.487396,"9":0.278512,"10":0.37492,"11":3.417128},"bb":{"7":0.031347,"10":null},"ie_mob":{"10":0.2795688,"11":0.7281792},"edge":{"12":0.251732,"13":1.012284,"14":null},"and_ff":{"0":0.204336},"and_uc":{"0":3.241512},"op_mini":{"5.0-8.0":11.9689719735},"and_chr":{"0":18.524956}},"total":94.539579}