{"id":"MV","name":"Maldives","month":"2016-05","access_date":"2016-06-03","data":{"chrome":{"4":null,"5":0.00721,"6":null,"7":null,"8":null,"9":null,"10":0.003605,"11":0.01442,"12":0.03605,"13":null,"14":null,"15":null,"16":0.00721,"17":null,"18":0.00721,"19":0.02163,"20":0.00721,"21":0.003605,"22":null,"23":0.010815,"24":null,"25":null,"26":0.00721,"27":0.00721,"28":0.01442,"29":0.01442,"30":0.018025,"31":0.05768,"32":0.01442,"33":0.054075,"34":0.04326,"35":0.00721,"36":0.01442,"37":0.00721,"38":0.025235,"39":0.054075,"40":0.032445,"41":0.010815,"42":0.02163,"43":0.11536,"44":0.05768,"45":0.104545,"46":0.104545,"47":0.12978,"48":0.169435,"49":2.46582,"50":18.122335,"51":0.313635,"52":0.111755,"53":null,"54":null},"firefox":{"2":null,"3":0.018025,"3.5":null,"3.6":0.061285,"4":0.039655,"5":0.00721,"6":0.00721,"7":null,"8":0.00721,"9":null,"10":0.010815,"11":0.02884,"12":0.032445,"13":0.01442,"14":0.00721,"15":0.025235,"16":0.010815,"17":0.010815,"18":0.025235,"19":0.00721,"20":0.00721,"21":0.010815,"22":0.00721,"23":0.01442,"24":0.01442,"25":0.003605,"26":null,"27":0.00721,"28":0.03605,"29":0.01442,"30":0.04326,"31":0.01442,"32":0.01442,"33":0.02163,"34":0.01442,"35":0.018025,"36":0.02163,"37":0.02163,"38":0.07931,"39":0.03605,"40":0.046865,"41":0.15862,"42":0.111755,"43":0.31003,"44":0.23793,"45":1.013005,"46":3.52569,"47":0.767865,"48":0.01442,"49":null},"opera":{"9":null,"9.5-9.6":null,"10.0-10.1":0,"10.5":null,"10.6":null,"11":null,"11.1":null,"11.5":null,"11.6":null,"12":null,"12.1":0.01442,"15":null,"16":null,"17":null,"18":null,"19":null,"20":0.003605,"21":null,"22":null,"23":null,"24":null,"25":null,"26":null,"27":null,"28":null,"29":null,"30":0.003605,"31":null,"32":0.00721,"33":null,"34":0.010815,"35":0.054075,"36":0.05047,"37":0.18025,"38":null,"39":null},"safari":{"3.1":null,"3.2":null,"4":0,"5":0.00721,"5.1":0.05768,"6":0.003605,"6.1":0.02163,"7":0.01442,"7.1":null,"8":0.111755,"9":0.2884,"9.1":0.565985,"0":null},"ios_saf":{"3.2":0,"4.0-4.1":0,"4.2-4.3":0,"5.0-5.1":0,"6.0-6.1":0.0215871463217,"7.0-7.1":0.214144491512,"8":0,"8.1-8.4":0.545723059014,"9.0-9.2":1.14239178335,"9.3":6.62120951981},"android":{"2.1":0,"2.2":0,"2.3":0.0225004088586,"3":0,"4":0.138216797274,"4.1":0.477330102215,"4.2-4.3":1.10252003407,"4.4":2.50236689949,"4.4.3-4.4.4":1.41752575809,"50":null},"op_mob":{"10":0,"11":0,"11.1":0,"11.5":0,"12":0,"12.1":0.000542066744579,"0":0.0132806352422},"ie":{"5.5":null,"6":0.00724716494845,"7":null,"8":0.170308376289,"9":0.0616009020619,"10":0.213791365979,"11":0.953002190722},"bb":{"7":0.011193,"10":null},"ie_mob":{"10":0.193406787097,"11":0.503757212903},"edge":{"12":0.147805,"13":0.335265,"14":null},"and_ff":{"0":0.108732},"and_uc":{"0":7.905456},"op_mini":{"5.0-8.0":6.24786129801},"and_chr":{"0":33.135334}},"total":94.726819}