{"id":"MY","name":"Malaysia","month":"2016-01","access_date":"2016-02-03","data":{"firefox":{"2":0.004963,"3":0.029778,"3.5":0.004963,"3.6":0.029778,"4":0.009926,"5":0.004963,"6":0.014889,"7":0.004963,"8":0.004963,"9":0.004963,"10":0.014889,"11":0.019852,"12":0.024815,"13":0.009926,"14":0.009926,"15":0.009926,"16":0.019852,"17":0.009926,"18":0.009926,"19":0.009926,"20":0.014889,"21":0.034741,"22":0.014889,"23":0.014889,"24":0.009926,"25":0.014889,"26":0.009926,"27":0.024815,"28":0.014889,"29":0.029778,"30":0.029778,"31":0.034741,"32":0.024815,"33":0.034741,"34":0.039704,"35":0.044667,"36":0.039704,"37":0.079408,"38":0.134001,"39":0.134001,"40":0.109186,"41":0.14889,"42":0.258076,"43":4.441885,"44":0.575708,"45":0.009926,"46":0,"47":0},"chrome":{"4":0.004963,"5":0.009926,"6":0.009926,"7":0.004963,"8":0.004963,"9":0.004963,"10":0.009926,"11":0.044667,"12":0.024815,"13":0.009926,"14":0.014889,"15":0.009926,"16":0.004963,"17":0.014889,"18":0.009926,"19":0,"20":0.004963,"21":0.019852,"22":0.019852,"23":0.004963,"24":0.009926,"25":0.009926,"26":0.014889,"27":0.024815,"28":0.014889,"29":0.019852,"30":0.024815,"31":0.173705,"32":0.024815,"33":0.114149,"34":0.029778,"35":0.039704,"36":0.074445,"37":0.04963,"38":0.074445,"39":0.09926,"40":0.084371,"41":0.104223,"42":0.119112,"43":0.233261,"44":0.352373,"45":0.501263,"46":0.660079,"47":23.658621,"48":1.880977,"49":0.327558,"50":0.014889,"51":0},"opera":{"9":0,"9.5-9.6":0,"10.0-10.1":0,"10.5":0,"10.6":0,"11":0,"11.1":0,"11.5":0,"11.6":0.004963,"12":0.009926,"12.1":0.029778,"15":0,"16":0,"17":0,"18":0,"19":0,"20":0,"21":0,"22":0,"23":0,"24":0,"25":0,"26":0,"27":0,"28":0.04963,"29":0.004963,"30":0.014889,"31":0.004963,"32":0.014889,"33":0.029778,"34":0.377188,"35":0.004963,"36":0},"safari":{"3.1":0,"3.2":0,"4":0.014889,"5":0.034741,"5.1":0.069482,"6":0.024815,"6.1":0.044667,"7":0.054593,"7.1":0.039704,"8":0.243187,"9":0.804006,"9.1":0},"android":{"2.1":0,"2.2":0,"2.3":0.0635547749203,"3":0,"4":0.264149533262,"4.1":0.903669455898,"4.2-4.3":2.01190584357,"4.4":4.00395081998,"4.4.3-4.4.4":2.09730757237,"47":null},"ios_saf":{"3.2":0,"4.0-4.1":0,"4.2-4.3":0,"5.0-5.1":0,"6.0-6.1":0,"7.0-7.1":0.318056959926,"8":0.0223052932935,"8.1-8.4":0.908734171217,"9.0-9.2":6.77006957556,"9.3":null},"op_mob":{"10":0,"11":0,"11.1":0,"11.5":0,"12":0.000323229946524,"12.1":0.000323229946524,"0":0.0171311871658},"ie":{"5.5":0,"6":0.0353237522581,"7":0.0454162529032,"8":0.706475045161,"9":0.403700025806,"10":0.368376273548,"11":2.29099764645},"bb":{"7":0.03903675,"10":null},"ie_mob":{"10":0.0512165546218,"11":0.225818445378},"edge":{"12":0.114149,"13":0.173705,"14":0},"and_uc":{"0":8.149866},"op_mini":{"5.0-8.0":4.31404235294},"and_chr":{"0":26.737931},"and_ff":{"0":0.065481}},"total":98.5240367461}