{"id":"MZ","name":"Mozambique","month":"2016-05","access_date":"2016-06-03","data":{"chrome":{"4":null,"5":0.001373,"6":null,"7":null,"8":null,"9":null,"10":0.002746,"11":0.037071,"12":null,"13":0.004119,"14":0.004119,"15":null,"16":0.004119,"17":null,"18":0.002746,"19":null,"20":null,"21":0.005492,"22":0.002746,"23":0.001373,"24":null,"25":0.006865,"26":0.032952,"27":0.004119,"28":0.005492,"29":0.010984,"30":0.004119,"31":0.016476,"32":0.006865,"33":0.02746,"34":0.004119,"35":0.004119,"36":0.032952,"37":0.002746,"38":0.012357,"39":0.012357,"40":0.037071,"41":0.010984,"42":0.017849,"43":0.497026,"44":0.035698,"45":0.138673,"46":0.024714,"47":0.04119,"48":0.113959,"49":0.652175,"50":3.92678,"51":0.060412,"52":0.012357,"53":null,"54":null},"firefox":{"2":null,"3":0.009611,"3.5":0.004119,"3.6":0.020595,"4":0.010984,"5":0.005492,"6":0.010984,"7":0.005492,"8":0.005492,"9":0.004119,"10":0.016476,"11":0.020595,"12":0.031579,"13":0.016476,"14":0.009611,"15":0.017849,"16":0.006865,"17":0.006865,"18":0.006865,"19":0.016476,"20":0.020595,"21":0.010984,"22":0.010984,"23":0.008238,"24":0.008238,"25":0.008238,"26":0.008238,"27":0.005492,"28":0.006865,"29":0.017849,"30":0.015103,"31":0.010984,"32":0.005492,"33":0.021968,"34":0.009611,"35":0.016476,"36":0.012357,"37":0.023341,"38":0.02746,"39":0.031579,"40":0.019222,"41":0.023341,"42":0.02746,"43":0.163387,"44":0.111213,"45":0.429749,"46":1.259041,"47":0.08238,"48":0.002746,"49":null},"opera":{"9":null,"9.5-9.6":0.004119,"10.0-10.1":0.002746,"10.5":0.001373,"10.6":0.002746,"11":0.005492,"11.1":0.002746,"11.5":0.005492,"11.6":0.026087,"12":0.009611,"12.1":0.024714,"15":0.005492,"16":0.004119,"17":0.004119,"18":0.001373,"19":0.002746,"20":0.008238,"21":0.004119,"22":0.006865,"23":null,"24":null,"25":0.001373,"26":0.004119,"27":0.001373,"28":0.004119,"29":0.009611,"30":0.026087,"31":0.002746,"32":0.015103,"33":0.04119,"34":0.035698,"35":0.094737,"36":0.186728,"37":0.321282,"38":0.002746,"39":null},"safari":{"3.1":null,"3.2":null,"4":0,"5":0.004119,"5.1":0.017849,"6":0.015103,"6.1":0.008238,"7":0.006865,"7.1":0.015103,"8":0.023341,"9":0.043936,"9.1":0.089245,"0":null},"ios_saf":{"3.2":0,"4.0-4.1":0,"4.2-4.3":0,"5.0-5.1":0,"6.0-6.1":0.00191788601455,"7.0-7.1":0.0190254292643,"8":0,"8.1-8.4":0.0484841584479,"9.0-9.2":0.10149452789,"9.3":0.588253998383},"android":{"2.1":0,"2.2":0,"2.3":0.0125167433277,"3":0,"4":0.0768885661556,"4.1":0.265533769165,"4.2-4.3":0.613320423055,"4.4":1.39204066865,"4.4.3-4.4.4":0.788554829642,"50":null},"op_mob":{"10":0,"11":0,"11.1":0,"11.5":0,"12":0,"12.1":0.00561914452668,"0":0.137669040904},"ie":{"5.5":null,"6":0.00413301815088,"7":0.00964370901872,"8":0.454631996597,"9":0.191496507657,"10":0.253491779921,"11":1.51543998866},"bb":{"7":0.163913,"10":null},"ie_mob":{"10":0.344634735484,"11":0.897653264516},"edge":{"12":0.075515,"13":0.186728,"14":null},"and_ff":{"0":null},"and_uc":{"0":5.86636},"op_mini":{"5.0-8.0":64.7662598146},"and_chr":{"0":8.002975}},"total":96.321053}