{"id":"NA","name":"Namibia","month":"2016-05","access_date":"2016-06-03","data":{"chrome":{"4":null,"5":null,"6":null,"7":0.003352,"8":null,"9":null,"10":null,"11":0.021788,"12":0.001676,"13":null,"14":null,"15":null,"16":0.001676,"17":null,"18":0.010056,"19":null,"20":0.006704,"21":0.015084,"22":0.001676,"23":0.001676,"24":null,"25":0.005028,"26":0.00838,"27":0.001676,"28":null,"29":0.011732,"30":null,"31":0.031844,"32":0.011732,"33":0.011732,"34":0.00838,"35":0.00838,"36":0.023464,"37":0.010056,"38":0.006704,"39":0.015084,"40":0.043576,"41":0.00838,"42":0.011732,"43":0.165924,"44":0.043576,"45":0.2095,"46":0.0419,"47":0.072068,"48":0.120672,"49":0.826268,"50":5.557616,"51":0.093856,"52":0.05866,"53":null,"54":null},"firefox":{"2":0.003352,"3":0.006704,"3.5":null,"3.6":0.00838,"4":0.003352,"5":0.001676,"6":0.005028,"7":null,"8":null,"9":0.00838,"10":0.005028,"11":0.02514,"12":0.01676,"13":0.006704,"14":0.013408,"15":0.00838,"16":0.003352,"17":0.00838,"18":null,"19":0.001676,"20":0.003352,"21":0.010056,"22":0.001676,"23":0.005028,"24":0.006704,"25":null,"26":0.003352,"27":0.005028,"28":0.010056,"29":0.013408,"30":0.005028,"31":0.010056,"32":0.021788,"33":0.01676,"34":0.020112,"35":0.02514,"36":0.013408,"37":0.013408,"38":0.026816,"39":0.028492,"40":0.013408,"41":0.043576,"42":0.018436,"43":0.113968,"44":0.097208,"45":0.413972,"46":1.562032,"47":0.162572,"48":0.013408,"49":null},"opera":{"9":null,"9.5-9.6":null,"10.0-10.1":0,"10.5":null,"10.6":0.00838,"11":null,"11.1":null,"11.5":0.001676,"11.6":0.006704,"12":null,"12.1":0.013408,"15":0.003352,"16":null,"17":null,"18":null,"19":null,"20":null,"21":null,"22":null,"23":null,"24":null,"25":null,"26":null,"27":null,"28":null,"29":0.005028,"30":0.001676,"31":null,"32":0.005028,"33":0.021788,"34":0.020112,"35":0.023464,"36":0.107264,"37":0.315088,"38":0.003352,"39":null},"safari":{"3.1":null,"3.2":null,"4":0.03352,"5":0.003352,"5.1":0.018436,"6":0.003352,"6.1":0.003352,"7":0.01676,"7.1":0.02514,"8":0.05028,"9":0.144136,"9.1":0.227936,"0":null},"ios_saf":{"3.2":0,"4.0-4.1":0,"4.2-4.3":0,"5.0-5.1":0,"6.0-6.1":0.00313327607114,"7.0-7.1":0.0310820986257,"8":0,"8.1-8.4":0.0792092190784,"9.0-9.2":0.165812969685,"9.3":0.96103843654},"android":{"2.1":0,"2.2":0,"2.3":0.0178344417944,"3":0,"4":0.109554428166,"4.1":0.378344943782,"4.2-4.3":0.873887647927,"4.4":1.98344470528,"4.4.3-4.4.4":1.12356983305,"50":null},"op_mob":{"10":0,"11":0,"11.1":0,"11.5":0,"12":0,"12.1":0.00516237164005,"0":0.126478105181},"ie":{"5.5":null,"6":0.00507540765391,"7":0.00507540765391,"8":0.321442484748,"9":0.245311369939,"10":0.284222828619,"11":2.18411709373},"bb":{"7":0.149832,"10":null},"ie_mob":{"10":0.334839612903,"11":0.872140387097},"edge":{"12":0.187712,"13":0.504476,"14":null},"and_ff":{"0":0.008324},"and_uc":{"0":4.74468},"op_mini":{"5.0-8.0":59.5014955232},"and_chr":{"0":8.376032}},"total":94.9214685923}