{"id":"NC","name":"New Caledonia","month":"2016-05","access_date":"2016-06-03","data":{"chrome":{"4":null,"5":null,"6":null,"7":null,"8":0.014934,"9":null,"10":null,"11":null,"12":null,"13":null,"14":null,"15":null,"16":null,"17":null,"18":null,"19":null,"20":null,"21":0.014934,"22":null,"23":null,"24":null,"25":0.007467,"26":null,"27":0.014934,"28":0.007467,"29":0.022401,"30":0.007467,"31":0.014934,"32":0.052269,"33":0.014934,"34":0.014934,"35":0.022401,"36":0.059736,"37":0.044802,"38":0.037335,"39":0.052269,"40":0.052269,"41":0.097071,"42":0.014934,"43":0.097071,"44":0.07467,"45":0.171741,"46":0.082137,"47":0.179208,"48":0.14934,"49":4.315926,"50":26.224104,"51":0.52269,"52":0.044802,"53":null,"54":null},"firefox":{"2":null,"3":null,"3.5":null,"3.6":0.007467,"4":0.007467,"5":null,"6":null,"7":0.014934,"8":null,"9":null,"10":0.022401,"11":null,"12":null,"13":null,"14":0.007467,"15":0.014934,"16":0.014934,"17":0.014934,"18":0.014934,"19":null,"20":0.014934,"21":0.052269,"22":0.014934,"23":0.029868,"24":0.089604,"25":0.037335,"26":0.029868,"27":null,"28":0.007467,"29":0.022401,"30":0.014934,"31":0.134406,"32":0.014934,"33":0.022401,"34":0.037335,"35":0.29868,"36":0.044802,"37":0.171741,"38":0.485355,"39":0.403218,"40":0.104538,"41":0.209076,"42":0.209076,"43":0.425619,"44":0.268812,"45":2.91213,"46":15.08334,"47":0.097071,"48":0.059736,"49":null},"opera":{"9":null,"9.5-9.6":null,"10.0-10.1":0,"10.5":null,"10.6":null,"11":null,"11.1":null,"11.5":null,"11.6":null,"12":0.007467,"12.1":0.067203,"15":null,"16":null,"17":null,"18":null,"19":null,"20":null,"21":null,"22":null,"23":null,"24":null,"25":null,"26":null,"27":null,"28":0.044802,"29":null,"30":null,"31":null,"32":null,"33":null,"34":null,"35":null,"36":0.126939,"37":0.440553,"38":null,"39":null},"safari":{"3.1":null,"3.2":null,"4":0.007467,"5":0.171741,"5.1":0.7467,"6":0.029868,"6.1":0.343482,"7":0.156807,"7.1":0.052269,"8":0.791502,"9":1.127517,"9.1":4.211388,"0":null},"ios_saf":{"3.2":0,"4.0-4.1":0,"4.2-4.3":0,"5.0-5.1":0,"6.0-6.1":0.0139883235651,"7.0-7.1":0.138764169766,"8":0,"8.1-8.4":0.353624819725,"9.0-9.2":0.740262083064,"9.3":4.29049860388},"android":{"2.1":0,"2.2":0,"2.3":0.0134316604202,"3":0,"4":0.0825087711528,"4.1":0.284943081772,"4.2-4.3":0.658151360591,"4.4":1.49379251959,"4.4.3-4.4.4":0.846194606474,"50":null},"op_mob":{"10":0,"11":0,"11.1":0,"11.5":0,"12":0,"12.1":2.17086092715e-5,"0":0.000531860927152},"ie":{"5.5":null,"6":0.00755038781726,"7":0.158558144162,"8":0.581379861929,"9":0.279364349239,"10":0.407720942132,"11":5.91950404873},"bb":{"7":0.04116125,"10":null},"ie_mob":{"10":0.163027148387,"11":0.424628851613},"edge":{"12":0.164274,"13":2.135562,"14":null},"and_ff":{"0":0.091188},"and_uc":{"0":0.443275},"op_mini":{"5.0-8.0":0.250213430464},"and_chr":{"0":13.125621}},"total":95.279983984}