{"id":"NC","name":"New Caledonia","month":"2016-01","access_date":"2016-02-03","data":{"firefox":{"2":0,"3":0,"3.5":0.008309,"3.6":0.016618,"4":0,"5":0,"6":0.016618,"7":0,"8":0,"9":0.008309,"10":0.008309,"11":0,"12":0.008309,"13":0,"14":0,"15":0.008309,"16":0.041545,"17":0.024927,"18":0,"19":0,"20":0.008309,"21":0.016618,"22":0.008309,"23":0.024927,"24":0.265888,"25":0.008309,"26":0.008309,"27":0,"28":0,"29":0.016618,"30":0.008309,"31":0.290815,"32":0.016618,"33":0.049854,"34":0.033236,"35":0.390523,"36":0.024927,"37":0.049854,"38":0.240961,"39":0.16618,"40":0.108017,"41":0.224343,"42":0.390523,"43":13.892648,"44":0.789355,"45":0.008309,"46":0,"47":0},"chrome":{"4":0,"5":0,"6":0,"7":0,"8":0.016618,"9":0,"10":0.008309,"11":0.016618,"12":0,"13":0,"14":0.008309,"15":0,"16":0,"17":0,"18":0.008309,"19":0,"20":0,"21":0.008309,"22":0.008309,"23":0.016618,"24":0,"25":0.008309,"26":0,"27":0,"28":0.008309,"29":0.008309,"30":0.008309,"31":0.016618,"32":0.041545,"33":0.008309,"34":0.008309,"35":0.041545,"36":0.049854,"37":0.024927,"38":0.024927,"39":0.041545,"40":0.033236,"41":0.058163,"42":0.058163,"43":0.174489,"44":0.207725,"45":0.124635,"46":1.370985,"47":27.843459,"48":2.758588,"49":0.08309,"50":0,"51":0},"opera":{"9":0,"9.5-9.6":0,"10.0-10.1":0,"10.5":0,"10.6":0,"11":0,"11.1":0,"11.5":0,"11.6":0,"12":0,"12.1":0.041545,"15":0,"16":0,"17":0,"18":0,"19":0,"20":0,"21":0,"22":0,"23":0,"24":0,"25":0,"26":0,"27":0.008309,"28":0.008309,"29":0,"30":0,"31":0,"32":0,"33":0.024927,"34":0.606557,"35":0.008309,"36":0},"safari":{"3.1":0,"3.2":0,"4":0.041545,"5":0.265888,"5.1":0.99708,"6":0.058163,"6.1":0.639793,"7":0.132944,"7.1":0.149562,"8":0.781046,"9":4.9854,"9.1":0},"android":{"2.1":0,"2.2":0,"2.3":0.034383370882,"3":0,"4":0.142905885228,"4.1":0.488888554729,"4.2-4.3":1.08844858448,"4.4":2.16615236557,"4.4.3-4.4.4":1.13465123911,"47":null},"ios_saf":{"3.2":0,"4.0-4.1":0,"4.2-4.3":0,"5.0-5.1":0,"6.0-6.1":0,"7.0-7.1":0.454315547543,"8":0.0318610903472,"8.1-8.4":1.29804442155,"9.0-9.2":9.67043094056,"9.3":null},"op_mob":{"10":0,"11":0,"11.1":0,"11.5":0,"12":8.32777017784e-6,"12.1":8.32777017784e-6,"0":0.000441371819425},"ie":{"5.5":0,"6":0,"7":0.024927,"8":0.49854,"9":0.340669,"10":0.872445,"11":7.4781},"bb":{"7":0.00465025,"10":null},"ie_mob":{"10":0.0759671092437,"11":0.334945890756},"edge":{"12":0.440377,"13":1.761508,"14":0},"and_uc":{"0":0.077786},"op_mini":{"5.0-8.0":0.11114797264},"and_chr":{"0":10.559001},"and_ff":{"0":0.147117}},"total":98.26485725}