{"id":"NF","name":"Norfolk Island","month":"2016-01","access_date":"2016-02-03","data":{"firefox":{"2":0,"3":0,"3.5":0,"3.6":0,"4":0,"5":0,"6":0,"7":0,"8":0,"9":0,"10":0,"11":0,"12":0,"13":0,"14":0,"15":0,"16":0,"17":0,"18":0,"19":0,"20":0,"21":0,"22":0,"23":0,"24":0,"25":0.586149,"26":0.38436,"27":0.19218,"28":0,"29":0,"30":0,"31":0,"32":0,"33":0,"34":0,"35":0,"36":0,"37":0,"38":0,"39":0,"40":1.364478,"41":0,"42":0.778329,"43":18.478107,"44":0,"45":0,"46":0,"47":0},"chrome":{"4":0,"5":0,"6":0,"7":0,"8":0,"9":0,"10":0,"11":0,"12":0,"13":0,"14":0,"15":0,"16":0,"17":0,"18":0,"19":0,"20":0,"21":0,"22":0,"23":0,"24":0,"25":0,"26":0,"27":0,"28":0,"29":0,"30":0.586149,"31":3.891645,"32":4.477794,"33":0,"34":0,"35":0,"36":0,"37":0.19218,"38":0,"39":0,"40":0,"41":0,"42":0,"43":0.38436,"44":1.364478,"45":0.19218,"46":0.778329,"47":28.596384,"48":1.941018,"49":0,"50":0,"51":0},"opera":{"9":0,"9.5-9.6":0,"10.0-10.1":0,"10.5":0,"10.6":0,"11":0,"11.1":0,"11.5":0,"11.6":0,"12":0.19218,"12.1":0,"15":0,"16":0,"17":0,"18":0.778329,"19":0,"20":0,"21":0,"22":0,"23":0,"24":0,"25":0,"26":0,"27":0,"28":0,"29":0,"30":0,"31":0,"32":0,"33":0,"34":0,"35":0,"36":0},"safari":{"3.1":0,"3.2":0,"4":0,"5":0,"5.1":0,"6":0,"6.1":15.75876,"7":0.19218,"7.1":0,"8":0,"9":0,"9.1":0},"android":{"2.1":0,"2.2":0,"2.3":0,"3":0,"4":0,"4.1":0,"4.2-4.3":0,"4.4":0,"4.4.3-4.4.4":0,"47":null},"ios_saf":{"3.2":0,"4.0-4.1":0,"4.2-4.3":0,"5.0-5.1":0,"6.0-6.1":0,"7.0-7.1":0.0152445245699,"8":0.00106909652828,"8.1-8.4":0.0435557844854,"9.0-9.2":0.324490594416,"9.3":null},"op_mob":{"10":0,"11":0,"11.1":0,"11.5":0,"12":0,"12.1":0,"0":0},"ie":{"5.5":0,"6":0,"7":0,"8":1.556658,"9":0.970509,"10":1.941018,"11":4.276005},"bb":{"7":0,"10":null},"ie_mob":{"10":0.0722857142857,"11":0.318714285714},"edge":{"12":0,"13":0,"14":0},"and_uc":{"0":0},"op_mini":{"5.0-8.0":0},"and_chr":{"0":3.519},"and_ff":{"0":0}},"total":94.148119}