{"id":"NG","name":"Nigeria","month":"2016-05","access_date":"2016-06-03","data":{"chrome":{"4":0.004119,"5":null,"6":null,"7":null,"8":0.001373,"9":0.002746,"10":null,"11":0.017849,"12":0.002746,"13":0.001373,"14":null,"15":0.026087,"16":null,"17":null,"18":null,"19":0.004119,"20":0.002746,"21":0.01373,"22":0.008238,"23":0.016476,"24":0.004119,"25":0.004119,"26":0.038444,"27":0.006865,"28":0.008238,"29":0.026087,"30":0.008238,"31":0.061785,"32":0.005492,"33":0.028833,"34":0.005492,"35":0.004119,"36":0.009611,"37":0.005492,"38":0.009611,"39":0.010984,"40":0.010984,"41":0.016476,"42":0.010984,"43":0.038444,"44":0.071396,"45":0.122197,"46":0.021968,"47":0.059039,"48":0.212815,"49":0.594509,"50":3.855384,"51":0.083753,"52":0.043936,"53":null,"54":null},"firefox":{"2":0.002746,"3":0.087872,"3.5":0.002746,"3.6":0.031579,"4":0.026087,"5":0.006865,"6":0.006865,"7":0.035698,"8":0.006865,"9":0.004119,"10":0.026087,"11":0.031579,"12":0.030206,"13":0.045309,"14":0.015103,"15":0.072769,"16":0.015103,"17":0.008238,"18":0.017849,"19":0.034325,"20":0.009611,"21":0.015103,"22":0.009611,"23":0.008238,"24":0.006865,"25":0.010984,"26":0.009611,"27":0.010984,"28":0.008238,"29":0.034325,"30":0.026087,"31":0.023341,"32":0.015103,"33":0.023341,"34":0.024714,"35":0.04119,"36":0.026087,"37":0.034325,"38":0.067277,"39":0.050801,"40":0.075515,"41":0.076888,"42":0.085126,"43":0.396797,"44":0.307552,"45":0.6865,"46":1.802749,"47":0.362472,"48":0.005492,"49":null},"opera":{"9":null,"9.5-9.6":0.004119,"10.0-10.1":0.002746,"10.5":null,"10.6":null,"11":0.001373,"11.1":null,"11.5":0.015103,"11.6":0.004119,"12":0.009611,"12.1":0.026087,"15":0.002746,"16":null,"17":0.001373,"18":0.005492,"19":0.008238,"20":0.002746,"21":0.002746,"22":0.002746,"23":null,"24":null,"25":0.001373,"26":0.002746,"27":null,"28":0.006865,"29":0.009611,"30":0.017849,"31":0.002746,"32":0.016476,"33":0.02746,"34":0.035698,"35":0.059039,"36":0.098856,"37":0.211442,"38":0.001373,"39":null},"safari":{"3.1":null,"3.2":null,"4":0.001373,"5":0.002746,"5.1":0.015103,"6":0.002746,"6.1":0.009611,"7":0.006865,"7.1":0.056293,"8":0.039817,"9":0.050801,"9.1":0.113959,"0":null},"ios_saf":{"3.2":0,"4.0-4.1":0,"4.2-4.3":0,"5.0-5.1":0,"6.0-6.1":0.00300724535166,"7.0-7.1":0.0298318738884,"8":0,"8.1-8.4":0.0760231624899,"9.0-9.2":0.15914342401,"9.3":0.92238229426},"android":{"2.1":0,"2.2":0,"2.3":0.00829781033504,"3":0,"4":0.0509722634867,"4.1":0.17603211925,"4.2-4.3":0.406592706417,"4.4":0.922835049404,"4.4.3-4.4.4":0.522762051107,"50":null},"op_mob":{"10":0,"11":0,"11.1":0,"11.5":0,"12":0,"12.1":0.00525930987318,"0":0.128853091893},"ie":{"5.5":null,"6":0.00560343188406,"7":0.00140085797101,"8":0.123275501449,"9":0.0588360347826,"10":0.127478075362,"11":0.642993808696},"bb":{"7":0.9078865,"10":null},"ie_mob":{"10":0.351773845161,"11":0.916248154839},"edge":{"12":0.060412,"13":0.1373,"14":null},"and_ff":{"0":0.120764},"and_uc":{"0":10.411582},"op_mini":{"5.0-8.0":60.6188055982},"and_chr":{"0":6.753952}},"total":95.7743502101}