{"id":"NL","name":"Netherlands","month":"2016-05","access_date":"2016-06-03","data":{"chrome":{"4":null,"5":null,"6":null,"7":null,"8":null,"9":null,"10":null,"11":0.02268,"12":null,"13":null,"14":null,"15":null,"16":null,"17":null,"18":null,"19":null,"20":null,"21":null,"22":0.01134,"23":null,"24":0.04536,"25":null,"26":null,"27":null,"28":0.00567,"29":0.55566,"30":null,"31":0.02835,"32":0.02268,"33":0.03969,"34":0.01701,"35":0.03402,"36":0.02268,"37":0.02835,"38":0.03969,"39":0.07371,"40":0.03969,"41":0.07938,"42":0.06237,"43":0.10206,"44":0.08505,"45":0.13608,"46":0.1134,"47":0.14742,"48":0.31752,"49":3.71952,"50":22.03362,"51":0.37422,"52":0.0567,"53":0.00567,"54":null},"firefox":{"2":null,"3":0.00567,"3.5":null,"3.6":0.01701,"4":0.00567,"5":null,"6":0.01134,"7":null,"8":null,"9":null,"10":null,"11":null,"12":0.00567,"13":null,"14":null,"15":0.01134,"16":0.01134,"17":0.01134,"18":null,"19":0.01134,"20":null,"21":0.00567,"22":null,"23":null,"24":0.01701,"25":null,"26":null,"27":null,"28":0.01134,"29":0.01134,"30":0.01134,"31":0.07371,"32":0.02268,"33":0.02268,"34":0.0567,"35":0.03969,"36":0.03402,"37":0.03402,"38":0.35721,"39":0.0567,"40":0.05103,"41":0.0567,"42":0.1134,"43":0.15876,"44":0.14175,"45":1.3608,"46":5.74371,"47":0.07371,"48":0.01134,"49":0.01134},"opera":{"9":null,"9.5-9.6":null,"10.0-10.1":0,"10.5":null,"10.6":null,"11":null,"11.1":null,"11.5":null,"11.6":null,"12":null,"12.1":0.03969,"15":null,"16":null,"17":null,"18":null,"19":null,"20":null,"21":null,"22":null,"23":null,"24":null,"25":null,"26":null,"27":null,"28":null,"29":null,"30":null,"31":null,"32":null,"33":null,"34":0.00567,"35":0.00567,"36":0.11907,"37":0.27783,"38":null,"39":null},"safari":{"3.1":null,"3.2":null,"4":0.01701,"5":0.0567,"5.1":0.15876,"6":0.01134,"6.1":0.12474,"7":0.05103,"7.1":0.03402,"8":0.36288,"9":0.94689,"9.1":2.69325,"0":null},"ios_saf":{"3.2":0,"4.0-4.1":0,"4.2-4.3":0,"5.0-5.1":0,"6.0-6.1":0.038515385004,"7.0-7.1":0.38207261924,"8":0,"8.1-8.4":0.973668932902,"9.0-9.2":2.03823417441,"9.3":11.8134388884},"android":{"2.1":0,"2.2":0,"2.3":0.00948370812039,"3":0,"4":0.0582570641681,"4.1":0.201190093697,"4.2-4.3":0.464701697899,"4.4":1.05472382453,"4.4.3-4.4.4":0.597473611584,"50":null},"op_mob":{"10":0,"11":0,"11.1":0,"11.5":0,"12":0,"12.1":4.42314850885e-5,"0":0.00108367138467},"ie":{"5.5":null,"6":0.0228057206208,"7":0.0228057206208,"8":0.250862926829,"9":0.484621563193,"10":0.41620440133,"11":9.08807966741},"bb":{"7":0.0205675,"10":null},"ie_mob":{"10":0.154958129032,"11":0.403611870968},"edge":{"12":0.25515,"13":3.0618,"14":0.00567},"and_ff":{"0":0.06928},"and_uc":{"0":1.99613},"op_mini":{"5.0-8.0":0.50981209713},"and_chr":{"0":17.69854}},"total":93.7852975}