{"id":"NO","name":"Norway","month":"2016-05","access_date":"2016-06-03","data":{"chrome":{"4":null,"5":null,"6":null,"7":null,"8":0.013724,"9":null,"10":null,"11":0.006862,"12":null,"13":null,"14":null,"15":null,"16":null,"17":null,"18":null,"19":null,"20":null,"21":null,"22":0.013724,"23":null,"24":null,"25":null,"26":0.006862,"27":0.013724,"28":0.006862,"29":0.116654,"30":null,"31":0.03431,"32":0.020586,"33":0.027448,"34":0.03431,"35":0.041172,"36":0.027448,"37":0.041172,"38":0.082344,"39":0.192136,"40":0.048034,"41":0.10293,"42":0.020586,"43":0.089206,"44":0.096068,"45":0.116654,"46":0.295066,"47":0.20586,"48":0.267618,"49":4.858296,"50":26.260874,"51":0.44603,"52":0.061758,"53":null,"54":null},"firefox":{"2":null,"3":null,"3.5":null,"3.6":0.03431,"4":0.006862,"5":null,"6":null,"7":null,"8":null,"9":null,"10":null,"11":null,"12":null,"13":null,"14":null,"15":null,"16":0.006862,"17":0.006862,"18":null,"19":null,"20":null,"21":0.048034,"22":null,"23":0.006862,"24":0.013724,"25":0.006862,"26":null,"27":0.006862,"28":0.013724,"29":0.006862,"30":0.013724,"31":0.048034,"32":0.006862,"33":0.013724,"34":0.013724,"35":0.03431,"36":0.020586,"37":0.116654,"38":0.185274,"39":0.041172,"40":0.03431,"41":0.041172,"42":0.075482,"43":0.130378,"44":0.13724,"45":1.399848,"46":5.517048,"47":0.048034,"48":0.013724,"49":null},"opera":{"9":null,"9.5-9.6":null,"10.0-10.1":0,"10.5":0.013724,"10.6":null,"11":null,"11.1":null,"11.5":null,"11.6":null,"12":0.006862,"12.1":0.404858,"15":null,"16":null,"17":null,"18":null,"19":null,"20":null,"21":null,"22":null,"23":null,"24":null,"25":null,"26":null,"27":null,"28":0.054896,"29":null,"30":null,"31":null,"32":null,"33":0.020586,"34":null,"35":0.041172,"36":0.41172,"37":1.283194,"38":null,"39":null},"safari":{"3.1":null,"3.2":null,"4":0,"5":0.054896,"5.1":0.10293,"6":0.013724,"6.1":0.13724,"7":0.10293,"7.1":0.06862,"8":0.699924,"9":1.420434,"9.1":3.801548,"0":null},"ios_saf":{"3.2":0,"4.0-4.1":0,"4.2-4.3":0,"5.0-5.1":0,"6.0-6.1":0.0386824019806,"7.0-7.1":0.383729427648,"8":0,"8.1-8.4":0.97789112207,"9.0-9.2":2.04707271281,"9.3":11.8646663355},"android":{"2.1":0,"2.2":0,"2.3":0.00420494094265,"3":0,"4":0.0258303515048,"4.1":0.089204818569,"4.2-4.3":0.20604210619,"4.4":0.467649503407,"4.4.3-4.4.4":0.264911279387,"50":null},"op_mob":{"10":0,"11":0,"11.1":0,"11.5":0,"12":0,"12.1":2.01087304679e-5,"0":0.000492663896464},"ie":{"5.5":null,"6":0.0206366296114,"7":0.0137577530743,"8":0.206366296114,"9":0.38521708608,"10":0.378338209543,"11":12.9116512602},"bb":{"7":0.015695,"10":null},"ie_mob":{"10":0.132364541935,"11":0.344763458065},"edge":{"12":0.198998,"13":2.943798,"14":0.013724},"and_ff":{"0":0.053363},"and_uc":{"0":0.081614},"op_mini":{"5.0-8.0":0.231773227373},"and_chr":{"0":10.496378}},"total":95.0355382346}