{"id":"NO","name":"Norway","month":"2016-01","access_date":"2016-02-03","data":{"firefox":{"2":0,"3":0,"3.5":0,"3.6":0.03114,"4":0.007785,"5":0,"6":0.007785,"7":0,"8":0,"9":0,"10":0,"11":0.007785,"12":0.007785,"13":0,"14":0.007785,"15":0,"16":0.007785,"17":0,"18":0,"19":0,"20":0,"21":0.04671,"22":0.007785,"23":0.007785,"24":0.01557,"25":0.007785,"26":0.007785,"27":0.007785,"28":0.01557,"29":0.01557,"30":0.054495,"31":0.03114,"32":0.007785,"33":0.03114,"34":0.01557,"35":0.03114,"36":0.01557,"37":0.101205,"38":0.210195,"39":0.070065,"40":0.070065,"41":0.116775,"42":0.288045,"43":6.228,"44":0.397035,"45":0.01557,"46":0.007785,"47":0},"chrome":{"4":0,"5":0,"6":0,"7":0,"8":0.007785,"9":0,"10":0,"11":0.007785,"12":0,"13":0,"14":0,"15":0,"16":0,"17":0,"18":0.007785,"19":0,"20":0,"21":0.007785,"22":0.01557,"23":0,"24":0,"25":0,"26":0.007785,"27":0.01557,"28":0.007785,"29":0.01557,"30":0.007785,"31":0.04671,"32":0.023355,"33":0.04671,"34":0.038925,"35":0.054495,"36":0.038925,"37":0.04671,"38":0.070065,"39":0.085635,"40":0.038925,"41":0.10899,"42":0.038925,"43":0.132345,"44":0.179055,"45":0.210195,"46":0.73179,"47":26.71812,"48":2.748105,"49":0.070065,"50":0.007785,"51":0},"opera":{"9":0,"9.5-9.6":0,"10.0-10.1":0,"10.5":0.007785,"10.6":0,"11":0,"11.1":0,"11.5":0,"11.6":0.007785,"12":0.01557,"12.1":2.36664,"15":0,"16":0,"17":0,"18":0,"19":0,"20":0,"21":0,"22":0,"23":0,"24":0,"25":0,"26":0,"27":0,"28":0.06228,"29":0.007785,"30":0.007785,"31":0.007785,"32":0.007785,"33":0.023355,"34":1.63485,"35":0.007785,"36":0},"safari":{"3.1":0,"3.2":0,"4":0.038925,"5":0.04671,"5.1":0.147915,"6":0.03114,"6.1":0.179055,"7":0.163485,"7.1":0.17127,"8":1.02762,"9":4.59315,"9.1":0.007785},"android":{"2.1":0,"2.2":0,"2.3":0.0119924505845,"3":0,"4":0.0498436227418,"4.1":0.170517656748,"4.2-4.3":0.379636013815,"4.4":0.755524386823,"4.4.3-4.4.4":0.395750869288,"47":null},"ios_saf":{"3.2":0,"4.0-4.1":0,"4.2-4.3":0,"5.0-5.1":0,"6.0-6.1":0,"7.0-7.1":0.785176504069,"8":0.0550643262594,"8.1-8.4":2.2433614402,"9.0-9.2":16.7130427295,"9.3":null},"op_mob":{"10":0,"11":0,"11.1":0,"11.5":0,"12":1.40486257928e-5,"12.1":1.40486257928e-5,"0":0.000744577167019},"ie":{"5.5":0,"6":0.0155867060086,"7":0.0155867060086,"8":0.280560708155,"9":0.685815064378,"10":0.872855536481,"11":12.625231867},"bb":{"7":0.00719875,"10":null},"ie_mob":{"10":0.0675668067227,"11":0.297908193277},"edge":{"12":0.56052,"13":1.72827,"14":0},"and_uc":{"0":0.042085},"op_mini":{"5.0-8.0":0.187502325581},"and_chr":{"0":10.04762},"and_ff":{"0":0.019935}},"total":99.017980338}