{"id":"NP","name":"Nepal","month":"2016-05","access_date":"2016-06-03","data":{"chrome":{"4":0.022036,"5":0.033054,"6":0.022036,"7":0.011018,"8":0.016527,"9":0.022036,"10":0.016527,"11":0.093653,"12":0.088144,"13":0.005509,"14":0.016527,"15":0.011018,"16":0.027545,"17":0.143234,"18":0.011018,"19":0.247905,"20":0.027545,"21":0.005509,"22":0.033054,"23":0.038563,"24":0.033054,"25":0.060599,"26":0.022036,"27":0.099162,"28":0.027545,"29":0.247905,"30":0.27545,"31":0.176288,"32":0.617008,"33":0.517846,"34":0.027545,"35":0.016527,"36":0.022036,"37":0.005509,"38":0.033054,"39":0.05509,"40":0.038563,"41":0.022036,"42":0.022036,"43":0.297486,"44":0.093653,"45":0.60599,"46":0.137725,"47":0.231378,"48":0.506828,"49":3.806719,"50":33.516756,"51":0.958566,"52":0.633535,"53":null,"54":null},"firefox":{"2":null,"3":0.099162,"3.5":null,"3.6":0.022036,"4":0.011018,"5":0.033054,"6":0.038563,"7":0.005509,"8":0.005509,"9":0.011018,"10":0.011018,"11":0.022036,"12":0.033054,"13":0.022036,"14":0.033054,"15":0.049581,"16":0.016527,"17":0.016527,"18":null,"19":0.011018,"20":0.016527,"21":0.011018,"22":0.022036,"23":0.011018,"24":0.005509,"25":0.011018,"26":0.011018,"27":0.011018,"28":0.016527,"29":0.049581,"30":0.033054,"31":0.05509,"32":0.022036,"33":0.044072,"34":0.033054,"35":0.038563,"36":0.022036,"37":0.022036,"38":0.05509,"39":0.066108,"40":0.05509,"41":0.060599,"42":0.082635,"43":0.347067,"44":0.231378,"45":0.931021,"46":3.724084,"47":0.953057,"48":0.044072,"49":null},"opera":{"9":null,"9.5-9.6":null,"10.0-10.1":0,"10.5":null,"10.6":null,"11":null,"11.1":null,"11.5":null,"11.6":null,"12":0.005509,"12.1":0.027545,"15":null,"16":null,"17":null,"18":null,"19":null,"20":null,"21":null,"22":null,"23":null,"24":null,"25":null,"26":null,"27":null,"28":null,"29":null,"30":0.005509,"31":null,"32":null,"33":0.005509,"34":0.022036,"35":0.011018,"36":0.148743,"37":0.567427,"38":null,"39":null},"safari":{"3.1":null,"3.2":null,"4":0,"5":null,"5.1":0.038563,"6":null,"6.1":0.005509,"7":0.011018,"7.1":null,"8":0.033054,"9":0.071617,"9.1":0.159761,"0":null},"ios_saf":{"3.2":0,"4.0-4.1":0,"4.2-4.3":0,"5.0-5.1":0,"6.0-6.1":0.00554918148747,"7.0-7.1":0.0550478803557,"8":0,"8.1-8.4":0.140283308003,"9.0-9.2":0.293662684317,"9.3":1.70204494584},"android":{"2.1":0,"2.2":0,"2.3":0.0150524088586,"3":0,"4":0.0924647972743,"4.1":0.319326102215,"4.2-4.3":0.737568034072,"4.4":1.67404289949,"4.4.3-4.4.4":0.948301758092,"50":null},"op_mob":{"10":0,"11":0,"11.1":0,"11.5":0,"12":0,"12.1":0.00148158420984,"0":0.0362988131412},"ie":{"5.5":null,"6":0.011448390625,"7":null,"8":0.154553273438,"9":0.0400693671875,"10":0.120208101563,"11":0.406417867188},"bb":{"7":0.007861,"10":null},"ie_mob":{"10":0.0884779096774,"11":0.230454090323},"edge":{"12":0.176288,"13":0.159761,"14":null},"and_ff":{"0":0.017968},"and_uc":{"0":7.83854},"op_mini":{"5.0-8.0":17.0767396026},"and_chr":{"0":12.836348}},"total":97.725592}