{"id":"NR","name":"Nauru","month":"2016-05","access_date":"2016-06-03","data":{"chrome":{"4":null,"5":null,"6":null,"7":null,"8":null,"9":null,"10":null,"11":0.019494,"12":null,"13":null,"14":null,"15":null,"16":null,"17":null,"18":null,"19":null,"20":null,"21":null,"22":null,"23":null,"24":null,"25":null,"26":null,"27":null,"28":null,"29":0.012996,"30":null,"31":null,"32":0.012996,"33":0.77976,"34":null,"35":0.110466,"36":null,"37":null,"38":null,"39":0.045486,"40":0.025992,"41":0.019494,"42":null,"43":0.149454,"44":null,"45":0.012996,"46":0.019494,"47":0.038988,"48":0.116964,"49":0.786258,"50":5.438826,"51":0.045486,"52":null,"53":null,"54":null},"firefox":{"2":null,"3":0.06498,"3.5":null,"3.6":null,"4":null,"5":null,"6":null,"7":null,"8":null,"9":null,"10":null,"11":null,"12":null,"13":null,"14":0.045486,"15":null,"16":null,"17":null,"18":null,"19":null,"20":null,"21":null,"22":0.019494,"23":null,"24":null,"25":null,"26":0.03249,"27":null,"28":1.117656,"29":null,"30":0.025992,"31":null,"32":0.019494,"33":0.025992,"34":null,"35":0.019494,"36":null,"37":0.012996,"38":null,"39":null,"40":0.948708,"41":null,"42":0.006498,"43":0.038988,"44":0.03249,"45":0.12996,"46":0.786258,"47":null,"48":null,"49":null},"opera":{"9":null,"9.5-9.6":null,"10.0-10.1":0,"10.5":null,"10.6":null,"11":null,"11.1":null,"11.5":null,"11.6":null,"12":null,"12.1":null,"15":null,"16":null,"17":null,"18":null,"19":null,"20":null,"21":null,"22":null,"23":null,"24":null,"25":null,"26":null,"27":null,"28":0.006498,"29":null,"30":null,"31":null,"32":null,"33":null,"34":null,"35":null,"36":0.019494,"37":9.831474,"38":null,"39":null},"safari":{"3.1":null,"3.2":null,"4":0,"5":null,"5.1":0.071478,"6":null,"6.1":0.025992,"7":0.06498,"7.1":null,"8":0.090972,"9":0.038988,"9.1":0.038988,"0":null},"ios_saf":{"3.2":0,"4.0-4.1":0,"4.2-4.3":0,"5.0-5.1":0,"6.0-6.1":0.00134474535166,"7.0-7.1":0.0133398738884,"8":0,"8.1-8.4":0.0339951624899,"9.0-9.2":0.0711639240097,"9.3":0.41246029426},"android":{"2.1":0,"2.2":0,"2.3":0.0398822316865,"3":0,"4":0.244990851789,"4.1":0.846073057922,"4.2-4.3":1.95422935264,"4.4":4.43547390971,"4.4.3-4.4.4":2.51258059625,"50":null},"op_mob":{"10":0,"11":0,"11.1":0,"11.5":0,"12":0,"12.1":0.000290431199411,"0":0.00711556438558},"ie":{"5.5":null,"6":null,"7":null,"8":2.066364,"9":0.12996,"10":1.903914,"11":38.214738},"bb":{"7":0.008755,"10":null},"ie_mob":{"10":0.471188451613,"11":1.22728154839},"edge":{"12":0.051984,"13":0.734274,"14":null},"and_ff":{"0":null},"and_uc":{"0":5.277514},"op_mini":{"5.0-8.0":3.34751000442},"and_chr":{"0":13.495296}},"total":98.652709}