{"id":"NU","name":"Niue","month":"2016-05","access_date":"2016-06-03","data":{"chrome":{"4":null,"5":null,"6":null,"7":null,"8":null,"9":null,"10":null,"11":null,"12":null,"13":null,"14":null,"15":null,"16":null,"17":null,"18":null,"19":null,"20":null,"21":null,"22":null,"23":null,"24":null,"25":null,"26":null,"27":null,"28":null,"29":1.19574,"30":null,"31":null,"32":null,"33":0.25116,"34":null,"35":null,"36":null,"37":null,"38":null,"39":null,"40":null,"41":null,"42":null,"43":null,"44":null,"45":0.75894,"46":0.25116,"47":null,"48":1.95468,"49":2.27136,"50":13.2405,"51":0.06552,"52":null,"53":null,"54":null},"firefox":{"2":null,"3":null,"3.5":null,"3.6":null,"4":null,"5":null,"6":0.75894,"7":null,"8":null,"9":null,"10":null,"11":null,"12":null,"13":null,"14":null,"15":null,"16":0.44226,"17":null,"18":null,"19":null,"20":null,"21":null,"22":null,"23":null,"24":null,"25":null,"26":null,"27":null,"28":null,"29":null,"30":null,"31":null,"32":null,"33":null,"34":null,"35":null,"36":null,"37":null,"38":null,"39":0.31668,"40":null,"41":null,"42":0.31668,"43":1.38684,"44":1.76358,"45":0.75894,"46":9.70788,"47":1.26126,"48":null,"49":null},"opera":{"9":null,"9.5-9.6":null,"10.0-10.1":0,"10.5":null,"10.6":null,"11":null,"11.1":null,"11.5":null,"11.6":null,"12":0.12558,"12.1":null,"15":null,"16":null,"17":null,"18":null,"19":null,"20":null,"21":null,"22":null,"23":null,"24":null,"25":null,"26":null,"27":null,"28":null,"29":null,"30":null,"31":null,"32":null,"33":null,"34":null,"35":null,"36":0.1911,"37":null,"38":null,"39":null},"safari":{"3.1":null,"3.2":null,"4":0,"5":null,"5.1":0.94458,"6":0.44226,"6.1":null,"7":null,"7.1":null,"8":null,"9":0.31668,"9.1":0.94458,"0":null},"ios_saf":{"3.2":0,"4.0-4.1":0,"4.2-4.3":0,"5.0-5.1":0,"6.0-6.1":0.00582639450283,"7.0-7.1":0.0577978334681,"8":0,"8.1-8.4":0.147291253032,"9.0-9.2":0.30833279709,"9.3":1.78707172191},"android":{"2.1":0,"2.2":0,"2.3":0.0825810789324,"3":0,"4":0.507283770585,"4.1":1.75189860307,"4.2-4.3":4.04647286769,"4.4":9.18419570698,"4.4.3-4.4.4":5.20260797274,"50":null},"op_mob":{"10":0,"11":0,"11.1":0,"11.5":0,"12":0,"12.1":0,"0":0},"ie":{"5.5":null,"6":0.129521363636,"7":null,"8":1.49794272727,"9":0.912280909091,"10":0.456140454545,"11":7.41087454545},"bb":{"7":0,"10":null},"ie_mob":{"10":0.0604552258065,"11":0.157464774194},"edge":{"12":0.1911,"13":2.52252,"14":null},"and_ff":{"0":null},"and_uc":{"0":null},"op_mini":{"5.0-8.0":0},"and_chr":{"0":20.00984}},"total":96.0964}