{"id":"NZ","name":"New Zealand","month":"2016-01","access_date":"2016-02-03","data":{"firefox":{"2":0,"3":0.007075,"3.5":0,"3.6":0.01415,"4":0,"5":0,"6":0.007075,"7":0,"8":0,"9":0,"10":0.007075,"11":0.01415,"12":0.01415,"13":0,"14":0.007075,"15":0.007075,"16":0.0283,"17":0.007075,"18":0,"19":0,"20":0.01415,"21":0.01415,"22":0.007075,"23":0.007075,"24":0.007075,"25":0.007075,"26":0,"27":0.007075,"28":0.01415,"29":0.01415,"30":0.007075,"31":0.035375,"32":0.01415,"33":0.021225,"34":0.0283,"35":0.021225,"36":0.021225,"37":0.07075,"38":0.18395,"39":0.0849,"40":0.07075,"41":0.106125,"42":0.24055,"43":6.26845,"44":0.403275,"45":0.007075,"46":0.007075,"47":0},"chrome":{"4":0,"5":0,"6":0,"7":0,"8":0,"9":0,"10":0,"11":0.01415,"12":0,"13":0,"14":0,"15":0,"16":0,"17":0,"18":0,"19":0,"20":0.021225,"21":0.007075,"22":0.0283,"23":0.007075,"24":0.007075,"25":0.007075,"26":0.0283,"27":0.01415,"28":0.007075,"29":0.007075,"30":0.007075,"31":0.3113,"32":0.021225,"33":0.04245,"34":0.0566,"35":0.035375,"36":0.0566,"37":0.0566,"38":0.0566,"39":0.0849,"40":0.0566,"41":0.0849,"42":0.120275,"43":0.176875,"44":0.247625,"45":0.5094,"46":0.566,"47":27.316575,"48":2.539925,"49":0.09905,"50":0.01415,"51":0},"opera":{"9":0,"9.5-9.6":0,"10.0-10.1":0,"10.5":0,"10.6":0,"11":0,"11.1":0,"11.5":0,"11.6":0.007075,"12":0.007075,"12.1":0.04245,"15":0,"16":0,"17":0,"18":0,"19":0,"20":0,"21":0,"22":0,"23":0,"24":0,"25":0,"26":0,"27":0,"28":0.021225,"29":0,"30":0,"31":0,"32":0.007075,"33":0,"34":0.290075,"35":0,"36":0},"safari":{"3.1":0,"3.2":0,"4":0.021225,"5":0.0849,"5.1":0.26885,"6":0.0283,"6.1":0.2264,"7":0.1132,"7.1":0.091975,"8":0.714575,"9":3.091775,"9.1":0.007075},"android":{"2.1":0,"2.2":0,"2.3":0.0247603825717,"3":0,"4":0.102910340064,"4.1":0.352061689692,"4.2-4.3":0.783820860786,"4.4":1.55990410202,"4.4.3-4.4.4":0.817092624867,"47":null},"ios_saf":{"3.2":0,"4.0-4.1":0,"4.2-4.3":0,"5.0-5.1":0,"6.0-6.1":0,"7.0-7.1":0.896644058411,"8":0.0628815313691,"8.1-8.4":2.56184016689,"9.0-9.2":19.0857092433,"9.3":null},"op_mob":{"10":0,"11":0,"11.1":0,"11.5":0,"12":1.09128217883e-5,"12.1":1.09128217883e-5,"0":0.000578379554782},"ie":{"5.5":0,"6":0.00712602163462,"7":0.0213780649038,"8":0.363427103365,"9":0.527325600962,"10":0.513073557692,"11":7.44669260817},"bb":{"7":0.0117,"10":null},"ie_mob":{"10":0.0984176470588,"11":0.433932352941},"edge":{"12":0.63675,"13":1.535275,"14":0},"and_uc":{"0":0.412425},"op_mini":{"5.0-8.0":0.145649794802},"and_chr":{"0":14.9755},"and_ff":{"0":0.0351}},"total":98.8405729567}