{"id":"OM","name":"Oman","month":"2016-01","access_date":"2016-02-03","data":{"firefox":{"2":0,"3":0.004194,"3.5":0.002097,"3.6":0.008388,"4":0.002097,"5":0,"6":0.004194,"7":0,"8":0.004194,"9":0.004194,"10":0.006291,"11":0.004194,"12":0.023067,"13":0.004194,"14":0.006291,"15":0.002097,"16":0.010485,"17":0.002097,"18":0.004194,"19":0.002097,"20":0.002097,"21":0.002097,"22":0.002097,"23":0.006291,"24":0.002097,"25":0.002097,"26":0,"27":0.004194,"28":0.002097,"29":0.006291,"30":0.008388,"31":0.006291,"32":0.004194,"33":0.004194,"34":0.010485,"35":0.010485,"36":0.008388,"37":0.023067,"38":0.027261,"39":0.029358,"40":0.029358,"41":0.029358,"42":0.071298,"43":1.461609,"44":0.184536,"45":0.006291,"46":0,"47":0},"chrome":{"4":0.002097,"5":0.006291,"6":0.010485,"7":0.002097,"8":0.002097,"9":0.012582,"10":0.004194,"11":0.027261,"12":0.006291,"13":0.004194,"14":0.006291,"15":0.002097,"16":0.004194,"17":0.002097,"18":0.002097,"19":0.002097,"20":0.002097,"21":0.004194,"22":0.027261,"23":0.004194,"24":0.002097,"25":0.004194,"26":0.016776,"27":0.006291,"28":0.006291,"29":0.010485,"30":0.004194,"31":0.014679,"32":0.008388,"33":0.058716,"34":0.014679,"35":0.014679,"36":0.027261,"37":0.012582,"38":0.046134,"39":0.033552,"40":0.02097,"41":0.018873,"42":0.071298,"43":0.12582,"44":0.109044,"45":0.132111,"46":0.117432,"47":8.981451,"48":0.910098,"49":0.088074,"50":0.004194,"51":0},"opera":{"9":0,"9.5-9.6":0,"10.0-10.1":0,"10.5":0,"10.6":0,"11":0,"11.1":0,"11.5":0,"11.6":0,"12":0.002097,"12.1":0.008388,"15":0,"16":0,"17":0,"18":0.002097,"19":0.004194,"20":0,"21":0,"22":0,"23":0,"24":0,"25":0,"26":0,"27":0,"28":0.002097,"29":0.002097,"30":0.002097,"31":0.002097,"32":0.002097,"33":0.008388,"34":0.262125,"35":0.002097,"36":0},"safari":{"3.1":0,"3.2":0,"4":0.006291,"5":0.018873,"5.1":0.02097,"6":0.006291,"6.1":0.014679,"7":0.008388,"7.1":0.010485,"8":0.119529,"9":0.383751,"9.1":0},"android":{"2.1":0,"2.2":0,"2.3":0.141026972157,"3":0,"4":0.586143353029,"4.1":2.00522726036,"4.2-4.3":4.46438508735,"4.4":8.88469924591,"4.4.3-4.4.4":4.65389008119,"47":null},"ios_saf":{"3.2":0,"4.0-4.1":0,"4.2-4.3":0,"5.0-5.1":0,"6.0-6.1":0,"7.0-7.1":0.191003866282,"8":0.0133950763367,"8.1-8.4":0.545725332234,"9.0-9.2":4.06565372515,"9.3":null},"op_mob":{"10":0,"11":0,"11.1":0,"11.5":0,"12":1.76910831986e-5,"12.1":1.76910831986e-5,"0":0.000937627409526},"ie":{"5.5":0,"6":0.00630664925373,"7":0.00420443283582,"8":0.407829985075,"9":0.491918641791,"10":0.4225455,"11":2.03914992537},"bb":{"7":0.04149075,"10":null},"ie_mob":{"10":0.0657476470588,"11":0.289887352941},"edge":{"12":0.113238,"13":0.207603,"14":0},"and_uc":{"0":0.94836},"op_mini":{"5.0-8.0":0.236116990424},"and_chr":{"0":52.803635},"and_ff":{"0":0.023709}},"total":97.5758488843}