{"id":"OM","name":"Oman","month":"2016-05","access_date":"2016-06-03","data":{"chrome":{"4":null,"5":0.003024,"6":null,"7":0.001512,"8":0.001512,"9":0.004536,"10":0.001512,"11":0.016632,"12":0.004536,"13":null,"14":0.003024,"15":null,"16":0.003024,"17":null,"18":null,"19":null,"20":0.001512,"21":0.003024,"22":0.016632,"23":0.004536,"24":null,"25":0.010584,"26":0.00756,"27":0.004536,"28":0.001512,"29":0.036288,"30":0.004536,"31":0.010584,"32":0.00756,"33":0.043848,"34":0.013608,"35":0.010584,"36":0.012096,"37":0.003024,"38":0.013608,"39":0.02268,"40":0.012096,"41":0.01512,"42":0.021168,"43":0.081648,"44":0.065016,"45":0.089208,"46":0.019656,"47":0.043848,"48":0.065016,"49":1.173312,"50":7.017192,"51":0.1512,"52":0.054432,"53":null,"54":null},"firefox":{"2":null,"3":null,"3.5":null,"3.6":0.00756,"4":0.003024,"5":0.003024,"6":null,"7":null,"8":0.003024,"9":null,"10":0.003024,"11":0.003024,"12":0.012096,"13":null,"14":0.003024,"15":0.003024,"16":0.006048,"17":0.001512,"18":null,"19":null,"20":null,"21":null,"22":0.001512,"23":0.010584,"24":null,"25":null,"26":null,"27":null,"28":0.001512,"29":0.003024,"30":0.003024,"31":0.009072,"32":0.004536,"33":0.003024,"34":0.003024,"35":0.004536,"36":0.004536,"37":0.00756,"38":0.009072,"39":0.009072,"40":0.009072,"41":0.009072,"42":0.012096,"43":0.051408,"44":0.042336,"45":0.220752,"46":0.863352,"47":0.084672,"48":null,"49":null},"opera":{"9":null,"9.5-9.6":null,"10.0-10.1":0,"10.5":null,"10.6":null,"11":null,"11.1":null,"11.5":null,"11.6":null,"12":null,"12.1":0.003024,"15":null,"16":null,"17":null,"18":null,"19":0.003024,"20":null,"21":null,"22":null,"23":null,"24":null,"25":null,"26":null,"27":null,"28":null,"29":null,"30":null,"31":0.001512,"32":null,"33":0.00756,"34":0.003024,"35":0.001512,"36":0.046872,"37":0.140616,"38":null,"39":0.004536},"safari":{"3.1":null,"3.2":null,"4":0,"5":0.010584,"5.1":0.01512,"6":0.003024,"6.1":0.012096,"7":0.010584,"7.1":0.003024,"8":0.081648,"9":0.139104,"9.1":0.303912,"0":null},"ios_saf":{"3.2":0,"4.0-4.1":0,"4.2-4.3":0,"5.0-5.1":0,"6.0-6.1":0.00778381164107,"7.0-7.1":0.0772154114794,"8":0,"8.1-8.4":0.196774758286,"9.0-9.2":0.411919312045,"9.3":2.38745070655},"android":{"2.1":0,"2.2":0,"2.3":0.0733505871664,"3":0,"4":0.450582178308,"4.1":1.55608031346,"4.2-4.3":3.59417877115,"4.4":8.15763315843,"4.4.3-4.4.4":4.62108699148,"50":null},"op_mob":{"10":0,"11":0,"11.1":0,"11.5":0,"12":0,"12.1":2.05742977103e-5,"0":0.000504070293901},"ie":{"5.5":null,"6":null,"7":null,"8":0.248813345455,"9":0.253364809091,"10":0.279156436364,"11":1.88734025455},"bb":{"7":0.025464,"10":null},"ie_mob":{"10":0.0518041806452,"11":0.134931819355},"edge":{"12":0.066528,"13":0.30996,"14":null},"and_ff":{"0":0.008488},"and_uc":{"0":0.432888},"op_mini":{"5.0-8.0":0.237139355408},"and_chr":{"0":57.881104}},"total":94.6341068455}