{"id":"PA","name":"Panama","month":"2016-05","access_date":"2016-06-03","data":{"chrome":{"4":null,"5":null,"6":null,"7":null,"8":null,"9":null,"10":null,"11":0.035178,"12":null,"13":null,"14":null,"15":null,"16":null,"17":null,"18":0.011726,"19":null,"20":null,"21":0.017589,"22":0.029315,"23":null,"24":null,"25":0.011726,"26":0.017589,"27":0.005863,"28":0.005863,"29":0.474903,"30":null,"31":0.041041,"32":0.017589,"33":0.011726,"34":0.023452,"35":0.05863,"36":0.05863,"37":0.046904,"38":0.052767,"39":0.076219,"40":0.035178,"41":0.070356,"42":0.041041,"43":0.140712,"44":0.164164,"45":0.193479,"46":0.170027,"47":0.246246,"48":0.328328,"49":4.315168,"50":30.000971,"51":0.445588,"52":0.023452,"53":null,"54":null},"firefox":{"2":null,"3":0.011726,"3.5":0.023452,"3.6":0.011726,"4":null,"5":null,"6":null,"7":null,"8":null,"9":null,"10":null,"11":null,"12":null,"13":null,"14":null,"15":0.005863,"16":0.017589,"17":null,"18":null,"19":null,"20":0.011726,"21":null,"22":null,"23":0.011726,"24":null,"25":null,"26":null,"27":null,"28":0.005863,"29":0.011726,"30":0.017589,"31":0.011726,"32":0.005863,"33":0.005863,"34":0.011726,"35":0.017589,"36":0.017589,"37":0.023452,"38":0.046904,"39":0.052767,"40":0.023452,"41":0.052767,"42":0.070356,"43":0.187616,"44":0.099671,"45":0.943943,"46":3.86958,"47":0.023452,"48":null,"49":null},"opera":{"9":null,"9.5-9.6":null,"10.0-10.1":0,"10.5":null,"10.6":null,"11":null,"11.1":null,"11.5":null,"11.6":null,"12":null,"12.1":0.017589,"15":null,"16":null,"17":null,"18":null,"19":null,"20":null,"21":null,"22":null,"23":null,"24":null,"25":null,"26":null,"27":null,"28":null,"29":0.035178,"30":null,"31":null,"32":null,"33":0.017589,"34":0.035178,"35":0.005863,"36":0.11726,"37":0.357643,"38":null,"39":null},"safari":{"3.1":null,"3.2":null,"4":0.035178,"5":0.076219,"5.1":0.123123,"6":0.017589,"6.1":0.111397,"7":0.052767,"7.1":0.046904,"8":0.668382,"9":1.026025,"9.1":2.603172,"0":null},"ios_saf":{"3.2":0,"4.0-4.1":0,"4.2-4.3":0,"5.0-5.1":0,"6.0-6.1":0.0123249343169,"7.0-7.1":0.122263348424,"8":0,"8.1-8.4":0.311574339531,"9.0-9.2":0.65223552405,"9.3":3.78030385368},"android":{"2.1":0,"2.2":0,"2.3":0.0327162827939,"3":0,"4":0.200971451448,"4.1":0.694052570698,"4.2-4.3":1.6030978569,"4.4":3.63851802215,"4.4.3-4.4.4":2.06112581601,"50":null},"op_mob":{"10":0,"11":0,"11.1":0,"11.5":0,"12":0,"12.1":7.98834783361e-5,"0":0.00195714521924},"ie":{"5.5":null,"6":0.0177230114286,"7":0.0118153409524,"8":0.478521308571,"9":0.407629262857,"10":0.472613638095,"11":4.76158240381},"bb":{"7":0.0444835,"10":null},"ie_mob":{"10":0.0528062193548,"11":0.137541780645},"edge":{"12":0.269698,"13":1.46575,"14":null},"and_ff":{"0":0.028966},"and_uc":{"0":0.318626},"op_mini":{"5.0-8.0":0.920736971302},"and_chr":{"0":22.231999}},"total":92.8434914657}