{"id":"PE","name":"Peru","month":"2016-05","access_date":"2016-06-03","data":{"chrome":{"4":null,"5":null,"6":null,"7":null,"8":null,"9":null,"10":null,"11":0.031888,"12":null,"13":0.007972,"14":null,"15":null,"16":null,"17":null,"18":0.023916,"19":null,"20":0.031888,"21":0.015944,"22":0.087692,"23":0.023916,"24":0.031888,"25":0.055804,"26":0.07972,"27":0.023916,"28":0.015944,"29":0.47832,"30":0.023916,"31":0.087692,"32":0.031888,"33":0.087692,"34":0.087692,"35":0.071748,"36":0.07972,"37":0.095664,"38":0.103636,"39":0.191328,"40":0.127552,"41":0.11958,"42":0.11958,"43":0.350768,"44":0.366712,"45":0.414544,"46":0.685592,"47":0.821116,"48":1.100136,"49":9.510596,"50":48.884304,"51":0.884892,"52":0.063776,"53":0.007972,"54":null},"firefox":{"2":null,"3":0.031888,"3.5":null,"3.6":0.015944,"4":null,"5":null,"6":0.047832,"7":null,"8":null,"9":null,"10":null,"11":null,"12":0.007972,"13":null,"14":0.015944,"15":null,"16":0.007972,"17":0.007972,"18":null,"19":null,"20":0.015944,"21":null,"22":null,"23":null,"24":null,"25":null,"26":0.007972,"27":null,"28":0.007972,"29":0.015944,"30":0.015944,"31":0.055804,"32":0.015944,"33":0.023916,"34":0.023916,"35":0.031888,"36":0.023916,"37":0.03986,"38":0.055804,"39":0.071748,"40":0.055804,"41":0.087692,"42":0.111608,"43":0.223216,"44":0.135524,"45":0.725452,"46":2.846004,"47":0.023916,"48":null,"49":null},"opera":{"9":null,"9.5-9.6":null,"10.0-10.1":0,"10.5":null,"10.6":null,"11":null,"11.1":null,"11.5":null,"11.6":null,"12":null,"12.1":0.015944,"15":null,"16":null,"17":null,"18":null,"19":null,"20":null,"21":null,"22":null,"23":null,"24":null,"25":null,"26":null,"27":null,"28":null,"29":null,"30":null,"31":null,"32":null,"33":0.007972,"34":0.015944,"35":0.015944,"36":0.111608,"37":0.350768,"38":null,"39":null},"safari":{"3.1":null,"3.2":null,"4":0.015944,"5":null,"5.1":0.023916,"6":0.015944,"6.1":0.015944,"7":0.031888,"7.1":0.015944,"8":0.111608,"9":0.215244,"9.1":0.414544,"0":null},"ios_saf":{"3.2":0,"4.0-4.1":0,"4.2-4.3":0,"5.0-5.1":0,"6.0-6.1":0.00429631416734,"7.0-7.1":0.04261943654,"8":0,"8.1-8.4":0.10861082215,"9.0-9.2":0.227360945736,"9.3":1.31776548141},"android":{"2.1":0,"2.2":0,"2.3":0.00789620670074,"3":0,"4":0.0485052697331,"4.1":0.167512385009,"4.2-4.3":0.386914128336,"4.4":0.878170988075,"4.4.3-4.4.4":0.497461022147,"50":null},"op_mob":{"10":0,"11":0,"11.1":0,"11.5":0,"12":0,"12.1":0.000115111630524,"0":0.00282023494784},"ie":{"5.5":null,"6":0.0251356629712,"7":0.00837855432373,"8":0.628391574279,"9":0.259735184035,"10":0.452441933481,"11":2.40464509091},"bb":{"7":0.02584425,"10":null},"ie_mob":{"10":0.291848767742,"11":0.760164232258},"edge":{"12":0.143496,"13":0.486292,"14":null},"and_ff":{"0":0.062837},"and_uc":{"0":0.206754},"op_mini":{"5.0-8.0":1.32677665342},"and_chr":{"0":14.977431}},"total":97.10759225}