{"id":"PG","name":"Papua New Guinea","month":"2016-01","access_date":"2016-02-03","data":{"firefox":{"2":0.0011,"3":0.066,"3.5":0.0033,"3.6":0.0055,"4":0.0044,"5":0.0099,"6":0.0055,"7":0.0022,"8":0.0066,"9":0.0011,"10":0.0077,"11":0.0044,"12":0.0055,"13":0.0022,"14":0.0033,"15":0.0055,"16":0.0033,"17":0.0143,"18":0.0044,"19":0.0077,"20":0.0033,"21":0.0044,"22":0.0066,"23":0.0033,"24":0.0022,"25":0.0022,"26":0.0033,"27":0.0033,"28":0.0011,"29":0.0066,"30":0.0099,"31":0.0088,"32":0.0044,"33":0.0176,"34":0.0077,"35":0.0088,"36":0.0528,"37":0.0077,"38":0.0154,"39":0.011,"40":0.0473,"41":0.0231,"42":0.0869,"43":0.5511,"44":0.0517,"45":0.0066,"46":0.0011,"47":0},"chrome":{"4":0,"5":0,"6":0,"7":0,"8":0.0033,"9":0.0011,"10":0.0066,"11":0.0451,"12":0.0077,"13":0.0011,"14":0,"15":0,"16":0,"17":0,"18":0.0022,"19":0.0011,"20":0.0011,"21":0.0011,"22":0.0033,"23":0.0022,"24":0,"25":0.0022,"26":0.0077,"27":0.0022,"28":0.0077,"29":0.0033,"30":0.0066,"31":0.0616,"32":0.0407,"33":0.0033,"34":0.0055,"35":0.011,"36":0.0077,"37":0.0374,"38":0.0088,"39":0.0132,"40":0.0275,"41":0.0286,"42":0.0297,"43":0.0341,"44":0.0341,"45":0.0253,"46":0.0891,"47":2.2759,"48":0.22,"49":0.0055,"50":0,"51":0},"opera":{"9":0,"9.5-9.6":0,"10.0-10.1":0,"10.5":0.0011,"10.6":0.0011,"11":0.0011,"11.1":0,"11.5":0.0011,"11.6":0.0011,"12":0.0088,"12.1":0.0231,"15":0,"16":0.0022,"17":0,"18":0.0033,"19":0.0143,"20":0.0066,"21":0.0011,"22":0.0022,"23":0,"24":0.0011,"25":0,"26":0.0011,"27":0.0011,"28":0.0011,"29":0.0088,"30":0.0099,"31":0.0011,"32":0.0165,"33":0.0209,"34":0.3025,"35":0.0033,"36":0},"safari":{"3.1":0,"3.2":0,"4":0.0011,"5":0.0099,"5.1":0.011,"6":0.066,"6.1":0.0121,"7":0.0099,"7.1":0.0066,"8":0.0484,"9":0.0836,"9.1":0},"android":{"2.1":0,"2.2":0,"2.3":0.17143770457,"3":0,"4":0.712537959617,"4.1":2.43762986185,"4.2-4.3":5.42707483528,"4.4":10.8005753879,"4.4.3-4.4.4":5.6574442508,"47":null},"ios_saf":{"3.2":0,"4.0-4.1":0,"4.2-4.3":0,"5.0-5.1":0,"6.0-6.1":0,"7.0-7.1":0.0524689914495,"8":0.0036796435562,"8.1-8.4":0.149911404141,"9.0-9.2":1.11683996085,"9.3":null},"op_mob":{"10":0,"11":0,"11.1":0,"11.5":0,"12":0.000296851137918,"12.1":0.000296851137918,"0":0.0157331103097},"ie":{"5.5":0,"6":0.00330397590361,"7":0.0385463855422,"8":0.296256506024,"9":0.33810686747,"10":0.281939277108,"11":1.77974168675},"bb":{"7":0.0356,"10":null},"ie_mob":{"10":0.220480672269,"11":0.972119327731},"edge":{"12":0.033,"13":0.0352,"14":0},"and_uc":{"0":41.9991},"op_mini":{"5.0-8.0":3.96197318741},"and_chr":{"0":15.3882},"and_ff":{"0":0.0445}},"total":96.8337946988}