{"id":"PG","name":"Papua New Guinea","month":"2016-05","access_date":"2016-06-03","data":{"chrome":{"4":null,"5":null,"6":null,"7":0.001498,"8":null,"9":null,"10":0.001498,"11":0.016478,"12":0.010486,"13":null,"14":0.002996,"15":0.001498,"16":null,"17":0.001498,"18":0.011984,"19":null,"20":null,"21":null,"22":0.005992,"23":0.002996,"24":null,"25":0.002996,"26":0.055426,"27":0.008988,"28":0.010486,"29":0.005992,"30":0.002996,"31":0.14231,"32":0.002996,"33":0.004494,"34":0.001498,"35":0.010486,"36":0.01498,"37":0.011984,"38":0.005992,"39":0.002996,"40":0.032956,"41":0.073402,"42":0.019474,"43":0.028462,"44":0.03745,"45":0.100366,"46":0.025466,"47":0.023968,"48":0.131824,"49":0.713048,"50":3.776458,"51":0.170772,"52":0.004494,"53":null,"54":null},"firefox":{"2":null,"3":0.115346,"3.5":0.011984,"3.6":0.008988,"4":0.00749,"5":null,"6":0.004494,"7":0.00749,"8":0.005992,"9":0.004494,"10":0.005992,"11":0.02996,"12":0.00749,"13":0.004494,"14":0.010486,"15":0.028462,"16":0.004494,"17":0.019474,"18":0.016478,"19":0.005992,"20":0.017976,"21":0.002996,"22":0.01498,"23":null,"24":0.004494,"25":0.002996,"26":0.002996,"27":0.008988,"28":0.00749,"29":0.011984,"30":0.00749,"31":0.019474,"32":0.064414,"33":0.008988,"34":0.034454,"35":0.023968,"36":0.041944,"37":0.031458,"38":0.083888,"39":0.031458,"40":0.058422,"41":0.073402,"42":0.065912,"43":0.274134,"44":0.537782,"45":0.473368,"46":1.312248,"47":0.088382,"48":null,"49":null},"opera":{"9":null,"9.5-9.6":null,"10.0-10.1":0,"10.5":null,"10.6":null,"11":null,"11.1":null,"11.5":0.001498,"11.6":0.001498,"12":null,"12.1":0.002996,"15":null,"16":null,"17":null,"18":null,"19":0.004494,"20":null,"21":null,"22":null,"23":null,"24":null,"25":null,"26":null,"27":null,"28":null,"29":null,"30":0.004494,"31":0.004494,"32":0.002996,"33":0.00749,"34":0.020972,"35":0.010486,"36":0.04494,"37":0.079394,"38":null,"39":null},"safari":{"3.1":null,"3.2":null,"4":0,"5":0.005992,"5.1":0.023968,"6":0.002996,"6.1":0.002996,"7":0.008988,"7.1":0.00749,"8":0.032956,"9":0.040446,"9.1":0.058422,"0":null},"ios_saf":{"3.2":0,"4.0-4.1":0,"4.2-4.3":0,"5.0-5.1":0,"6.0-6.1":0.00113821998787,"7.0-7.1":0.0112911422797,"8":0,"8.1-8.4":0.0287742012935,"9.0-9.2":0.0602346017583,"9.3":0.349114834681},"android":{"2.1":0,"2.2":0,"2.3":0.00780585860307,"3":0,"4":0.047950274276,"4.1":0.165595714651,"4.2-4.3":0.38248707155,"4.4":0.868122988927,"4.4.3-4.4.4":0.491769091993,"50":null},"op_mob":{"10":0,"11":0,"11.1":0,"11.5":0,"12":0,"12.1":0.000339995844695,"0":0.00832989819504},"ie":{"5.5":null,"6":0.00149994419208,"7":0.00299988838417,"8":0.32398794549,"9":0.472482420506,"10":0.724473044776,"11":3.09588481246},"bb":{"7":0.03187875,"10":null},"ie_mob":{"10":0.0636752322581,"11":0.165851767742},"edge":{"12":0.076398,"13":0.146804,"14":null},"and_ff":{"0":0.017002},"and_uc":{"0":73.669666},"op_mini":{"5.0-8.0":3.91879210596},"and_chr":{"0":4.434723}},"total":99.0244488058}