{"id":"PH","name":"Philippines","month":"2016-05","access_date":"2016-06-03","data":{"chrome":{"4":null,"5":0.005837,"6":0.011674,"7":0.011674,"8":0.005837,"9":null,"10":0.017511,"11":0.040859,"12":0.017511,"13":0.005837,"14":0.011674,"15":0.005837,"16":0.017511,"17":0.011674,"18":0.040859,"19":0.011674,"20":0.011674,"21":0.017511,"22":0.052533,"23":0.029185,"24":0.023348,"25":0.035022,"26":0.064207,"27":0.052533,"28":0.052533,"29":0.134251,"30":0.040859,"31":0.17511,"32":0.05837,"33":0.163436,"34":0.070044,"35":0.081718,"36":0.105066,"37":0.075881,"38":0.081718,"39":0.140088,"40":0.122577,"41":0.157599,"42":0.099229,"43":0.35022,"44":0.332709,"45":0.519493,"46":0.548678,"47":0.612885,"48":0.81718,"49":6.916845,"50":30.259008,"51":0.624559,"52":0.321035,"53":null,"54":null},"firefox":{"2":null,"3":0.017511,"3.5":0.005837,"3.6":0.029185,"4":0.011674,"5":null,"6":0.017511,"7":null,"8":0.005837,"9":null,"10":0.011674,"11":0.017511,"12":0.046696,"13":0.011674,"14":0.017511,"15":0.011674,"16":0.017511,"17":0.011674,"18":0.017511,"19":0.011674,"20":0.023348,"21":0.05837,"22":0.017511,"23":0.023348,"24":0.023348,"25":0.023348,"26":0.023348,"27":0.017511,"28":0.017511,"29":0.035022,"30":0.040859,"31":0.040859,"32":0.035022,"33":0.05837,"34":0.040859,"35":0.046696,"36":0.040859,"37":0.081718,"38":0.180947,"39":0.110903,"40":0.093392,"41":0.105066,"42":0.110903,"43":0.326872,"44":0.221806,"45":0.986453,"46":3.437993,"47":0.396916,"48":0.011674,"49":null},"opera":{"9":null,"9.5-9.6":null,"10.0-10.1":0,"10.5":null,"10.6":null,"11":null,"11.1":null,"11.5":null,"11.6":null,"12":0.005837,"12.1":0.023348,"15":null,"16":0.017511,"17":null,"18":null,"19":null,"20":null,"21":null,"22":null,"23":null,"24":null,"25":null,"26":null,"27":null,"28":0.05837,"29":null,"30":null,"31":null,"32":null,"33":null,"34":0.040859,"35":0.017511,"36":0.087555,"37":0.250991,"38":null,"39":null},"safari":{"3.1":null,"3.2":null,"4":0,"5":0.046696,"5.1":0.046696,"6":0.011674,"6.1":0.029185,"7":0.052533,"7.1":0.011674,"8":0.163436,"9":0.286013,"9.1":0.519493,"0":null},"ios_saf":{"3.2":0,"4.0-4.1":0,"4.2-4.3":0,"5.0-5.1":0,"6.0-6.1":0.0211809872676,"7.0-7.1":0.210115393694,"8":0,"8.1-8.4":0.535455358124,"9.0-9.2":1.1208978462,"9.3":6.49663241471},"android":{"2.1":0,"2.2":0,"2.3":0.0229024099943,"3":0,"4":0.140686232822,"4.1":0.485858269165,"4.2-4.3":1.12221808972,"4.4":2.54707516865,"4.4.3-4.4.4":1.44285182964,"50":null},"op_mob":{"10":0,"11":0,"11.1":0,"11.5":0,"12":0,"12.1":0.000305607410293,"0":0.00748738155218},"ie":{"5.5":null,"6":0.0179036233184,"7":0.0119357488789,"8":0.865341793722,"9":0.137261112108,"10":0.173068358744,"11":1.43228986547},"bb":{"7":0.045793,"10":null},"ie_mob":{"10":0.135122922581,"11":0.351948077419},"edge":{"12":0.105066,"13":0.385242,"14":null},"and_ff":{"0":0.033304},"and_uc":{"0":2.689298},"op_mini":{"5.0-8.0":3.52243101104},"and_chr":{"0":21.13037}},"total":97.1159945022}