{"id":"PL","name":"Poland","month":"2016-05","access_date":"2016-06-03","data":{"chrome":{"4":null,"5":null,"6":null,"7":null,"8":null,"9":null,"10":null,"11":0.029904,"12":null,"13":null,"14":null,"15":null,"16":null,"17":null,"18":0.008544,"19":null,"20":null,"21":null,"22":0.017088,"23":null,"24":null,"25":null,"26":0.017088,"27":null,"28":0.004272,"29":0.162336,"30":0.004272,"31":0.046992,"32":0.008544,"33":0.034176,"34":0.046992,"35":0.04272,"36":0.017088,"37":0.029904,"38":0.034176,"39":0.055536,"40":0.038448,"41":0.02136,"42":0.059808,"43":0.068352,"44":0.068352,"45":0.06408,"46":0.072624,"47":0.162336,"48":0.205056,"49":3.554304,"50":15.011808,"51":0.23496,"52":0.017088,"53":null,"54":null},"firefox":{"2":null,"3":0.076896,"3.5":0.004272,"3.6":0.012816,"4":null,"5":null,"6":0.004272,"7":null,"8":null,"9":null,"10":0.004272,"11":0.004272,"12":0.02136,"13":null,"14":0.004272,"15":0.008544,"16":0.017088,"17":0.004272,"18":0.012816,"19":0.004272,"20":0.008544,"21":0.004272,"22":null,"23":0.004272,"24":0.017088,"25":null,"26":0.008544,"27":0.008544,"28":0.012816,"29":0.008544,"30":0.012816,"31":0.038448,"32":0.012816,"33":0.02136,"34":0.02136,"35":0.029904,"36":0.025632,"37":0.029904,"38":0.153792,"39":0.055536,"40":0.055536,"41":0.072624,"42":0.089712,"43":0.290496,"44":0.217872,"45":2.089008,"46":9.048096,"47":0.046992,"48":0.008544,"49":null},"opera":{"9":null,"9.5-9.6":null,"10.0-10.1":0,"10.5":null,"10.6":null,"11":null,"11.1":null,"11.5":null,"11.6":0.004272,"12":0.008544,"12.1":0.209328,"15":null,"16":null,"17":null,"18":0.008544,"19":null,"20":0.008544,"21":null,"22":null,"23":null,"24":null,"25":null,"26":0.008544,"27":null,"28":0.012816,"29":0.008544,"30":0.02136,"31":0.008544,"32":0.012816,"33":0.017088,"34":0.025632,"35":0.051264,"36":0.858672,"37":1.832688,"38":0.017088,"39":null},"safari":{"3.1":null,"3.2":null,"4":0,"5":0.008544,"5.1":0.025632,"6":null,"6.1":0.012816,"7":0.008544,"7.1":0.004272,"8":0.046992,"9":0.123888,"9.1":0.393024,"0":null},"ios_saf":{"3.2":0,"4.0-4.1":0,"4.2-4.3":0,"5.0-5.1":0,"6.0-6.1":0.00198245755861,"7.0-7.1":0.0196659789814,"8":0,"8.1-8.4":0.0501165270816,"9.0-9.2":0.104911654002,"9.3":0.608059382377},"android":{"2.1":0,"2.2":0,"2.3":0.0381151073254,"3":0,"4":0.234135659284,"4.1":0.808584776831,"4.2-4.3":1.86764025894,"4.4":4.23894443612,"4.4.3-4.4.4":2.4012517615,"50":null},"op_mob":{"10":0,"11":0,"11.1":0,"11.5":0,"12":0,"12.1":0.00015768549539,"0":0.00386329463706},"ie":{"5.5":null,"6":null,"7":0.00429631878558,"8":0.111704288425,"9":0.103111650854,"10":0.116000607211,"11":1.92904713472},"bb":{"7":0.011456,"10":null},"ie_mob":{"10":0.923242735484,"11":2.40472526452},"edge":{"12":0.089712,"13":0.606624,"14":null},"and_ff":{"0":0.045824},"and_uc":{"0":0.063008},"op_mini":{"5.0-8.0":1.81748301987},"and_chr":{"0":39.173952}},"total":94.22632}