{"id":"PM","name":"Saint Pierre and Miquelon","month":"2016-05","access_date":"2016-06-03","data":{"chrome":{"4":null,"5":null,"6":null,"7":null,"8":null,"9":null,"10":null,"11":0.023721,"12":null,"13":null,"14":null,"15":null,"16":null,"17":null,"18":null,"19":null,"20":null,"21":null,"22":null,"23":null,"24":null,"25":null,"26":null,"27":null,"28":null,"29":0.007907,"30":null,"31":null,"32":0.023721,"33":null,"34":0.031628,"35":0.047442,"36":0.55349,"37":null,"38":null,"39":null,"40":0.007907,"41":0.063256,"42":null,"43":null,"44":null,"45":0.118605,"46":0.221396,"47":0.284652,"48":0.355815,"49":4.878619,"50":33.304284,"51":0.39535,"52":0.023721,"53":null,"54":null},"firefox":{"2":null,"3":null,"3.5":null,"3.6":null,"4":null,"5":null,"6":null,"7":null,"8":null,"9":null,"10":null,"11":0.292559,"12":null,"13":null,"14":null,"15":0.134419,"16":null,"17":0.047442,"18":null,"19":null,"20":null,"21":0.015814,"22":null,"23":null,"24":null,"25":0.007907,"26":null,"27":null,"28":null,"29":0.015814,"30":0.118605,"31":0.110698,"32":null,"33":null,"34":0.047442,"35":null,"36":null,"37":0.015814,"38":0.268838,"39":0.047442,"40":0.506048,"41":0.023721,"42":0.181861,"43":0.110698,"44":0.142326,"45":7.045137,"46":13.36283,"47":0.197675,"48":null,"49":null},"opera":{"9":null,"9.5-9.6":null,"10.0-10.1":0,"10.5":null,"10.6":null,"11":null,"11.1":null,"11.5":null,"11.6":null,"12":0.063256,"12.1":null,"15":null,"16":null,"17":null,"18":null,"19":null,"20":null,"21":null,"22":null,"23":null,"24":null,"25":null,"26":null,"27":null,"28":null,"29":null,"30":null,"31":null,"32":null,"33":null,"34":null,"35":null,"36":0.134419,"37":0.39535,"38":null,"39":null},"safari":{"3.1":null,"3.2":null,"4":0,"5":0.023721,"5.1":0.213489,"6":0.031628,"6.1":0.102791,"7":0.166047,"7.1":null,"8":0.55349,"9":0.861863,"9.1":4.325129,"0":null},"ios_saf":{"3.2":0,"4.0-4.1":0,"4.2-4.3":0,"5.0-5.1":0,"6.0-6.1":0.0243964783751,"7.0-7.1":0.242013065481,"8":0,"8.1-8.4":0.616742973323,"9.0-9.2":1.29106163561,"9.3":7.48288784721},"android":{"2.1":0,"2.2":0,"2.3":0.00747941453719,"3":0,"4":0.0459449750142,"4.1":0.158670436968,"4.2-4.3":0.366491312323,"4.4":0.831817745315,"4.4.3-4.4.4":0.471203115843,"50":null},"op_mob":{"10":0,"11":0,"11.1":0,"11.5":0,"12":0,"12.1":0,"0":0},"ie":{"5.5":null,"6":null,"7":null,"8":0.221396,"9":0.308373,"10":0.268838,"11":3.186521},"bb":{"7":0.02354625,"10":null},"ie_mob":{"10":0.034257683871,"11":0.089229316129},"edge":{"12":0.071163,"13":3.518615,"14":null},"and_ff":{"0":0.014651},"and_uc":{"0":null},"op_mini":{"5.0-8.0":0},"and_chr":{"0":8.812936}},"total":97.99402225}