{"id":"PR","name":"Puerto Rico","month":"2016-05","access_date":"2016-06-03","data":{"chrome":{"4":null,"5":null,"6":null,"7":null,"8":null,"9":null,"10":null,"11":0.044766,"12":null,"13":null,"14":null,"15":null,"16":null,"17":0.009948,"18":0.009948,"19":null,"20":0.004974,"21":0.014922,"22":0.009948,"23":null,"24":null,"25":0.004974,"26":0.009948,"27":null,"28":0.004974,"29":0.154194,"30":null,"31":0.019896,"32":0.02487,"33":0.034818,"34":0.029844,"35":0.044766,"36":0.064662,"37":0.029844,"38":0.034818,"39":0.079584,"40":0.02487,"41":0.044766,"42":0.044766,"43":0.089532,"44":0.084558,"45":0.139272,"46":0.054714,"47":0.109428,"48":0.17409,"49":3.546462,"50":19.1499,"51":0.333258,"52":0.094506,"53":null,"54":null},"firefox":{"2":null,"3":null,"3.5":null,"3.6":0.014922,"4":null,"5":null,"6":null,"7":null,"8":null,"9":null,"10":0.009948,"11":null,"12":0.014922,"13":null,"14":0.004974,"15":null,"16":0.019896,"17":null,"18":null,"19":null,"20":null,"21":0.004974,"22":null,"23":null,"24":0.004974,"25":null,"26":null,"27":null,"28":0.004974,"29":null,"30":0.009948,"31":0.029844,"32":null,"33":0.009948,"34":0.004974,"35":0.02487,"36":0.014922,"37":0.019896,"38":0.054714,"39":0.039792,"40":0.019896,"41":0.034818,"42":0.064662,"43":0.134298,"44":0.09948,"45":0.959982,"46":4.138368,"47":0.054714,"48":null,"49":null},"opera":{"9":null,"9.5-9.6":null,"10.0-10.1":0,"10.5":null,"10.6":null,"11":null,"11.1":null,"11.5":null,"11.6":null,"12":null,"12.1":0.019896,"15":null,"16":null,"17":null,"18":null,"19":null,"20":null,"21":null,"22":null,"23":null,"24":null,"25":null,"26":null,"27":0.004974,"28":null,"29":0.044766,"30":null,"31":null,"32":null,"33":0.029844,"34":null,"35":0.014922,"36":0.094506,"37":0.278544,"38":null,"39":null},"safari":{"3.1":null,"3.2":null,"4":0.019896,"5":0.04974,"5.1":0.193986,"6":0.014922,"6.1":0.12435,"7":0.064662,"7.1":0.034818,"8":0.412842,"9":0.82071,"9.1":2.317884,"0":null},"ios_saf":{"3.2":0,"4.0-4.1":0,"4.2-4.3":0,"5.0-5.1":0,"6.0-6.1":0.0342625176839,"7.0-7.1":0.339884175424,"8":0,"8.1-8.4":0.866156447049,"9.0-9.2":1.81317243583,"9.3":10.508999424},"android":{"2.1":0,"2.2":0,"2.3":0.0179170783646,"3":0,"4":0.110062052811,"4.1":0.380098019591,"4.2-4.3":0.877936839864,"4.4":1.9926350724,"4.4.3-4.4.4":1.12877593697,"50":null},"op_mob":{"10":0,"11":0,"11.1":0,"11.5":0,"12":0,"12.1":1.43552785353e-5,"0":0.000351704324114},"ie":{"5.5":null,"6":0.00498113629842,"7":0.0249056814921,"8":0.25403795122,"9":0.483170220947,"10":0.428377721664,"11":5.6735142439},"bb":{"7":0.01130625,"10":null},"ie_mob":{"10":0.256501935484,"11":0.668098064516},"edge":{"12":0.412842,"13":2.61135,"14":0.004974},"and_ff":{"0":0.025125},"and_uc":{"0":0.105525},"op_mini":{"5.0-8.0":0.165458940397},"and_chr":{"0":27.960285}},"total":92.0185112055}