{"id":"PS","name":"Palestinian Territory","month":"2016-05","access_date":"2016-06-03","data":{"chrome":{"4":null,"5":null,"6":null,"7":0.013292,"8":null,"9":null,"10":0.013292,"11":0.03323,"12":0.059814,"13":null,"14":0.006646,"15":0.019938,"16":null,"17":null,"18":0.006646,"19":null,"20":0.013292,"21":0.013292,"22":0.026584,"23":0.006646,"24":0.026584,"25":0.026584,"26":0.03323,"27":0.03323,"28":0.026584,"29":0.558264,"30":0.03323,"31":0.03323,"32":0.039876,"33":0.09969,"34":0.03323,"35":0.019938,"36":0.046522,"37":0.179442,"38":0.093044,"39":0.093044,"40":0.073106,"41":0.086398,"42":0.053168,"43":1.056714,"44":0.36553,"45":0.505096,"46":0.405406,"47":0.46522,"48":1.050068,"49":6.287116,"50":34.69212,"51":0.691184,"52":0.06646,"53":0.006646,"54":null},"firefox":{"2":null,"3":0.013292,"3.5":null,"3.6":0.039876,"4":0.006646,"5":0.006646,"6":0.019938,"7":null,"8":null,"9":0.006646,"10":null,"11":0.013292,"12":0.112982,"13":0.013292,"14":0.006646,"15":0.013292,"16":0.019938,"17":0.053168,"18":0.019938,"19":0.019938,"20":0.013292,"21":0.006646,"22":0.013292,"23":0.006646,"24":0.006646,"25":0.106336,"26":0.013292,"27":0.019938,"28":null,"29":0.019938,"30":0.03323,"31":0.019938,"32":0.053168,"33":0.06646,"34":0.039876,"35":0.046522,"36":0.053168,"37":0.053168,"38":0.093044,"39":0.046522,"40":0.126274,"41":0.053168,"42":0.09969,"43":0.544972,"44":0.252548,"45":1.62827,"46":6.333638,"47":0.19938,"48":0.006646,"49":null},"opera":{"9":null,"9.5-9.6":null,"10.0-10.1":0,"10.5":null,"10.6":null,"11":null,"11.1":null,"11.5":null,"11.6":null,"12":null,"12.1":2.086844,"15":null,"16":null,"17":null,"18":null,"19":null,"20":null,"21":null,"22":null,"23":null,"24":null,"25":null,"26":null,"27":null,"28":null,"29":null,"30":null,"31":0.026584,"32":null,"33":0.013292,"34":0.013292,"35":0.019938,"36":0.16615,"37":0.657954,"38":null,"39":null},"safari":{"3.1":null,"3.2":null,"4":0.013292,"5":0.006646,"5.1":0.019938,"6":null,"6.1":null,"7":0.026584,"7.1":null,"8":0.086398,"9":0.146212,"9.1":0.385468,"0":null},"ios_saf":{"3.2":0,"4.0-4.1":0,"4.2-4.3":0,"5.0-5.1":0,"6.0-6.1":0.00744565228375,"7.0-7.1":0.0738608706548,"8":0,"8.1-8.4":0.188226089733,"9.0-9.2":0.394023918856,"9.3":2.28373046847},"android":{"2.1":0,"2.2":0,"2.3":0.0226579784214,"3":0,"4":0.139184724588,"4.1":0.480672827939,"4.2-4.3":1.11024094265,"4.4":2.51989088586,"4.4.3-4.4.4":1.42745264055,"50":null},"op_mob":{"10":0,"11":0,"11.1":0,"11.5":0,"12":0,"12.1":0.000130909665411,"0":0.00320728680258},"ie":{"5.5":null,"6":0.013986358209,"7":0.013986358209,"8":0.650365656716,"9":0.188815835821,"10":0.20280219403,"11":1.74130159701},"bb":{"7":0.01089725,"10":null},"ie_mob":{"10":0.0548810387097,"11":0.14294596129},"edge":{"12":0.112982,"13":0.412052,"14":null},"and_ff":{"0":0.036883},"and_uc":{"0":0.221298},"op_mini":{"5.0-8.0":1.50886480353},"and_chr":{"0":20.673091}},"total":96.01833425}