{"id":"PT","name":"Portugal","month":"2016-05","access_date":"2016-06-03","data":{"chrome":{"4":null,"5":null,"6":null,"7":null,"8":null,"9":null,"10":null,"11":0.033216,"12":null,"13":null,"14":null,"15":null,"16":null,"17":null,"18":null,"19":null,"20":null,"21":0.008304,"22":0.116256,"23":null,"24":null,"25":null,"26":0.008304,"27":null,"28":null,"29":0.647712,"30":null,"31":0.04152,"32":0.049824,"33":0.016608,"34":0.049824,"35":0.091344,"36":0.24912,"37":0.058128,"38":0.091344,"39":0.141168,"40":0.066432,"41":0.049824,"42":0.049824,"43":0.224208,"44":0.141168,"45":0.190992,"46":0.149472,"47":0.282336,"48":0.37368,"49":7.93032,"50":42.68256,"51":0.606192,"52":0.08304,"53":null,"54":null},"firefox":{"2":null,"3":null,"3.5":null,"3.6":0.016608,"4":null,"5":null,"6":0.016608,"7":null,"8":null,"9":null,"10":null,"11":null,"12":null,"13":null,"14":null,"15":null,"16":0.016608,"17":null,"18":null,"19":null,"20":null,"21":null,"22":null,"23":null,"24":null,"25":null,"26":null,"27":null,"28":null,"29":null,"30":0.008304,"31":0.016608,"32":null,"33":0.024912,"34":0.016608,"35":0.016608,"36":0.024912,"37":0.033216,"38":0.107952,"39":0.058128,"40":0.058128,"41":0.066432,"42":0.091344,"43":0.2076,"44":0.182688,"45":1.818576,"46":7.797456,"47":0.04152,"48":0.008304,"49":0.008304},"opera":{"9":null,"9.5-9.6":null,"10.0-10.1":0,"10.5":null,"10.6":null,"11":null,"11.1":null,"11.5":null,"11.6":null,"12":null,"12.1":0.049824,"15":null,"16":null,"17":null,"18":null,"19":null,"20":null,"21":null,"22":null,"23":null,"24":null,"25":null,"26":null,"27":null,"28":null,"29":null,"30":null,"31":null,"32":null,"33":null,"34":0.008304,"35":0.016608,"36":0.199296,"37":0.66432,"38":null,"39":null},"safari":{"3.1":null,"3.2":null,"4":0.016608,"5":0.066432,"5.1":0.157776,"6":0.008304,"6.1":0.149472,"7":0.04152,"7.1":0.016608,"8":0.232512,"9":0.66432,"9.1":2.134128,"0":null},"ios_saf":{"3.2":0,"4.0-4.1":0,"4.2-4.3":0,"5.0-5.1":0,"6.0-6.1":0.00928892481811,"7.0-7.1":0.0921461341956,"8":0,"8.1-8.4":0.234824019402,"9.0-9.2":0.491569901374,"9.3":2.84909902021},"android":{"2.1":0,"2.2":0,"2.3":0.00649218398637,"3":0,"4":0.0398805587734,"4.1":0.137727045997,"4.2-4.3":0.318117015332,"4.4":0.72202360477,"4.4.3-4.4.4":0.409007591141,"50":null},"op_mob":{"10":0,"11":0,"11.1":0,"11.5":0,"12":0,"12.1":1.49757174393e-5,"0":0.000366905077263},"ie":{"5.5":null,"6":0.0083287388282,"7":0.0333149553128,"8":0.474738113208,"9":0.632984150943,"10":0.383121986097,"11":6.79625088381},"bb":{"7":0.011024,"10":null},"ie_mob":{"10":0.153384051613,"11":0.399511948387},"edge":{"12":0.265728,"13":2.57424,"14":null},"and_ff":{"0":0.020352},"and_uc":{"0":0.234048},"op_mini":{"5.0-8.0":0.172610119205},"and_chr":{"0":10.45232}},"total":97.4186908282}