{"id":"PW","name":"Palau","month":"2016-05","access_date":"2016-06-03","data":{"chrome":{"4":null,"5":null,"6":null,"7":null,"8":0.102762,"9":null,"10":0.045672,"11":null,"12":null,"13":null,"14":0.091344,"15":null,"16":null,"17":0.085635,"18":0.11418,"19":0.039963,"20":null,"21":0.068508,"22":null,"23":0.011418,"24":null,"25":null,"26":0.011418,"27":null,"28":null,"29":0.011418,"30":0.017127,"31":0.176979,"32":0.022836,"33":0.74217,"34":0.011418,"35":0.017127,"36":0.068508,"37":null,"38":0.074217,"39":0.034254,"40":null,"41":null,"42":0.045672,"43":0.017127,"44":0.045672,"45":1.016202,"46":0.194106,"47":0.045672,"48":1.632774,"49":4.33884,"50":20.535273,"51":0.302577,"52":0.074217,"53":null,"54":null},"firefox":{"2":null,"3":null,"3.5":null,"3.6":0.182688,"4":null,"5":null,"6":0.045672,"7":null,"8":null,"9":0.011418,"10":0.068508,"11":null,"12":0.022836,"13":null,"14":0.079926,"15":0.034254,"16":null,"17":null,"18":null,"19":null,"20":null,"21":0.045672,"22":null,"23":0.05709,"24":0.142725,"25":null,"26":0.011418,"27":null,"28":0.022836,"29":0.085635,"30":0.011418,"31":0.028545,"32":0.028545,"33":0.125598,"34":0.034254,"35":0.062799,"36":0.062799,"37":0.085635,"38":0.119889,"39":0.034254,"40":0.05709,"41":0.091344,"42":0.074217,"43":0.291159,"44":1.101837,"45":0.959112,"46":7.267557,"47":0.753588,"48":0.074217,"49":null},"opera":{"9":null,"9.5-9.6":null,"10.0-10.1":0,"10.5":null,"10.6":null,"11":null,"11.1":null,"11.5":null,"11.6":null,"12":0.011418,"12.1":null,"15":null,"16":null,"17":null,"18":null,"19":null,"20":null,"21":null,"22":null,"23":null,"24":null,"25":null,"26":null,"27":null,"28":null,"29":0.011418,"30":null,"31":0.011418,"32":null,"33":null,"34":null,"35":0.102762,"36":null,"37":0.011418,"38":null,"39":null},"safari":{"3.1":null,"3.2":null,"4":0.034254,"5":0.011418,"5.1":0.079926,"6":0.017127,"6.1":null,"7":0.028545,"7.1":0.011418,"8":0.371085,"9":0.713625,"9.1":1.153218,"0":null},"ios_saf":{"3.2":0,"4.0-4.1":0,"4.2-4.3":0,"5.0-5.1":0,"6.0-6.1":0.00934428556993,"7.0-7.1":0.0926953128537,"8":0,"8.1-8.4":0.236223539208,"9.0-9.2":0.494499592361,"9.3":2.86607927001},"android":{"2.1":0,"2.2":0,"2.3":0.0140036212379,"3":0,"4":0.0860222447473,"4.1":0.297076821976,"4.2-4.3":0.686177440659,"4.4":1.55740273339,"4.4.3-4.4.4":0.88222813799,"50":null},"op_mob":{"10":0,"11":0,"11.1":0,"11.5":0,"12":0,"12.1":0.000315746872701,"0":0.00773579838116},"ie":{"5.5":null,"6":0.022836,"7":0.034254,"8":0.941985,"9":0.376794,"10":0.696498,"11":5.046756},"bb":{"7":0.00107275,"10":null},"ie_mob":{"10":0.141658367742,"11":0.368970632258},"edge":{"12":0.599445,"13":0.296868,"14":null},"and_ff":{"0":0.008582},"and_uc":{"0":11.229547},"op_mini":{"5.0-8.0":3.63929845475},"and_chr":{"0":21.643432}},"total":96.91647275}