{"id":"PY","name":"Paraguay","month":"2016-01","access_date":"2016-02-03","data":{"firefox":{"2":0.004413,"3":0.039717,"3.5":0.013239,"3.6":0.039717,"4":0.017652,"5":0.004413,"6":0.008826,"7":0.004413,"8":0.004413,"9":0.004413,"10":0.013239,"11":0.022065,"12":0.022065,"13":0.004413,"14":0.026478,"15":0.017652,"16":0.013239,"17":0.030891,"18":0.004413,"19":0.004413,"20":0.013239,"21":0.013239,"22":0.017652,"23":0.008826,"24":0.022065,"25":0.008826,"26":0.026478,"27":0.013239,"28":0.022065,"29":0.013239,"30":0.022065,"31":0.026478,"32":0.017652,"33":0.035304,"34":0.026478,"35":0.035304,"36":0.194172,"37":0.052956,"38":0.278019,"39":0.167694,"40":0.057369,"41":0.110325,"42":0.225063,"43":5.070537,"44":0.278019,"45":0.008826,"46":0,"47":0},"chrome":{"4":0.004413,"5":0.004413,"6":0,"7":0,"8":0,"9":0.004413,"10":0.008826,"11":0.035304,"12":0.013239,"13":0,"14":0,"15":0.004413,"16":0,"17":0,"18":0.022065,"19":0,"20":0.004413,"21":0.013239,"22":0.013239,"23":0.004413,"24":0.004413,"25":0.004413,"26":0.004413,"27":0.004413,"28":0.013239,"29":0.008826,"30":0.017652,"31":0.052956,"32":0.013239,"33":0.057369,"34":0.035304,"35":0.035304,"36":0.079434,"37":0.070608,"38":0.070608,"39":0.105912,"40":0.08826,"41":0.052956,"42":0.061782,"43":0.595755,"44":0.238302,"45":0.194172,"46":0.383931,"47":23.702223,"48":2.122653,"49":0.04413,"50":0.004413,"51":0},"opera":{"9":0,"9.5-9.6":0,"10.0-10.1":0,"10.5":0,"10.6":0,"11":0,"11.1":0,"11.5":0.004413,"11.6":0,"12":0,"12.1":0.026478,"15":0,"16":0,"17":0,"18":0,"19":0,"20":0,"21":0,"22":0,"23":0,"24":0,"25":0,"26":0,"27":0.017652,"28":0.008826,"29":0.119151,"30":0.017652,"31":0.008826,"32":0.048543,"33":0.022065,"34":0.57369,"35":0.004413,"36":0},"safari":{"3.1":0,"3.2":0,"4":0.004413,"5":0.017652,"5.1":0.017652,"6":0.004413,"6.1":0.008826,"7":0.013239,"7.1":0.052956,"8":0.194172,"9":0.392757,"9.1":0},"android":{"2.1":0,"2.2":0,"2.3":0.0917179443146,"3":0,"4":0.381202706057,"4.1":1.30411452072,"4.2-4.3":2.90344617471,"4.4":5.77823049182,"4.4.3-4.4.4":3.02669216238,"47":null},"ios_saf":{"3.2":0,"4.0-4.1":0,"4.2-4.3":0,"5.0-5.1":0,"6.0-6.1":0,"7.0-7.1":0.156232460595,"8":0.0109565621716,"8.1-8.4":0.446378458844,"9.0-9.2":3.32551951839,"9.3":null},"op_mob":{"10":0,"11":0,"11.1":0,"11.5":0,"12":0.000603654470837,"12.1":0.000603654470837,"0":0.0319936869544},"ie":{"5.5":0,"6":0.0177901761252,"7":0.00444754403131,"8":0.418069138943,"9":0.191244393346,"10":0.266852641879,"11":1.36094847358},"bb":{"7":0.05726675,"10":null},"ie_mob":{"10":0.428649663866,"11":1.88995533613},"edge":{"12":0.097086,"13":0.13239,"14":0},"and_uc":{"0":1.62023},"op_mini":{"5.0-8.0":8.0567750041},"and_chr":{"0":29.870432},"and_ff":{"0":0.044696}},"total":98.7365971179}