{"id":"PY","name":"Paraguay","month":"2016-05","access_date":"2016-06-03","data":{"chrome":{"4":null,"5":null,"6":null,"7":null,"8":null,"9":null,"10":0.008396,"11":0.046178,"12":0.012594,"13":null,"14":null,"15":null,"16":null,"17":null,"18":0.016792,"19":null,"20":0.004198,"21":0.008396,"22":0.016792,"23":0.004198,"24":null,"25":null,"26":0.008396,"27":0.008396,"28":0.008396,"29":0.2099,"30":0.016792,"31":0.058772,"32":0.025188,"33":0.050376,"34":0.029386,"35":0.02099,"36":0.058772,"37":0.037782,"38":0.033584,"39":0.06297,"40":0.04198,"41":0.046178,"42":0.037782,"43":0.100752,"44":0.155326,"45":0.079762,"46":0.092356,"47":0.180514,"48":0.239286,"49":3.853764,"50":23.009238,"51":0.331642,"52":0.025188,"53":null,"54":null},"firefox":{"2":0.008396,"3":0.046178,"3.5":0.012594,"3.6":0.04198,"4":0.02099,"5":0.008396,"6":0.004198,"7":null,"8":null,"9":null,"10":0.016792,"11":0.02099,"12":0.016792,"13":0.004198,"14":0.016792,"15":0.02099,"16":0.008396,"17":0.016792,"18":null,"19":0.004198,"20":0.008396,"21":0.008396,"22":0.02099,"23":0.004198,"24":0.016792,"25":0.004198,"26":0.012594,"27":0.004198,"28":0.02099,"29":0.012594,"30":0.02099,"31":0.02099,"32":0.02099,"33":0.016792,"34":0.029386,"35":0.029386,"36":0.012594,"37":0.029386,"38":0.109148,"39":0.079762,"40":0.037782,"41":0.058772,"42":0.067168,"43":0.201504,"44":0.138534,"45":1.062094,"46":4.319742,"47":0.054574,"48":0.025188,"49":null},"opera":{"9":null,"9.5-9.6":null,"10.0-10.1":0,"10.5":null,"10.6":null,"11":null,"11.1":null,"11.5":null,"11.6":null,"12":null,"12.1":0.012594,"15":null,"16":null,"17":null,"18":null,"19":null,"20":null,"21":null,"22":null,"23":null,"24":null,"25":null,"26":null,"27":0.012594,"28":null,"29":0.134336,"30":null,"31":null,"32":null,"33":0.008396,"34":0.012594,"35":0.029386,"36":0.10495,"37":0.306454,"38":null,"39":null},"safari":{"3.1":null,"3.2":null,"4":0,"5":0.033584,"5.1":0.012594,"6":null,"6.1":0.012594,"7":0.012594,"7.1":0.012594,"8":0.100752,"9":0.205702,"9.1":0.319048,"0":null},"ios_saf":{"3.2":0,"4.0-4.1":0,"4.2-4.3":0,"5.0-5.1":0,"6.0-6.1":0.00809229991916,"7.0-7.1":0.0802756151981,"8":0,"8.1-8.4":0.204573341956,"9.0-9.2":0.428244511722,"9.3":2.4820702312},"android":{"2.1":0,"2.2":0,"2.3":0.0458802776831,"3":0,"4":0.281835991482,"4.1":0.973317319421,"4.2-4.3":2.24813360647,"4.4":5.1025423109,"4.4.3-4.4.4":2.89045749404,"50":null},"op_mob":{"10":0,"11":0,"11.1":0,"11.5":0,"12":0,"12.1":0.000594290698178,"0":0.0145601221054},"ie":{"5.5":null,"6":0.00426034653465,"7":0.00426034653465,"8":0.306744950495,"9":0.157632821782,"10":0.161893168317,"11":1.07786767327},"bb":{"7":0.05077625,"10":null},"ie_mob":{"10":0.404075993548,"11":1.05247700645},"edge":{"12":0.06297,"13":0.289662,"14":null},"and_ff":{"0":0.017409},"and_uc":{"0":1.04454},"op_mini":{"5.0-8.0":6.8497945872},"and_chr":{"0":31.22043}},"total":94.4539495569}