{"id":"QA","name":"Qatar","month":"2016-05","access_date":"2016-06-03","data":{"chrome":{"4":null,"5":null,"6":null,"7":null,"8":0.003681,"9":null,"10":0.003681,"11":0.007362,"12":0.007362,"13":null,"14":null,"15":null,"16":null,"17":null,"18":null,"19":0.003681,"20":null,"21":null,"22":0.044172,"23":null,"24":0.003681,"25":0.007362,"26":0.011043,"27":0.007362,"28":0.007362,"29":0.217179,"30":0.011043,"31":0.047853,"32":0.014724,"33":0.069939,"34":0.044172,"35":0.018405,"36":0.040491,"37":0.169326,"38":0.025767,"39":0.07362,"40":0.025767,"41":0.018405,"42":0.022086,"43":0.217179,"44":0.158283,"45":0.213498,"46":0.11043,"47":0.117792,"48":0.213498,"49":2.79756,"50":18.427086,"51":0.312885,"52":0.158283,"53":null,"54":null},"firefox":{"2":null,"3":0.014724,"3.5":null,"3.6":0.007362,"4":null,"5":null,"6":null,"7":null,"8":null,"9":null,"10":0.003681,"11":null,"12":null,"13":null,"14":null,"15":null,"16":null,"17":0.003681,"18":null,"19":null,"20":null,"21":null,"22":null,"23":null,"24":0.007362,"25":null,"26":0.007362,"27":0.003681,"28":0.011043,"29":0.007362,"30":0.003681,"31":0.007362,"32":0.003681,"33":0.007362,"34":0.011043,"35":0.003681,"36":0.011043,"37":0.022086,"38":0.080982,"39":0.029448,"40":0.018405,"41":0.018405,"42":0.025767,"43":0.080982,"44":0.047853,"45":0.463806,"46":1.873629,"47":0.139878,"48":null,"49":null},"opera":{"9":null,"9.5-9.6":null,"10.0-10.1":0,"10.5":null,"10.6":null,"11":null,"11.1":null,"11.5":null,"11.6":null,"12":null,"12.1":0.033129,"15":null,"16":null,"17":null,"18":null,"19":null,"20":null,"21":null,"22":null,"23":null,"24":null,"25":null,"26":null,"27":null,"28":null,"29":null,"30":null,"31":null,"32":0.003681,"33":0.011043,"34":0.003681,"35":0.003681,"36":0.088344,"37":0.29448,"38":null,"39":null},"safari":{"3.1":null,"3.2":null,"4":0,"5":0.014724,"5.1":0.040491,"6":0.011043,"6.1":0.03681,"7":0.03681,"7.1":0.022086,"8":0.161964,"9":0.346014,"9.1":0.92025,"0":null},"ios_saf":{"3.2":0,"4.0-4.1":0,"4.2-4.3":0,"5.0-5.1":0,"6.0-6.1":0.0194276045877,"7.0-7.1":0.19272183751,"8":0,"8.1-8.4":0.491129843977,"9.0-9.2":1.02810883478,"9.3":5.95883487914},"android":{"2.1":0,"2.2":0,"2.3":0.012106931289,"3":0,"4":0.074371149347,"4.1":0.256839899489,"4.2-4.3":0.593239633163,"4.4":1.3464637155,"4.4.3-4.4.4":0.76273667121,"50":null},"op_mob":{"10":0,"11":0,"11.1":0,"11.5":0,"12":0,"12.1":0.000972616716444,"0":0.0238291095529},"ie":{"5.5":0.0110636797753,"6":0.0110636797753,"7":0.00737578651685,"8":0.25815252809,"9":0.365101432584,"10":0.339286179775,"11":4.90858592697},"bb":{"7":0.037914,"10":null},"ie_mob":{"10":0.119204877419,"11":0.310487122581},"edge":{"12":0.11043,"13":0.835587,"14":null},"and_ff":{"0":0.018957},"and_uc":{"0":19.879574},"op_mini":{"5.0-8.0":11.2103802737},"and_chr":{"0":17.789647}},"total":95.5491962135}