{"id":"RE","name":"Reunion","month":"2016-05","access_date":"2016-06-03","data":{"chrome":{"4":null,"5":null,"6":null,"7":null,"8":null,"9":null,"10":null,"11":0.021711,"12":0.014474,"13":null,"14":null,"15":null,"16":null,"17":null,"18":0.014474,"19":null,"20":0.007237,"21":null,"22":0.036185,"23":0.021711,"24":null,"25":0.007237,"26":0.014474,"27":0.007237,"28":0.028948,"29":0.282243,"30":0.094081,"31":0.036185,"32":0.021711,"33":0.036185,"34":0.07237,"35":0.050659,"36":0.130266,"37":0.050659,"38":0.050659,"39":0.108555,"40":0.173688,"41":0.065133,"42":0.130266,"43":0.101318,"44":0.477642,"45":0.246058,"46":0.188162,"47":0.369087,"48":0.36185,"49":4.718524,"50":25.191997,"51":0.448694,"52":0.043422,"53":null,"54":null},"firefox":{"2":null,"3":null,"3.5":0.014474,"3.6":0.057896,"4":0.014474,"5":null,"6":0.014474,"7":0.014474,"8":null,"9":null,"10":0.007237,"11":0.021711,"12":0.028948,"13":0.021711,"14":0.079607,"15":0.050659,"16":0.086844,"17":0.014474,"18":0.007237,"19":null,"20":0.050659,"21":0.014474,"22":null,"23":0.180925,"24":0.173688,"25":0.028948,"26":0.028948,"27":0.014474,"28":0.065133,"29":0.028948,"30":0.07237,"31":0.586197,"32":0.340139,"33":0.057896,"34":0.130266,"35":0.07237,"36":0.057896,"37":0.101318,"38":0.267769,"39":0.14474,"40":0.332902,"41":0.528301,"42":0.253295,"43":0.521064,"44":0.50659,"45":2.706638,"46":10.949581,"47":0.079607,"48":0.014474,"49":null},"opera":{"9":null,"9.5-9.6":null,"10.0-10.1":0,"10.5":null,"10.6":null,"11":null,"11.1":null,"11.5":null,"11.6":null,"12":null,"12.1":0.028948,"15":null,"16":null,"17":null,"18":null,"19":null,"20":null,"21":null,"22":null,"23":null,"24":null,"25":null,"26":null,"27":0.014474,"28":null,"29":null,"30":null,"31":null,"32":null,"33":null,"34":0.007237,"35":null,"36":0.180925,"37":0.521064,"38":null,"39":null},"safari":{"3.1":null,"3.2":null,"4":0.057896,"5":0.101318,"5.1":0.463168,"6":0.021711,"6.1":0.195399,"7":0.086844,"7.1":0.07237,"8":0.390798,"9":1.049365,"9.1":3.177043,"0":null},"ios_saf":{"3.2":0,"4.0-4.1":0,"4.2-4.3":0,"5.0-5.1":0,"6.0-6.1":0.0132900970089,"7.0-7.1":0.131837762328,"8":0,"8.1-8.4":0.335973652385,"9.0-9.2":0.703311933711,"9.3":4.07633855457},"android":{"2.1":0,"2.2":0,"2.3":0.0110818109029,"3":0,"4":0.0680739812606,"4.1":0.235092702726,"4.2-4.3":0.543008734242,"4.4":1.23245568399,"4.4.3-4.4.4":0.698154086882,"50":null},"op_mob":{"10":0,"11":0,"11.1":0,"11.5":0,"12":0,"12.1":4.78379431243e-5,"0":0.00117202960654},"ie":{"5.5":null,"6":null,"7":null,"8":0.479591559184,"9":0.130797697959,"10":0.29066155102,"11":6.22015719184},"bb":{"7":0.005526,"10":null},"ie_mob":{"10":0.158667503226,"11":0.413273496774},"edge":{"12":0.282243,"13":2.286892,"14":null},"and_ff":{"0":0.077364},"and_uc":{"0":0.207225},"op_mini":{"5.0-8.0":0.55138013245},"and_chr":{"0":17.15344}},"total":95.04255}