{"id":"RO","name":"Romania","month":"2016-05","access_date":"2016-06-03","data":{"chrome":{"4":null,"5":null,"6":null,"7":null,"8":null,"9":null,"10":null,"11":0.030392,"12":null,"13":null,"14":null,"15":null,"16":null,"17":null,"18":0.015196,"19":null,"20":null,"21":null,"22":0.03799,"23":null,"24":null,"25":null,"26":0.022794,"27":null,"28":0.007598,"29":2.043862,"30":0.015196,"31":0.030392,"32":0.015196,"33":0.03799,"34":0.068382,"35":0.235538,"36":0.18995,"37":0.045588,"38":0.045588,"39":0.106372,"40":0.068382,"41":0.045588,"42":0.045588,"43":0.433086,"44":0.11397,"45":0.167156,"46":0.197548,"47":0.395096,"48":0.547056,"49":8.410986,"50":33.62115,"51":0.554654,"52":0.091176,"53":null,"54":null},"firefox":{"2":null,"3":0.03799,"3.5":0.007598,"3.6":0.045588,"4":0.007598,"5":null,"6":0.03799,"7":null,"8":null,"9":null,"10":0.007598,"11":0.007598,"12":0.015196,"13":0.007598,"14":null,"15":0.007598,"16":0.015196,"17":null,"18":0.007598,"19":null,"20":0.015196,"21":null,"22":null,"23":null,"24":0.007598,"25":0.007598,"26":0.007598,"27":0.007598,"28":0.030392,"29":0.015196,"30":0.015196,"31":0.03799,"32":0.03799,"33":0.03799,"34":0.030392,"35":0.060784,"36":0.045588,"37":0.045588,"38":0.212744,"39":0.098774,"40":0.129166,"41":0.07598,"42":0.129166,"43":0.653428,"44":0.463478,"45":2.978416,"46":9.34554,"47":0.18995,"48":0.015196,"49":null},"opera":{"9":null,"9.5-9.6":null,"10.0-10.1":0,"10.5":null,"10.6":null,"11":null,"11.1":null,"11.5":null,"11.6":0.007598,"12":0.007598,"12.1":0.11397,"15":null,"16":null,"17":null,"18":null,"19":null,"20":null,"21":null,"22":null,"23":null,"24":null,"25":null,"26":0.007598,"27":null,"28":0.015196,"29":0.007598,"30":0.015196,"31":null,"32":0.015196,"33":0.022794,"34":0.030392,"35":0.030392,"36":1.200484,"37":2.294596,"38":null,"39":null},"safari":{"3.1":null,"3.2":null,"4":0.015196,"5":0.015196,"5.1":0.030392,"6":null,"6.1":0.060784,"7":0.015196,"7.1":null,"8":0.053186,"9":0.11397,"9.1":0.463478,"0":null},"ios_saf":{"3.2":0,"4.0-4.1":0,"4.2-4.3":0,"5.0-5.1":0,"6.0-6.1":0.0083739894907,"7.0-7.1":0.0830699757478,"8":0,"8.1-8.4":0.211694454325,"9.0-9.2":0.443151523848,"9.3":2.56847005659},"android":{"2.1":0,"2.2":0,"2.3":0.0131475741056,"3":0,"4":0.080763669506,"4.1":0.278916393526,"4.2-4.3":0.644231131175,"4.4":1.46219806303,"4.4.3-4.4.4":0.828297168654,"50":null},"op_mob":{"10":0,"11":0,"11.1":0,"11.5":0,"12":0,"12.1":8.42150370082e-5,"0":0.0020632684067},"ie":{"5.5":null,"6":0.0394592265193,"7":0.0473510718232,"8":0.69448238674,"9":0.252539049724,"10":0.260430895028,"11":2.99100937017},"bb":{"7":0.022819,"10":null},"ie_mob":{"10":0.2478864,"11":0.6456576},"edge":{"12":0.11397,"13":0.83578,"14":null},"and_ff":{"0":0.103286},"and_uc":{"0":0.269024},"op_mini":{"5.0-8.0":0.970662516556},"and_chr":{"0":14.277406}},"total":95.471369}