{"id":"RU","name":"Russian Federation","month":"2016-05","access_date":"2016-06-03","data":{"chrome":{"4":0.016476,"5":0.008238,"6":0.008238,"7":null,"8":0.016476,"9":0.008238,"10":0.016476,"11":0.04119,"12":0.032952,"13":0.016476,"14":0.024714,"15":0.032952,"16":0.024714,"17":0.08238,"18":0.04119,"19":0.024714,"20":0.024714,"21":0.098856,"22":0.065904,"23":0.032952,"24":0.131808,"25":0.032952,"26":0.065904,"27":0.074142,"28":0.189474,"29":1.433412,"30":0.065904,"31":3.352866,"32":0.057666,"33":0.065904,"34":0.04119,"35":0.049428,"36":0.04119,"37":0.032952,"38":0.057666,"39":0.115332,"40":0.098856,"41":0.148284,"42":0.115332,"43":0.378948,"44":0.156522,"45":0.263616,"46":0.238902,"47":0.420138,"48":0.708468,"49":4.69566,"50":23.832534,"51":0.395424,"52":0.24714,"53":null,"54":null},"firefox":{"2":0.016476,"3":0.049428,"3.5":0.057666,"3.6":0.24714,"4":0.024714,"5":0.008238,"6":0.032952,"7":0.008238,"8":0.032952,"9":0.024714,"10":0.024714,"11":0.024714,"12":0.057666,"13":0.016476,"14":0.024714,"15":0.032952,"16":0.032952,"17":0.032952,"18":0.024714,"19":0.024714,"20":0.024714,"21":0.049428,"22":0.032952,"23":0.04119,"24":0.074142,"25":1.952406,"26":0.156522,"27":0.024714,"28":0.032952,"29":0.024714,"30":0.032952,"31":0.074142,"32":0.04119,"33":0.065904,"34":0.115332,"35":0.057666,"36":0.065904,"37":0.057666,"38":0.197712,"39":0.074142,"40":0.090618,"41":0.090618,"42":0.131808,"43":0.28833,"44":0.189474,"45":1.285128,"46":5.97255,"47":0.057666,"48":null,"49":null},"opera":{"9":null,"9.5-9.6":0.008238,"10.0-10.1":0.016476,"10.5":0.008238,"10.6":0.032952,"11":0.024714,"11.1":0.024714,"11.5":0.049428,"11.6":0.189474,"12":0.230664,"12.1":2.710302,"15":0.024714,"16":0.049428,"17":0.08238,"18":0.749658,"19":0.016476,"20":0.024714,"21":0.008238,"22":0.008238,"23":null,"24":0.008238,"25":0.016476,"26":0.016476,"27":0.049428,"28":0.057666,"29":0.032952,"30":0.04119,"31":0.032952,"32":0.032952,"33":0.049428,"34":0.098856,"35":0.131808,"36":1.309842,"37":3.7071,"38":0.016476,"39":null},"safari":{"3.1":null,"3.2":null,"4":0.04119,"5":0.065904,"5.1":0.074142,"6":0.016476,"6.1":0.049428,"7":0.032952,"7.1":0.016476,"8":0.131808,"9":0.321282,"9.1":1.037988,"0":null},"ios_saf":{"3.2":0,"4.0-4.1":0,"4.2-4.3":0,"5.0-5.1":0,"6.0-6.1":0.00990412793048,"7.0-7.1":0.0982489490703,"8":0,"8.1-8.4":0.250376354082,"9.0-9.2":0.524126450081,"9.3":3.03779411884},"android":{"2.1":0,"2.2":0,"2.3":0.00662576036343,"3":0,"4":0.0407010993754,"4.1":0.140560773424,"4.2-4.3":0.324662257808,"4.4":0.736879206133,"4.4.3-4.4.4":0.417422902896,"50":null},"op_mob":{"10":0,"11":0,"11.1":0,"11.5":0,"12":0,"12.1":0.000137433406917,"0":0.00336711846946},"ie":{"5.5":null,"6":0.0591392189781,"7":0.0506907591241,"8":1.03916056204,"9":0.870191364964,"10":1.00536672263,"11":3.8947399927},"bb":{"7":0.029954,"10":null},"ie_mob":{"10":0.174017393548,"11":0.453254606452},"edge":{"12":0.074142,"13":0.626088,"14":null},"and_ff":{"0":0.03524},"and_uc":{"0":1.316214},"op_mini":{"5.0-8.0":1.58405744812},"and_chr":{"0":7.685922}},"total":86.3646026204}