{"id":"RW","name":"Rwanda","month":"2016-05","access_date":"2016-06-03","data":{"chrome":{"4":null,"5":0.005433,"6":0.003622,"7":0.001811,"8":null,"9":null,"10":0.001811,"11":0.012677,"12":null,"13":null,"14":null,"15":0.003622,"16":0.003622,"17":0.003622,"18":null,"19":null,"20":null,"21":null,"22":0.005433,"23":0.010866,"24":null,"25":0.007244,"26":0.003622,"27":null,"28":0.001811,"29":0.021732,"30":0.005433,"31":0.007244,"32":0.019921,"33":0.021732,"34":0.005433,"35":0.005433,"36":0.019921,"37":0.001811,"38":0.016299,"39":0.007244,"40":0.01811,"41":0.003622,"42":0.005433,"43":0.210076,"44":0.05433,"45":0.260784,"46":0.019921,"47":0.052519,"48":0.112282,"49":0.762431,"50":5.947324,"51":0.153935,"52":0.063385,"53":null,"54":null},"firefox":{"2":0.001811,"3":0.032598,"3.5":0.009055,"3.6":0.038031,"4":0.097794,"5":0.021732,"6":0.016299,"7":0.012677,"8":0.038031,"9":0.010866,"10":0.025354,"11":0.028976,"12":0.043464,"13":0.027165,"14":0.039842,"15":0.012677,"16":0.041653,"17":0.014488,"18":0.016299,"19":0.021732,"20":0.061574,"21":0.057952,"22":0.012677,"23":0.014488,"24":0.005433,"25":0.028976,"26":0.005433,"27":0.005433,"28":0.009055,"29":0.038031,"30":0.041653,"31":0.032598,"32":0.027165,"33":0.01811,"34":0.023543,"35":0.034409,"36":0.039842,"37":0.025354,"38":0.070629,"39":0.094172,"40":0.065196,"41":0.065196,"42":0.041653,"43":0.376688,"44":0.275272,"45":1.070301,"46":3.270666,"47":0.555977,"48":0.005433,"49":null},"opera":{"9":null,"9.5-9.6":null,"10.0-10.1":0,"10.5":null,"10.6":0.003622,"11":null,"11.1":null,"11.5":null,"11.6":0.028976,"12":0.005433,"12.1":0.032598,"15":null,"16":0.003622,"17":null,"18":null,"19":null,"20":0.001811,"21":0.034409,"22":null,"23":null,"24":null,"25":null,"26":0.005433,"27":0.001811,"28":0.003622,"29":0.003622,"30":0.003622,"31":null,"32":0.005433,"33":0.014488,"34":0.01811,"35":0.074251,"36":0.121337,"37":0.34409,"38":null,"39":null},"safari":{"3.1":null,"3.2":null,"4":0,"5":null,"5.1":0.03622,"6":0.007244,"6.1":0.003622,"7":0.010866,"7.1":0.016299,"8":0.121337,"9":0.112282,"9.1":0.220942,"0":null},"ios_saf":{"3.2":0,"4.0-4.1":0,"4.2-4.3":0,"5.0-5.1":0,"6.0-6.1":0.00182051333872,"7.0-7.1":0.0180594923201,"8":0,"8.1-8.4":0.0460225772029,"9.0-9.2":0.0963415658852,"9.3":0.558387851253},"android":{"2.1":0,"2.2":0,"2.3":0.00732406303237,"3":0,"4":0.0449906729131,"4.1":0.155374765758,"4.2-4.3":0.358879088586,"4.4":0.814540438671,"4.4.3-4.4.4":0.461415971039,"50":null},"op_mob":{"10":0,"11":0,"11.1":0,"11.5":0,"12":0,"12.1":0.00594281149634,"0":0.14559888166},"ie":{"5.5":null,"6":0.00181966507177,"7":null,"8":0.160130526316,"9":0.0545899521531,"10":0.11281923445,"11":0.81157062201},"bb":{"7":0.0696065,"10":null},"ie_mob":{"10":0.143122587097,"11":0.372784412903},"edge":{"12":0.097794,"13":0.188344,"14":null},"and_ff":{"0":0.024567},"and_uc":{"0":4.888833},"op_mini":{"5.0-8.0":68.4968453068},"and_chr":{"0":4.211817}},"total":98.3694485}