{"id":"SA","name":"Saudi Arabia","month":"2016-01","access_date":"2016-02-03","data":{"firefox":{"2":0,"3":0.020085,"3.5":0.004017,"3.6":0.008034,"4":0.004017,"5":0,"6":0.012051,"7":0,"8":0,"9":0.004017,"10":0.008034,"11":0.008034,"12":0.012051,"13":0.004017,"14":0.004017,"15":0.008034,"16":0.008034,"17":0.004017,"18":0.004017,"19":0.008034,"20":0.012051,"21":0.004017,"22":0.004017,"23":0.004017,"24":0.004017,"25":0.004017,"26":0.004017,"27":0.004017,"28":0.008034,"29":0.012051,"30":0.012051,"31":0.024102,"32":0.012051,"33":0.016068,"34":0.016068,"35":0.024102,"36":0.028119,"37":0.024102,"38":0.056238,"39":0.052221,"40":0.04017,"41":0.056238,"42":0.12051,"43":2.566863,"44":0.265122,"45":0.008034,"46":0,"47":0},"chrome":{"4":0.004017,"5":0.004017,"6":0.004017,"7":0,"8":0.004017,"9":0.004017,"10":0.008034,"11":0.020085,"12":0.008034,"13":0.004017,"14":0.004017,"15":0.004017,"16":0.004017,"17":0.004017,"18":0.004017,"19":0.004017,"20":0,"21":0.004017,"22":0.024102,"23":0.004017,"24":0.004017,"25":0.008034,"26":0.016068,"27":0.012051,"28":0.008034,"29":0.016068,"30":0.016068,"31":0.060255,"32":0.008034,"33":0.176748,"34":0.036153,"35":0.024102,"36":0.056238,"37":0.024102,"38":0.052221,"39":0.060255,"40":0.048204,"41":0.032136,"42":0.104442,"43":0.859638,"44":0.220935,"45":0.301275,"46":0.36153,"47":18.791526,"48":1.904058,"49":0.212901,"50":0.012051,"51":0},"opera":{"9":0,"9.5-9.6":0,"10.0-10.1":0,"10.5":0,"10.6":0,"11":0,"11.1":0,"11.5":0,"11.6":0.004017,"12":0.004017,"12.1":0.024102,"15":0,"16":0,"17":0,"18":0,"19":0.004017,"20":0.004017,"21":0,"22":0,"23":0,"24":0,"25":0.004017,"26":0.004017,"27":0.004017,"28":0.008034,"29":0.008034,"30":0.008034,"31":0.012051,"32":0.008034,"33":0.020085,"34":0.04017,"35":0,"36":0},"safari":{"3.1":0,"3.2":0,"4":0.004017,"5":0.008034,"5.1":0.036153,"6":0.012051,"6.1":0.020085,"7":0.032136,"7.1":0.028119,"8":0.228969,"9":0.694941,"9.1":0},"android":{"2.1":0,"2.2":0,"2.3":0.0589624518597,"3":0,"4":0.245062690542,"4.1":0.83837236238,"4.2-4.3":1.86653011668,"4.4":3.71463446716,"4.4.3-4.4.4":1.94576091137,"47":null},"ios_saf":{"3.2":0,"4.0-4.1":0,"4.2-4.3":0,"5.0-5.1":0,"6.0-6.1":0,"7.0-7.1":0.621797766045,"8":0.0436065965798,"8.1-8.4":1.77656504584,"9.0-9.2":13.2354095915,"9.3":null},"op_mob":{"10":0,"11":0,"11.1":0,"11.5":0,"12":8.0358661858e-6,"12.1":8.0358661858e-6,"0":0.000425900907847},"ie":{"5.5":0,"6":0.00407138176895,"7":0.00814276353791,"8":0.643278319495,"9":0.484494430505,"10":0.398995413357,"11":2.96803730957},"bb":{"7":0.07329175,"10":null},"ie_mob":{"10":0.0287586218487,"11":0.126799378151},"edge":{"12":0.176748,"13":0.305292,"14":0},"and_uc":{"0":13.144651},"op_mini":{"5.0-8.0":0.10725202736},"and_chr":{"0":27.374561},"and_ff":{"0":0.029915}},"total":98.4890613682}