{"id":"SB","name":"Solomon Islands","month":"2016-05","access_date":"2016-06-03","data":{"chrome":{"4":null,"5":null,"6":null,"7":null,"8":0.546777,"9":null,"10":null,"11":0.066276,"12":null,"13":null,"14":null,"15":null,"16":null,"17":null,"18":null,"19":null,"20":null,"21":null,"22":0.011046,"23":null,"24":null,"25":null,"26":0.007364,"27":0.033138,"28":null,"29":null,"30":null,"31":0.014728,"32":0.011046,"33":null,"34":0.001841,"35":0.007364,"36":0.005523,"37":0.005523,"38":0.001841,"39":null,"40":0.001841,"41":0.007364,"42":0.009205,"43":0.029456,"44":0.022092,"45":0.077322,"46":0.042343,"47":0.038661,"48":0.040502,"49":0.594643,"50":4.596977,"51":0.047866,"52":0.023933,"53":null,"54":null},"firefox":{"2":null,"3":0.248535,"3.5":null,"3.6":0.012887,"4":0.005523,"5":0.012887,"6":0.173054,"7":0.033138,"8":null,"9":0.003682,"10":null,"11":0.042343,"12":0.01841,"13":0.005523,"14":null,"15":0.07364,"16":0.003682,"17":null,"18":0.001841,"19":0.011046,"20":0.009205,"21":0.003682,"22":0.003682,"23":0.01841,"24":0.001841,"25":0.003682,"26":0.014728,"27":null,"28":0.007364,"29":0.012887,"30":0.005523,"31":0.016569,"32":0.001841,"33":0.011046,"34":0.011046,"35":0.001841,"36":0.007364,"37":0.069958,"38":0.033138,"39":0.034979,"40":0.014728,"41":0.05523,"42":0.007364,"43":0.231966,"44":0.167531,"45":0.509957,"46":1.023596,"47":0.136234,"48":null,"49":null},"opera":{"9":null,"9.5-9.6":null,"10.0-10.1":0,"10.5":null,"10.6":null,"11":null,"11.1":null,"11.5":null,"11.6":null,"12":null,"12.1":null,"15":null,"16":null,"17":null,"18":null,"19":0.14728,"20":null,"21":null,"22":null,"23":null,"24":null,"25":null,"26":null,"27":0.075481,"28":0.005523,"29":0.585438,"30":0.001841,"31":null,"32":null,"33":null,"34":0.016569,"35":0.020251,"36":0.088368,"37":0.158326,"38":null,"39":null},"safari":{"3.1":null,"3.2":null,"4":0.003682,"5":0.011046,"5.1":0.023933,"6":0.009205,"6.1":0.009205,"7":null,"7.1":null,"8":0.064435,"9":0.031297,"9.1":0.125188,"0":null},"ios_saf":{"3.2":0,"4.0-4.1":0,"4.2-4.3":0,"5.0-5.1":0,"6.0-6.1":0.00204057447454,"7.0-7.1":0.0202424987874,"8":0,"8.1-8.4":0.0515857227162,"9.0-9.2":0.107987201192,"9.3":0.625885002829},"android":{"2.1":0,"2.2":0,"2.3":0.0128106956275,"3":0,"4":0.0786942731403,"4.1":0.27176975724,"4.2-4.3":0.627724085747,"4.4":1.42473236371,"4.4.3-4.4.4":0.807073824532,"50":null},"op_mob":{"10":0,"11":0,"11.1":0,"11.5":0,"12":0,"12.1":0.0026112472839,"0":0.0639755584556},"ie":{"5.5":null,"6":null,"7":0.00552477132777,"8":0.292812880372,"9":0.187842225144,"10":0.372001269403,"11":4.88389785375},"bb":{"7":0,"10":null},"ie_mob":{"10":0.423267864516,"11":1.10246513548},"edge":{"12":0.075481,"13":0.12887,"14":null},"and_ff":{"0":0.008159},"and_uc":{"0":32.162778},"op_mini":{"5.0-8.0":30.0972361943},"and_chr":{"0":12.816906}},"total":97.337698}