{"id":"SC","name":"Seychelles","month":"2016-05","access_date":"2016-06-03","data":{"chrome":{"4":null,"5":null,"6":null,"7":null,"8":null,"9":null,"10":null,"11":0.01116,"12":0.0279,"13":null,"14":null,"15":0.00558,"16":0.01674,"17":null,"18":null,"19":null,"20":0.00558,"21":0.0279,"22":null,"23":null,"24":0.00558,"25":null,"26":0.03906,"27":null,"28":0.01674,"29":0.01116,"30":0.01116,"31":0.06138,"32":0.0279,"33":0.0279,"34":0.00558,"35":0.01674,"36":0.06138,"37":null,"38":0.01674,"39":0.07812,"40":0.0279,"41":0.02232,"42":0.07254,"43":0.06696,"44":0.05022,"45":0.68076,"46":0.03906,"47":1.04346,"48":0.11718,"49":3.79998,"50":14.9823,"51":0.20646,"52":0.17298,"53":null,"54":null},"firefox":{"2":null,"3":0.01674,"3.5":null,"3.6":0.12276,"4":0.00558,"5":0.01674,"6":null,"7":null,"8":null,"9":null,"10":null,"11":0.01116,"12":0.01116,"13":0.01674,"14":0.05022,"15":0.01674,"16":0.04464,"17":0.02232,"18":0.01674,"19":null,"20":null,"21":0.00558,"22":0.00558,"23":null,"24":0.01116,"25":0.42966,"26":0.42408,"27":0.41292,"28":0.32364,"29":0.52452,"30":0.79236,"31":0.4743,"32":0.37386,"33":0.61938,"34":0.70866,"35":0.98766,"36":0.56916,"37":0.8091,"38":1.395,"39":0.99882,"40":0.68076,"41":0.62496,"42":0.59706,"43":1.0044,"44":0.40176,"45":2.22084,"46":5.28984,"47":0.45756,"48":null,"49":null},"opera":{"9":null,"9.5-9.6":null,"10.0-10.1":0,"10.5":null,"10.6":null,"11":null,"11.1":null,"11.5":null,"11.6":null,"12":null,"12.1":0.06696,"15":null,"16":null,"17":null,"18":null,"19":null,"20":null,"21":null,"22":null,"23":null,"24":null,"25":null,"26":null,"27":null,"28":null,"29":null,"30":null,"31":null,"32":0.01674,"33":null,"34":0.00558,"35":0.01116,"36":0.12834,"37":0.23436,"38":null,"39":null},"safari":{"3.1":null,"3.2":null,"4":0,"5":0.00558,"5.1":0.02232,"6":null,"6.1":0.03348,"7":0.05022,"7.1":null,"8":0.08928,"9":0.50778,"9.1":0.60264,"0":null},"ios_saf":{"3.2":0,"4.0-4.1":0,"4.2-4.3":0,"5.0-5.1":0,"6.0-6.1":0.00750363783347,"7.0-7.1":0.074436087308,"8":0,"8.1-8.4":0.18969196443,"9.0-9.2":0.397092514147,"9.3":2.30151579628},"android":{"2.1":0,"2.2":0,"2.3":0.0195373537763,"3":0,"4":0.120015173197,"4.1":0.414471005111,"4.2-4.3":0.957330335037,"4.4":2.17283284497,"4.4.3-4.4.4":1.2308532879,"50":null},"op_mob":{"10":0,"11":0,"11.1":0,"11.5":0,"12":0,"12.1":0.000515025754231,"0":0.0126181309787},"ie":{"5.5":null,"6":0.022363255814,"7":0.022363255814,"8":1.00075569767,"9":0.307494767442,"10":0.821849651163,"11":3.59489337209},"bb":{"7":0.104975,"10":null},"ie_mob":{"10":0.378893806452,"11":0.986886193548},"edge":{"12":0.31806,"13":1.12716,"14":null},"and_ff":{"0":0.0221},"and_uc":{"0":9.75052},"op_mini":{"5.0-8.0":5.93618684327},"and_chr":{"0":17.65258}},"total":94.970515}