{"id":"SE","name":"Sweden","month":"2016-01","access_date":"2016-02-03","data":{"firefox":{"2":0,"3":0,"3.5":0,"3.6":0.013538,"4":0.013538,"5":0.006769,"6":0.013538,"7":0,"8":0,"9":0,"10":0.006769,"11":0.006769,"12":0.006769,"13":0,"14":0.006769,"15":0,"16":0.013538,"17":0.020307,"18":0.006769,"19":0,"20":0.006769,"21":0.020307,"22":0.006769,"23":0.013538,"24":0.027076,"25":0.006769,"26":0.013538,"27":0.006769,"28":0.013538,"29":0.013538,"30":0.013538,"31":0.027076,"32":0.006769,"33":0.013538,"34":0.074459,"35":0.027076,"36":0.020307,"37":0.060921,"38":0.223377,"39":0.087997,"40":0.060921,"41":0.101535,"42":0.243684,"43":6.180097,"44":0.311374,"45":0.006769,"46":0,"47":0},"chrome":{"4":0,"5":0,"6":0,"7":0,"8":0,"9":0,"10":0,"11":0.013538,"12":0,"13":0,"14":0,"15":0,"16":0.006769,"17":0,"18":0.006769,"19":0,"20":0,"21":0.006769,"22":0.027076,"23":0,"24":0,"25":0.006769,"26":0.006769,"27":0.006769,"28":0.006769,"29":0.013538,"30":0.006769,"31":0.060921,"32":0.013538,"33":0.027076,"34":0.047383,"35":0.054152,"36":0.040614,"37":0.047383,"38":0.054152,"39":0.108304,"40":0.060921,"41":0.074459,"42":0.087997,"43":0.175994,"44":0.223377,"45":0.426447,"46":0.548289,"47":24.131485,"48":2.159311,"49":0.047383,"50":0.006769,"51":0},"opera":{"9":0,"9.5-9.6":0,"10.0-10.1":0,"10.5":0,"10.6":0,"11":0,"11.1":0,"11.5":0,"11.6":0.006769,"12":0.006769,"12.1":0.087997,"15":0,"16":0,"17":0,"18":0,"19":0,"20":0,"21":0,"22":0,"23":0,"24":0,"25":0,"26":0,"27":0,"28":0.033845,"29":0,"30":0,"31":0.013538,"32":0.013538,"33":0.013538,"34":0.426447,"35":0.006769,"36":0.006769},"safari":{"3.1":0,"3.2":0,"4":0.020307,"5":0.054152,"5.1":0.230146,"6":0.047383,"6.1":0.223377,"7":0.155687,"7.1":0.121842,"8":0.920584,"9":3.831254,"9.1":0.006769},"android":{"2.1":0,"2.2":0,"2.3":0.0174015387885,"3":0,"4":0.0723251455898,"4.1":0.247428129649,"4.2-4.3":0.550867462274,"4.4":1.09629694368,"4.4.3-4.4.4":0.574250780021,"47":null},"ios_saf":{"3.2":0,"4.0-4.1":0,"4.2-4.3":0,"5.0-5.1":0,"6.0-6.1":0,"7.0-7.1":1.05044935716,"8":0.073667876996,"8.1-8.4":3.00128387761,"9.0-9.2":22.3595648882,"9.3":null},"op_mob":{"10":0,"11":0,"11.1":0,"11.5":0,"12":1.0125755503e-5,"12.1":1.0125755503e-5,"0":0.000536665041661},"ie":{"5.5":0,"6":0.0067776615483,"7":0.0203329846449,"8":0.203329846449,"9":0.576101231606,"10":0.725209785669,"11":9.04140050544},"bb":{"7":0.0048465,"10":null},"ie_mob":{"10":0.0555514789916,"11":0.244931521008},"edge":{"12":0.561827,"13":1.543332,"14":0},"and_uc":{"0":0.109854},"op_mini":{"5.0-8.0":0.135145083447},"and_chr":{"0":13.482345},"and_ff":{"0":0.038772}},"total":98.2287105154}