{"id":"SE","name":"Sweden","month":"2016-05","access_date":"2016-06-03","data":{"chrome":{"4":null,"5":null,"6":null,"7":null,"8":null,"9":null,"10":null,"11":0.01189,"12":null,"13":null,"14":null,"15":null,"16":null,"17":null,"18":null,"19":null,"20":null,"21":0.005945,"22":0.02378,"23":null,"24":null,"25":0.005945,"26":null,"27":null,"28":0.005945,"29":0.231855,"30":0.005945,"31":0.029725,"32":0.017835,"33":0.029725,"34":0.041615,"35":0.03567,"36":0.017835,"37":0.02378,"38":0.03567,"39":0.08323,"40":0.053505,"41":0.041615,"42":0.029725,"43":0.08323,"44":0.077285,"45":0.1189,"46":0.112955,"47":0.148625,"48":0.374535,"49":4.417135,"50":24.689585,"51":0.36859,"52":0.041615,"53":null,"54":null},"firefox":{"2":null,"3":null,"3.5":null,"3.6":0.017835,"4":null,"5":null,"6":null,"7":null,"8":null,"9":null,"10":0.005945,"11":0.005945,"12":null,"13":null,"14":null,"15":null,"16":0.01189,"17":0.02378,"18":null,"19":null,"20":null,"21":0.005945,"22":null,"23":null,"24":0.017835,"25":0.01189,"26":0.03567,"27":0.01189,"28":0.005945,"29":0.005945,"30":0.005945,"31":0.03567,"32":0.005945,"33":0.01189,"34":0.09512,"35":0.02378,"36":0.017835,"37":0.03567,"38":0.196185,"39":0.04756,"40":0.053505,"41":0.04756,"42":0.05945,"43":0.136735,"44":0.148625,"45":1.325735,"46":5.68342,"47":0.041615,"48":0.005945,"49":null},"opera":{"9":null,"9.5-9.6":null,"10.0-10.1":0,"10.5":null,"10.6":null,"11":null,"11.1":null,"11.5":null,"11.6":null,"12":0.005945,"12.1":0.04756,"15":null,"16":null,"17":null,"18":null,"19":null,"20":null,"21":null,"22":null,"23":null,"24":null,"25":null,"26":null,"27":null,"28":0.005945,"29":null,"30":null,"31":null,"32":null,"33":null,"34":null,"35":0.005945,"36":0.10701,"37":0.362645,"38":null,"39":null},"safari":{"3.1":null,"3.2":null,"4":0.01189,"5":0.053505,"5.1":0.160515,"6":0.029725,"6.1":0.184295,"7":0.124845,"7.1":0.04756,"8":0.63017,"9":1.159275,"9.1":3.109235,"0":null},"ios_saf":{"3.2":0,"4.0-4.1":0,"4.2-4.3":0,"5.0-5.1":0,"6.0-6.1":0.0519065405214,"7.0-7.1":0.514912881973,"8":0,"8.1-8.4":1.31219734438,"9.0-9.2":2.74689412439,"9.3":15.9207741087},"android":{"2.1":0,"2.2":0,"2.3":0.00562542021579,"3":0,"4":0.0345561527541,"4.1":0.119339271721,"4.2-4.3":0.275645590574,"4.4":0.625627091141,"4.4.3-4.4.4":0.354401473595,"50":null},"op_mob":{"10":0,"11":0,"11.1":0,"11.5":0,"12":0,"12.1":1.61476864476e-5,"0":0.000395618317967},"ie":{"5.5":null,"6":0.0119113848921,"7":0.0119113848921,"8":0.148892311151,"9":0.381164316547,"10":0.446676933453,"11":8.93353866906},"bb":{"7":0.01317875,"10":null},"ie_mob":{"10":0.103494064516,"11":0.269565935484},"edge":{"12":0.196185,"13":2.657415,"14":0.005945},"and_ff":{"0":0.09732},"and_uc":{"0":0.14598},"op_mini":{"5.0-8.0":0.186118233996},"and_chr":{"0":13.43593}},"total":94.35597875}