{"id":"SG","name":"Singapore","month":"2016-01","access_date":"2016-02-03","data":{"firefox":{"2":0.005576,"3":0.011152,"3.5":0,"3.6":0.011152,"4":0.005576,"5":0.005576,"6":0.016728,"7":0,"8":0,"9":0.005576,"10":0.011152,"11":0.005576,"12":0.011152,"13":0,"14":0.005576,"15":0.005576,"16":0.016728,"17":0.016728,"18":0.005576,"19":0.005576,"20":0.011152,"21":0.050184,"22":0.011152,"23":0.011152,"24":0.016728,"25":0.011152,"26":0.005576,"27":0.005576,"28":0.011152,"29":0.011152,"30":0.011152,"31":0.061336,"32":0.016728,"33":0.016728,"34":0.022304,"35":0.022304,"36":0.022304,"37":0.072488,"38":0.234192,"39":0.089216,"40":0.072488,"41":0.105944,"42":0.200736,"43":4.187576,"44":0.239768,"45":0.005576,"46":0,"47":0},"chrome":{"4":0,"5":0,"6":0,"7":0,"8":0,"9":0,"10":0,"11":0.033456,"12":0.005576,"13":0,"14":0,"15":0,"16":0,"17":0,"18":0.005576,"19":0,"20":0.005576,"21":0.022304,"22":0.016728,"23":0.005576,"24":0.005576,"25":0.005576,"26":0.011152,"27":0.044608,"28":0.016728,"29":0.033456,"30":0.011152,"31":0.184008,"32":0.016728,"33":0.050184,"34":0.061336,"35":0.05576,"36":0.050184,"37":0.044608,"38":0.066912,"39":0.100368,"40":0.08364,"41":0.395896,"42":0.150552,"43":0.312256,"44":0.30668,"45":0.540872,"46":0.680272,"47":23.408048,"48":1.97948,"49":0.094792,"50":0.011152,"51":0},"opera":{"9":0,"9.5-9.6":0,"10.0-10.1":0,"10.5":0,"10.6":0,"11":0,"11.1":0,"11.5":0,"11.6":0.005576,"12":0.011152,"12.1":0.061336,"15":0,"16":0,"17":0,"18":0,"19":0,"20":0.005576,"21":0,"22":0,"23":0,"24":0,"25":0,"26":0,"27":0,"28":0.066912,"29":0,"30":0.005576,"31":0.011152,"32":0.011152,"33":0.011152,"34":0.328984,"35":0.005576,"36":0},"safari":{"3.1":0,"3.2":0,"4":0.02788,"5":0.066912,"5.1":0.156128,"6":0.033456,"6.1":0.128248,"7":0.100368,"7.1":0.08364,"8":0.591056,"9":2.185792,"9.1":0.005576},"android":{"2.1":0,"2.2":0,"2.3":0.0256149628055,"3":0,"4":0.10646218916,"4.1":0.364212752391,"4.2-4.3":0.810873666312,"4.4":1.61374265675,"4.4.3-4.4.4":0.845293772582,"47":null},"ios_saf":{"3.2":0,"4.0-4.1":0,"4.2-4.3":0,"5.0-5.1":0,"6.0-6.1":0,"7.0-7.1":0.857807446173,"8":0.0601579247965,"8.1-8.4":2.45087841764,"9.0-9.2":18.2590442114,"9.3":null},"op_mob":{"10":0,"11":0,"11.1":0,"11.5":0,"12":2.90495212038e-5,"12.1":2.90495212038e-5,"0":0.0015396246238},"ie":{"5.5":0,"6":0.0113924520446,"7":0.0227849040892,"8":0.871522581413,"9":0.472786759851,"10":0.524052794052,"11":5.74179583048},"bb":{"7":0.046452,"10":null},"ie_mob":{"10":0.0376225882353,"11":0.165881411765},"edge":{"12":0.340136,"13":0.64124,"14":0},"and_uc":{"0":3.800216},"op_mini":{"5.0-8.0":0.387714276334},"and_chr":{"0":21.926648},"and_ff":{"0":0.053088}},"total":98.8297793219}