{"id":"SG","name":"Singapore","month":"2016-05","access_date":"2016-06-03","data":{"chrome":{"4":null,"5":null,"6":null,"7":null,"8":null,"9":null,"10":null,"11":0.02491,"12":null,"13":null,"14":null,"15":null,"16":null,"17":null,"18":null,"19":null,"20":null,"21":0.014946,"22":0.014946,"23":null,"24":null,"25":null,"26":0.014946,"27":0.019928,"28":0.004982,"29":0.47329,"30":0.009964,"31":0.059784,"32":0.009964,"33":0.044838,"34":0.04982,"35":0.029892,"36":0.02491,"37":0.019928,"38":0.029892,"39":0.069748,"40":0.04982,"41":0.084694,"42":0.084694,"43":0.189316,"44":0.154442,"45":0.338776,"46":0.22419,"47":0.234154,"48":0.34874,"49":3.995564,"50":23.106516,"51":0.388596,"52":0.064766,"53":0.004982,"54":null},"firefox":{"2":0.009964,"3":0.009964,"3.5":null,"3.6":0.009964,"4":null,"5":null,"6":0.02491,"7":null,"8":null,"9":null,"10":0.004982,"11":null,"12":0.004982,"13":null,"14":null,"15":0.009964,"16":0.014946,"17":0.019928,"18":null,"19":null,"20":0.004982,"21":0.004982,"22":null,"23":null,"24":0.009964,"25":null,"26":null,"27":null,"28":0.004982,"29":0.009964,"30":0.004982,"31":0.04982,"32":0.004982,"33":0.009964,"34":0.079712,"35":0.019928,"36":0.014946,"37":0.029892,"38":0.09964,"39":0.039856,"40":0.039856,"41":0.039856,"42":0.059784,"43":0.12455,"44":0.094658,"45":0.976472,"46":3.626896,"47":0.069748,"48":null,"49":null},"opera":{"9":null,"9.5-9.6":null,"10.0-10.1":0,"10.5":null,"10.6":null,"11":null,"11.1":null,"11.5":null,"11.6":null,"12":null,"12.1":0.034874,"15":null,"16":null,"17":null,"18":null,"19":null,"20":null,"21":null,"22":null,"23":null,"24":null,"25":null,"26":null,"27":0.014946,"28":0.02491,"29":0.009964,"30":0.019928,"31":0.009964,"32":null,"33":null,"34":0.02491,"35":0.004982,"36":0.079712,"37":0.239136,"38":null,"39":null},"safari":{"3.1":null,"3.2":null,"4":0.014946,"5":0.04982,"5.1":0.139496,"6":0.034874,"6.1":0.109604,"7":0.07473,"7.1":0.029892,"8":0.458344,"9":0.782174,"9.1":1.982836,"0":null},"ios_saf":{"3.2":0,"4.0-4.1":0,"4.2-4.3":0,"5.0-5.1":0,"6.0-6.1":0.0454211145918,"7.0-7.1":0.45057745675,"8":0,"8.1-8.4":1.14824577688,"9.0-9.2":2.4036853842,"9.3":13.9315642676},"android":{"2.1":0,"2.2":0,"2.3":0.0104520295287,"3":0,"4":0.0642053242476,"4.1":0.221732340716,"4.2-4.3":0.512149446905,"4.4":1.1624149983,"4.4.3-4.4.4":0.658477860307,"50":null},"op_mob":{"10":0,"11":0,"11.1":0,"11.5":0,"12":0,"12.1":3.95306237285e-5,"0":0.000968500281349},"ie":{"5.5":null,"6":0.00505784775641,"7":0.0202313910256,"8":0.566478948718,"9":0.303470865385,"10":0.328760104167,"11":5.08819484295},"bb":{"7":0.045162,"10":null},"ie_mob":{"10":0.0556836129032,"11":0.145036387097},"edge":{"12":0.12455,"13":1.375032,"14":null},"and_ff":{"0":0.055198},"and_uc":{"0":5.5198},"op_mini":{"5.0-8.0":0.455629969095},"and_chr":{"0":18.289666}},"total":92.843886}