{"id":"SH","name":"Saint Helena","month":"2016-05","access_date":"2016-06-03","data":{"chrome":{"4":null,"5":null,"6":null,"7":null,"8":null,"9":null,"10":null,"11":null,"12":null,"13":null,"14":null,"15":null,"16":null,"17":null,"18":null,"19":null,"20":null,"21":null,"22":0.016598,"23":null,"24":null,"25":null,"26":null,"27":null,"28":null,"29":1.817481,"30":null,"31":null,"32":null,"33":null,"34":null,"35":null,"36":0.273867,"37":null,"38":0.506239,"39":0.016598,"40":null,"41":0.016598,"42":null,"43":7.693173,"44":0.473043,"45":null,"46":4.871513,"47":0.290465,"48":0.838199,"49":8.747146,"50":20.274457,"51":0.016598,"52":null,"53":null,"54":null},"firefox":{"2":null,"3":null,"3.5":null,"3.6":null,"4":null,"5":null,"6":null,"7":null,"8":null,"9":null,"10":null,"11":0.33196,"12":null,"13":null,"14":0.016598,"15":null,"16":null,"17":null,"18":null,"19":0.074691,"20":null,"21":0.041495,"22":null,"23":null,"24":null,"25":null,"26":null,"27":null,"28":null,"29":0.199176,"30":null,"31":null,"32":0.016598,"33":null,"34":null,"35":0.074691,"36":null,"37":null,"38":0.041495,"39":null,"40":0.290465,"41":0.099588,"42":0.016598,"43":0.058093,"44":0.016598,"45":0.937787,"46":1.32784,"47":0.058093,"48":null,"49":null},"opera":{"9":null,"9.5-9.6":null,"10.0-10.1":0,"10.5":null,"10.6":null,"11":null,"11.1":null,"11.5":null,"11.6":null,"12":0.041495,"12.1":null,"15":null,"16":null,"17":null,"18":null,"19":null,"20":null,"21":null,"22":null,"23":null,"24":null,"25":null,"26":null,"27":null,"28":null,"29":null,"30":null,"31":null,"32":null,"33":null,"34":null,"35":null,"36":0.099588,"37":0.315362,"38":null,"39":null},"safari":{"3.1":null,"3.2":null,"4":0,"5":0.074691,"5.1":0.116186,"6":null,"6.1":0.058093,"7":0.016598,"7.1":null,"8":0.016598,"9":0.058093,"9.1":0.531136,"0":null},"ios_saf":{"3.2":0,"4.0-4.1":0,"4.2-4.3":0,"5.0-5.1":0,"6.0-6.1":0.00334751162086,"7.0-7.1":0.0332073152789,"8":0,"8.1-8.4":0.0846250937753,"9.0-9.2":0.177150314976,"9.3":1.02674876435},"android":{"2.1":0,"2.2":0,"2.3":0.00620029471891,"3":0,"4":0.0380875247019,"4.1":0.13153482368,"4.2-4.3":0.303814441227,"4.4":0.689561348382,"4.4.3-4.4.4":0.390618567291,"50":null},"op_mob":{"10":0,"11":0,"11.1":0,"11.5":0,"12":0,"12.1":0,"0":0},"ie":{"5.5":null,"6":null,"7":0.041495,"8":2.348617,"9":11.859271,"10":5.792702,"11":11.568806},"bb":{"7":0.01488375,"10":null},"ie_mob":{"10":2.33491331613,"11":6.08163468387},"edge":{"12":0.116186,"13":0.058093,"14":null},"and_ff":{"0":null},"and_uc":{"0":null},"op_mini":{"5.0-8.0":0},"and_chr":{"0":5.397944}},"total":99.28102275}