{"id":"SI","name":"Slovenia","month":"2016-05","access_date":"2016-06-03","data":{"chrome":{"4":null,"5":null,"6":null,"7":null,"8":null,"9":0.023337,"10":0.023337,"11":0.046674,"12":0.023337,"13":null,"14":0.023337,"15":0.023337,"16":0.023337,"17":null,"18":null,"19":0.015558,"20":0.023337,"21":0.023337,"22":0.038895,"23":0.023337,"24":0.023337,"25":0.023337,"26":0.015558,"27":null,"28":null,"29":0.490077,"30":0.031116,"31":0.062232,"32":0.015558,"33":0.031116,"34":0.101127,"35":0.070011,"36":0.085569,"37":0.038895,"38":0.031116,"39":0.116685,"40":0.038895,"41":0.038895,"42":0.031116,"43":0.070011,"44":0.093348,"45":0.163359,"46":0.373392,"47":0.163359,"48":0.272265,"49":5.997609,"50":31.66053,"51":0.458961,"52":0.108906,"53":null,"54":null},"firefox":{"2":null,"3":0.007779,"3.5":0.007779,"3.6":0.023337,"4":0.031116,"5":0.031116,"6":0.023337,"7":0.023337,"8":0.023337,"9":0.023337,"10":0.023337,"11":0.023337,"12":0.015558,"13":0.007779,"14":0.007779,"15":0.007779,"16":0.015558,"17":0.116685,"18":0.023337,"19":0.023337,"20":0.031116,"21":0.023337,"22":0.023337,"23":0.015558,"24":0.023337,"25":0.031116,"26":0.023337,"27":0.015558,"28":0.038895,"29":0.023337,"30":0.031116,"31":0.07779,"32":0.038895,"33":0.062232,"34":0.054453,"35":0.046674,"36":0.038895,"37":0.062232,"38":0.256707,"39":0.124464,"40":0.093348,"41":0.147801,"42":0.108906,"43":0.342276,"44":0.280044,"45":3.360528,"46":14.220012,"47":0.085569,"48":0.015558,"49":0.015558},"opera":{"9":null,"9.5-9.6":null,"10.0-10.1":0,"10.5":null,"10.6":null,"11":null,"11.1":null,"11.5":null,"11.6":null,"12":null,"12.1":0.101127,"15":null,"16":null,"17":null,"18":null,"19":null,"20":null,"21":null,"22":null,"23":null,"24":null,"25":null,"26":null,"27":null,"28":0.007779,"29":null,"30":null,"31":null,"32":null,"33":null,"34":0.007779,"35":0.007779,"36":0.225591,"37":0.739005,"38":null,"39":null},"safari":{"3.1":null,"3.2":null,"4":0.007779,"5":0.031116,"5.1":0.108906,"6":0.007779,"6.1":0.07779,"7":0.015558,"7.1":0.015558,"8":0.210033,"9":0.497856,"9.1":1.485789,"0":null},"ios_saf":{"3.2":0,"4.0-4.1":0,"4.2-4.3":0,"5.0-5.1":0,"6.0-6.1":0.00989193360954,"7.0-7.1":0.0981279814066,"8":0,"8.1-8.4":0.250068081649,"9.0-9.2":0.523481126617,"9.3":3.03405387672},"android":{"2.1":0,"2.2":0,"2.3":0.00757485860307,"3":0,"4":0.046531274276,"4.1":0.160695214651,"4.2-4.3":0.37116807155,"4.4":0.842432488927,"4.4.3-4.4.4":0.477216091993,"50":null},"op_mob":{"10":0,"11":0,"11.1":0,"11.5":0,"12":0,"12.1":1.65351685928e-5,"0":0.000405111630524},"ie":{"5.5":null,"6":0.00785391813804,"7":0.0157078362761,"8":0.43981941573,"9":0.424111579454,"10":0.541920351525,"11":8.3408610626},"bb":{"7":0.01943375,"10":null},"ie_mob":{"10":0.177450735484,"11":0.462197264516},"edge":{"12":0.202254,"13":1.664706,"14":null},"and_ff":{"0":0.031094},"and_uc":{"0":0.046641},"op_mini":{"5.0-8.0":0.190584353201},"and_chr":{"0":13.38307}},"total":96.4050789137}