{"id":"SK","name":"Slovakia (Slovak Republic)","month":"2016-05","access_date":"2016-06-03","data":{"chrome":{"4":null,"5":null,"6":null,"7":null,"8":null,"9":null,"10":null,"11":0.054775,"12":0.007825,"13":null,"14":null,"15":null,"16":null,"17":null,"18":null,"19":null,"20":null,"21":null,"22":0.039125,"23":null,"24":null,"25":null,"26":0.023475,"27":0.007825,"28":null,"29":0.3756,"30":null,"31":0.0313,"32":0.023475,"33":0.0313,"34":0.054775,"35":0.023475,"36":0.1878,"37":0.04695,"38":0.0313,"39":0.07825,"40":0.039125,"41":0.04695,"42":0.0313,"43":0.133025,"44":0.0939,"45":0.1252,"46":0.117375,"47":0.164325,"48":0.336475,"49":6.65125,"50":31.926,"51":0.508625,"52":0.070425,"53":null,"54":null},"firefox":{"2":null,"3":0.01565,"3.5":0.007825,"3.6":0.039125,"4":null,"5":0.007825,"6":null,"7":0.007825,"8":null,"9":0.023475,"10":0.01565,"11":0.007825,"12":0.04695,"13":null,"14":null,"15":null,"16":0.023475,"17":0.0313,"18":0.007825,"19":null,"20":0.01565,"21":0.086075,"22":0.007825,"23":null,"24":0.04695,"25":0.007825,"26":0.01565,"27":0.007825,"28":0.023475,"29":0.0313,"30":0.023475,"31":0.101725,"32":0.01565,"33":0.0939,"34":0.039125,"35":0.054775,"36":0.07825,"37":0.04695,"38":0.48515,"39":0.164325,"40":0.07825,"41":0.10955,"42":0.20345,"43":0.35995,"44":0.29735,"45":3.1926,"46":13.91285,"47":0.0626,"48":null,"49":null},"opera":{"9":null,"9.5-9.6":null,"10.0-10.1":0,"10.5":null,"10.6":null,"11":null,"11.1":null,"11.5":0.01565,"11.6":0.023475,"12":0.023475,"12.1":0.51645,"15":null,"16":null,"17":null,"18":null,"19":null,"20":0.023475,"21":null,"22":null,"23":null,"24":null,"25":null,"26":null,"27":null,"28":0.023475,"29":0.007825,"30":0.01565,"31":0.01565,"32":0.01565,"33":0.01565,"34":0.054775,"35":0.0313,"36":0.9077,"37":2.7857,"38":0.01565,"39":null},"safari":{"3.1":null,"3.2":null,"4":0.007825,"5":0.0313,"5.1":0.0939,"6":null,"6.1":0.04695,"7":0.04695,"7.1":0.01565,"8":0.17215,"9":0.461675,"9.1":1.510225,"0":null},"ios_saf":{"3.2":0,"4.0-4.1":0,"4.2-4.3":0,"5.0-5.1":0,"6.0-6.1":0.0083353754042,"7.0-7.1":0.0826869240097,"8":0,"8.1-8.4":0.210718290218,"9.0-9.2":0.44110806639,"9.3":2.55662634398},"android":{"2.1":0,"2.2":0,"2.3":0.00929408006814,"3":0,"4":0.0570922061329,"4.1":0.197167270017,"4.2-4.3":0.455409923339,"4.4":1.03363447615,"4.4.3-4.4.4":0.585527044293,"50":null},"op_mob":{"10":0,"11":0,"11.1":0,"11.5":0,"12":0,"12.1":8.62355538242e-5,"0":0.00211277106869},"ie":{"5.5":null,"6":0.015784252451,"7":0.0236763786765,"8":0.449851194853,"9":0.370929932598,"10":0.31568504902,"11":5.2640481924},"bb":{"7":0.0261,"10":null},"ie_mob":{"10":0.177395806452,"11":0.462054193548},"edge":{"12":0.10955,"13":1.565,"14":0.01565},"and_ff":{"0":0.07395},"and_uc":{"0":0.1479},"op_mini":{"5.0-8.0":0.993950993377},"and_chr":{"0":13.249225}},"total":96.8372}