{"id":"SL","name":"Sierra Leone","month":"2016-05","access_date":"2016-06-03","data":{"chrome":{"4":null,"5":0.001592,"6":null,"7":null,"8":0.006368,"9":null,"10":0.003184,"11":0.022288,"12":0.001592,"13":null,"14":null,"15":0.001592,"16":0.04776,"17":null,"18":0.003184,"19":null,"20":null,"21":0.003184,"22":0.014328,"23":0.006368,"24":0.019104,"25":null,"26":0.006368,"27":null,"28":0.001592,"29":0.003184,"30":null,"31":0.038208,"32":0.001592,"33":0.014328,"34":0.006368,"35":0.001592,"36":0.004776,"37":null,"38":0.009552,"39":0.017512,"40":0.006368,"41":0.006368,"42":0.025472,"43":0.18308,"44":0.09552,"45":0.36616,"46":0.020696,"47":0.035024,"48":0.1592,"49":0.603368,"50":4.333424,"51":0.125768,"52":0.012736,"53":null,"54":null},"firefox":{"2":null,"3":0.038208,"3.5":0.011144,"3.6":0.02388,"4":0.004776,"5":0.06368,"6":0.003184,"7":0.006368,"8":0.011144,"9":0.003184,"10":0.019104,"11":0.009552,"12":0.035024,"13":0.03184,"14":0.003184,"15":0.009552,"16":0.009552,"17":0.014328,"18":0.011144,"19":0.014328,"20":0.01592,"21":0.019104,"22":0.003184,"23":0.006368,"24":0.017512,"25":0.028656,"26":0.012736,"27":0.00796,"28":0.003184,"29":0.046168,"30":0.04776,"31":0.019104,"32":0.006368,"33":0.022288,"34":0.009552,"35":0.022288,"36":0.020696,"37":0.022288,"38":0.060496,"39":0.049352,"40":0.06368,"41":0.038208,"42":0.054128,"43":0.364568,"44":0.256312,"45":0.838984,"46":2.203328,"47":1.13828,"48":null,"49":null},"opera":{"9":null,"9.5-9.6":null,"10.0-10.1":0.003184,"10.5":null,"10.6":null,"11":0.004776,"11.1":null,"11.5":0.006368,"11.6":0.014328,"12":0.006368,"12.1":0.011144,"15":0.003184,"16":null,"17":0.004776,"18":null,"19":0.003184,"20":null,"21":null,"22":null,"23":null,"24":null,"25":0.003184,"26":null,"27":0.017512,"28":null,"29":0.035024,"30":0.004776,"31":0.011144,"32":null,"33":0.004776,"34":0.00796,"35":0.044576,"36":0.136912,"37":0.343872,"38":0.003184,"39":null},"safari":{"3.1":null,"3.2":null,"4":0,"5":0.001592,"5.1":0.012736,"6":null,"6.1":0.01592,"7":0.004776,"7.1":null,"8":0.028656,"9":0.09552,"9.1":0.26268,"0":null},"ios_saf":{"3.2":0,"4.0-4.1":0,"4.2-4.3":0,"5.0-5.1":0,"6.0-6.1":0.00273975090946,"7.0-7.1":0.0271783290218,"8":0,"8.1-8.4":0.0692609029911,"9.0-9.2":0.144987618129,"9.3":0.840336398949},"android":{"2.1":0,"2.2":0,"2.3":0.0108608319137,"3":0,"4":0.0667165388984,"4.1":0.230404791312,"4.2-4.3":0.532180763771,"4.4":1.20787966354,"4.4.3-4.4.4":0.684232410562,"50":null},"op_mob":{"10":0,"11":0,"11.1":0,"11.5":0,"12":0,"12.1":0.00563741695884,"0":0.138116715491},"ie":{"5.5":null,"6":0.00319896240602,"7":0.00959688721805,"8":0.271911804511,"9":0.0639792481203,"10":0.18074137594,"11":1.13243269173},"bb":{"7":0.02311925,"10":null},"ie_mob":{"10":0.193577954839,"11":0.504203045161},"edge":{"12":0.213328,"13":0.460088,"14":null},"and_ff":{"0":0.033628},"and_uc":{"0":6.759228},"op_mini":{"5.0-8.0":64.9768678675},"and_chr":{"0":6.128782}},"total":97.9377752199}