{"id":"SN","name":"Senegal","month":"2016-01","access_date":"2016-02-03","data":{"firefox":{"2":0.005402,"3":0.048618,"3.5":0.021608,"3.6":0.05402,"4":0.016206,"5":0.010804,"6":0.021608,"7":0.010804,"8":0.010804,"9":0.005402,"10":0.02701,"11":0.032412,"12":0.08103,"13":0.021608,"14":0.021608,"15":0.048618,"16":0.032412,"17":0.016206,"18":0.016206,"19":0.02701,"20":0.037814,"21":0.032412,"22":0.021608,"23":0.145854,"24":0.016206,"25":0.021608,"26":0.02701,"27":0.13505,"28":0.021608,"29":0.048618,"30":0.075628,"31":0.097236,"32":0.05402,"33":0.091834,"34":0.075628,"35":0.221482,"36":0.102638,"37":0.345728,"38":0.280904,"39":0.210678,"40":0.167462,"41":0.32412,"42":0.43216,"43":8.513552,"44":0.502386,"45":0.021608,"46":0.005402,"47":0},"chrome":{"4":0.016206,"5":0.021608,"6":0.032412,"7":0.016206,"8":0.016206,"9":0.021608,"10":0.032412,"11":0.129648,"12":0.048618,"13":0.021608,"14":0.016206,"15":0.010804,"16":0.010804,"17":0.010804,"18":0.010804,"19":0.005402,"20":0,"21":0.005402,"22":0.02701,"23":0,"24":0.010804,"25":0.021608,"26":0.02701,"27":0.016206,"28":0.021608,"29":0.021608,"30":0.037814,"31":0.075628,"32":0.02701,"33":0.08103,"34":0.05402,"35":0.075628,"36":0.070226,"37":0.032412,"38":0.048618,"39":0.086432,"40":0.102638,"41":0.043216,"42":0.259296,"43":0.340326,"44":0.167462,"45":0.632034,"46":0.345728,"47":19.344562,"48":1.788062,"49":0.05402,"50":0.005402,"51":0},"opera":{"9":0,"9.5-9.6":0,"10.0-10.1":0,"10.5":0,"10.6":0,"11":0,"11.1":0,"11.5":0,"11.6":0.010804,"12":0.005402,"12.1":0.032412,"15":0.005402,"16":0.005402,"17":0.010804,"18":0.005402,"19":0.010804,"20":0.005402,"21":0.005402,"22":0,"23":0,"24":0,"25":0,"26":0.005402,"27":0.016206,"28":0.010804,"29":0.016206,"30":0.070226,"31":0.016206,"32":0.02701,"33":0.048618,"34":1.264068,"35":0.005402,"36":0},"safari":{"3.1":0,"3.2":0,"4":0.021608,"5":0.037814,"5.1":0.05402,"6":0.037814,"6.1":0.05402,"7":0.037814,"7.1":0.032412,"8":0.151256,"9":0.523994,"9.1":0.005402},"android":{"2.1":0,"2.2":0,"2.3":0.0793626252922,"3":0,"4":0.329850911371,"4.1":1.12843732837,"4.2-4.3":2.51232310691,"4.4":4.99984539341,"4.4.3-4.4.4":2.61896663464,"47":null},"ios_saf":{"3.2":0,"4.0-4.1":0,"4.2-4.3":0,"5.0-5.1":0,"6.0-6.1":0,"7.0-7.1":0.297001541156,"8":0.0208286795096,"8.1-8.4":0.848575831874,"9.0-9.2":6.32188994746,"9.3":null},"op_mob":{"10":0,"11":0,"11.1":0,"11.5":0,"12":0.000352012038304,"12.1":0.000352012038304,"0":0.0186566380301},"ie":{"5.5":0,"6":0.010804,"7":0.021608,"8":0.40515,"9":0.194472,"10":0.659044,"11":2.922482},"bb":{"7":0.0954085,"10":null},"ie_mob":{"10":0.498129546218,"11":2.19629845378},"edge":{"12":0.237688,"13":0.307914,"14":0},"and_uc":{"0":1.508144},"op_mini":{"5.0-8.0":4.69818733789},"and_chr":{"0":24.623504},"and_ff":{"0":0.956384}},"total":97.8490245}