{"id":"SO","name":"Somalia","month":"2016-05","access_date":"2016-06-03","data":{"chrome":{"4":null,"5":null,"6":null,"7":null,"8":0.002524,"9":0.029026,"10":0.003786,"11":0.01893,"12":0.002524,"13":null,"14":0.005048,"15":null,"16":0.003786,"17":null,"18":0.002524,"19":0.003786,"20":0.016406,"21":0.008834,"22":0.001262,"23":0.053004,"24":null,"25":0.005048,"26":0.01893,"27":null,"28":0.002524,"29":0.027764,"30":0.005048,"31":0.035336,"32":0.007572,"33":0.155226,"34":0.005048,"35":0.003786,"36":0.017668,"37":0.005048,"38":0.073196,"39":0.013882,"40":0.026502,"41":0.01262,"42":0.030288,"43":1.56488,"44":0.060576,"45":0.171632,"46":0.020192,"47":0.032812,"48":0.122414,"49":0.740794,"50":5.239824,"51":0.142606,"52":0.114842,"53":null,"54":null},"firefox":{"2":null,"3":0.023978,"3.5":null,"3.6":0.010096,"4":0.008834,"5":null,"6":null,"7":null,"8":0.001262,"9":null,"10":0.00631,"11":0.02524,"12":0.01262,"13":0.003786,"14":0.002524,"15":0.010096,"16":0.007572,"17":0.00631,"18":null,"19":0.013882,"20":0.002524,"21":0.005048,"22":0.002524,"23":0.007572,"24":0.003786,"25":0.00631,"26":0.03786,"27":0.003786,"28":null,"29":0.036598,"30":0.02524,"31":0.011358,"32":0.007572,"33":0.011358,"34":0.008834,"35":0.013882,"36":0.022716,"37":0.046694,"38":0.017668,"39":0.036598,"40":0.010096,"41":0.022716,"42":0.01893,"43":0.092126,"44":0.065624,"45":0.282688,"46":0.956596,"47":0.167846,"48":null,"49":0.001262},"opera":{"9":null,"9.5-9.6":null,"10.0-10.1":0,"10.5":null,"10.6":0.001262,"11":null,"11.1":null,"11.5":null,"11.6":null,"12":null,"12.1":0.003786,"15":0.002524,"16":null,"17":null,"18":0.002524,"19":null,"20":null,"21":0.005048,"22":null,"23":null,"24":null,"25":null,"26":null,"27":null,"28":0.002524,"29":0.002524,"30":null,"31":null,"32":0.01262,"33":null,"34":0.002524,"35":0.002524,"36":0.053004,"37":0.230946,"38":null,"39":null},"safari":{"3.1":null,"3.2":null,"4":0.001262,"5":null,"5.1":0.005048,"6":0.002524,"6.1":0.002524,"7":0.008834,"7.1":0.002524,"8":0.026502,"9":0.041646,"9.1":0.074458,"0":null},"ios_saf":{"3.2":0,"4.0-4.1":0,"4.2-4.3":0,"5.0-5.1":0,"6.0-6.1":0.00145675525465,"7.0-7.1":0.0144510121261,"8":0,"8.1-8.4":0.0368267728375,"9.0-9.2":0.077091488076,"9.3":0.446815971706},"android":{"2.1":0,"2.2":0,"2.3":0.038098479841,"3":0,"4":0.234033519023,"4.1":0.808232036627,"4.2-4.3":1.86682551221,"4.4":4.23709522232,"4.4.3-4.4.4":2.40020422998,"50":null},"op_mob":{"10":0,"11":0,"11.1":0,"11.5":0,"12":0,"12.1":0.00336274094273,"0":0.082387153097},"ie":{"5.5":null,"6":null,"7":null,"8":0.140146169492,"9":0.0155717966102,"10":0.0973237288136,"11":0.43341500565},"bb":{"7":0.01528975,"10":null},"ie_mob":{"10":0.0799858258065,"11":0.208335174194},"edge":{"12":0.066886,"13":0.080768,"14":null},"and_ff":{"0":0.008737},"and_uc":{"0":22.637567},"op_mini":{"5.0-8.0":38.758952106},"and_chr":{"0":14.286352}},"total":98.4291624506}