{"id":"SR","name":"Suriname","month":"2016-05","access_date":"2016-06-03","data":{"chrome":{"4":null,"5":null,"6":null,"7":null,"8":null,"9":null,"10":null,"11":0.111474,"12":0.010134,"13":null,"14":null,"15":null,"16":0.015201,"17":null,"18":0.020268,"19":null,"20":0.010134,"21":null,"22":0.238149,"23":null,"24":null,"25":null,"26":0.020268,"27":0.005067,"28":0.025335,"29":0.141876,"30":null,"31":0.025335,"32":0.015201,"33":0.025335,"34":0.030402,"35":0.030402,"36":0.040536,"37":0.010134,"38":0.040536,"39":0.065871,"40":0.010134,"41":0.015201,"42":0.020268,"43":0.136809,"44":0.070938,"45":0.324288,"46":0.055737,"47":0.131742,"48":0.141876,"49":3.678642,"50":21.980646,"51":0.309087,"52":0.070938,"53":null,"54":null},"firefox":{"2":null,"3":0.005067,"3.5":null,"3.6":null,"4":null,"5":null,"6":null,"7":null,"8":null,"9":null,"10":0.010134,"11":0.005067,"12":null,"13":null,"14":0.010134,"15":0.005067,"16":null,"17":null,"18":null,"19":0.015201,"20":null,"21":null,"22":0.010134,"23":null,"24":null,"25":0.005067,"26":null,"27":null,"28":0.025335,"29":null,"30":null,"31":null,"32":0.005067,"33":0.015201,"34":null,"35":0.015201,"36":0.040536,"37":0.010134,"38":0.025335,"39":0.076005,"40":0.035469,"41":0.070938,"42":0.070938,"43":0.116541,"44":0.091206,"45":1.175544,"46":5.077134,"47":0.851256,"48":0.081072,"49":0.010134},"opera":{"9":null,"9.5-9.6":null,"10.0-10.1":0,"10.5":null,"10.6":null,"11":null,"11.1":null,"11.5":null,"11.6":0.010134,"12":null,"12.1":0.035469,"15":null,"16":null,"17":null,"18":null,"19":null,"20":null,"21":null,"22":null,"23":null,"24":null,"25":null,"26":null,"27":0.045603,"28":null,"29":0.15201,"30":0.020268,"31":0.010134,"32":null,"33":0.025335,"34":0.010134,"35":0.040536,"36":0.177345,"37":0.820854,"38":null,"39":null},"safari":{"3.1":null,"3.2":null,"4":0,"5":null,"5.1":0.010134,"6":0.010134,"6.1":0.020268,"7":0.010134,"7.1":0.030402,"8":0.096273,"9":0.111474,"9.1":0.450963,"0":null},"ios_saf":{"3.2":0,"4.0-4.1":0,"4.2-4.3":0,"5.0-5.1":0,"6.0-6.1":0.0109292668755,"7.0-7.1":0.108418327405,"8":0,"8.1-8.4":0.276291866613,"9.0-9.2":0.578376803052,"9.3":3.35222473605},"android":{"2.1":0,"2.2":0,"2.3":0.0430804128336,"3":0,"4":0.264636821692,"4.1":0.913920186542,"4.2-4.3":2.11094022885,"4.4":4.79115734157,"4.4.3-4.4.4":2.71406600852,"50":null},"op_mob":{"10":0,"11":0,"11.1":0,"11.5":0,"12":0,"12.1":0.000149465437389,"0":0.00366190321603},"ie":{"5.5":null,"6":0.010134,"7":0.010134,"8":0.410427,"9":0.471231,"10":0.35469,"11":5.16834},"bb":{"7":0.700486,"10":null},"ie_mob":{"10":0.146430535484,"11":0.381400464516},"edge":{"12":0.344556,"13":1.646775,"14":null},"and_ff":{"0":0.009866},"and_uc":{"0":1.869607},"op_mini":{"5.0-8.0":1.72273863135},"and_chr":{"0":23.340215}},"total":89.529369}