{"id":"ST","name":"Sao Tome and Principe","month":"2016-05","access_date":"2016-06-03","data":{"chrome":{"4":null,"5":null,"6":null,"7":null,"8":null,"9":null,"10":0.012404,"11":0.006202,"12":null,"13":null,"14":0.03101,"15":null,"16":0.03101,"17":null,"18":1.097754,"19":null,"20":null,"21":null,"22":null,"23":null,"24":null,"25":null,"26":0.024808,"27":null,"28":null,"29":null,"30":null,"31":0.117838,"32":0.006202,"33":0.198464,"34":0.043414,"35":0.037212,"36":0.223272,"37":0.012404,"38":0.55818,"39":0.012404,"40":0.285292,"41":null,"42":0.06202,"43":8.602174,"44":0.068222,"45":0.6202,"46":0.086828,"47":0.266686,"48":0.353514,"49":5.259296,"50":26.594176,"51":0.700826,"52":0.533372,"53":null,"54":null},"firefox":{"2":null,"3":null,"3.5":null,"3.6":null,"4":null,"5":null,"6":null,"7":null,"8":null,"9":null,"10":0.012404,"11":null,"12":null,"13":0.006202,"14":null,"15":null,"16":null,"17":null,"18":0.012404,"19":null,"20":0.111636,"21":null,"22":null,"23":null,"24":0.024808,"25":null,"26":null,"27":null,"28":0.012404,"29":0.03101,"30":null,"31":null,"32":null,"33":null,"34":null,"35":null,"36":null,"37":null,"38":0.099232,"39":null,"40":0.03101,"41":0.111636,"42":0.037212,"43":0.849674,"44":0.204666,"45":0.979916,"46":2.685466,"47":0.037212,"48":null,"49":null},"opera":{"9":null,"9.5-9.6":null,"10.0-10.1":0,"10.5":null,"10.6":null,"11":null,"11.1":null,"11.5":null,"11.6":null,"12":null,"12.1":0.006202,"15":null,"16":null,"17":null,"18":null,"19":null,"20":null,"21":null,"22":null,"23":null,"24":null,"25":null,"26":null,"27":null,"28":null,"29":null,"30":null,"31":null,"32":null,"33":null,"34":null,"35":0.049616,"36":0.15505,"37":0.46515,"38":null,"39":null},"safari":{"3.1":null,"3.2":null,"4":0,"5":null,"5.1":null,"6":null,"6.1":0.130242,"7":0.006202,"7.1":null,"8":0.12404,"9":0.161252,"9.1":0.68222,"0":null},"ios_saf":{"3.2":0,"4.0-4.1":0,"4.2-4.3":0,"5.0-5.1":0,"6.0-6.1":0.0045959023848,"7.0-7.1":0.0455913516572,"8":0,"8.1-8.4":0.116184412288,"9.0-9.2":0.243215154204,"9.3":1.40965517947},"android":{"2.1":0,"2.2":0,"2.3":0.033968483816,"3":0,"4":0.208663543441,"4.1":0.720617120954,"4.2-4.3":1.66445570698,"4.4":3.7777806644,"4.4.3-4.4.4":2.14001448041,"50":null},"op_mob":{"10":0,"11":0,"11.1":0,"11.5":0,"12":0,"12.1":0.000386984028048,"0":0.00948110868718},"ie":{"5.5":null,"6":null,"7":0.06202,"8":0.130242,"9":0.105434,"10":0.260484,"11":3.497928},"bb":{"7":0.305739,"10":null},"ie_mob":{"10":0.170689470968,"11":0.444586529032},"edge":{"12":0.130242,"13":1.655934,"14":null},"and_ff":{"0":0.011394},"and_uc":{"0":7.820082},"op_mini":{"5.0-8.0":4.46037790728},"and_chr":{"0":13.88298}},"total":96.184793}