{"id":"SZ","name":"Swaziland","month":"2016-01","access_date":"2016-02-03","data":{"firefox":{"2":0,"3":0.028964,"3.5":0.002228,"3.6":0.004456,"4":0.002228,"5":0,"6":0,"7":0,"8":0,"9":0.013368,"10":0.001114,"11":0.001114,"12":0.024508,"13":0.001114,"14":0.001114,"15":0.00557,"16":0.004456,"17":0.001114,"18":0.001114,"19":0.006684,"20":0.002228,"21":0.014482,"22":0.00557,"23":0.006684,"24":0.002228,"25":0.001114,"26":0.020052,"27":0.012254,"28":0.007798,"29":0.007798,"30":0.002228,"31":0.008912,"32":0.003342,"33":0.008912,"34":0.001114,"35":0.020052,"36":0.010026,"37":0.043446,"38":0.115856,"39":0.025622,"40":0.042332,"41":0.031192,"42":0.081322,"43":0.895656,"44":0.12811,"45":0.001114,"46":0,"47":0},"chrome":{"4":0.001114,"5":0,"6":0,"7":0,"8":0,"9":0.002228,"10":0,"11":0.010026,"12":0.006684,"13":0,"14":0,"15":0,"16":0.001114,"17":0,"18":0.002228,"19":0,"20":0,"21":0.002228,"22":0.004456,"23":0,"24":0,"25":0.00557,"26":0.003342,"27":0,"28":0.001114,"29":0,"30":0.002228,"31":0.01114,"32":0.002228,"33":0.007798,"34":0.004456,"35":0.014482,"36":0.030078,"37":0.001114,"38":0.003342,"39":0.006684,"40":0.034534,"41":0.002228,"42":0.015596,"43":0.035648,"44":0.051244,"45":0.043446,"46":0.067954,"47":2.864094,"48":0.197178,"49":0.004456,"50":0,"51":0},"opera":{"9":0,"9.5-9.6":0,"10.0-10.1":0.003342,"10.5":0,"10.6":0.003342,"11":0,"11.1":0,"11.5":0,"11.6":0.007798,"12":0.003342,"12.1":0.049016,"15":0.002228,"16":0,"17":0.001114,"18":0.001114,"19":0,"20":0.002228,"21":0,"22":0.001114,"23":0,"24":0,"25":0,"26":0,"27":0.003342,"28":0.001114,"29":0.021166,"30":0.086892,"31":0,"32":0.007798,"33":0.028964,"34":0.25065,"35":0,"36":0},"safari":{"3.1":0,"3.2":0,"4":0.001114,"5":0.00557,"5.1":0.020052,"6":0.013368,"6.1":0.002228,"7":0.014482,"7.1":0.01114,"8":0.143706,"9":0.06127,"9.1":0},"android":{"2.1":0,"2.2":0,"2.3":0.0189232289054,"3":0,"4":0.0786496701382,"4.1":0.269064660999,"4.2-4.3":0.599038465037,"4.4":1.19216342104,"4.4.3-4.4.4":0.624466553879,"47":null},"ios_saf":{"3.2":0,"4.0-4.1":0,"4.2-4.3":0,"5.0-5.1":0,"6.0-6.1":0,"7.0-7.1":0.0398604893376,"8":0.00279541094056,"8.1-8.4":0.113887112393,"9.0-9.2":0.848458987329,"9.3":null},"op_mob":{"10":0,"11":0,"11.1":0,"11.5":0,"12":0.00555173321726,"12.1":0.00555173321726,"0":0.294241860515},"ie":{"5.5":0,"6":0.00335495348837,"7":0.0078282248062,"8":0.272869550388,"9":0.16439272093,"10":0.266159643411,"11":1.30395858915},"bb":{"7":0.164391,"10":null},"ie_mob":{"10":0.238204537815,"11":1.05026546218},"edge":{"12":0.096918,"13":0.054586,"14":0},"and_uc":{"0":4.514088},"op_mini":{"5.0-8.0":74.0971326731},"and_chr":{"0":4.56557},"and_ff":{"0":0.053316}},"total":96.7318046822}