{"id":"TC","name":"Turks and Caicos Islands","month":"2016-01","access_date":"2016-02-03","data":{"firefox":{"2":0.006746,"3":0,"3.5":0,"3.6":0.006746,"4":0.026984,"5":0,"6":0,"7":0,"8":0,"9":0,"10":0,"11":0,"12":0.020238,"13":0.013492,"14":0,"15":0,"16":0,"17":0,"18":0.006746,"19":0.013492,"20":0,"21":0,"22":0,"23":0,"24":0,"25":0,"26":0,"27":0,"28":0.040476,"29":0,"30":0,"31":0,"32":0,"33":0.006746,"34":0,"35":0.006746,"36":0.013492,"37":0,"38":0.06746,"39":0.040476,"40":0.026984,"41":0.06746,"42":0.971424,"43":4.236488,"44":0.215872,"45":0,"46":0,"47":0},"chrome":{"4":0,"5":0,"6":0,"7":0,"8":0,"9":0,"10":0,"11":0.03373,"12":0.020238,"13":0.006746,"14":0,"15":0,"16":0,"17":0,"18":0,"19":0,"20":0,"21":0,"22":0.006746,"23":0,"24":0,"25":0,"26":0.006746,"27":0,"28":0,"29":0,"30":0.006746,"31":0.03373,"32":0.03373,"33":0.013492,"34":0.020238,"35":0.020238,"36":0.060714,"37":0.006746,"38":0.040476,"39":0.242856,"40":0.026984,"41":0.026984,"42":0.080952,"43":0.074206,"44":0.121428,"45":0.310316,"46":0.195634,"47":22.450688,"48":1.828166,"49":0.23611,"50":0.006746,"51":0},"opera":{"9":0,"9.5-9.6":0,"10.0-10.1":0,"10.5":0,"10.6":0,"11":0,"11.1":0,"11.5":0,"11.6":0,"12":0,"12.1":0,"15":0,"16":0,"17":0,"18":0,"19":0,"20":0,"21":0,"22":0.006746,"23":0,"24":0,"25":0,"26":0,"27":0.006746,"28":0,"29":0.020238,"30":0.026984,"31":0,"32":0.026984,"33":0.020238,"34":0.445236,"35":0,"36":0},"safari":{"3.1":0,"3.2":0,"4":0,"5":0.074206,"5.1":0.26984,"6":0.087698,"6.1":0.094444,"7":0.06746,"7.1":0.128174,"8":0.748806,"9":2.887288,"9.1":0.013492},"android":{"2.1":0,"2.2":0,"2.3":0.0356556174283,"3":0,"4":0.148193659936,"4.1":0.506978310308,"4.2-4.3":1.12872313921,"4.4":2.24630389798,"4.4.3-4.4.4":1.17663537513,"47":null},"ios_saf":{"3.2":0,"4.0-4.1":0,"4.2-4.3":0,"5.0-5.1":0,"6.0-6.1":0,"7.0-7.1":0.918410103018,"8":0.0644079812506,"8.1-8.4":2.62402886577,"9.0-9.2":19.54901505,"9.3":null},"op_mob":{"10":0,"11":0,"11.1":0,"11.5":0,"12":6.55575177217e-6,"12.1":6.55575177217e-6,"0":0.000347454843925},"ie":{"5.5":0,"6":0,"7":0,"8":0.43849,"9":0.276586,"10":0.492458,"11":9.127338},"bb":{"7":0.191986,"10":null},"ie_mob":{"10":0.098057512605,"11":0.432344487395},"edge":{"12":1.362692,"13":1.61904,"14":0},"and_uc":{"0":0.523894},"op_mini":{"5.0-8.0":0.0874974336525},"and_chr":{"0":17.844252},"and_ff":{"0":0.100874}},"total":97.618256}