{"id":"TC","name":"Turks and Caicos Islands","month":"2016-05","access_date":"2016-06-03","data":{"chrome":{"4":null,"5":null,"6":null,"7":null,"8":null,"9":null,"10":null,"11":0.021836,"12":null,"13":null,"14":null,"15":null,"16":null,"17":null,"18":0.021836,"19":null,"20":null,"21":null,"22":null,"23":0.010918,"24":null,"25":0.010918,"26":0.016377,"27":0.005459,"28":null,"29":null,"30":null,"31":null,"32":0.005459,"33":0.021836,"34":0.010918,"35":0.021836,"36":0.141934,"37":0.005459,"38":0.010918,"39":0.043672,"40":0.005459,"41":null,"42":0.196524,"43":0.038213,"44":0.021836,"45":0.332999,"46":0.043672,"47":0.05459,"48":0.120098,"49":4.361741,"50":22.365523,"51":0.294786,"52":0.103721,"53":null,"54":null},"firefox":{"2":null,"3":null,"3.5":null,"3.6":null,"4":null,"5":null,"6":null,"7":null,"8":null,"9":null,"10":null,"11":null,"12":0.05459,"13":null,"14":null,"15":0.010918,"16":null,"17":null,"18":0.021836,"19":null,"20":null,"21":0.005459,"22":null,"23":null,"24":null,"25":null,"26":null,"27":null,"28":null,"29":0.016377,"30":null,"31":null,"32":null,"33":null,"34":null,"35":null,"36":0.010918,"37":null,"38":0.038213,"39":0.005459,"40":null,"41":0.021836,"42":0.098262,"43":0.098262,"44":0.043672,"45":0.851604,"46":3.471924,"47":0.049131,"48":null,"49":null},"opera":{"9":null,"9.5-9.6":null,"10.0-10.1":0,"10.5":null,"10.6":null,"11":null,"11.1":null,"11.5":null,"11.6":null,"12":null,"12.1":null,"15":null,"16":null,"17":null,"18":null,"19":null,"20":null,"21":null,"22":null,"23":null,"24":null,"25":null,"26":null,"27":0.016377,"28":null,"29":0.010918,"30":null,"31":null,"32":null,"33":null,"34":null,"35":0.016377,"36":0.043672,"37":0.322081,"38":null,"39":null},"safari":{"3.1":null,"3.2":null,"4":0.005459,"5":0.005459,"5.1":0.300245,"6":0.021836,"6.1":0.043672,"7":0.021836,"7.1":0.032754,"8":0.425802,"9":0.644162,"9.1":2.041666,"0":null},"ios_saf":{"3.2":0,"4.0-4.1":0,"4.2-4.3":0,"5.0-5.1":0,"6.0-6.1":0.0377651879547,"7.0-7.1":0.374630664511,"8":0,"8.1-8.4":0.954703951496,"9.0-9.2":1.99853374656,"9.3":11.5833384495},"android":{"2.1":0,"2.2":0,"2.3":0.0143140777967,"3":0,"4":0.0879293350369,"4.1":0.303662936116,"4.2-4.3":0.701389812039,"4.4":1.59192993782,"4.4.3-4.4.4":0.901786901193,"50":null},"op_mob":{"10":0,"11":0,"11.1":0,"11.5":0,"12":0,"12.1":2.75176384019e-5,"0":0.000674182140848},"ie":{"5.5":null,"6":0.016377,"7":null,"8":0.240196,"9":0.147393,"10":0.447638,"11":9.11653},"bb":{"7":0.4245835,"10":null},"ie_mob":{"10":0.125976129032,"11":0.328123870968},"edge":{"12":0.371212,"13":3.455547,"14":0.010918},"and_ff":{"0":0.027246},"and_uc":{"0":0.494969},"op_mini":{"5.0-8.0":0.317168300221},"and_chr":{"0":23.067048}},"total":94.1809275}