{"id":"TD","name":"Chad","month":"2016-05","access_date":"2016-06-03","data":{"chrome":{"4":null,"5":null,"6":null,"7":null,"8":null,"9":null,"10":null,"11":0.009956,"12":null,"13":0.000262,"14":null,"15":null,"16":null,"17":null,"18":0.00131,"19":null,"20":null,"21":0.320426,"22":null,"23":null,"24":null,"25":null,"26":0.008384,"27":null,"28":0.000262,"29":0.000262,"30":0.000262,"31":0.00786,"32":0.001572,"33":0.002096,"34":0.000262,"35":null,"36":0.00131,"37":null,"38":0.002096,"39":null,"40":0.003668,"41":0.00393,"42":0.00524,"43":0.001834,"44":0.00262,"45":0.044278,"46":0.00262,"47":0.001048,"48":0.001834,"49":0.097464,"50":0.426274,"51":0.005502,"52":0.007336,"53":null,"54":null},"firefox":{"2":null,"3":0.329596,"3.5":0.000524,"3.6":0.00393,"4":0.348198,"5":0.000262,"6":0.000524,"7":null,"8":null,"9":0.011266,"10":0.009956,"11":0.00262,"12":0.003668,"13":null,"14":0.000524,"15":null,"16":0.017554,"17":0.000524,"18":0.001048,"19":0.000262,"20":0.007598,"21":0.000786,"22":0.002096,"23":0.002358,"24":0.000262,"25":0.000786,"26":0.000524,"27":null,"28":null,"29":0.000524,"30":0.000524,"31":0.000524,"32":null,"33":0.001048,"34":0.003668,"35":0.00262,"36":0.005764,"37":0.003668,"38":0.01179,"39":0.002096,"40":0.000262,"41":0.004192,"42":0.002882,"43":0.026986,"44":0.078862,"45":0.139384,"46":0.219818,"47":0.004192,"48":null,"49":null},"opera":{"9":null,"9.5-9.6":null,"10.0-10.1":0,"10.5":null,"10.6":null,"11":null,"11.1":null,"11.5":null,"11.6":null,"12":null,"12.1":0.000524,"15":null,"16":null,"17":null,"18":null,"19":0.006288,"20":null,"21":0.000262,"22":0.00131,"23":null,"24":0.000524,"25":null,"26":null,"27":null,"28":0.000524,"29":0.001048,"30":0.014934,"31":0.000262,"32":null,"33":0.000262,"34":0.001572,"35":0.007336,"36":0.010742,"37":0.012052,"38":null,"39":null},"safari":{"3.1":null,"3.2":null,"4":0,"5":null,"5.1":null,"6":0.056854,"6.1":null,"7":0.002358,"7.1":0.003668,"8":0.00131,"9":0.005502,"9.1":0.012314,"0":null},"ios_saf":{"3.2":0,"4.0-4.1":0,"4.2-4.3":0,"5.0-5.1":0,"6.0-6.1":0.00174683963217,"7.0-7.1":0.0173286491512,"8":0,"8.1-8.4":0.0441601059014,"9.0-9.2":0.0924427533347,"9.3":0.535790651981},"android":{"2.1":0,"2.2":0,"2.3":0.00580689948893,"3":0,"4":0.0356709540034,"4.1":0.123189224872,"4.2-4.3":0.284538074957,"4.4":0.645810178876,"4.4.3-4.4.4":0.365834667802,"50":null},"op_mob":{"10":0,"11":0,"11.1":0,"11.5":0,"12":0,"12.1":0.0071629263732,"0":0.175491696143},"ie":{"5.5":null,"6":0.000787391150442,"7":0.0018372460177,"8":0.0188973876106,"9":0.00603666548673,"10":0.0186349238938,"11":0.102098385841},"bb":{"7":0.04626025,"10":null},"ie_mob":{"10":0.0540357419355,"11":0.140744258065},"edge":{"12":0.002882,"13":0.00655,"14":null},"and_ff":{"0":null},"and_uc":{"0":7.411379},"op_mini":{"5.0-8.0":82.5598893775},"and_chr":{"0":2.915314}},"total":97.97360425}