{"id":"TH","name":"Thailand","month":"2016-05","access_date":"2016-06-03","data":{"chrome":{"4":null,"5":null,"6":null,"7":null,"8":null,"9":null,"10":0.02328,"11":0.060528,"12":0.04656,"13":0.018624,"14":null,"15":0.013968,"16":0.004656,"17":0.004656,"18":0.004656,"19":null,"20":0.004656,"21":0.013968,"22":0.032592,"23":null,"24":0.004656,"25":0.009312,"26":0.02328,"27":0.009312,"28":0.004656,"29":0.107088,"30":0.009312,"31":0.04656,"32":0.018624,"33":0.079152,"34":0.055872,"35":0.041904,"36":0.037248,"37":0.032592,"38":0.074496,"39":0.083808,"40":0.088464,"41":0.032592,"42":0.041904,"43":2.14176,"44":0.16296,"45":0.218832,"46":0.307296,"47":0.344544,"48":0.400416,"49":4.28352,"50":23.07048,"51":0.474912,"52":0.144336,"53":null,"54":null},"firefox":{"2":null,"3":null,"3.5":null,"3.6":0.018624,"4":0.004656,"5":null,"6":0.013968,"7":0.009312,"8":0.004656,"9":null,"10":null,"11":0.004656,"12":0.018624,"13":null,"14":0.004656,"15":0.013968,"16":0.004656,"17":0.004656,"18":0.004656,"19":null,"20":0.004656,"21":0.004656,"22":0.004656,"23":0.004656,"24":0.009312,"25":0.004656,"26":0.02328,"27":0.013968,"28":0.004656,"29":0.013968,"30":0.018624,"31":0.018624,"32":0.009312,"33":0.018624,"34":0.02328,"35":0.013968,"36":0.027936,"37":0.018624,"38":0.041904,"39":0.04656,"40":0.027936,"41":0.032592,"42":0.06984,"43":0.144336,"44":0.097776,"45":0.647184,"46":2.844816,"47":0.121056,"48":0.004656,"49":null},"opera":{"9":null,"9.5-9.6":null,"10.0-10.1":0,"10.5":null,"10.6":null,"11":null,"11.1":null,"11.5":null,"11.6":null,"12":null,"12.1":0.009312,"15":null,"16":null,"17":null,"18":null,"19":null,"20":null,"21":null,"22":null,"23":null,"24":null,"25":null,"26":null,"27":null,"28":0.004656,"29":null,"30":null,"31":null,"32":null,"33":null,"34":0.06984,"35":0.004656,"36":0.051216,"37":0.172272,"38":null,"39":null},"safari":{"3.1":null,"3.2":null,"4":0,"5":0.013968,"5.1":0.04656,"6":0.013968,"6.1":0.027936,"7":0.032592,"7.1":0.013968,"8":0.125712,"9":0.246768,"9.1":0.647184,"0":null},"ios_saf":{"3.2":0,"4.0-4.1":0,"4.2-4.3":0,"5.0-5.1":0,"6.0-6.1":0.0368156022635,"7.0-7.1":0.365210774454,"8":0,"8.1-8.4":0.930698425222,"9.0-9.2":1.94828167179,"9.3":11.2920815263},"android":{"2.1":0,"2.2":0,"2.3":0.0209025962521,"3":0,"4":0.128401662692,"4.1":0.443433649063,"4.2-4.3":1.02422721635,"4.4":2.32466731175,"4.4.3-4.4.4":1.31686356388,"50":null},"op_mob":{"10":0,"11":0,"11.1":0,"11.5":0,"12":0,"12.1":3.97856555426e-5,"0":0.000974748560793},"ie":{"5.5":null,"6":0.00940044504749,"7":0.00940044504749,"8":0.517024477612,"9":0.564026702849,"10":0.361917134328,"11":2.00229479512},"bb":{"7":0.002672,"10":null},"ie_mob":{"10":0.158630606452,"11":0.413177393548},"edge":{"12":0.055872,"13":0.316608,"14":null},"and_ff":{"0":0.02672},"and_uc":{"0":0.753504},"op_mini":{"5.0-8.0":0.458569465784},"and_chr":{"0":30.630416}},"total":94.594672}