{"id":"TJ","name":"Tajikistan","month":"2016-05","access_date":"2016-06-03","data":{"chrome":{"4":0.016821,"5":0.019224,"6":0.007209,"7":null,"8":0.038448,"9":null,"10":0.014418,"11":0.033642,"12":0.124956,"13":0.009612,"14":0.007209,"15":0.028836,"16":0.043254,"17":0.052866,"18":0.019224,"19":0.012015,"20":0.016821,"21":0.009612,"22":0.019224,"23":0.04806,"24":0.002403,"25":0.004806,"26":0.007209,"27":0.043254,"28":0.050463,"29":0.521451,"30":0.004806,"31":0.04806,"32":0.021627,"33":0.02403,"34":0.019224,"35":0.057672,"36":0.02403,"37":0.026433,"38":0.009612,"39":0.26433,"40":0.069687,"41":0.163404,"42":0.021627,"43":0.110538,"44":0.103329,"45":0.218673,"46":0.091314,"47":0.218673,"48":0.290763,"49":2.669733,"50":7.994781,"51":0.223479,"52":0.098523,"53":null,"54":null},"firefox":{"2":null,"3":0.036045,"3.5":0.02403,"3.6":0.100926,"4":0.007209,"5":0.004806,"6":null,"7":null,"8":null,"9":0.014418,"10":null,"11":0.007209,"12":0.009612,"13":0.021627,"14":0.002403,"15":0.002403,"16":0.004806,"17":0.007209,"18":null,"19":0.012015,"20":0.004806,"21":0.02403,"22":0.021627,"23":0.009612,"24":0.004806,"25":0.016821,"26":0.004806,"27":0.004806,"28":0.004806,"29":0.007209,"30":0.052866,"31":0.009612,"32":0.004806,"33":0.014418,"34":0.02403,"35":0.021627,"36":0.016821,"37":0.02403,"38":0.019224,"39":0.014418,"40":0.012015,"41":0.012015,"42":0.016821,"43":0.16821,"44":0.129762,"45":0.259524,"46":0.771363,"47":0.004806,"48":null,"49":null},"opera":{"9":null,"9.5-9.6":0.004806,"10.0-10.1":0.016821,"10.5":0.031239,"10.6":0.004806,"11":0.045657,"11.1":0.016821,"11.5":0.019224,"11.6":0.060075,"12":0.052866,"12.1":0.562302,"15":null,"16":0.007209,"17":0.002403,"18":0.031239,"19":0.014418,"20":0.016821,"21":0.028836,"22":0.009612,"23":null,"24":0.009612,"25":0.031239,"26":0.007209,"27":0.014418,"28":0.04806,"29":0.036045,"30":0.016821,"31":0.009612,"32":0.057672,"33":0.033642,"34":0.033642,"35":0.064881,"36":0.437346,"37":1.189485,"38":null,"39":null},"safari":{"3.1":null,"3.2":null,"4":0.004806,"5":0.026433,"5.1":0.014418,"6":0.009612,"6.1":0.009612,"7":null,"7.1":null,"8":0.009612,"9":0.076896,"9.1":0.086508,"0":null},"ios_saf":{"3.2":0,"4.0-4.1":0,"4.2-4.3":0,"5.0-5.1":0,"6.0-6.1":0.00834856255053,"7.0-7.1":0.0828177405012,"8":0,"8.1-8.4":0.211051661277,"9.0-9.2":0.441805930174,"9.3":2.5606711055},"android":{"2.1":0,"2.2":0,"2.3":0.0310437319705,"3":0,"4":0.190697210676,"4.1":0.658570599659,"4.2-4.3":1.52114286655,"4.4":3.452506477,"4.4.3-4.4.4":1.95575511414,"50":null},"op_mob":{"10":0,"11":0,"11.1":0,"11.5":0,"12":0,"12.1":0.0031909833355,"0":0.0781790917197},"ie":{"5.5":0.0246194150943,"6":0.00492388301887,"7":0.00984776603774,"8":0.324976279245,"9":0.164950081132,"10":0.155102315094,"11":0.620409260377},"bb":{"7":0.05887675,"10":null},"ie_mob":{"10":0.231831032258,"11":0.603838967742},"edge":{"12":0.07209,"13":0.163404,"14":null},"and_ff":{"0":0.060776},"and_uc":{"0":9.602608},"op_mini":{"5.0-8.0":36.7792739249},"and_chr":{"0":14.457026}},"total":93.54287075}