{"id":"TL","name":"Timor-Leste","month":"2016-01","access_date":"2016-02-03","data":{"firefox":{"2":0,"3":0.12897,"3.5":0.080248,"3.6":0.166228,"4":0.103176,"5":0.091712,"6":0.137568,"7":0.045856,"8":0.111774,"9":0.051588,"10":0.21495,"11":0.192022,"12":0.223548,"13":0.160496,"14":0.020062,"15":0.194888,"16":0.283734,"17":0.01433,"18":0.097444,"19":0.017196,"20":0.117506,"21":0.96011,"22":0.017196,"23":0.040124,"24":0.106042,"25":0.037258,"26":0.045856,"27":0.103176,"28":0.05732,"29":0.206352,"30":0.180558,"31":0.037258,"32":0.11464,"33":0.08598,"34":0.037258,"35":0.097444,"36":0.077382,"37":0.249342,"38":0.212084,"39":0.223548,"40":0.320992,"41":0.578932,"42":0.753758,"43":5.307832,"44":0.919986,"45":0.008598,"46":0.005732,"47":0},"chrome":{"4":0.051588,"5":0,"6":0.002866,"7":0,"8":0,"9":0,"10":0.002866,"11":0.022928,"12":0,"13":0.008598,"14":0.005732,"15":0.002866,"16":0.002866,"17":0.002866,"18":0,"19":0,"20":0.002866,"21":0,"22":0,"23":0,"24":0,"25":0.054454,"26":0.002866,"27":0.011464,"28":0.005732,"29":0.002866,"30":0,"31":0.106042,"32":0,"33":0.017196,"34":0.011464,"35":0.005732,"36":0.020062,"37":0.005732,"38":0.011464,"39":0.008598,"40":0.063052,"41":0.022928,"42":0.040124,"43":0.341054,"44":0.341054,"45":0.212084,"46":0.237878,"47":5.608762,"48":0.567468,"49":0.068784,"50":0,"51":0},"opera":{"9":0,"9.5-9.6":0,"10.0-10.1":0.002866,"10.5":0,"10.6":0.002866,"11":0.063052,"11.1":0,"11.5":0,"11.6":0,"12":0,"12.1":0.077382,"15":0,"16":0.002866,"17":0.002866,"18":0,"19":0.054454,"20":0.005732,"21":0.002866,"22":0,"23":0,"24":0.002866,"25":0,"26":0.002866,"27":0.002866,"28":0,"29":0.025794,"30":0.01433,"31":0.002866,"32":0.005732,"33":0.054454,"34":0.481488,"35":0,"36":0},"safari":{"3.1":0,"3.2":0.074516,"4":0.02866,"5":0.022928,"5.1":0.05732,"6":0.025794,"6.1":0.040124,"7":0.017196,"7.1":0.008598,"8":0.137568,"9":0.346786,"9.1":0},"android":{"2.1":0,"2.2":0,"2.3":0.0446795086079,"3":0,"4":0.185699207651,"4.1":0.635286763018,"4.2-4.3":1.41438569437,"4.4":2.8148090423,"4.4.3-4.4.4":1.47442378406,"47":null},"ios_saf":{"3.2":0,"4.0-4.1":0,"4.2-4.3":0,"5.0-5.1":0,"6.0-6.1":0,"7.0-7.1":0.133147571855,"8":0.00933762192232,"8.1-8.4":0.380421633872,"9.0-9.2":2.83414117235,"9.3":null},"op_mob":{"10":0,"11":0,"11.1":0,"11.5":0,"12":0.00193871617958,"12.1":0.00193871617958,"0":0.102751957518},"ie":{"5.5":0,"6":0.002866,"7":0.106042,"8":0.822542,"9":0.624788,"10":0.361116,"11":1.126338},"bb":{"7":0.014268,"10":null},"ie_mob":{"10":0.166180235294,"11":0.732703764706},"edge":{"12":0.05732,"13":0.022928,"14":0},"and_uc":{"0":19.204728},"op_mini":{"5.0-8.0":25.8753986101},"and_chr":{"0":16.676808},"and_ff":{"0":0.114144}},"total":98.61979}