{"id":"TL","name":"Timor-Leste","month":"2016-05","access_date":"2016-06-03","data":{"chrome":{"4":0.080718,"5":0.003669,"6":0.022014,"7":0.011007,"8":null,"9":0.03669,"10":0.003669,"11":0.022014,"12":0.007338,"13":0.007338,"14":null,"15":0.003669,"16":null,"17":null,"18":0.007338,"19":null,"20":0.003669,"21":null,"22":null,"23":null,"24":0.003669,"25":0.025683,"26":0.040359,"27":0.029352,"28":0.003669,"29":0.007338,"30":null,"31":0.084387,"32":0.014676,"33":0.018345,"34":0.007338,"35":0.007338,"36":0.025683,"37":0.007338,"38":0.007338,"39":0.014676,"40":0.062373,"41":0.003669,"42":0.007338,"43":0.924588,"44":0.07338,"45":0.201795,"46":0.113739,"47":0.190788,"48":0.216471,"49":1.306164,"50":7.88835,"51":0.088056,"52":0.025683,"53":null,"54":null},"firefox":{"2":null,"3":0.154098,"3.5":0.066042,"3.6":0.227478,"4":0.311865,"5":0.205464,"6":0.095394,"7":0.099063,"8":0.080718,"9":0.099063,"10":0.377907,"11":0.132084,"12":0.304527,"13":0.216471,"14":0.102732,"15":0.168774,"16":0.22014,"17":0.029352,"18":0.18345,"19":0.102732,"20":0.143091,"21":0.649413,"22":0.047697,"23":0.088056,"24":0.113739,"25":0.025683,"26":0.044028,"27":0.088056,"28":0.11007,"29":0.278844,"30":0.282513,"31":0.099063,"32":0.154098,"33":0.187119,"34":0.03669,"35":0.176112,"36":0.11007,"37":0.132084,"38":0.245823,"39":0.209133,"40":0.260499,"41":0.443949,"42":0.249492,"43":1.243791,"44":1.50429,"45":2.436216,"46":4.751355,"47":0.913581,"48":null,"49":0.007338},"opera":{"9":null,"9.5-9.6":0.007338,"10.0-10.1":0,"10.5":null,"10.6":null,"11":null,"11.1":null,"11.5":null,"11.6":0.007338,"12":null,"12.1":0.022014,"15":null,"16":null,"17":0.007338,"18":0.003669,"19":0.022014,"20":null,"21":null,"22":null,"23":null,"24":null,"25":null,"26":null,"27":null,"28":null,"29":null,"30":0.018345,"31":0.007338,"32":null,"33":0.011007,"34":0.018345,"35":0.033021,"36":0.132084,"37":0.359562,"38":null,"39":null},"safari":{"3.1":null,"3.2":null,"4":0.007338,"5":0.033021,"5.1":0.055035,"6":0.047697,"6.1":0.033021,"7":0.069711,"7.1":0.03669,"8":0.212802,"9":0.132084,"9.1":0.451287,"0":null},"ios_saf":{"3.2":0,"4.0-4.1":0,"4.2-4.3":0,"5.0-5.1":0,"6.0-6.1":0.0050060706346,"7.0-7.1":0.0496602206952,"8":0,"8.1-8.4":0.126553465643,"9.0-9.2":0.264921257983,"9.3":1.53546198504},"android":{"2.1":0,"2.2":0,"2.3":0.0211141186826,"3":0,"4":0.129701014764,"4.1":0.447920946337,"4.2-4.3":1.03459181545,"4.4":2.34819162777,"4.4.3-4.4.4":1.330189477,"50":null},"op_mob":{"10":0,"11":0,"11.1":0,"11.5":0,"12":0,"12.1":0.00187548647362,"0":0.0459494186036},"ie":{"5.5":null,"6":0.003669,"7":0.058704,"8":1.023651,"9":0.568695,"10":0.638406,"11":1.331847},"bb":{"7":0.01107925,"10":null},"ie_mob":{"10":0.152801748387,"11":0.397995251613},"edge":{"12":0.095394,"13":0.095394,"14":null},"and_ff":{"0":0.037986},"and_uc":{"0":19.144944},"op_mini":{"5.0-8.0":21.6168570949},"and_chr":{"0":12.680966}},"total":96.74558825}