{"id":"TM","name":"Turkmenistan","month":"2016-05","access_date":"2016-06-03","data":{"chrome":{"4":0.005498,"5":0.013745,"6":null,"7":null,"8":0.041235,"9":0.129203,"10":0.005498,"11":0.107211,"12":0.068725,"13":null,"14":0.005498,"15":1.500954,"16":0.02749,"17":0.005498,"18":0.005498,"19":null,"20":0.019243,"21":null,"22":0.008247,"23":0.02749,"24":null,"25":null,"26":0.016494,"27":0.008247,"28":0.005498,"29":0.08247,"30":0.010996,"31":0.068725,"32":0.010996,"33":0.016494,"34":0.019243,"35":0.005498,"36":null,"37":0.016494,"38":0.032988,"39":0.038486,"40":0.090717,"41":0.05498,"42":0.021992,"43":0.049482,"44":0.019243,"45":0.098964,"46":0.052231,"47":0.087968,"48":0.140199,"49":1.553185,"50":10.292256,"51":0.288645,"52":0.101713,"53":null,"54":null},"firefox":{"2":0.032988,"3":null,"3.5":0.005498,"3.6":0.052231,"4":0.002749,"5":0.008247,"6":0.005498,"7":null,"8":0.005498,"9":null,"10":null,"11":null,"12":0.008247,"13":0.005498,"14":0.038486,"15":0.002749,"16":0.008247,"17":0.013745,"18":null,"19":0.005498,"20":0.002749,"21":null,"22":null,"23":null,"24":null,"25":0.005498,"26":0.030239,"27":0.005498,"28":null,"29":0.024741,"30":0.008247,"31":0.013745,"32":0.010996,"33":0.008247,"34":0.008247,"35":0.019243,"36":0.013745,"37":0.005498,"38":0.038486,"39":0.016494,"40":0.005498,"41":0.065976,"42":0.016494,"43":0.591035,"44":0.071474,"45":0.294143,"46":0.915417,"47":0.002749,"48":null,"49":null},"opera":{"9":null,"9.5-9.6":null,"10.0-10.1":0,"10.5":null,"10.6":0.002749,"11":0.019243,"11.1":0.010996,"11.5":0.05498,"11.6":0.016494,"12":0.019243,"12.1":0.085219,"15":null,"16":0.038486,"17":0.032988,"18":0.024741,"19":0.008247,"20":null,"21":null,"22":null,"23":0.008247,"24":0.010996,"25":0.005498,"26":0.010996,"27":0.005498,"28":0.013745,"29":null,"30":0.013745,"31":0.041235,"32":0.002749,"33":0.002749,"34":0.02749,"35":0.032988,"36":0.049482,"37":0.076972,"38":null,"39":null},"safari":{"3.1":null,"3.2":null,"4":0,"5":null,"5.1":0.030239,"6":0.010996,"6.1":0.008247,"7":0.021992,"7.1":0.005498,"8":0.063227,"9":0.057729,"9.1":0.076972,"0":null},"ios_saf":{"3.2":0,"4.0-4.1":0,"4.2-4.3":0,"5.0-5.1":0,"6.0-6.1":0.0335952253436,"7.0-7.1":0.333264635408,"8":0,"8.1-8.4":0.849287296686,"9.0-9.2":1.77785932518,"9.3":10.3043275174},"android":{"2.1":0,"2.2":0,"2.3":0.0607296984668,"3":0,"4":0.37305386201,"4.1":1.28833717462,"4.2-4.3":2.97575522487,"4.4":6.75401003663,"4.4.3-4.4.4":3.82597100341,"50":null},"op_mob":{"10":0,"11":0,"11.1":0,"11.5":0,"12":0,"12.1":9.29011816647e-5,"0":0.00227607895079},"ie":{"5.5":null,"6":null,"7":0.0165272540323,"8":1.80973431653,"9":0.539890298387,"10":0.134972574597,"11":1.59763455645},"bb":{"7":0.01268925,"10":null},"ie_mob":{"10":0.0704048709677,"11":0.183380129032},"edge":{"12":0.046733,"13":0.093466,"14":0.005498},"and_ff":{"0":0.029004},"and_uc":{"0":1.065897},"op_mini":{"5.0-8.0":1.07077901987},"and_chr":{"0":29.367224}},"total":83.03794525}