{"id":"TM","name":"Turkmenistan","month":"2016-01","access_date":"2016-02-03","data":{"firefox":{"2":0.060864,"3":0,"3.5":0.002536,"3.6":0.058328,"4":0.007608,"5":0.015216,"6":0.007608,"7":0,"8":0.020288,"9":0.002536,"10":0.007608,"11":0,"12":0.08876,"13":0.002536,"14":0.007608,"15":0.002536,"16":0.002536,"17":0.010144,"18":0,"19":0.005072,"20":0.005072,"21":0.002536,"22":0.002536,"23":0.002536,"24":0,"25":0.007608,"26":0.030432,"27":0.005072,"28":0.032968,"29":0.02536,"30":0.032968,"31":0.010144,"32":0.020288,"33":0.02536,"34":0.017752,"35":0.020288,"36":0.010144,"37":0.02536,"38":0.065936,"39":0.030432,"40":0.091296,"41":0.142016,"42":0.15216,"43":3.9942,"44":0.03804,"45":0,"46":0,"47":0},"chrome":{"4":0.017752,"5":0.040576,"6":0.005072,"7":0.002536,"8":0.106512,"9":0.03804,"10":0.020288,"11":0.205416,"12":0.071008,"13":0.020288,"14":0.010144,"15":0.007608,"16":0.035504,"17":0.010144,"18":0.015216,"19":0.002536,"20":0.02536,"21":0,"22":0.005072,"23":0.007608,"24":0.005072,"25":0.002536,"26":0.010144,"27":0.007608,"28":0.027896,"29":0.053256,"30":0.010144,"31":0.134408,"32":0.007608,"33":0.058328,"34":0.01268,"35":0.030432,"36":0.065936,"37":0.010144,"38":0.05072,"39":0.043112,"40":0.05072,"41":0.015216,"42":0.015216,"43":0.053256,"44":0.040576,"45":0.086224,"46":0.154696,"47":8.247072,"48":0.867312,"49":0.068472,"50":0.007608,"51":0},"opera":{"9":0,"9.5-9.6":0.005072,"10.0-10.1":0.007608,"10.5":0.002536,"10.6":0,"11":0.015216,"11.1":0.005072,"11.5":0.01268,"11.6":0.020288,"12":0.040576,"12.1":0.180056,"15":0.002536,"16":0.010144,"17":0.002536,"18":0.017752,"19":0.017752,"20":0.007608,"21":0.002536,"22":0.002536,"23":0.015216,"24":0.005072,"25":0.007608,"26":0.017752,"27":0.055792,"28":0.022824,"29":0.002536,"30":0.01268,"31":0.02536,"32":0.020288,"33":0.022824,"34":0.103976,"35":0,"36":0},"safari":{"3.1":0,"3.2":0,"4":0,"5":0.002536,"5.1":0.007608,"6":0.010144,"6.1":0.091296,"7":0.030432,"7.1":0.005072,"8":0.045648,"9":0.109048,"9.1":0},"android":{"2.1":0,"2.2":0,"2.3":0.131998768969,"3":0,"4":0.548619883528,"4.1":1.87685749628,"4.2-4.3":4.17858603018,"4.4":8.31592244506,"4.4.3-4.4.4":4.35595937598,"47":null},"ios_saf":{"3.2":0,"4.0-4.1":0,"4.2-4.3":0,"5.0-5.1":0,"6.0-6.1":0,"7.0-7.1":0.654695930772,"8":0.0459137405996,"8.1-8.4":1.8705598022,"9.0-9.2":13.9356705264,"9.3":null},"op_mob":{"10":0,"11":0,"11.1":0,"11.5":0,"12":7.85293371471e-5,"12.1":7.85293371471e-5,"0":0.0041620548688},"ie":{"5.5":0,"6":0.00254391675338,"7":0.00763175026015,"8":0.836948611863,"9":0.373955762747,"10":0.175530255983,"11":1.04809370239},"bb":{"7":0.026124,"10":null},"ie_mob":{"10":0.0510562689076,"11":0.225111731092},"edge":{"12":0.081152,"13":0.020288,"14":0},"and_uc":{"0":1.776432},"op_mini":{"5.0-8.0":1.04810488646},"and_chr":{"0":37.729656},"and_ff":{"0":0.044784}},"total":96.208092}