{"id":"TN","name":"Tunisia","month":"2016-05","access_date":"2016-06-03","data":{"chrome":{"4":0.026616,"5":0.006654,"6":0.013308,"7":0.019962,"8":0.046578,"9":0.006654,"10":0.039924,"11":0.079848,"12":0.03327,"13":0.013308,"14":0.019962,"15":0.039924,"16":0.026616,"17":null,"18":0.093156,"19":0.013308,"20":0.013308,"21":0.013308,"22":0.013308,"23":0.039924,"24":0.019962,"25":0.019962,"26":0.046578,"27":0.03327,"28":0.026616,"29":0.612168,"30":0.06654,"31":0.086502,"32":0.039924,"33":0.079848,"34":0.046578,"35":0.039924,"36":0.039924,"37":0.053232,"38":0.086502,"39":0.106464,"40":0.106464,"41":0.079848,"42":0.086502,"43":0.638784,"44":0.173004,"45":0.512358,"46":0.3327,"47":0.445818,"48":0.76521,"49":9.18252,"50":35.705364,"51":0.838404,"52":0.06654,"53":null,"54":null},"firefox":{"2":0.006654,"3":0.059886,"3.5":0.039924,"3.6":0.046578,"4":0.013308,"5":0.013308,"6":0.03327,"7":null,"8":0.013308,"9":0.006654,"10":0.013308,"11":0.013308,"12":0.039924,"13":0.019962,"14":0.006654,"15":0.013308,"16":0.019962,"17":0.019962,"18":0.013308,"19":0.013308,"20":0.013308,"21":0.006654,"22":0.006654,"23":0.006654,"24":0.013308,"25":0.006654,"26":0.013308,"27":null,"28":0.013308,"29":0.019962,"30":0.006654,"31":0.019962,"32":0.013308,"33":0.019962,"34":0.03327,"35":0.019962,"36":0.026616,"37":0.039924,"38":0.059886,"39":0.046578,"40":0.039924,"41":0.053232,"42":0.086502,"43":0.306084,"44":0.173004,"45":1.184412,"46":4.737648,"47":0.079848,"48":0.013308,"49":null},"opera":{"9":null,"9.5-9.6":null,"10.0-10.1":0,"10.5":null,"10.6":null,"11":null,"11.1":null,"11.5":null,"11.6":null,"12":null,"12.1":0.026616,"15":null,"16":null,"17":null,"18":null,"19":null,"20":null,"21":null,"22":null,"23":null,"24":null,"25":null,"26":0.013308,"27":null,"28":0.006654,"29":0.006654,"30":0.013308,"31":null,"32":0.019962,"33":0.006654,"34":0.019962,"35":0.026616,"36":0.326046,"37":0.89829,"38":null,"39":null},"safari":{"3.1":null,"3.2":null,"4":0.026616,"5":0.019962,"5.1":0.059886,"6":0.019962,"6.1":0.019962,"7":0.03327,"7.1":null,"8":0.093156,"9":0.126426,"9.1":0.252852,"0":null},"ios_saf":{"3.2":0,"4.0-4.1":0,"4.2-4.3":0,"5.0-5.1":0,"6.0-6.1":0.00569555881164,"7.0-7.1":0.0564999434115,"8":0,"8.1-8.4":0.143983726758,"9.0-9.2":0.301408972312,"9.3":1.74694179871},"android":{"2.1":0,"2.2":0,"2.3":0.0223645826235,"3":0,"4":0.137382436116,"4.1":0.474448645656,"4.2-4.3":1.09586454855,"4.4":2.48726108177,"4.4.3-4.4.4":1.40896870528,"50":null},"op_mob":{"10":0,"11":0,"11.1":0,"11.5":0,"12":0,"12.1":0.000415826516037,"0":0.0101877496429},"ie":{"5.5":null,"6":0.0296178045113,"7":0.0296178045113,"8":0.762658466165,"9":0.23694243609,"10":0.385031458647,"11":1.51050803008},"bb":{"7":0.02926875,"10":null},"ie_mob":{"10":0.336852290323,"11":0.877382709677},"edge":{"12":0.059886,"13":0.279468,"14":null},"and_ff":{"0":0.27429},"and_uc":{"0":1.133955},"op_mini":{"5.0-8.0":4.79281642384},"and_chr":{"0":16.947057}},"total":95.95517175}