{"id":"TO","name":"Tonga","month":"2016-05","access_date":"2016-06-03","data":{"chrome":{"4":null,"5":null,"6":null,"7":null,"8":null,"9":null,"10":null,"11":0.06291,"12":null,"13":null,"14":null,"15":null,"16":null,"17":null,"18":0.031455,"19":null,"20":0.012582,"21":0.006291,"22":null,"23":null,"24":null,"25":null,"26":null,"27":null,"28":null,"29":0.025164,"30":null,"31":0.018873,"32":0.006291,"33":0.050328,"34":0.006291,"35":0.06291,"36":0.106947,"37":null,"38":0.226476,"39":0.088074,"40":0.025164,"41":0.044037,"42":0.119529,"43":0.081783,"44":0.100656,"45":1.226745,"46":0.044037,"47":0.037746,"48":0.396333,"49":3.220992,"50":21.427146,"51":0.226476,"52":0.169857,"53":null,"54":null},"firefox":{"2":null,"3":0.012582,"3.5":null,"3.6":0.031455,"4":0.012582,"5":null,"6":null,"7":0.012582,"8":null,"9":null,"10":null,"11":0.018873,"12":0.176148,"13":0.006291,"14":0.075492,"15":null,"16":0.056619,"17":null,"18":null,"19":null,"20":0.006291,"21":0.012582,"22":0.037746,"23":0.012582,"24":0.113238,"25":0.056619,"26":null,"27":0.050328,"28":0.012582,"29":0.037746,"30":0.025164,"31":0.012582,"32":0.031455,"33":0.012582,"34":null,"35":0.207603,"36":null,"37":0.025164,"38":0.157275,"39":0.106947,"40":0.132111,"41":0.220185,"42":0.446661,"43":0.81783,"44":0.981396,"45":2.761749,"46":7.253523,"47":3.220992,"48":0.031455,"49":null},"opera":{"9":null,"9.5-9.6":null,"10.0-10.1":0,"10.5":null,"10.6":null,"11":null,"11.1":null,"11.5":null,"11.6":0.006291,"12":null,"12.1":0.012582,"15":null,"16":null,"17":null,"18":null,"19":null,"20":null,"21":null,"22":0.018873,"23":null,"24":null,"25":0.012582,"26":null,"27":null,"28":null,"29":0.018873,"30":null,"31":null,"32":null,"33":null,"34":null,"35":null,"36":0.037746,"37":0.427788,"38":null,"39":null},"safari":{"3.1":null,"3.2":null,"4":0.081783,"5":null,"5.1":0.094365,"6":null,"6.1":0.113238,"7":0.06291,"7.1":0.119529,"8":0.635391,"9":0.402624,"9.1":0.496989,"0":null},"ios_saf":{"3.2":0,"4.0-4.1":0,"4.2-4.3":0,"5.0-5.1":0,"6.0-6.1":0.0136556942199,"7.0-7.1":0.135464486661,"8":0,"8.1-8.4":0.345215949879,"9.0-9.2":0.722659338116,"9.3":4.18847453112},"android":{"2.1":0,"2.2":0,"2.3":0.0255423282226,"3":0,"4":0.156902873367,"4.1":0.541862248722,"4.2-4.3":1.25157408291,"4.4":2.84067178876,"4.4.3-4.4.4":1.60916667802,"50":null},"op_mob":{"10":0,"11":0,"11.1":0,"11.5":0,"12":0,"12.1":0.000178891918798,"0":0.00438285201056},"ie":{"5.5":null,"6":null,"7":0.0252021272727,"8":0.5544468,"9":0.100808509091,"10":1.99096805455,"11":5.64527650909},"bb":{"7":0.0102025,"10":null},"ie_mob":{"10":0.58871716129,"11":1.53340283871},"edge":{"12":0.144693,"13":0.924777,"14":null},"and_ff":{"0":0.04081},"and_uc":{"0":2.18148},"op_mini":{"5.0-8.0":2.06190825607},"and_chr":{"0":20.05024}},"total":95.2423535}