{"id":"TR","name":"Turkey","month":"2016-05","access_date":"2016-06-03","data":{"chrome":{"4":null,"5":null,"6":null,"7":null,"8":null,"9":null,"10":null,"11":0.0446,"12":0.00446,"13":0.00446,"14":null,"15":0.00892,"16":0.00446,"17":null,"18":0.00446,"19":null,"20":null,"21":0.00446,"22":0.17394,"23":0.00892,"24":0.00446,"25":0.01338,"26":0.0669,"27":0.00892,"28":0.00892,"29":0.10258,"30":0.01338,"31":0.02676,"32":0.01338,"33":0.04014,"34":0.08028,"35":0.0446,"36":0.02676,"37":0.02676,"38":0.05352,"39":0.07582,"40":0.05798,"41":0.04014,"42":0.04906,"43":0.19624,"44":0.19624,"45":0.20962,"46":0.2899,"47":0.3791,"48":0.61548,"49":5.28064,"50":24.28916,"51":0.38356,"52":0.01784,"53":null,"54":null},"firefox":{"2":null,"3":null,"3.5":null,"3.6":0.00446,"4":0.00446,"5":null,"6":0.00892,"7":null,"8":null,"9":null,"10":null,"11":null,"12":null,"13":null,"14":null,"15":null,"16":null,"17":null,"18":null,"19":null,"20":null,"21":null,"22":null,"23":null,"24":null,"25":null,"26":null,"27":null,"28":null,"29":null,"30":0.00446,"31":0.00446,"32":0.00446,"33":0.01338,"34":0.01338,"35":0.00892,"36":0.01338,"37":0.01338,"38":0.01784,"39":0.01784,"40":0.01784,"41":0.01784,"42":0.02676,"43":0.07136,"44":0.08474,"45":0.54858,"46":3.09524,"47":0.01338,"48":null,"49":null},"opera":{"9":null,"9.5-9.6":null,"10.0-10.1":0,"10.5":null,"10.6":null,"11":null,"11.1":null,"11.5":null,"11.6":null,"12":null,"12.1":0.00892,"15":null,"16":null,"17":null,"18":null,"19":null,"20":null,"21":null,"22":null,"23":null,"24":null,"25":null,"26":null,"27":null,"28":null,"29":null,"30":null,"31":null,"32":null,"33":null,"34":0.00446,"35":0.00892,"36":0.0669,"37":0.21408,"38":null,"39":null},"safari":{"3.1":null,"3.2":null,"4":0,"5":0.00446,"5.1":0.01338,"6":null,"6.1":0.00892,"7":0.00892,"7.1":0.00446,"8":0.03568,"9":0.0669,"9.1":0.18286,"0":null},"ios_saf":{"3.2":0,"4.0-4.1":0,"4.2-4.3":0,"5.0-5.1":0,"6.0-6.1":0.0229806992724,"7.0-7.1":0.227968536783,"8":0,"8.1-8.4":0.580952077607,"9.0-9.2":1.2161386055,"9.3":7.04864008084},"android":{"2.1":0,"2.2":0,"2.3":0.0277912322544,"3":0,"4":0.170717569563,"4.1":0.589571141397,"4.2-4.3":1.36177038047,"4.4":3.09078204429,"4.4.3-4.4.4":1.75084763203,"50":null},"op_mob":{"10":0,"11":0,"11.1":0,"11.5":0,"12":0,"12.1":7.67346232091e-5,"0":0.00187999826862},"ie":{"5.5":null,"6":0.00449452903226,"7":0.00898905806452,"8":0.292144387097,"9":0.269671741935,"10":0.323606090323,"11":2.57536513548},"bb":{"7":0.006925,"10":null},"ie_mob":{"10":0.176743870968,"11":0.460356129032},"edge":{"12":0.09366,"13":0.5798,"14":null},"and_ff":{"0":0.01108},"and_uc":{"0":0.17728},"op_mini":{"5.0-8.0":0.884443267108},"and_chr":{"0":32.62474}},"total":92.0835559419}