{"id":"TT","name":"Trinidad and Tobago","month":"2016-05","access_date":"2016-06-03","data":{"chrome":{"4":null,"5":null,"6":0.019641,"7":null,"8":null,"9":null,"10":null,"11":0.026188,"12":0.006547,"13":null,"14":null,"15":null,"16":null,"17":null,"18":0.013094,"19":null,"20":null,"21":0.013094,"22":0.144034,"23":null,"24":0.006547,"25":null,"26":0.091658,"27":0.006547,"28":0.013094,"29":0.216051,"30":null,"31":0.026188,"32":0.026188,"33":0.026188,"34":0.058923,"35":0.052376,"36":0.072017,"37":0.019641,"38":0.032735,"39":0.072017,"40":0.039282,"41":0.032735,"42":0.052376,"43":0.098205,"44":0.124393,"45":0.497572,"46":0.06547,"47":0.117846,"48":0.222598,"49":5.100113,"50":30.495926,"51":0.504119,"52":0.242239,"53":null,"54":null},"firefox":{"2":null,"3":null,"3.5":0.006547,"3.6":0.019641,"4":null,"5":null,"6":0.006547,"7":null,"8":null,"9":null,"10":0.006547,"11":0.019641,"12":null,"13":null,"14":null,"15":null,"16":0.006547,"17":0.013094,"18":null,"19":null,"20":null,"21":0.006547,"22":null,"23":null,"24":null,"25":0.006547,"26":null,"27":null,"28":0.013094,"29":null,"30":0.013094,"31":0.006547,"32":null,"33":0.013094,"34":0.006547,"35":0.013094,"36":0.006547,"37":0.039282,"38":0.052376,"39":0.058923,"40":0.032735,"41":0.026188,"42":0.072017,"43":0.189863,"44":0.091658,"45":1.165366,"46":4.622182,"47":0.163675,"48":0.006547,"49":null},"opera":{"9":null,"9.5-9.6":null,"10.0-10.1":0,"10.5":null,"10.6":null,"11":null,"11.1":null,"11.5":null,"11.6":null,"12":null,"12.1":0.032735,"15":null,"16":null,"17":null,"18":null,"19":null,"20":null,"21":null,"22":null,"23":null,"24":null,"25":null,"26":null,"27":0.013094,"28":null,"29":0.078564,"30":null,"31":null,"32":null,"33":0.006547,"34":0.006547,"35":0.045829,"36":0.13094,"37":0.419008,"38":null,"39":null},"safari":{"3.1":null,"3.2":null,"4":0.013094,"5":0.045829,"5.1":0.091658,"6":0.026188,"6.1":0.091658,"7":0.058923,"7.1":0.013094,"8":0.202957,"9":0.451743,"9.1":1.617109,"0":null},"ios_saf":{"3.2":0,"4.0-4.1":0,"4.2-4.3":0,"5.0-5.1":0,"6.0-6.1":0.0140839227971,"7.0-7.1":0.139712514147,"8":0,"8.1-8.4":0.35604156831,"9.0-9.2":0.745321194422,"9.3":4.31982080032},"android":{"2.1":0,"2.2":0,"2.3":0.0179206042022,"3":0,"4":0.110083711528,"4.1":0.380172817717,"4.2-4.3":0.878109605906,"4.4":1.99302719591,"4.4.3-4.4.4":1.12899806474,"50":null},"op_mob":{"10":0,"11":0,"11.1":0,"11.5":0,"12":0,"12.1":3.82509630784e-5,"0":0.000937148595421},"ie":{"5.5":null,"6":null,"7":0.0262124747664,"8":0.314549697196,"9":0.393187121495,"10":0.399740240187,"11":5.86504122897},"bb":{"7":0.125135,"10":null},"ie_mob":{"10":0.253777677419,"11":0.661002322581},"edge":{"12":0.281521,"13":2.193245,"14":0.013094},"and_ff":{"0":0.031068},"and_uc":{"0":0.921684},"op_mini":{"5.0-8.0":0.440880600442},"and_chr":{"0":22.591288}},"total":93.1613397626}