{"id":"TV","name":"Tuvalu","month":"2016-05","access_date":"2016-06-03","data":{"chrome":{"4":null,"5":null,"6":null,"7":null,"8":null,"9":null,"10":null,"11":null,"12":null,"13":null,"14":null,"15":null,"16":null,"17":null,"18":null,"19":null,"20":0.78867,"21":null,"22":null,"23":null,"24":null,"25":null,"26":null,"27":null,"28":null,"29":null,"30":null,"31":null,"32":null,"33":null,"34":null,"35":null,"36":null,"37":null,"38":null,"39":0.26289,"40":null,"41":null,"42":null,"43":1.708785,"44":null,"45":0.131445,"46":null,"47":0.52578,"48":3.286125,"49":2.89179,"50":47.364015,"51":null,"52":0.131445,"53":null,"54":null},"firefox":{"2":null,"3":null,"3.5":null,"3.6":null,"4":null,"5":null,"6":null,"7":null,"8":null,"9":null,"10":null,"11":null,"12":null,"13":null,"14":null,"15":null,"16":null,"17":null,"18":0.52578,"19":null,"20":null,"21":null,"22":null,"23":null,"24":null,"25":null,"26":null,"27":null,"28":null,"29":null,"30":null,"31":0.26289,"32":null,"33":null,"34":null,"35":null,"36":0.131445,"37":0.394335,"38":0.26289,"39":0.131445,"40":0.131445,"41":null,"42":null,"43":2.36601,"44":0.394335,"45":0.920115,"46":2.760345,"47":null,"48":null,"49":null},"opera":{"9":null,"9.5-9.6":null,"10.0-10.1":0,"10.5":null,"10.6":null,"11":null,"11.1":null,"11.5":null,"11.6":null,"12":null,"12.1":null,"15":null,"16":null,"17":null,"18":null,"19":null,"20":null,"21":null,"22":null,"23":null,"24":null,"25":null,"26":null,"27":null,"28":null,"29":null,"30":null,"31":null,"32":null,"33":null,"34":null,"35":null,"36":null,"37":0.26289,"38":null,"39":null},"safari":{"3.1":null,"3.2":null,"4":0,"5":null,"5.1":null,"6":null,"6.1":0.394335,"7":0.131445,"7.1":null,"8":null,"9":0.26289,"9.1":1.183005,"0":null},"ios_saf":{"3.2":0,"4.0-4.1":0,"4.2-4.3":0,"5.0-5.1":0,"6.0-6.1":0.008396875,"7.0-7.1":0.083297,"8":0,"8.1-8.4":0.212273,"9.0-9.2":0.444362625,"9.3":2.5754895},"android":{"2.1":0,"2.2":0,"2.3":0.0124746638274,"3":0,"4":0.0766300777967,"4.1":0.264641082624,"4.2-4.3":0.611258527541,"4.4":1.38736082709,"4.4.3-4.4.4":0.785903821124,"50":null},"op_mob":{"10":0,"11":0,"11.1":0,"11.5":0,"12":0,"12.1":0,"0":0},"ie":{"5.5":null,"6":null,"7":null,"8":null,"9":null,"10":1.971675,"11":10.655808},"bb":{"7":0,"10":null},"ie_mob":{"10":0,"11":0},"edge":{"12":1.05156,"13":0.394335,"14":null},"and_ff":{"0":null},"and_uc":{"0":0.184313},"op_mini":{"5.0-8.0":0},"and_chr":{"0":11.277524}},"total":99.603848}