{"id":"TW","name":"Taiwan","month":"2016-05","access_date":"2016-06-03","data":{"chrome":{"4":null,"5":null,"6":null,"7":null,"8":null,"9":null,"10":null,"11":0.07784,"12":null,"13":null,"14":null,"15":null,"16":null,"17":null,"18":null,"19":null,"20":null,"21":null,"22":0.00556,"23":null,"24":null,"25":null,"26":0.00556,"27":0.01668,"28":0.01112,"29":0.54488,"30":0.01112,"31":0.0556,"32":0.01112,"33":0.20016,"34":0.01668,"35":0.02224,"36":0.02224,"37":0.02224,"38":0.03336,"39":0.0834,"40":0.03892,"41":0.05004,"42":0.07784,"43":0.16124,"44":0.13344,"45":0.36696,"46":0.21684,"47":0.3336,"48":0.53932,"49":5.71568,"50":27.39968,"51":0.38364,"52":0.06672,"53":0.01112,"54":null},"firefox":{"2":null,"3":0.01668,"3.5":null,"3.6":null,"4":null,"5":null,"6":0.00556,"7":null,"8":null,"9":null,"10":null,"11":null,"12":0.00556,"13":null,"14":null,"15":null,"16":null,"17":null,"18":null,"19":null,"20":null,"21":0.01112,"22":null,"23":null,"24":null,"25":null,"26":0.00556,"27":null,"28":0.01112,"29":0.00556,"30":null,"31":0.07784,"32":null,"33":0.01112,"34":0.01112,"35":0.01112,"36":0.01668,"37":0.01112,"38":0.0278,"39":0.02224,"40":0.0278,"41":0.0278,"42":0.0556,"43":0.0834,"44":0.06116,"45":0.56712,"46":2.8912,"47":0.0278,"48":null,"49":null},"opera":{"9":null,"9.5-9.6":null,"10.0-10.1":0,"10.5":null,"10.6":null,"11":null,"11.1":null,"11.5":null,"11.6":null,"12":null,"12.1":0.02224,"15":null,"16":null,"17":null,"18":null,"19":null,"20":null,"21":null,"22":null,"23":null,"24":null,"25":null,"26":null,"27":null,"28":0.01112,"29":null,"30":null,"31":null,"32":null,"33":null,"34":0.06672,"35":0.00556,"36":0.05004,"37":0.15012,"38":null,"39":null},"safari":{"3.1":null,"3.2":null,"4":0.01668,"5":0.01668,"5.1":0.03892,"6":0.01112,"6.1":0.03892,"7":0.0278,"7.1":0.01112,"8":0.1668,"9":0.28912,"9.1":0.8896,"0":null},"ios_saf":{"3.2":0,"4.0-4.1":0,"4.2-4.3":0,"5.0-5.1":0,"6.0-6.1":0.0286969507882,"7.0-7.1":0.284673751819,"8":0,"8.1-8.4":0.725458915926,"9.0-9.2":1.51864263571,"9.3":8.80192874576},"android":{"2.1":0,"2.2":0,"2.3":0.0130573651334,"3":0,"4":0.0802095286769,"4.1":0.277002674617,"4.2-4.3":0.639810891539,"4.4":1.45216553663,"4.4.3-4.4.4":0.822614003407,"50":null},"op_mob":{"10":0,"11":0,"11.1":0,"11.5":0,"12":0,"12.1":6.53274466519e-6,"0":0.000160052244297},"ie":{"5.5":null,"6":0.0458155613577,"7":0.0286347258486,"8":1.66081409922,"9":0.538332845953,"10":0.521152010444,"11":5.96747686684},"bb":{"7":0.00998775,"10":null},"ie_mob":{"10":0.0529529741935,"11":0.137924025806},"edge":{"12":0.08896,"13":0.96744,"14":null},"and_ff":{"0":0.026634},"and_uc":{"0":0.514924},"op_mini":{"5.0-8.0":0.075296415011},"and_chr":{"0":28.767117}},"total":96.4873698597}