{"id":"TZ","name":"Tanzania","month":"2016-05","access_date":"2016-06-03","data":{"chrome":{"4":0.000776,"5":null,"6":null,"7":null,"8":0.001552,"9":0.003104,"10":0.002328,"11":0.02716,"12":0.000776,"13":0.00388,"14":null,"15":null,"16":0.000776,"17":0.001552,"18":0.001552,"19":null,"20":0.001552,"21":0.002328,"22":0.001552,"23":0.001552,"24":null,"25":0.003104,"26":0.003104,"27":null,"28":0.004656,"29":0.004656,"30":0.000776,"31":0.0194,"32":0.001552,"33":0.008536,"34":0.001552,"35":0.001552,"36":0.006208,"37":0.003104,"38":0.002328,"39":0.00388,"40":0.003104,"41":0.006984,"42":0.004656,"43":0.05044,"44":0.030264,"45":0.093896,"46":0.020952,"47":0.025608,"48":0.097776,"49":0.300312,"50":1.81196,"51":0.036472,"52":0.020176,"53":null,"54":null},"firefox":{"2":0.00388,"3":0.010864,"3.5":0.005432,"3.6":0.018624,"4":0.026384,"5":0.005432,"6":0.013968,"7":0.004656,"8":0.009312,"9":0.005432,"10":0.013968,"11":0.01552,"12":0.031816,"13":0.034144,"14":0.017848,"15":0.01552,"16":0.018624,"17":0.009312,"18":0.010864,"19":0.01164,"20":0.013968,"21":0.013968,"22":0.004656,"23":0.018624,"24":0.00776,"25":0.006208,"26":0.013968,"27":0.006208,"28":0.009312,"29":0.033368,"30":0.028712,"31":0.020176,"32":0.014744,"33":0.020176,"34":0.017072,"35":0.020952,"36":0.017848,"37":0.032592,"38":0.033368,"39":0.022504,"40":0.028712,"41":0.032592,"42":0.03492,"43":0.24056,"44":0.172272,"45":0.412832,"46":1.097264,"47":0.159856,"48":0.002328,"49":null},"opera":{"9":null,"9.5-9.6":0.001552,"10.0-10.1":0.003104,"10.5":0.001552,"10.6":0.00388,"11":0.004656,"11.1":0.002328,"11.5":0.004656,"11.6":0.009312,"12":0.004656,"12.1":0.024056,"15":0.008536,"16":0.002328,"17":0.002328,"18":0.002328,"19":0.003104,"20":0.003104,"21":null,"22":0.004656,"23":0.000776,"24":0.001552,"25":null,"26":0.001552,"27":0.000776,"28":0.004656,"29":0.01552,"30":0.01164,"31":0.002328,"32":0.01552,"33":0.022504,"34":0.0194,"35":0.082256,"36":0.121056,"37":0.234352,"38":0.000776,"39":null},"safari":{"3.1":null,"3.2":null,"4":0.003104,"5":0.003104,"5.1":0.014744,"6":0.01164,"6.1":0.002328,"7":0.010864,"7.1":0.00388,"8":0.02716,"9":0.063632,"9.1":0.096224,"0":null},"ios_saf":{"3.2":0,"4.0-4.1":0,"4.2-4.3":0,"5.0-5.1":0,"6.0-6.1":0.00118841956346,"7.0-7.1":0.0117891220695,"8":0,"8.1-8.4":0.0300432465643,"9.0-9.2":0.0628911632983,"9.3":0.364512048504},"android":{"2.1":0,"2.2":0,"2.3":0.0199093833049,"3":0,"4":0.122300497445,"4.1":0.422363345826,"4.2-4.3":0.975559781942,"4.4":2.21420784327,"4.4.3-4.4.4":1.25429114821,"50":null},"op_mob":{"10":0,"11":0,"11.1":0,"11.5":0,"12":0,"12.1":0.00614214673419,"0":0.150482594988},"ie":{"5.5":null,"6":0.00393125495376,"7":0.00314500396301,"8":0.158036449141,"9":0.0275187846764,"10":0.0613275772787,"11":0.341232929987},"bb":{"7":0.039202,"10":null},"ie_mob":{"10":0.145858219355,"11":0.379909780645},"edge":{"12":0.049664,"13":0.075272,"14":null},"and_ff":{"0":0.018448},"and_uc":{"0":7.093256},"op_mini":{"5.0-8.0":70.7943832583},"and_chr":{"0":6.025416}},"total":97.14797}