{"id":"TZ","name":"Tanzania","month":"2016-01","access_date":"2016-02-03","data":{"firefox":{"2":0.001468,"3":0.01101,"3.5":0.004404,"3.6":0.015414,"4":0.019818,"5":0.004404,"6":0.013212,"7":0.006606,"8":0.006606,"9":0.00734,"10":0.01101,"11":0.024956,"12":0.032296,"13":0.01835,"14":0.013212,"15":0.01835,"16":0.017616,"17":0.008808,"18":0.01101,"19":0.016148,"20":0.01101,"21":0.012478,"22":0.00367,"23":0.020552,"24":0.006606,"25":0.012478,"26":0.008074,"27":0.006606,"28":0.005872,"29":0.04037,"30":0.027158,"31":0.016148,"32":0.015414,"33":0.021286,"34":0.013212,"35":0.02202,"36":0.024222,"37":0.028626,"38":0.041838,"39":0.0367,"40":0.048444,"41":0.053582,"42":0.138726,"43":1.21844,"44":0.213594,"45":0.005872,"46":0.000734,"47":0},"chrome":{"4":0.000734,"5":0.000734,"6":0.000734,"7":0,"8":0.000734,"9":0.001468,"10":0.002202,"11":0.027892,"12":0.000734,"13":0.002936,"14":0.000734,"15":0.000734,"16":0.004404,"17":0,"18":0.002936,"19":0,"20":0.001468,"21":0.002936,"22":0.001468,"23":0.000734,"24":0.000734,"25":0.002202,"26":0.004404,"27":0.000734,"28":0.001468,"29":0.001468,"30":0.000734,"31":0.016882,"32":0.001468,"33":0.010276,"34":0.001468,"35":0.002202,"36":0.006606,"37":0.019084,"38":0.002202,"39":0.009542,"40":0.00734,"41":0.004404,"42":0.030828,"43":0.049912,"44":0.050646,"45":0.05138,"46":0.038168,"47":1.466532,"48":0.13212,"49":0.028626,"50":0.001468,"51":0},"opera":{"9":0,"9.5-9.6":0.001468,"10.0-10.1":0.00367,"10.5":0.004404,"10.6":0.005872,"11":0.00734,"11.1":0.002202,"11.5":0.00367,"11.6":0.010276,"12":0.004404,"12.1":0.033764,"15":0.011744,"16":0.002936,"17":0.002936,"18":0.001468,"19":0.002202,"20":0.00734,"21":0.000734,"22":0.00367,"23":0,"24":0.000734,"25":0.002202,"26":0.00367,"27":0.000734,"28":0.008074,"29":0.013946,"30":0.038902,"31":0.002202,"32":0.041838,"33":0.127716,"34":0.533618,"35":0.005872,"36":0},"safari":{"3.1":0,"3.2":0,"4":0.001468,"5":0.005872,"5.1":0.017616,"6":0.005138,"6.1":0.00734,"7":0.008074,"7.1":0.008808,"8":0.033764,"9":0.115972,"9.1":0},"android":{"2.1":0,"2.2":0,"2.3":0.04011925356,"3":0,"4":0.166745647609,"4.1":0.570445636557,"4.2-4.3":1.27002512051,"4.4":2.52751297428,"4.4.3-4.4.4":1.32393536748,"47":null},"ios_saf":{"3.2":0,"4.0-4.1":0,"4.2-4.3":0,"5.0-5.1":0,"6.0-6.1":0,"7.0-7.1":0.024488966725,"8":0.00171740805604,"8.1-8.4":0.0699684763573,"9.0-9.2":0.521265148862,"9.3":null},"op_mob":{"10":0,"11":0,"11.1":0,"11.5":0,"12":0.00524708424325,"12.1":0.00524708424325,"0":0.278095464892},"ie":{"5.5":0,"6":0.004434828,"7":0.001478276,"8":0.215089158,"9":0.031043796,"10":0.08500087,"11":0.399873658},"bb":{"7":0.032431,"10":null},"ie_mob":{"10":0.104495563025,"11":0.460730436975},"edge":{"12":0.041104,"13":0.031562,"14":0},"and_uc":{"0":7.913164},"op_mini":{"5.0-8.0":70.0310843666},"and_chr":{"0":6.123024},"and_ff":{"0":0.027798}},"total":97.713037586}