{"id":"UA","name":"Ukraine","month":"2016-05","access_date":"2016-06-03","data":{"chrome":{"4":0.025677,"5":0.017118,"6":0.017118,"7":0.017118,"8":0.017118,"9":0.017118,"10":0.017118,"11":0.059913,"12":0.042795,"13":0.025677,"14":0.034236,"15":0.042795,"16":0.042795,"17":0.059913,"18":0.051354,"19":0.034236,"20":0.042795,"21":0.068472,"22":0.08559,"23":0.051354,"24":0.059913,"25":0.042795,"26":0.051354,"27":0.077031,"28":0.042795,"29":1.874421,"30":0.025677,"31":0.051354,"32":0.025677,"33":0.034236,"34":0.042795,"35":0.051354,"36":0.213975,"37":0.042795,"38":0.059913,"39":0.119826,"40":0.111267,"41":0.111267,"42":0.077031,"43":0.368037,"44":0.154062,"45":0.205416,"46":0.196857,"47":0.393714,"48":0.778869,"49":6.573312,"50":33.089094,"51":0.564894,"52":0.376596,"53":0.017118,"54":null},"firefox":{"2":0.034236,"3":0.068472,"3.5":0.111267,"3.6":0.385155,"4":0.025677,"5":0.017118,"6":0.025677,"7":0.008559,"8":0.008559,"9":0.017118,"10":0.025677,"11":0.017118,"12":0.042795,"13":0.017118,"14":0.025677,"15":0.034236,"16":0.068472,"17":0.017118,"18":0.017118,"19":0.017118,"20":0.025677,"21":0.042795,"22":0.025677,"23":0.025677,"24":0.042795,"25":0.034236,"26":0.051354,"27":0.034236,"28":0.051354,"29":0.025677,"30":0.042795,"31":0.136944,"32":0.068472,"33":0.059913,"34":0.068472,"35":0.068472,"36":0.068472,"37":0.059913,"38":0.325242,"39":0.094149,"40":0.102708,"41":0.145503,"42":0.145503,"43":0.419391,"44":0.265329,"45":1.746036,"46":8.618913,"47":0.102708,"48":0.017118,"49":null},"opera":{"9":null,"9.5-9.6":0.008559,"10.0-10.1":0.025677,"10.5":0.017118,"10.6":0.051354,"11":0.025677,"11.1":0.034236,"11.5":0.042795,"11.6":0.231093,"12":0.179739,"12.1":2.935737,"15":0.008559,"16":0.008559,"17":0.017118,"18":0.025677,"19":0.008559,"20":0.042795,"21":0.017118,"22":0.017118,"23":0.008559,"24":0.017118,"25":0.017118,"26":0.025677,"27":0.08559,"28":0.051354,"29":0.042795,"30":0.077031,"31":0.034236,"32":0.042795,"33":0.068472,"34":0.136944,"35":0.162621,"36":2.233899,"37":5.862915,"38":0.025677,"39":null},"safari":{"3.1":0.008559,"3.2":null,"4":0.051354,"5":0.08559,"5.1":0.077031,"6":0.017118,"6.1":0.025677,"7":0.034236,"7.1":null,"8":0.111267,"9":0.265329,"9.1":0.967167,"0":null},"ios_saf":{"3.2":0,"4.0-4.1":0,"4.2-4.3":0,"5.0-5.1":0,"6.0-6.1":0.00634074373484,"7.0-7.1":0.0629001778496,"8":0,"8.1-8.4":0.160294001617,"9.0-9.2":0.335552158448,"9.3":1.94483291835},"android":{"2.1":0,"2.2":0,"2.3":0.00614759795571,"3":0,"4":0.0377638160136,"4.1":0.130416899489,"4.2-4.3":0.30123229983,"4.4":0.683700715503,"4.4.3-4.4.4":0.38729867121,"50":null},"op_mob":{"10":0,"11":0,"11.1":0,"11.5":0,"12":0,"12.1":0.000195714842228,"0":0.00479501363459},"ie":{"5.5":null,"6":0.035332226601,"7":0.0264991699507,"8":0.945137061576,"9":0.335656152709,"10":0.379821435961,"11":1.8284427266},"bb":{"7":0.02376,"10":null},"ie_mob":{"10":0.0958761290323,"11":0.249723870968},"edge":{"12":0.059913,"13":0.453627,"14":null},"and_ff":{"0":0.02592},"and_uc":{"0":0.86976},"op_mini":{"5.0-8.0":2.25580927152},"and_chr":{"0":6.33114}},"total":92.7150767734}