{"id":"UG","name":"Uganda","month":"2016-05","access_date":"2016-06-03","data":{"chrome":{"4":null,"5":0.00209,"6":null,"7":0.00418,"8":null,"9":null,"10":null,"11":0.05225,"12":null,"13":null,"14":null,"15":null,"16":0.00209,"17":null,"18":0.01672,"19":0.00418,"20":0.00627,"21":0.00418,"22":0.00209,"23":0.00418,"24":0.00418,"25":0.01254,"26":0.01254,"27":null,"28":0.01045,"29":0.02717,"30":0.01045,"31":0.03135,"32":0.00418,"33":0.01672,"34":0.00627,"35":0.00836,"36":0.00627,"37":0.00836,"38":0.01463,"39":0.01672,"40":0.01672,"41":0.00627,"42":0.01672,"43":0.05852,"44":0.0418,"45":0.09823,"46":0.05434,"47":0.07733,"48":0.13585,"49":1.04709,"50":5.89171,"51":0.13794,"52":0.05225,"53":null,"54":null},"firefox":{"2":0.00418,"3":0.05016,"3.5":0.00836,"3.6":0.05016,"4":0.02926,"5":0.01463,"6":0.00836,"7":0.01881,"8":0.02508,"9":0.0418,"10":0.0418,"11":0.04807,"12":0.07106,"13":0.06897,"14":0.03344,"15":0.0418,"16":0.04389,"17":0.06061,"18":0.03344,"19":0.03762,"20":0.06688,"21":0.05643,"22":0.0209,"23":0.04598,"24":0.05852,"25":0.04389,"26":0.03971,"27":0.0209,"28":0.02508,"29":0.07524,"30":0.10659,"31":0.10868,"32":0.05225,"33":0.07106,"34":0.06061,"35":0.07315,"36":0.1045,"37":0.08151,"38":0.15466,"39":0.12331,"40":0.1254,"41":0.16929,"42":0.11913,"43":0.73986,"44":0.45353,"45":1.38358,"46":3.83097,"47":0.85063,"48":0.01045,"49":0.00209},"opera":{"9":null,"9.5-9.6":null,"10.0-10.1":0.00836,"10.5":null,"10.6":null,"11":0.00418,"11.1":0.00418,"11.5":0.00209,"11.6":0.00836,"12":0.01045,"12.1":0.02299,"15":null,"16":null,"17":null,"18":null,"19":null,"20":null,"21":null,"22":null,"23":null,"24":0.00209,"25":null,"26":null,"27":null,"28":0.00209,"29":0.01045,"30":0.01045,"31":null,"32":0.00836,"33":0.00836,"34":0.04389,"35":0.03553,"36":0.11077,"37":0.26334,"38":null,"39":null},"safari":{"3.1":0.00209,"3.2":null,"4":0.00209,"5":0.00627,"5.1":0.01881,"6":0.00418,"6.1":0.00418,"7":0.01045,"7.1":0.00627,"8":0.03553,"9":0.0627,"9.1":0.09614,"0":null},"ios_saf":{"3.2":0,"4.0-4.1":0,"4.2-4.3":0,"5.0-5.1":0,"6.0-6.1":0.00155866006467,"7.0-7.1":0.0154619078416,"8":0,"8.1-8.4":0.0394029264349,"9.0-9.2":0.0824842906225,"9.3":0.478072215036},"android":{"2.1":0,"2.2":0,"2.3":0.0188654173765,"3":0,"4":0.115887563884,"4.1":0.400216354344,"4.2-4.3":0.924405451448,"4.4":2.09810391823,"4.4.3-4.4.4":1.18852129472,"50":null},"op_mob":{"10":0,"11":0,"11.1":0,"11.5":0,"12":0,"12.1":0.00503298272952,"0":0.123308076873},"ie":{"5.5":null,"6":0.0212962085308,"7":null,"8":0.20018436019,"9":0.153332701422,"10":0.157591943128,"11":0.811385545024},"bb":{"7":0.051415,"10":null},"ie_mob":{"10":0.324769290323,"11":0.845910709677},"edge":{"12":0.10032,"13":0.09614,"14":null},"and_ff":{"0":0.02373},"and_uc":{"0":6.39128},"op_mini":{"5.0-8.0":58.0101589404},"and_chr":{"0":6.34889}},"total":97.5618457583}