{"id":"US","name":"United States of America","month":"2016-05","access_date":"2016-06-03","data":{"chrome":{"4":null,"5":null,"6":null,"7":null,"8":null,"9":null,"10":0.018681,"11":0.024908,"12":0.006227,"13":null,"14":null,"15":null,"16":null,"17":null,"18":0.018681,"19":null,"20":null,"21":0.018681,"22":0.006227,"23":0.018681,"24":null,"25":0.012454,"26":null,"27":0.012454,"28":0.024908,"29":1.49448,"30":0.018681,"31":0.056043,"32":0.037362,"33":0.031135,"34":0.049816,"35":0.06227,"36":0.06227,"37":0.074724,"38":0.049816,"39":0.068497,"40":0.093405,"41":0.211718,"42":0.105859,"43":0.367393,"44":0.18681,"45":0.193037,"46":0.199264,"47":0.429663,"48":1.264081,"49":4.844606,"50":20.063394,"51":0.317577,"52":0.068497,"53":0.018681,"54":null},"firefox":{"2":null,"3":0.018681,"3.5":null,"3.6":0.018681,"4":0.006227,"5":null,"6":0.018681,"7":null,"8":null,"9":null,"10":0.006227,"11":0.012454,"12":0.012454,"13":null,"14":null,"15":null,"16":0.012454,"17":0.012454,"18":null,"19":null,"20":0.012454,"21":0.024908,"22":0.006227,"23":0.006227,"24":0.018681,"25":0.031135,"26":0.031135,"27":0.031135,"28":0.037362,"29":0.037362,"30":0.031135,"31":0.093405,"32":0.037362,"33":0.056043,"34":0.074724,"35":0.080951,"36":0.068497,"37":0.099632,"38":0.298896,"39":0.080951,"40":0.087178,"41":0.105859,"42":0.118313,"43":0.224172,"44":0.18681,"45":1.425983,"46":5.093686,"47":0.049816,"48":null,"49":null},"opera":{"9":null,"9.5-9.6":null,"10.0-10.1":0,"10.5":null,"10.6":null,"11":null,"11.1":null,"11.5":null,"11.6":null,"12":null,"12.1":0.037362,"15":null,"16":null,"17":null,"18":null,"19":null,"20":null,"21":null,"22":null,"23":null,"24":null,"25":null,"26":null,"27":0.037362,"28":0.049816,"29":0.031135,"30":0.043589,"31":0.018681,"32":null,"33":null,"34":0.006227,"35":null,"36":0.087178,"37":0.161902,"38":null,"39":null},"safari":{"3.1":null,"3.2":null,"4":0.037362,"5":0.12454,"5.1":0.205491,"6":0.024908,"6.1":0.155675,"7":0.087178,"7.1":0.049816,"8":0.454571,"9":0.909142,"9.1":2.758561,"0":null},"ios_saf":{"3.2":0,"4.0-4.1":0,"4.2-4.3":0,"5.0-5.1":0,"6.0-6.1":0.0485350545675,"7.0-7.1":0.48146774131,"8":0,"8.1-8.4":1.22696617947,"9.0-9.2":2.56847508771,"9.3":14.8866719369},"android":{"2.1":0,"2.2":0,"2.3":0.00437933674049,"3":0,"4":0.0269016399773,"4.1":0.0929045008518,"4.2-4.3":0.214587500284,"4.4":0.487044807496,"4.4.3-4.4.4":0.275898214651,"50":null},"op_mob":{"10":0,"11":0,"11.1":0,"11.5":0,"12":0,"12.1":1.11052244297e-5,"0":0.000272077998528},"ie":{"5.5":null,"6":0.0569157791411,"7":0.0442678282209,"8":0.784172957055,"9":0.714609226994,"10":0.733581153374,"11":10.9720974233},"bb":{"7":0.02169475,"10":null},"ie_mob":{"10":0.100483509677,"11":0.261724490323},"edge":{"12":0.161902,"13":2.24172,"14":0.031135},"and_ff":{"0":0.045276},"and_uc":{"0":0.460306},"op_mini":{"5.0-8.0":0.127998816777},"and_chr":{"0":14.507096}},"total":95.9589251181}