{"id":"UY","name":"Uruguay","month":"2016-01","access_date":"2016-02-03","data":{"firefox":{"2":0,"3":0.03646,"3.5":0.021876,"3.6":0.102088,"4":0,"5":0,"6":0.021876,"7":0.007292,"8":0,"9":0,"10":0.014584,"11":0.021876,"12":0.051044,"13":0.007292,"14":0.007292,"15":0.007292,"16":0.138548,"17":0.131256,"18":0,"19":0.014584,"20":0.058336,"21":0.014584,"22":0.007292,"23":0.014584,"24":0.014584,"25":0.772952,"26":0.014584,"27":0.488564,"28":0.021876,"29":0.014584,"30":0.021876,"31":0.03646,"32":0.021876,"33":1.071924,"34":0.03646,"35":0.058336,"36":0.051044,"37":0.087504,"38":0.175008,"39":0.131256,"40":0.138548,"41":0.14584,"42":0.240636,"43":6.373208,"44":0.386476,"45":0.014584,"46":0,"47":0},"chrome":{"4":0,"5":0.065628,"6":0,"7":0.007292,"8":0,"9":0,"10":0,"11":0.029168,"12":0.007292,"13":0.007292,"14":0,"15":0,"16":0.014584,"17":0,"18":0.029168,"19":0,"20":0,"21":0.014584,"22":0.029168,"23":0.007292,"24":0.014584,"25":0.014584,"26":0.03646,"27":0.080212,"28":0.014584,"29":0.014584,"30":0.014584,"31":0.051044,"32":0.021876,"33":0.021876,"34":0.058336,"35":0.058336,"36":0.102088,"37":0.065628,"38":0.131256,"39":0.262512,"40":0.094796,"41":0.07292,"42":0.1823,"43":0.262512,"44":0.58336,"45":0.342724,"46":0.590652,"47":38.581972,"48":4.185608,"49":0.094796,"50":0.007292,"51":0},"opera":{"9":0,"9.5-9.6":0,"10.0-10.1":0,"10.5":0,"10.6":0,"11":0,"11.1":0,"11.5":0,"11.6":0.007292,"12":0.007292,"12.1":0.051044,"15":0,"16":0,"17":0,"18":0,"19":0,"20":0,"21":0,"22":0,"23":0,"24":0,"25":0,"26":0,"27":0,"28":0.021876,"29":0.014584,"30":0.014584,"31":0.014584,"32":0.014584,"33":0.021876,"34":0.794828,"35":0.029168,"36":0},"safari":{"3.1":0,"3.2":0,"4":0.014584,"5":0.021876,"5.1":0.03646,"6":0.007292,"6.1":0.03646,"7":0.014584,"7.1":0.021876,"8":0.189592,"9":0.80212,"9.1":0},"android":{"2.1":0,"2.2":0,"2.3":0.0304045296493,"3":0,"4":0.126368826355,"4.1":0.432314405951,"4.2-4.3":0.962493391711,"4.4":1.91548536791,"4.4.3-4.4.4":1.00334947843,"47":null},"ios_saf":{"3.2":0,"4.0-4.1":0,"4.2-4.3":0,"5.0-5.1":0,"6.0-6.1":0,"7.0-7.1":0.187497816009,"8":0.0131491974864,"8.1-8.4":0.53570804574,"9.0-9.2":3.99102494076,"9.3":null},"op_mob":{"10":0,"11":0,"11.1":0,"11.5":0,"12":0.000104063176222,"12.1":0.000104063176222,"0":0.00551534833976},"ie":{"5.5":0,"6":0.0149347174349,"7":0.0149347174349,"8":0.604856056112,"9":0.238955478958,"10":0.365900577154,"11":2.47916309419},"bb":{"7":0.044005,"10":null},"ie_mob":{"10":0.670855798319,"11":2.95786420168},"edge":{"12":0.204176,"13":0.3646,"14":0},"and_uc":{"0":0.219348},"op_mini":{"5.0-8.0":1.38889652531},"and_chr":{"0":18.59822},"and_ff":{"0":0.208516}},"total":96.8845816413}