{"id":"UZ","name":"Uzbekistan","month":"2016-01","access_date":"2016-02-03","data":{"firefox":{"2":0.00378,"3":0.01512,"3.5":0.01512,"3.6":0.0567,"4":0.01134,"5":0.03024,"6":0.00756,"7":0.00378,"8":0,"9":0.03402,"10":0.00378,"11":0.01134,"12":0.0189,"13":0.01512,"14":0.00756,"15":0.00378,"16":0.02268,"17":0.01512,"18":0.00378,"19":0.00378,"20":0.00378,"21":0.00756,"22":0.03024,"23":0.00756,"24":0.03024,"25":0.01134,"26":0.03024,"27":0.01134,"28":0.01134,"29":0.02268,"30":0.0756,"31":0.03024,"32":0.02268,"33":0.01512,"34":0.04536,"35":0.03402,"36":0.03024,"37":0.0945,"38":0.15498,"39":0.10206,"40":0.10962,"41":0.1512,"42":0.2268,"43":3.01266,"44":0.19656,"45":0.00756,"46":0,"47":0},"chrome":{"4":0.0189,"5":0.03402,"6":0.00756,"7":0.01134,"8":0.0567,"9":0,"10":0.01134,"11":0.04914,"12":0.17388,"13":0.00756,"14":0.01134,"15":0.0189,"16":0.04914,"17":0.04158,"18":0.06426,"19":0.00378,"20":0.01512,"21":0.00378,"22":0.02268,"23":0.01512,"24":0.01512,"25":0.01134,"26":0.01512,"27":0.05292,"28":0.01512,"29":0.0567,"30":0.02646,"31":0.2079,"32":0.0567,"33":0.03402,"34":0.01134,"35":0.06426,"36":0.04914,"37":0.03402,"38":0.03402,"39":0.10962,"40":0.0945,"41":0.06804,"42":0.08316,"43":0.12096,"44":0.31752,"45":0.17388,"46":0.2835,"47":16.09146,"48":1.48176,"49":0.33642,"50":0.00378,"51":0},"opera":{"9":0,"9.5-9.6":0.02268,"10.0-10.1":0.02268,"10.5":0.04914,"10.6":0.00756,"11":0.02646,"11.1":0.04914,"11.5":0.0189,"11.6":0.07938,"12":0.10962,"12.1":1.03572,"15":0.00756,"16":0.01512,"17":0.00378,"18":0.02646,"19":0.00378,"20":0.02268,"21":0.01512,"22":0.02268,"23":0.03024,"24":0.01134,"25":0.0378,"26":0.02646,"27":0.02646,"28":0.04914,"29":0.0189,"30":0.07182,"31":0.04158,"32":0.08694,"33":0.08316,"34":3.02022,"35":0.07938,"36":0.02268},"safari":{"3.1":0,"3.2":0,"4":0.00378,"5":0.00756,"5.1":0.02646,"6":0.00756,"6.1":0.01512,"7":0.02268,"7.1":0.00756,"8":0.07182,"9":0.29484,"9.1":0},"android":{"2.1":0,"2.2":0,"2.3":0.0392366928799,"3":0,"4":0.163077504782,"4.1":0.557896726886,"4.2-4.3":1.24208655898,"4.4":2.47191165143,"4.4.3-4.4.4":1.29481086504,"47":null},"ios_saf":{"3.2":0,"4.0-4.1":0,"4.2-4.3":0,"5.0-5.1":0,"6.0-6.1":0,"7.0-7.1":0.260497496652,"8":0.0182686556094,"8.1-8.4":0.744278561863,"9.0-9.2":5.54487528588,"9.3":null},"op_mob":{"10":0,"11":0,"11.1":0,"11.5":0,"12":0.000952841188907,"12.1":0.000952841188907,"0":0.0505005830121},"ie":{"5.5":0,"6":0.0229713027523,"7":0.0191427522936,"8":0.86525240367,"9":0.206741724771,"10":0.199084623853,"11":0.742738788991},"bb":{"7":0.01244,"10":null},"ie_mob":{"10":0.0724447058824,"11":0.319415294118},"edge":{"12":0.07938,"13":0.0378,"14":0},"and_uc":{"0":25.30296},"op_mini":{"5.0-8.0":12.7172537346},"and_chr":{"0":10.87118},"and_ff":{"0":0.03732}},"total":94.7213715963}