{"id":"UZ","name":"Uzbekistan","month":"2016-05","access_date":"2016-06-03","data":{"chrome":{"4":0.01454,"5":0.04362,"6":0.003635,"7":0.054525,"8":0.08724,"9":0.003635,"10":0.02908,"11":0.054525,"12":0.192655,"13":0.01454,"14":0.010905,"15":0.02181,"16":0.10178,"17":0.032715,"18":0.018175,"19":0.02181,"20":0.02181,"21":0.018175,"22":0.039985,"23":0.03635,"24":0.032715,"25":0.01454,"26":0.025445,"27":0.061795,"28":0.03635,"29":0.076335,"30":0.01454,"31":0.07997,"32":0.032715,"33":0.018175,"34":0.02181,"35":0.061795,"36":0.04362,"37":0.01454,"38":0.03635,"39":0.23264,"40":0.127225,"41":0.054525,"42":0.05089,"43":0.13813,"44":0.119955,"45":0.149035,"46":0.141765,"47":0.214465,"48":0.54525,"49":3.827655,"50":14.86715,"51":0.178115,"52":0.156305,"53":null,"54":null},"firefox":{"2":0.003635,"3":0.054525,"3.5":0.02908,"3.6":0.10178,"4":0.010905,"5":0.025445,"6":null,"7":0.00727,"8":0.00727,"9":0.025445,"10":0.010905,"11":0.00727,"12":0.025445,"13":0.02181,"14":0.00727,"15":0.010905,"16":0.018175,"17":0.01454,"18":0.00727,"19":0.010905,"20":0.00727,"21":0.01454,"22":0.105415,"23":0.00727,"24":0.018175,"25":0.00727,"26":0.00727,"27":0.010905,"28":0.01454,"29":0.018175,"30":0.08724,"31":0.025445,"32":0.054525,"33":0.018175,"34":0.02181,"35":0.047255,"36":0.01454,"37":0.054525,"38":0.03635,"39":0.039985,"40":0.090875,"41":0.127225,"42":0.07997,"43":0.243545,"44":0.105415,"45":0.63249,"46":2.21735,"47":0.02181,"48":null,"49":null},"opera":{"9":null,"9.5-9.6":0.025445,"10.0-10.1":0.01454,"10.5":0.018175,"10.6":0.032715,"11":0.05816,"11.1":0.04362,"11.5":0.018175,"11.6":0.08724,"12":0.098145,"12.1":0.919655,"15":0.00727,"16":0.010905,"17":null,"18":0.02908,"19":0.01454,"20":0.02908,"21":0.018175,"22":0.02181,"23":0.00727,"24":0.018175,"25":0.01454,"26":0.039985,"27":0.025445,"28":0.025445,"29":0.025445,"30":0.105415,"31":0.01454,"32":0.018175,"33":0.032715,"34":0.098145,"35":0.083605,"36":0.926925,"37":1.55578,"38":0.018175,"39":0.010905},"safari":{"3.1":null,"3.2":null,"4":0.00727,"5":0.02908,"5.1":0.02908,"6":0.003635,"6.1":0.00727,"7":null,"7.1":null,"8":0.05816,"9":0.06543,"9.1":0.214465,"0":null},"ios_saf":{"3.2":0,"4.0-4.1":0,"4.2-4.3":0,"5.0-5.1":0,"6.0-6.1":0.0127512252425,"7.0-7.1":0.126492154406,"8":0,"8.1-8.4":0.322350974131,"9.0-9.2":0.674794839834,"9.3":3.91105580639},"android":{"2.1":0,"2.2":0,"2.3":0.0266925184554,"3":0,"4":0.163968327655,"4.1":0.566262712947,"4.2-4.3":1.30793340432,"4.4":2.96858937394,"4.4.3-4.4.4":1.68162866269,"50":null},"op_mob":{"10":0,"11":0,"11.1":0,"11.5":0,"12":0,"12.1":0.00107336882656,"0":0.0262975362507},"ie":{"5.5":null,"6":0.0183638311688,"7":0.0110182987013,"8":0.484805142857,"9":0.135892350649,"10":0.143237883117,"11":0.613351961039},"bb":{"7":0.0350075,"10":null},"ie_mob":{"10":0.146559258065,"11":0.381735741935},"edge":{"12":0.03635,"13":0.07997,"14":null},"and_ff":{"0":0.05092},"and_uc":{"0":23.862385},"op_mini":{"5.0-8.0":12.3716490949},"and_chr":{"0":11.137305}},"total":92.9047669675}