{"id":"VA","name":"Holy See (Vatican City State)","month":"2016-05","access_date":"2016-06-03","data":{"chrome":{"4":null,"5":0.008969,"6":null,"7":null,"8":null,"9":null,"10":null,"11":0.062783,"12":0.080721,"13":null,"14":null,"15":null,"16":null,"17":null,"18":null,"19":null,"20":null,"21":null,"22":0.08969,"23":null,"24":null,"25":null,"26":0.071752,"27":null,"28":null,"29":null,"30":null,"31":null,"32":null,"33":0.008969,"34":null,"35":null,"36":0.116597,"37":null,"38":null,"39":0.017938,"40":null,"41":null,"42":null,"43":0.080721,"44":null,"45":null,"46":0.008969,"47":0.143504,"48":0.125566,"49":11.354754,"50":28.019156,"51":0.278039,"52":0.017938,"53":null,"54":null},"firefox":{"2":null,"3":null,"3.5":null,"3.6":0.098659,"4":null,"5":null,"6":null,"7":null,"8":null,"9":null,"10":null,"11":null,"12":null,"13":null,"14":null,"15":0.026907,"16":0.044845,"17":null,"18":null,"19":null,"20":null,"21":null,"22":null,"23":null,"24":null,"25":null,"26":null,"27":null,"28":null,"29":0.017938,"30":0.125566,"31":null,"32":null,"33":null,"34":null,"35":0.026907,"36":0.340822,"37":null,"38":0.008969,"39":0.170411,"40":0.017938,"41":null,"42":0.098659,"43":0.062783,"44":0.062783,"45":2.080808,"46":16.978317,"47":null,"48":null,"49":null},"opera":{"9":null,"9.5-9.6":null,"10.0-10.1":0,"10.5":null,"10.6":null,"11":null,"11.1":null,"11.5":null,"11.6":null,"12":null,"12.1":null,"15":null,"16":null,"17":null,"18":null,"19":null,"20":null,"21":null,"22":null,"23":null,"24":null,"25":null,"26":null,"27":null,"28":null,"29":null,"30":null,"31":null,"32":null,"33":null,"34":null,"35":null,"36":0.035876,"37":0.520202,"38":null,"39":null},"safari":{"3.1":null,"3.2":null,"4":0.044845,"5":0.304946,"5.1":0.753396,"6":0.026907,"6.1":0.062783,"7":null,"7.1":0.287008,"8":0.098659,"9":0.17938,"9.1":2.556165,"0":null},"ios_saf":{"3.2":0,"4.0-4.1":0,"4.2-4.3":0,"5.0-5.1":0,"6.0-6.1":0.0145882957761,"7.0-7.1":0.144715894099,"8":0,"8.1-8.4":0.368792117219,"9.0-9.2":0.77201261247,"9.3":4.47452208044},"android":{"2.1":0,"2.2":0,"2.3":0.00116799829642,"3":0,"4":0.00717484667802,"4.1":0.0247782495741,"4.2-4.3":0.0572319165247,"4.4":0.129898096252,"4.4.3-4.4.4":0.0735838926746,"50":null},"op_mob":{"10":0,"11":0,"11.1":0,"11.5":0,"12":0,"12.1":0,"0":0},"ie":{"5.5":null,"6":null,"7":null,"8":0.556078,"9":0.618861,"10":0.233194,"11":20.915708},"bb":{"7":0.0087635,"10":null},"ie_mob":{"10":0.0506254258065,"11":0.131861574194},"edge":{"12":0.197318,"13":1.25566,"14":null},"and_ff":{"0":null},"and_uc":{"0":null},"op_mini":{"5.0-8.0":0},"and_chr":{"0":3.378789}},"total":98.9338695}