{"id":"VA","name":"Holy See (Vatican City State)","month":"2016-01","access_date":"2016-02-03","data":{"firefox":{"2":0,"3":0,"3.5":0,"3.6":0.009573,"4":0,"5":0,"6":0,"7":0,"8":0,"9":0.019146,"10":0,"11":0.009573,"12":0,"13":0.09573,"14":0,"15":0.019146,"16":0,"17":0,"18":0,"19":0,"20":0,"21":0.009573,"22":0,"23":0,"24":0,"25":0,"26":0,"27":0,"28":0,"29":0,"30":0.296763,"31":0,"32":0,"33":0.028719,"34":0,"35":0.019146,"36":0.344628,"37":0,"38":0.028719,"39":0.019146,"40":0.009573,"41":0.038292,"42":0.440358,"43":19.327887,"44":0.717975,"45":0,"46":0,"47":0},"chrome":{"4":0,"5":0,"6":0,"7":0,"8":0,"9":0,"10":0,"11":0.019146,"12":0,"13":0,"14":0,"15":0,"16":0,"17":0,"18":0,"19":0,"20":0,"21":0,"22":0.181887,"23":0,"24":0,"25":0,"26":0.449931,"27":0,"28":0,"29":0,"30":0,"31":0,"32":0,"33":0,"34":0,"35":0.076584,"36":0.114876,"37":0.009573,"38":0,"39":0.019146,"40":0,"41":0,"42":0.009573,"43":0.009573,"44":0,"45":0.009573,"46":0.067011,"47":30.34641,"48":2.153925,"49":0.047865,"50":0,"51":0},"opera":{"9":0,"9.5-9.6":0,"10.0-10.1":0,"10.5":0,"10.6":0,"11":0,"11.1":0,"11.5":0,"11.6":0,"12":0,"12.1":0,"15":0,"16":0,"17":0,"18":0,"19":0,"20":0,"21":0,"22":0,"23":0,"24":0,"25":0,"26":0,"27":0,"28":0,"29":0,"30":0,"31":0,"32":0,"33":0,"34":0.124449,"35":0,"36":0},"safari":{"3.1":0,"3.2":0,"4":0.09573,"5":0.153168,"5.1":0.76584,"6":0.009573,"6.1":0.047865,"7":0.019146,"7.1":0.296763,"8":0.162741,"9":2.986776,"9.1":0},"android":{"2.1":0,"2.2":0,"2.3":0.0084068250797,"3":0,"4":0.0349408667375,"4.1":0.119534544102,"4.2-4.3":0.266128556429,"4.4":0.529629980021,"4.4.3-4.4.4":0.27742522763,"47":null},"ios_saf":{"3.2":0,"4.0-4.1":0,"4.2-4.3":0,"5.0-5.1":0,"6.0-6.1":0,"7.0-7.1":0.378942645514,"8":0.0265751985165,"8.1-8.4":1.0826932729,"9.0-9.2":8.06606488307,"9.3":null},"op_mob":{"10":0,"11":0,"11.1":0,"11.5":0,"12":0,"12.1":0,"0":0},"ie":{"5.5":0,"6":0,"7":0,"8":1.139187,"9":0.650964,"10":0.363774,"11":24.009084},"bb":{"7":0.01804075,"10":null},"ie_mob":{"10":0.00757835294118,"11":0.0334136470588},"edge":{"12":0.248898,"13":0.373347,"14":0},"and_uc":{"0":0},"op_mini":{"5.0-8.0":0},"and_chr":{"0":2.202712},"and_ff":{"0":0.006832}},"total":99.45524375}