{"id":"VC","name":"Saint Vincent and the Grenadines","month":"2016-05","access_date":"2016-06-03","data":{"chrome":{"4":null,"5":null,"6":null,"7":null,"8":null,"9":null,"10":null,"11":0.026648,"12":null,"13":null,"14":null,"15":null,"16":null,"17":null,"18":0.006662,"19":null,"20":null,"21":null,"22":0.059958,"23":null,"24":null,"25":null,"26":null,"27":0.006662,"28":0.006662,"29":0.06662,"30":0.006662,"31":0.019986,"32":0.013324,"33":0.026648,"34":0.013324,"35":0.013324,"36":0.03331,"37":null,"38":0.026648,"39":0.16655,"40":0.026648,"41":null,"42":0.059958,"43":0.226508,"44":0.279804,"45":0.453016,"46":0.19986,"47":0.126578,"48":0.326438,"49":4.043834,"50":29.565956,"51":0.373072,"52":0.492988,"53":0.06662,"54":null},"firefox":{"2":null,"3":null,"3.5":null,"3.6":0.013324,"4":null,"5":null,"6":null,"7":null,"8":null,"9":null,"10":0.019986,"11":0.013324,"12":0.006662,"13":null,"14":null,"15":null,"16":0.026648,"17":null,"18":null,"19":null,"20":0.006662,"21":0.006662,"22":null,"23":0.006662,"24":null,"25":0.013324,"26":null,"27":null,"28":null,"29":null,"30":null,"31":0.013324,"32":0.006662,"33":null,"34":null,"35":0.013324,"36":null,"37":0.006662,"38":0.09993,"39":0.159888,"40":0.039972,"41":0.006662,"42":0.226508,"43":0.353086,"44":0.126578,"45":0.806102,"46":3.73072,"47":0.26648,"48":null,"49":null},"opera":{"9":null,"9.5-9.6":null,"10.0-10.1":0,"10.5":null,"10.6":null,"11":null,"11.1":null,"11.5":null,"11.6":null,"12":null,"12.1":0.019986,"15":null,"16":null,"17":null,"18":null,"19":null,"20":null,"21":null,"22":null,"23":null,"24":null,"25":null,"26":null,"27":0.013324,"28":null,"29":0.059958,"30":null,"31":null,"32":null,"33":0.006662,"34":null,"35":0.03331,"36":0.139902,"37":0.46634,"38":null,"39":null},"safari":{"3.1":null,"3.2":null,"4":0.093268,"5":0.013324,"5.1":0.219846,"6":null,"6.1":0.019986,"7":0.09993,"7.1":0.026648,"8":0.13324,"9":0.246494,"9.1":0.672862,"0":null},"ios_saf":{"3.2":0,"4.0-4.1":0,"4.2-4.3":0,"5.0-5.1":0,"6.0-6.1":0.00712349686742,"7.0-7.1":0.0706650889248,"8":0,"8.1-8.4":0.180082000808,"9.0-9.2":0.376975454224,"9.3":2.18491895918},"android":{"2.1":0,"2.2":0,"2.3":0.0268873895514,"3":0,"4":0.165165392959,"4.1":0.570396764055,"4.2-4.3":1.31748208802,"4.4":2.99026182368,"4.4.3-4.4.4":1.69390554174,"50":null},"op_mob":{"10":0,"11":0,"11.1":0,"11.5":0,"12":0,"12.1":9.73526381855e-5,"0":0.00238513963555},"ie":{"5.5":null,"6":0.006662,"7":null,"8":0.286466,"9":0.23317,"10":0.419706,"11":5.649376},"bb":{"7":0.44465525,"10":null},"ie_mob":{"10":0.294387987097,"11":0.766778012903},"edge":{"12":4.756668,"13":3.637452,"14":0.006662},"and_ff":{"0":0.003337},"and_uc":{"0":1.681848},"op_mini":{"5.0-8.0":1.12208650773},"and_chr":{"0":21.193194}},"total":95.05729525}