{"id":"VE","name":"Venezuela","month":"2016-05","access_date":"2016-06-03","data":{"chrome":{"4":null,"5":null,"6":0.120448,"7":null,"8":0.007528,"9":null,"10":null,"11":0.052696,"12":0.022584,"13":0.022584,"14":null,"15":null,"16":null,"17":null,"18":0.015056,"19":null,"20":0.067752,"21":0.022584,"22":0.015056,"23":0.007528,"24":0.03764,"25":0.015056,"26":0.030112,"27":0.045168,"28":0.015056,"29":1.1292,"30":0.022584,"31":0.052696,"32":0.03764,"33":0.030112,"34":0.045168,"35":0.060224,"36":0.082808,"37":0.07528,"38":0.082808,"39":0.105392,"40":0.060224,"41":0.173144,"42":0.067752,"43":0.22584,"44":0.240896,"45":0.26348,"46":0.474264,"47":0.572128,"48":0.654936,"49":10.207968,"50":36.495744,"51":0.7528,"52":0.052696,"53":null,"54":null},"firefox":{"2":0.052696,"3":0.045168,"3.5":0.015056,"3.6":0.346288,"4":0.015056,"5":0.007528,"6":0.052696,"7":null,"8":0.858192,"9":null,"10":0.007528,"11":0.015056,"12":0.030112,"13":0.022584,"14":0.022584,"15":0.007528,"16":0.022584,"17":0.007528,"18":0.007528,"19":0.007528,"20":0.030112,"21":0.015056,"22":0.015056,"23":0.090336,"24":0.015056,"25":0.022584,"26":0.105392,"27":0.255952,"28":0.022584,"29":0.03764,"30":0.045168,"31":0.090336,"32":0.022584,"33":0.045168,"34":0.045168,"35":0.060224,"36":0.045168,"37":0.067752,"38":0.127976,"39":0.120448,"40":0.173144,"41":0.11292,"42":0.15056,"43":0.511904,"44":0.286064,"45":1.821776,"46":7.655976,"47":0.105392,"48":0.015056,"49":null},"opera":{"9":null,"9.5-9.6":null,"10.0-10.1":0,"10.5":null,"10.6":null,"11":null,"11.1":null,"11.5":null,"11.6":null,"12":null,"12.1":0.030112,"15":null,"16":null,"17":null,"18":null,"19":null,"20":null,"21":null,"22":null,"23":null,"24":null,"25":null,"26":null,"27":null,"28":null,"29":0.015056,"30":null,"31":null,"32":null,"33":0.007528,"34":0.015056,"35":0.030112,"36":0.210784,"37":0.542016,"38":null,"39":null},"safari":{"3.1":null,"3.2":null,"4":0.022584,"5":0.03764,"5.1":0.045168,"6":0.007528,"6.1":0.03764,"7":0.015056,"7.1":0.015056,"8":0.090336,"9":0.15056,"9.1":0.33876,"0":null},"ios_saf":{"3.2":0,"4.0-4.1":0,"4.2-4.3":0,"5.0-5.1":0,"6.0-6.1":0.00562045270816,"7.0-7.1":0.055754890865,"8":0,"8.1-8.4":0.142085044462,"9.0-9.2":0.297434357316,"9.3":1.72390525465},"android":{"2.1":0,"2.2":0,"2.3":0.0257742146508,"3":0,"4":0.158327318569,"4.1":0.546781553663,"4.2-4.3":1.26293651789,"4.4":2.86646087223,"4.4.3-4.4.4":1.623775523,"50":null},"op_mob":{"10":0,"11":0,"11.1":0,"11.5":0,"12":0,"12.1":0.000191956369303,"0":0.00470293104792},"ie":{"5.5":null,"6":0.0314653483146,"7":0.023599011236,"8":0.487712898876,"9":0.228123775281,"10":0.204524764045,"11":1.82499020225},"bb":{"7":0.375126,"10":null},"ie_mob":{"10":0.189275458065,"11":0.492996541935},"edge":{"12":0.11292,"13":0.511904,"14":null},"and_ff":{"0":0.103824},"and_uc":{"0":0.393048},"op_mini":{"5.0-8.0":2.21248911258},"and_chr":{"0":13.637304}},"total":97.27247}