{"id":"VI","name":"Virgin Islands (US)","month":"2016-05","access_date":"2016-06-03","data":{"chrome":{"4":null,"5":null,"6":null,"7":null,"8":null,"9":null,"10":null,"11":0.020732,"12":0.010366,"13":null,"14":null,"15":null,"16":null,"17":null,"18":null,"19":null,"20":null,"21":null,"22":0.025915,"23":null,"24":0.010366,"25":null,"26":null,"27":0.031098,"28":0.025915,"29":0.020732,"30":0.010366,"31":0.010366,"32":0.025915,"33":0.015549,"34":0.057013,"35":0.031098,"36":0.046647,"37":0.025915,"38":0.005183,"39":0.036281,"40":0.020732,"41":0.41464,"42":0.025915,"43":0.046647,"44":0.031098,"45":0.202137,"46":0.020732,"47":0.129575,"48":0.114026,"49":4.203413,"50":17.694762,"51":0.25915,"52":0.077745,"53":null,"54":null},"firefox":{"2":null,"3":null,"3.5":0.010366,"3.6":null,"4":0.010366,"5":null,"6":0.031098,"7":null,"8":null,"9":null,"10":0.025915,"11":null,"12":0.010366,"13":null,"14":0.010366,"15":null,"16":0.005183,"17":null,"18":null,"19":null,"20":null,"21":0.114026,"22":0.015549,"23":0.025915,"24":0.015549,"25":0.020732,"26":0.005183,"27":0.010366,"28":0.010366,"29":0.010366,"30":0.005183,"31":0.020732,"32":0.010366,"33":0.010366,"34":0.020732,"35":0.020732,"36":0.015549,"37":0.088111,"38":0.05183,"39":0.010366,"40":0.015549,"41":0.020732,"42":0.072562,"43":0.145124,"44":0.108843,"45":1.238737,"46":5.240013,"47":0.072562,"48":null,"49":0.015549},"opera":{"9":null,"9.5-9.6":null,"10.0-10.1":0,"10.5":null,"10.6":null,"11":null,"11.1":null,"11.5":null,"11.6":0.005183,"12":0.020732,"12.1":0.025915,"15":null,"16":null,"17":null,"18":null,"19":null,"20":null,"21":null,"22":null,"23":null,"24":null,"25":null,"26":null,"27":null,"28":0.139941,"29":0.010366,"30":null,"31":null,"32":null,"33":null,"34":null,"35":0.015549,"36":0.025915,"37":0.082928,"38":null,"39":null},"safari":{"3.1":null,"3.2":null,"4":0.010366,"5":0.031098,"5.1":0.367993,"6":0.005183,"6.1":0.186588,"7":0.046647,"7.1":0.057013,"8":0.347261,"9":0.88111,"9.1":2.036919,"0":null},"ios_saf":{"3.2":0,"4.0-4.1":0,"4.2-4.3":0,"5.0-5.1":0,"6.0-6.1":0.0417398696443,"7.0-7.1":0.414059506871,"8":0,"8.1-8.4":1.05518390461,"9.0-9.2":2.20887390158,"9.3":12.8024528173},"android":{"2.1":0,"2.2":0,"2.3":0.00852070130608,"3":0,"4":0.0523414508802,"4.1":0.180760591993,"4.2-4.3":0.417514363998,"4.4":0.94762370954,"4.4.3-4.4.4":0.536804182283,"50":null},"op_mob":{"10":0,"11":0,"11.1":0,"11.5":0,"12":0,"12.1":2.0016101805e-5,"0":0.000490394494222},"ie":{"5.5":null,"6":null,"7":null,"8":0.571014837041,"9":0.545059617175,"10":0.503531265391,"11":8.41468228039},"bb":{"7":0.6864225,"10":null},"ie_mob":{"10":1.20002347097,"11":3.12564252903},"edge":{"12":0.523483,"13":3.83542,"14":null},"and_ff":{"0":0.419079},"and_uc":{"0":0.187863},"op_mini":{"5.0-8.0":0.230705589404},"and_chr":{"0":18.664931}},"total":93.0363295}