{"id":"VN","name":"Viet Nam","month":"2016-05","access_date":"2016-06-03","data":{"chrome":{"4":null,"5":null,"6":null,"7":null,"8":null,"9":null,"10":0.013146,"11":0.039438,"12":0.013146,"13":null,"14":null,"15":null,"16":0.006573,"17":0.013146,"18":null,"19":0.013146,"20":0.006573,"21":0.013146,"22":0.046011,"23":0.013146,"24":null,"25":0.013146,"26":0.026292,"27":0.006573,"28":0.026292,"29":3.115602,"30":0.013146,"31":0.078876,"32":0.026292,"33":0.039438,"34":0.052584,"35":0.019719,"36":0.032865,"37":0.026292,"38":0.046011,"39":0.105168,"40":0.046011,"41":0.105168,"42":0.078876,"43":0.216909,"44":0.216909,"45":0.276066,"46":0.999096,"47":0.966231,"48":0.907074,"49":5.698791,"50":21.119049,"51":0.440391,"52":0.072303,"53":null,"54":null},"firefox":{"2":null,"3":0.085449,"3.5":0.006573,"3.6":0.026292,"4":0.026292,"5":0.019719,"6":0.210336,"7":null,"8":0.006573,"9":0.013146,"10":0.019719,"11":0.013146,"12":0.039438,"13":0.006573,"14":0.013146,"15":0.032865,"16":0.006573,"17":0.013146,"18":0.013146,"19":0.019719,"20":0.026292,"21":0.013146,"22":0.026292,"23":0.019719,"24":0.013146,"25":null,"26":0.013146,"27":0.006573,"28":0.013146,"29":0.026292,"30":0.026292,"31":0.032865,"32":0.019719,"33":0.039438,"34":0.026292,"35":0.026292,"36":0.06573,"37":0.026292,"38":0.072303,"39":0.098595,"40":0.06573,"41":0.105168,"42":0.256347,"43":0.315504,"44":0.19719,"45":0.795333,"46":3.976665,"47":0.138033,"48":null,"49":0.006573},"opera":{"9":null,"9.5-9.6":null,"10.0-10.1":0,"10.5":null,"10.6":null,"11":null,"11.1":null,"11.5":null,"11.6":null,"12":null,"12.1":0.039438,"15":null,"16":null,"17":null,"18":null,"19":null,"20":null,"21":null,"22":null,"23":null,"24":null,"25":null,"26":null,"27":null,"28":0.006573,"29":null,"30":null,"31":null,"32":0.006573,"33":0.019719,"34":0.052584,"35":0.013146,"36":0.059157,"37":0.177471,"38":null,"39":null},"safari":{"3.1":null,"3.2":null,"4":0.059157,"5":0.013146,"5.1":0.026292,"6":0.006573,"6.1":0.013146,"7":0.032865,"7.1":0.013146,"8":0.13146,"9":0.236628,"9.1":0.538986,"0":null},"ios_saf":{"3.2":0,"4.0-4.1":0,"4.2-4.3":0,"5.0-5.1":0,"6.0-6.1":0.0303619871665,"7.0-7.1":0.301190912692,"8":0,"8.1-8.4":0.76755103557,"9.0-9.2":1.60675636085,"9.3":9.31262870372},"android":{"2.1":0,"2.2":0,"2.3":0.00961739579784,"3":0,"4":0.0590782884725,"4.1":0.204026182283,"4.2-4.3":0.471252394094,"4.4":1.06959180409,"4.4.3-4.4.4":0.605895935264,"50":null},"op_mob":{"10":0,"11":0,"11.1":0,"11.5":0,"12":0,"12.1":6.37843570099e-5,"0":0.00156271674674},"ie":{"5.5":0.00816812133891,"6":0.171530548117,"7":0.0408406066946,"8":1.6581286318,"9":0.400237945607,"10":0.490087280335,"11":1.11086450209},"bb":{"7":0.099383,"10":null},"ie_mob":{"10":0.696874922581,"11":1.81511607742},"edge":{"12":0.06573,"13":0.276066,"14":0.006573},"and_ff":{"0":0.03427},"and_uc":{"0":2.745027},"op_mini":{"5.0-8.0":0.735178498896},"and_chr":{"0":12.918025}},"total":81.126343636}