{"id":"WF","name":"Wallis and Futuna","month":"2016-05","access_date":"2016-06-03","data":{"chrome":{"4":null,"5":null,"6":null,"7":null,"8":null,"9":null,"10":null,"11":0.01749,"12":0.01749,"13":null,"14":null,"15":null,"16":null,"17":null,"18":null,"19":null,"20":null,"21":null,"22":null,"23":null,"24":null,"25":0.1166,"26":null,"27":null,"28":0.01749,"29":null,"30":null,"31":null,"32":null,"33":null,"34":0.08162,"35":null,"36":null,"37":null,"38":null,"39":null,"40":0.04081,"41":null,"42":null,"43":0.09911,"44":0.0583,"45":0.01749,"46":0.01749,"47":null,"48":0.04081,"49":4.20343,"50":20.86557,"51":0.08162,"52":null,"53":null,"54":null},"firefox":{"2":null,"3":null,"3.5":null,"3.6":0.18073,"4":null,"5":null,"6":null,"7":null,"8":null,"9":null,"10":null,"11":0.01749,"12":null,"13":null,"14":0.13992,"15":null,"16":null,"17":0.19822,"18":null,"19":null,"20":null,"21":null,"22":null,"23":1.31175,"24":null,"25":null,"26":null,"27":null,"28":null,"29":null,"30":null,"31":0.08162,"32":null,"33":null,"34":null,"35":0.01749,"36":null,"37":0.01749,"38":0.53636,"39":0.04081,"40":null,"41":null,"42":null,"43":0.55385,"44":0.23903,"45":3.74869,"46":14.3418,"47":0.19822,"48":null,"49":null},"opera":{"9":null,"9.5-9.6":null,"10.0-10.1":0,"10.5":null,"10.6":null,"11":null,"11.1":null,"11.5":null,"11.6":null,"12":null,"12.1":null,"15":null,"16":null,"17":null,"18":null,"19":null,"20":null,"21":null,"22":null,"23":null,"24":null,"25":null,"26":null,"27":null,"28":null,"29":null,"30":0.01749,"31":null,"32":null,"33":null,"34":0.09911,"35":null,"36":0.04081,"37":0.08162,"38":null,"39":null},"safari":{"3.1":null,"3.2":null,"4":0,"5":null,"5.1":null,"6":0.04081,"6.1":0.01749,"7":null,"7.1":0.09911,"8":0.65296,"9":0.9911,"9.1":0.85118,"0":null},"ios_saf":{"3.2":0,"4.0-4.1":0,"4.2-4.3":0,"5.0-5.1":0,"6.0-6.1":0.00368709579628,"7.0-7.1":0.0365759902991,"8":0,"8.1-8.4":0.09320978173,"9.0-9.2":0.195121109539,"9.3":1.13090602264},"android":{"2.1":0,"2.2":0,"2.3":0.0513021294719,"3":0,"4":0.31514165247,"4.1":1.08833803237,"4.2-4.3":2.51380434412,"4.4":5.70552968484,"4.4.3-4.4.4":3.23203415673,"50":null},"op_mob":{"10":0,"11":0,"11.1":0,"11.5":0,"12":0,"12.1":2.52694455266e-6,"0":6.19101415401e-5},"ie":{"5.5":null,"6":null,"7":null,"8":0.08162,"9":0.01749,"10":0.39644,"11":2.46026},"bb":{"7":0,"10":null},"ie_mob":{"10":0.00809787096774,"11":0.0210921290323},"edge":{"12":0.19822,"13":0.8745,"14":null},"and_ff":{"0":0.14595},"and_uc":{"0":0.02919},"op_mini":{"5.0-8.0":0.0291255629139},"and_chr":{"0":23.01768}},"total":91.83585}