{"id":"WS","name":"Samoa","month":"2016-01","access_date":"2016-02-03","data":{"firefox":{"2":0,"3":0.052875,"3.5":0.005875,"3.6":0.0705,"4":0.78725,"5":0.005875,"6":2.778875,"7":0,"8":0.005875,"9":0,"10":0.3055,"11":0.017625,"12":0.135125,"13":0.005875,"14":0.041125,"15":0.017625,"16":0.43475,"17":0.03525,"18":0.3525,"19":0.69325,"20":0.0235,"21":0.017625,"22":0,"23":0,"24":4.235875,"25":0.346625,"26":1.081,"27":0.0235,"28":0.064625,"29":0.076375,"30":0.4465,"31":0.041125,"32":0.01175,"33":6.4625,"34":0.405375,"35":1.310125,"36":0.24675,"37":0.123375,"38":0.235,"39":0.370125,"40":2.179625,"41":0.38775,"42":5.140625,"43":6.157,"44":0.311375,"45":0.017625,"46":0.047,"47":0},"chrome":{"4":0,"5":0,"6":0,"7":0,"8":0,"9":0,"10":0,"11":0,"12":0.0235,"13":0,"14":0.094,"15":0,"16":0,"17":0,"18":0,"19":0,"20":0,"21":0,"22":0,"23":0,"24":0,"25":0,"26":0.005875,"27":0.240875,"28":0,"29":0,"30":0.01175,"31":0.047,"32":0.017625,"33":0.017625,"34":0.029375,"35":0.088125,"36":0.088125,"37":0,"38":0.01175,"39":0,"40":0.005875,"41":0,"42":0.005875,"43":0.346625,"44":0.08225,"45":0.094,"46":0.1645,"47":11.66775,"48":0.628625,"49":0.017625,"50":0,"51":0},"opera":{"9":0,"9.5-9.6":0,"10.0-10.1":0,"10.5":0,"10.6":0,"11":0,"11.1":0,"11.5":0,"11.6":0,"12":0,"12.1":0,"15":0,"16":0,"17":0,"18":0,"19":0,"20":0,"21":0,"22":0,"23":0,"24":0,"25":0,"26":0,"27":0,"28":0,"29":0,"30":0,"31":0,"32":0,"33":0.005875,"34":0.041125,"35":0,"36":0},"safari":{"3.1":0,"3.2":0,"4":0,"5":0.005875,"5.1":0.017625,"6":0,"6.1":0.005875,"7":0.01175,"7.1":0.041125,"8":0.12925,"9":0.229125,"9.1":0},"android":{"2.1":0,"2.2":0,"2.3":0.0204862911796,"3":0,"4":0.0851461477152,"4.1":0.29128945271,"4.2-4.3":0.648519155154,"4.4":1.29063634431,"4.4.3-4.4.4":0.676047608927,"47":null},"ios_saf":{"3.2":0,"4.0-4.1":0,"4.2-4.3":0,"5.0-5.1":0,"6.0-6.1":0,"7.0-7.1":0.0572571984135,"8":0.00401543988874,"8.1-8.4":0.163591995467,"9.0-9.2":1.21876036623,"9.3":null},"op_mob":{"10":0,"11":0,"11.1":0,"11.5":0,"12":0.00176367989056,"12.1":0.00176367989056,"0":0.0934750341997},"ie":{"5.5":0,"6":0.005875,"7":0,"8":1.850625,"9":0.55225,"10":0.7755,"11":3.683625},"bb":{"7":0.00825,"10":null},"ie_mob":{"10":0.0358424369748,"11":0.158032563025},"edge":{"12":0.064625,"13":0.017625,"14":0},"and_uc":{"0":7.123875},"op_mini":{"5.0-8.0":23.539247606},"and_chr":{"0":7.266125},"and_ff":{"0":0.00825}},"total":99.327375}