{"id":"YE","name":"Yemen","month":"2016-05","access_date":"2016-06-03","data":{"chrome":{"4":0.003004,"5":0.006008,"6":0.012016,"7":0.012016,"8":0.01502,"9":null,"10":0.009012,"11":0.096128,"12":0.024032,"13":0.012016,"14":0.024032,"15":0.018024,"16":0.009012,"17":0.018024,"18":0.012016,"19":0.027036,"20":0.012016,"21":0.006008,"22":0.10514,"23":0.12016,"24":0.048064,"25":0.024032,"26":0.01502,"27":0.081108,"28":0.024032,"29":0.084112,"30":0.057076,"31":0.576768,"32":0.108144,"33":0.234312,"34":0.162216,"35":0.096128,"36":0.087116,"37":0.09012,"38":0.051068,"39":0.246328,"40":0.174232,"41":0.174232,"42":0.051068,"43":0.387516,"44":0.42056,"45":0.351468,"46":0.312416,"47":0.456608,"48":0.378504,"49":2.322092,"50":8.930892,"51":0.16522,"52":0.036048,"53":null,"54":null},"firefox":{"2":0.003004,"3":0.093124,"3.5":null,"3.6":0.018024,"4":0.126168,"5":0.006008,"6":0.042056,"7":null,"8":0.033044,"9":0.027036,"10":0.033044,"11":0.021028,"12":0.036048,"13":0.04506,"14":0.006008,"15":0.057076,"16":0.04506,"17":0.021028,"18":0.102136,"19":0.054072,"20":0.027036,"21":0.048064,"22":0.054072,"23":0.072096,"24":0.048064,"25":0.036048,"26":0.183244,"27":0.048064,"28":0.042056,"29":0.102136,"30":0.13518,"31":0.102136,"32":0.18024,"33":0.153204,"34":0.129172,"35":0.201268,"36":0.21028,"37":0.16522,"38":0.336448,"39":0.192256,"40":0.234312,"41":0.462616,"42":0.159212,"43":0.832108,"44":0.42056,"45":1.183576,"46":2.772692,"47":0.111148,"48":null,"49":null},"opera":{"9":null,"9.5-9.6":null,"10.0-10.1":0,"10.5":null,"10.6":null,"11":null,"11.1":null,"11.5":null,"11.6":null,"12":null,"12.1":null,"15":null,"16":null,"17":0.003004,"18":0.018024,"19":0.021028,"20":0.003004,"21":null,"22":0.003004,"23":null,"24":null,"25":null,"26":0.003004,"27":0.006008,"28":0.012016,"29":0.06008,"30":0.03004,"31":0.009012,"32":0.04506,"33":0.03004,"34":0.0751,"35":0.066088,"36":0.069092,"37":0.027036,"38":null,"39":null},"safari":{"3.1":null,"3.2":null,"4":0,"5":0.01502,"5.1":0.006008,"6":null,"6.1":null,"7":0.01502,"7.1":null,"8":0.057076,"9":0.042056,"9.1":0.033044,"0":null},"ios_saf":{"3.2":0,"4.0-4.1":0,"4.2-4.3":0,"5.0-5.1":0,"6.0-6.1":0.0120888843977,"7.0-7.1":0.119921733226,"8":0,"8.1-8.4":0.305606997575,"9.0-9.2":0.639743762328,"9.3":3.70790262247},"android":{"2.1":0,"2.2":0,"2.3":0.0562023918228,"3":0,"4":0.345243264055,"4.1":1.19229359796,"4.2-4.3":2.75391719932,"4.4":6.25050886201,"4.4.3-4.4.4":3.54075068484,"50":null},"op_mob":{"10":0,"11":0,"11.1":0,"11.5":0,"12":0,"12.1":0.00091753798208,"0":0.022479680561},"ie":{"5.5":null,"6":0.0185498992042,"7":0.00618329973475,"8":0.287523437666,"9":0.0865661962865,"10":0.12984929443,"11":0.636879872679},"bb":{"7":0.006996,"10":null},"ie_mob":{"10":0.0504614709677,"11":0.131434529032},"edge":{"12":0.063084,"13":0.06008,"14":null},"and_ff":{"0":0.097944},"and_uc":{"0":22.359216},"op_mini":{"5.0-8.0":10.5755427815},"and_chr":{"0":16.627192}},"total":96.832696}