{"id":"YT","name":"Mayotte","month":"2016-05","access_date":"2016-06-03","data":{"chrome":{"4":null,"5":null,"6":null,"7":null,"8":null,"9":null,"10":null,"11":0.028348,"12":null,"13":null,"14":null,"15":null,"16":null,"17":null,"18":0.014174,"19":null,"20":null,"21":0.021261,"22":0.007087,"23":null,"24":0.021261,"25":null,"26":0.007087,"27":0.007087,"28":0.007087,"29":0.035435,"30":0.056696,"31":0.042522,"32":0.035435,"33":0.007087,"34":0.007087,"35":0.035435,"36":0.205523,"37":0.028348,"38":0.014174,"39":0.035435,"40":0.092131,"41":0.028348,"42":0.042522,"43":0.375611,"44":0.177175,"45":0.276393,"46":0.07087,"47":0.07087,"48":0.375611,"49":4.315983,"50":29.559877,"51":0.644917,"52":0.042522,"53":null,"54":null},"firefox":{"2":null,"3":null,"3.5":null,"3.6":0.056696,"4":null,"5":null,"6":null,"7":null,"8":null,"9":null,"10":null,"11":null,"12":null,"13":0.014174,"14":null,"15":0.014174,"16":0.099218,"17":1.325269,"18":null,"19":0.007087,"20":null,"21":null,"22":0.014174,"23":0.014174,"24":0.056696,"25":0.007087,"26":0.035435,"27":null,"28":null,"29":0.042522,"30":0.021261,"31":0.049609,"32":0.028348,"33":0.035435,"34":0.07087,"35":0.042522,"36":0.163001,"37":0.049609,"38":0.219697,"39":0.021261,"40":0.163001,"41":0.049609,"42":0.042522,"43":0.687439,"44":0.262219,"45":3.019062,"46":11.183286,"47":0.099218,"48":0.035435,"49":null},"opera":{"9":null,"9.5-9.6":null,"10.0-10.1":0.007087,"10.5":null,"10.6":null,"11":null,"11.1":null,"11.5":null,"11.6":null,"12":null,"12.1":0.007087,"15":null,"16":null,"17":null,"18":null,"19":null,"20":null,"21":null,"22":null,"23":null,"24":null,"25":null,"26":null,"27":null,"28":null,"29":null,"30":null,"31":null,"32":null,"33":null,"34":null,"35":0.035435,"36":0.248045,"37":1.296921,"38":null,"39":null},"safari":{"3.1":null,"3.2":null,"4":0.007087,"5":0.056696,"5.1":0.318915,"6":0.014174,"6.1":0.077957,"7":0.056696,"7.1":null,"8":0.297654,"9":0.616569,"9.1":1.48827,"0":null},"ios_saf":{"3.2":0,"4.0-4.1":0,"4.2-4.3":0,"5.0-5.1":0,"6.0-6.1":0.00507773342765,"7.0-7.1":0.0503711156023,"8":0,"8.1-8.4":0.128365101051,"9.0-9.2":0.268713652991,"9.3":1.55744239693},"android":{"2.1":0,"2.2":0,"2.3":0.0126445042589,"3":0,"4":0.0776733833049,"4.1":0.268244126065,"4.2-4.3":0.619580708688,"4.4":1.40624950937,"4.4.3-4.4.4":0.796603768313,"50":null},"op_mob":{"10":0,"11":0,"11.1":0,"11.5":0,"12":0,"12.1":0.000291766523828,"0":0.00714827983379},"ie":{"5.5":null,"6":0.276393,"7":0.028348,"8":0.099218,"9":0.113392,"10":0.255132,"11":4.124634},"bb":{"7":0.026217,"10":null},"ie_mob":{"10":0.197990032258,"11":0.515694967742},"edge":{"12":0.361437,"13":2.225318,"14":0.014174},"and_ff":{"0":0.020391},"and_uc":{"0":1.645845},"op_mini":{"5.0-8.0":3.36290095364},"and_chr":{"0":18.325362}},"total":95.938955}