{"id":"ZM","name":"Zambia","month":"2016-01","access_date":"2016-02-03","data":{"firefox":{"2":0.00112,"3":0.02128,"3.5":0.00448,"3.6":0.01008,"4":0.0112,"5":0.00672,"6":0.0056,"7":0.00672,"8":0.01232,"9":0.01008,"10":0.01232,"11":0.00896,"12":0.02464,"13":0.00896,"14":0.01232,"15":0.01792,"16":0.01568,"17":0.00672,"18":0.01904,"19":0.01008,"20":0.0112,"21":0.028,"22":0.00896,"23":0.00672,"24":0.00896,"25":0.00784,"26":0.00784,"27":0.0168,"28":0.01008,"29":0.0224,"30":0.01792,"31":0.02128,"32":0.01232,"33":0.01568,"34":0.02016,"35":0.02016,"36":0.01792,"37":0.07056,"38":0.04928,"39":0.03808,"40":0.04256,"41":0.056,"42":0.13328,"43":1.5904,"44":0.24976,"45":0.00672,"46":0.00336,"47":0},"chrome":{"4":0.00224,"5":0.00112,"6":0.00112,"7":0.00112,"8":0,"9":0.00224,"10":0.00224,"11":0.02016,"12":0.00336,"13":0.00336,"14":0.00112,"15":0.00336,"16":0.00112,"17":0.00112,"18":0.00112,"19":0,"20":0.00112,"21":0.0112,"22":0.00336,"23":0.00112,"24":0.00112,"25":0.00784,"26":0.03136,"27":0.0056,"28":0.00784,"29":0.00784,"30":0.00224,"31":0.03248,"32":0.00448,"33":0.01232,"34":0.00448,"35":0.00896,"36":0.01344,"37":0.00896,"38":0.00896,"39":0.02464,"40":0.01568,"41":0.03136,"42":0.03584,"43":0.05824,"44":0.13776,"45":0.09184,"46":0.05264,"47":2.65552,"48":0.23184,"49":0.03248,"50":0,"51":0},"opera":{"9":0,"9.5-9.6":0.00112,"10.0-10.1":0.00112,"10.5":0.00224,"10.6":0.00336,"11":0.00448,"11.1":0.00224,"11.5":0.00672,"11.6":0.01344,"12":0.0112,"12.1":0.06048,"15":0.00224,"16":0.00336,"17":0.00336,"18":0.00224,"19":0.00112,"20":0.00224,"21":0.00112,"22":0.00224,"23":0.00112,"24":0.00112,"25":0,"26":0.00112,"27":0.00112,"28":0.02016,"29":0.00784,"30":0.01904,"31":0.00336,"32":0.02912,"33":0.03248,"34":0.44912,"35":0.00448,"36":0},"safari":{"3.1":0,"3.2":0,"4":0.00112,"5":0.01008,"5.1":0.0336,"6":0.00448,"6.1":0.00784,"7":0.0168,"7.1":0.01568,"8":0.03808,"9":0.17808,"9.1":0},"android":{"2.1":0,"2.2":0,"2.3":0.0240835876727,"3":0,"4":0.100097411265,"4.1":0.342438512221,"4.2-4.3":0.762396072264,"4.4":1.51726602338,"4.4.3-4.4.4":0.794758393199,"47":null},"ios_saf":{"3.2":0,"4.0-4.1":0,"4.2-4.3":0,"5.0-5.1":0,"6.0-6.1":0,"7.0-7.1":0.0459223653034,"8":0.00322052951478,"8.1-8.4":0.13120675801,"9.0-9.2":0.977490347172,"9.3":null},"op_mob":{"10":0,"11":0,"11.1":0,"11.5":0,"12":0.00485092500933,"12.1":0.00485092500933,"0":0.257099025494},"ie":{"5.5":0,"6":0.00568731396173,"7":0.00568731396173,"8":0.262753905032,"9":0.0909970233877,"10":0.216117930546,"11":1.01689173636},"bb":{"7":0.23754,"10":null},"ie_mob":{"10":0.298785882353,"11":1.31737411765},"edge":{"12":0.13216,"13":0.09184,"14":0},"and_uc":{"0":10.72704},"op_mini":{"5.0-8.0":64.7436791245},"and_chr":{"0":5.02064},"and_ff":{"0":0.02664}},"total":96.4675152232}