{"id":"ZM","name":"Zambia","month":"2016-05","access_date":"2016-06-03","data":{"chrome":{"4":null,"5":null,"6":null,"7":null,"8":null,"9":null,"10":0.00214,"11":0.02782,"12":0.00642,"13":0.00428,"14":null,"15":null,"16":0.00214,"17":null,"18":null,"19":null,"20":null,"21":0.00856,"22":0.00214,"23":null,"24":null,"25":0.00856,"26":0.03424,"27":0.00214,"28":0.00856,"29":0.0107,"30":0.00642,"31":0.02996,"32":0.00642,"33":0.02354,"34":0.00856,"35":0.00642,"36":0.0214,"37":0.00642,"38":0.01284,"39":0.01712,"40":0.0214,"41":0.0321,"42":0.0214,"43":0.11342,"44":0.11556,"45":0.15836,"46":0.0428,"47":0.05992,"48":0.32742,"49":0.78324,"50":5.93636,"51":0.10272,"52":0.04066,"53":null,"54":null},"firefox":{"2":0.00214,"3":0.01498,"3.5":0.00642,"3.6":0.01284,"4":0.02782,"5":0.01498,"6":0.00642,"7":0.00642,"8":0.01284,"9":0.01498,"10":0.02568,"11":0.0214,"12":0.04922,"13":0.01926,"14":0.03638,"15":0.0214,"16":0.01498,"17":0.01498,"18":0.0107,"19":0.01712,"20":0.02568,"21":0.02996,"22":0.0107,"23":0.01284,"24":0.00856,"25":0.0107,"26":0.01498,"27":0.01498,"28":0.01712,"29":0.05136,"30":0.0321,"31":0.02568,"32":0.01284,"33":0.03852,"34":0.02568,"35":0.02996,"36":0.02354,"37":0.08346,"38":0.05992,"39":0.04708,"40":0.05136,"41":0.0428,"42":0.04708,"43":0.36594,"44":0.2782,"45":0.87954,"46":3.25922,"47":0.47294,"48":0.00642,"49":0.00428},"opera":{"9":null,"9.5-9.6":null,"10.0-10.1":0,"10.5":null,"10.6":0.00214,"11":0.00214,"11.1":0.00428,"11.5":0.00428,"11.6":0.01498,"12":0.01284,"12.1":0.02782,"15":0.00428,"16":null,"17":0.00214,"18":0.00642,"19":null,"20":0.00428,"21":0.00214,"22":null,"23":null,"24":null,"25":null,"26":0.00214,"27":null,"28":0.0107,"29":0.00428,"30":0.00428,"31":0.00428,"32":0.00642,"33":0.00856,"34":0.02568,"35":0.04922,"36":0.1819,"37":0.4922,"38":null,"39":null},"safari":{"3.1":null,"3.2":null,"4":0.00428,"5":0.0107,"5.1":0.03852,"6":0.0107,"6.1":0.00856,"7":0.01712,"7.1":0.02568,"8":0.04494,"9":0.0963,"9.1":0.18832,"0":null},"ios_saf":{"3.2":0,"4.0-4.1":0,"4.2-4.3":0,"5.0-5.1":0,"6.0-6.1":0.00244266117623,"7.0-7.1":0.0242311988682,"8":0,"8.1-8.4":0.0617504745352,"9.0-9.2":0.129265629446,"9.3":0.749213035974},"android":{"2.1":0,"2.2":0,"2.3":0.0170611822828,"3":0,"4":0.104804405451,"4.1":0.361940795571,"4.2-4.3":0.835997931857,"4.4":1.89744720102,"4.4.3-4.4.4":1.07485448382,"50":null},"op_mob":{"10":0,"11":0,"11.1":0,"11.5":0,"12":0,"12.1":0.0044369752846,"0":0.108705894473},"ie":{"5.5":null,"6":0.0064405002661,"7":0.0107341671102,"8":0.472303352847,"9":0.405751516764,"10":0.420779350718,"11":2.71359744545},"bb":{"7":0.35177975,"10":null},"ie_mob":{"10":0.617164574194,"11":1.60749842581},"edge":{"12":0.22256,"13":0.43228,"14":0.00214},"and_ff":{"0":0.023583},"and_uc":{"0":8.914374},"op_mini":{"5.0-8.0":51.1405771302},"and_chr":{"0":7.211398}},"total":95.5941930832}