{"id":"ZW","name":"Zimbabwe","month":"2016-05","access_date":"2016-06-03","data":{"chrome":{"4":null,"5":null,"6":null,"7":null,"8":null,"9":null,"10":null,"11":0.01161,"12":0.001935,"13":0.00387,"14":null,"15":null,"16":0.001935,"17":null,"18":null,"19":null,"20":null,"21":0.009675,"22":0.001935,"23":null,"24":0.00387,"25":0.013545,"26":0.01161,"27":0.01161,"28":0.001935,"29":0.01935,"30":0.00387,"31":0.02709,"32":0.013545,"33":0.013545,"34":0.009675,"35":0.005805,"36":0.01935,"37":0.009675,"38":0.00774,"39":0.017415,"40":0.04644,"41":0.01548,"42":0.01161,"43":0.137385,"44":0.075465,"45":0.129645,"46":0.040635,"47":0.059985,"48":0.25542,"49":0.764325,"50":5.369625,"51":0.11223,"52":0.03483,"53":null,"54":null},"firefox":{"2":0.001935,"3":0.071595,"3.5":0.00774,"3.6":0.044505,"4":0.00774,"5":0.005805,"6":0.00387,"7":0.009675,"8":0.005805,"9":0.009675,"10":0.025155,"11":0.01935,"12":0.03096,"13":0.01161,"14":0.059985,"15":0.01548,"16":0.017415,"17":0.00387,"18":0.009675,"19":0.013545,"20":0.013545,"21":0.021285,"22":0.01161,"23":0.005805,"24":0.025155,"25":0.009675,"26":0.017415,"27":0.013545,"28":0.013545,"29":0.04257,"30":0.03483,"31":0.34056,"32":0.017415,"33":0.040635,"34":0.021285,"35":0.029025,"36":0.036765,"37":0.048375,"38":0.083205,"39":0.059985,"40":0.067725,"41":0.075465,"42":0.083205,"43":0.38313,"44":0.2709,"45":0.965565,"46":2.75157,"47":0.53793,"48":0.017415,"49":0.01161},"opera":{"9":null,"9.5-9.6":null,"10.0-10.1":0,"10.5":null,"10.6":0.00387,"11":0.00774,"11.1":0.001935,"11.5":0.00774,"11.6":0.021285,"12":0.01161,"12.1":0.0387,"15":0.00387,"16":0.005805,"17":null,"18":0.005805,"19":0.001935,"20":0.009675,"21":0.00387,"22":0.00387,"23":null,"24":null,"25":null,"26":0.005805,"27":null,"28":0.01161,"29":0.01161,"30":0.01161,"31":0.009675,"32":0.00774,"33":0.017415,"34":0.025155,"35":0.052245,"36":0.230265,"37":0.6579,"38":null,"39":null},"safari":{"3.1":null,"3.2":null,"4":0,"5":0.009675,"5.1":0.02709,"6":0.005805,"6.1":0.00387,"7":0.00774,"7.1":0.013545,"8":0.04257,"9":0.08127,"9.1":0.08514,"0":null},"ios_saf":{"3.2":0,"4.0-4.1":0,"4.2-4.3":0,"5.0-5.1":0,"6.0-6.1":0.00128342764753,"7.0-7.1":0.0127316022635,"8":0,"8.1-8.4":0.0324450509297,"9.0-9.2":0.0679189911075,"9.3":0.393652928052},"android":{"2.1":0,"2.2":0,"2.3":0.0100010085179,"3":0,"4":0.0614347666099,"4.1":0.212164252129,"4.2-4.3":0.490049417376,"4.4":1.11225501874,"4.4.3-4.4.4":0.630063536627,"50":null},"op_mob":{"10":0,"11":0,"11.1":0,"11.5":0,"12":0,"12.1":0.00567687728866,"0":0.139083493572},"ie":{"5.5":null,"6":0.005805,"7":0.00387,"8":0.462465,"9":0.22446,"10":0.454725,"11":1.84212},"bb":{"7":0.076608,"10":null},"ie_mob":{"10":0.40715396129,"11":1.06049403871},"edge":{"12":0.21285,"13":0.265095,"14":0.001935},"and_ff":{"0":0.024192},"and_uc":{"0":6.297984},"op_mini":{"5.0-8.0":65.4316876291},"and_chr":{"0":3.192291}},"total":98.277741}