{"id":"AE","name":"United Arab Emirates","month":"2015-06","access_date":"2015-07-23","data":{"chrome":{"4":0.008664,"5":0.004332,"6":0.004332,"7":0.008664,"8":0.004332,"9":0.004332,"10":0.012996,"11":0.030324,"12":0.02166,"13":0.004332,"14":0.012996,"15":0.004332,"16":0.008664,"17":0,"18":0.008664,"19":0.082308,"20":0.004332,"21":0.008664,"22":0.051984,"23":0.004332,"24":0.246924,"25":0.012996,"26":0.025992,"27":0.012996,"28":0.02166,"29":0.025992,"30":0.134292,"31":0.08664,"32":0.030324,"33":0.164616,"34":0.047652,"35":0.285912,"36":0.186276,"37":0.177612,"38":0.203604,"39":0.615144,"40":0.567492,"41":0.186276,"42":0.459192,"43":19.506996,"44":0.164616,"45":0.38988,"46":0,"47":0},"firefox":{"2":0.08664,"3":0.008664,"3.5":0,"3.6":0.012996,"4":0.004332,"5":0.004332,"6":0.008664,"7":0,"8":0,"9":0.004332,"10":0.004332,"11":0.012996,"12":0.012996,"13":0.004332,"14":0.004332,"15":0.08664,"16":0.008664,"17":0.004332,"18":0.08664,"19":0.008664,"20":0.004332,"21":0.08664,"22":0.004332,"23":0.090972,"24":0.004332,"25":0.17328,"26":0.008664,"27":0.004332,"28":0.004332,"29":0.008664,"30":0.012996,"31":0.077976,"32":0.047652,"33":0.02166,"34":0.034656,"35":0.038988,"36":0.051984,"37":0.116964,"38":2.638188,"39":0.212268,"40":0.004332,"41":0.004332,"42":0},"opera":{"9":0,"9.5-9.6":0,"10.0-10.1":0.077976,"10.5":0,"10.6":0,"11":0,"11.1":0,"11.5":0,"11.6":0.008664,"12":0,"12.1":0.034656,"15":0,"16":0,"17":0,"18":0,"19":0,"20":0,"21":0,"22":0,"23":0,"24":0,"25":0.004332,"26":0.004332,"27":0.004332,"28":0.008664,"29":0.2166,"30":0.446196,"31":0,"32":0},"safari":{"3.1":0,"3.2":0,"4":0.008664,"5":0.112632,"5.1":0.112632,"6":0.038988,"6.1":0.073644,"7":0.17328,"7.1":0.264252,"8":1.03968,"9":0},"android":{"2.1":0,"2.2":0,"2.3":0.0726783469893,"3":0,"4":0.214654652736,"4.1":0.733544246357,"4.2-4.3":1.45610223096,"4.4":2.55979898873,"4.4.3-4.4.4":1.11045753423,"40":null},"ios_saf":{"3.2":0,"4.0-4.1":0,"4.2-4.3":0,"5.0-5.1":0.0375403126904,"6.0-6.1":0.120737762437,"7.0-7.1":1.22158206701,"8":0.0720368162437,"8.1-8.4":8.54194304162,"9":null},"op_mob":{"10":0,"11":0,"11.1":0,"11.5":0,"12":0.00133725541126,"12.1":0.00200588311688,"0":0.0180529480519},"ie":{"5.5":0,"6":0.00869134848485,"7":0.0260740454545,"8":1.04296181818,"9":0.890863219697,"10":0.882171871212,"11":4.03278569697},"bb":{"7":0.12753,"10":null},"ie_mob":{"10":0.127461545894,"11":0.410998454106},"and_uc":{"0":29.099512},"op_mini":{"5.0-8.0":2.44985191342},"and_chr":{"0":12.518188},"edge":{"0":null},"and_ff":{"0":0.05668}},"total":98.324858}