{"id":"AF","name":"Afghanistan","month":"2015-06","access_date":"2015-07-23","data":{"chrome":{"4":0.015768,"5":0.007884,"6":0.007884,"7":0.003942,"8":0.015768,"9":0.003942,"10":0.035478,"11":0.102492,"12":0.027594,"13":0.015768,"14":0.015768,"15":0.023652,"16":0.01971,"17":0.007884,"18":0.003942,"19":0.011826,"20":0.007884,"21":0.035478,"22":0.01971,"23":0.023652,"24":0.031536,"25":0.047304,"26":0.01971,"27":0.027594,"28":0.031536,"29":0.031536,"30":0.074898,"31":0.05913,"32":0.015768,"33":0.094608,"34":0.055188,"35":0.082782,"36":0.244404,"37":0.13797,"38":0.106434,"39":0.441504,"40":0.248346,"41":0.141912,"42":0.37449,"43":12.440952,"44":0.220752,"45":0.228636,"46":0,"47":0},"firefox":{"2":0.011826,"3":0.047304,"3.5":0.01971,"3.6":0.134028,"4":0.094608,"5":0.015768,"6":0.03942,"7":0.023652,"8":0.035478,"9":0.070956,"10":0.090666,"11":0.074898,"12":0.106434,"13":0.047304,"14":0.067014,"15":0.03942,"16":0.035478,"17":0.067014,"18":0.05913,"19":0.055188,"20":0.063072,"21":0.051246,"22":0.047304,"23":0.027594,"24":0.189216,"25":0.070956,"26":0.051246,"27":0.051246,"28":0.035478,"29":0.185274,"30":0.1971,"31":0.189216,"32":0.15768,"33":0.25623,"34":0.228636,"35":0.25623,"36":0.185274,"37":0.555822,"38":5.739552,"39":0.662256,"40":0,"41":0.003942,"42":0},"opera":{"9":0,"9.5-9.6":0,"10.0-10.1":0.003942,"10.5":0,"10.6":0.003942,"11":0.007884,"11.1":0.003942,"11.5":0.003942,"11.6":0.023652,"12":0.015768,"12.1":0.106434,"15":0.011826,"16":0.011826,"17":0.007884,"18":0.015768,"19":0.003942,"20":0.015768,"21":0.007884,"22":0.011826,"23":0.003942,"24":0.007884,"25":0.011826,"26":0.015768,"27":0.011826,"28":0.03942,"29":0.37449,"30":0.429678,"31":0.007884,"32":0},"safari":{"3.1":0,"3.2":0,"4":0,"5":0.007884,"5.1":0.063072,"6":0.011826,"6.1":0.03942,"7":0.122202,"7.1":0.07884,"8":0.520344,"9":0},"android":{"2.1":0,"2.2":0,"2.3":0.171681986802,"3":0,"4":0.507060751718,"4.1":1.7327902854,"4.2-4.3":3.43962864256,"4.4":6.04679927935,"4.4.3-4.4.4":2.62314105417,"40":null},"ios_saf":{"3.2":0,"4.0-4.1":0,"4.2-4.3":0,"5.0-5.1":0.0322294341117,"6.0-6.1":0.103656828629,"7.0-7.1":1.04876320731,"8":0.0618456708629,"8.1-8.4":7.33350285909,"9":null},"op_mob":{"10":0,"11":0,"11.1":0,"11.5":0,"12":0.00652021753247,"12.1":0.0097803262987,"0":0.0880229366883},"ie":{"5.5":0,"6":0.098648206278,"7":0.14205341704,"8":1.27848075336,"9":0.840482717489,"10":0.954914636771,"11":4.60095234081},"bb":{"7":0.021203,"10":null},"ie_mob":{"10":0.0989473333333,"11":0.319054666667},"and_uc":{"0":7.620964},"op_mini":{"5.0-8.0":11.9450385195},"and_chr":{"0":17.785118},"edge":{"0":null},"and_ff":{"0":0.411944}},"total":97.2286430717}