{"id":"AG","name":"Antigua and Barbuda","month":"2015-06","access_date":"2015-07-23","data":{"chrome":{"4":0.12206,"5":0.05026,"6":0.02154,"7":0.05026,"8":0,"9":0.04308,"10":0.07898,"11":0.06462,"12":0.0359,"13":0.07898,"14":0.02872,"15":0.05026,"16":0.05026,"17":0,"18":0.02154,"19":0.05744,"20":0.07898,"21":0.02154,"22":0.0718,"23":0,"24":0.2513,"25":0,"26":0.01436,"27":0.22258,"28":0.12206,"29":0.08616,"30":0.04308,"31":0.30874,"32":0.05026,"33":0.1077,"34":0.13642,"35":0.2154,"36":0.81852,"37":1.3642,"38":0.47388,"39":0.63184,"40":0.17232,"41":0.29438,"42":0.6103,"43":22.37288,"44":0.28002,"45":0.30874,"46":0,"47":0},"firefox":{"2":0.05026,"3":0.1436,"3.5":0.12924,"3.6":0.16514,"4":0.17232,"5":0.1077,"6":0.05026,"7":0.07898,"8":0.02872,"9":0.02154,"10":0.08616,"11":0.07898,"12":0.06462,"13":0,"14":0.07898,"15":0.0359,"16":0.16514,"17":0.05026,"18":0.05744,"19":0.08616,"20":0.12206,"21":0.62466,"22":0.06462,"23":0.06462,"24":0.04308,"25":0.02872,"26":0.00718,"27":0.01436,"28":0.01436,"29":0.02154,"30":0.01436,"31":0.63902,"32":0.41644,"33":0.07898,"34":0.07898,"35":0.0359,"36":0.04308,"37":0.20822,"38":5.03318,"39":0.1436,"40":0,"41":0,"42":0},"opera":{"9":0.02872,"9.5-9.6":0.05026,"10.0-10.1":0.05026,"10.5":0,"10.6":0.02872,"11":0.13642,"11.1":0.11488,"11.5":0.20104,"11.6":0.0718,"12":0.18668,"12.1":0.20822,"15":0,"16":0,"17":0.00718,"18":0.00718,"19":0.01436,"20":0,"21":0,"22":0,"23":0,"24":0,"25":0.01436,"26":0.01436,"27":0,"28":0.05744,"29":0.71082,"30":0.26566,"31":0,"32":0},"safari":{"3.1":0,"3.2":0.01436,"4":0.07898,"5":0.20822,"5.1":0.20822,"6":0.05744,"6.1":0.26566,"7":1.93142,"7.1":0.54568,"8":2.57762,"9":0},"android":{"2.1":0,"2.2":0,"2.3":0.12563874072,"3":0,"4":0.371072559802,"4.1":1.26807473192,"4.2-4.3":2.51715756118,"4.4":4.42511332142,"4.4.3-4.4.4":1.91964308496,"40":null},"ios_saf":{"3.2":0,"4.0-4.1":0,"4.2-4.3":0,"5.0-5.1":0.0345253949239,"6.0-6.1":0.111041135025,"7.0-7.1":1.1234750132,"8":0.0662514335025,"8.1-8.4":7.85592702335,"9":null},"op_mob":{"10":0,"11":0,"11.1":0,"11.5":0,"12":0.000390649350649,"12.1":0.000585974025974,"0":0.00527376623377},"ie":{"5.5":0.0576504029304,"6":0.0360315018315,"7":0.108094505495,"8":0.929612747253,"9":0.85754974359,"10":0.980056849817,"11":8.81330534799},"bb":{"7":0.189645,"10":null},"ie_mob":{"10":0.19492057971,"11":0.62851942029},"and_uc":{"0":0.58656},"op_mini":{"5.0-8.0":0.71566961039},"and_chr":{"0":13.71386},"edge":{"0":null},"and_ff":{"0":0.27636}},"total":95.1276860989}