{"id":"AI","name":"Anguilla","month":"2015-06","access_date":"2015-07-23","data":{"chrome":{"4":0,"5":0.014434,"6":0,"7":0,"8":0,"9":0,"10":0,"11":0.007217,"12":0.007217,"13":0,"14":0.007217,"15":0,"16":0,"17":0,"18":0.043302,"19":0.043302,"20":0.007217,"21":0.064953,"22":0.137123,"23":0.014434,"24":0.021651,"25":0,"26":0.028868,"27":0,"28":0.007217,"29":0,"30":0.014434,"31":0.101038,"32":0.007217,"33":0.021651,"34":0.064953,"35":0.050519,"36":0.50519,"37":0.036085,"38":0.50519,"39":0.43302,"40":0.331982,"41":0.036085,"42":0.476322,"43":27.706063,"44":0.151557,"45":0.757785,"46":0,"47":0},"firefox":{"2":0.122689,"3":0.007217,"3.5":0,"3.6":0.014434,"4":0.007217,"5":0.007217,"6":0.014434,"7":0,"8":0,"9":0.007217,"10":0.014434,"11":0.036085,"12":0.028868,"13":0,"14":0.014434,"15":0.036085,"16":0.007217,"17":0,"18":0,"19":0,"20":0,"21":0.014434,"22":0.007217,"23":0.007217,"24":0.086604,"25":0.007217,"26":0,"27":0.007217,"28":0,"29":0.007217,"30":0.021651,"31":0.043302,"32":0.021651,"33":0.223727,"34":0.021651,"35":0.050519,"36":0.093821,"37":0.303114,"38":5.759166,"39":0.281463,"40":0,"41":0,"42":0},"opera":{"9":0,"9.5-9.6":0,"10.0-10.1":0,"10.5":0,"10.6":0,"11":0,"11.1":0,"11.5":0.014434,"11.6":0,"12":0.028868,"12.1":0.064953,"15":0,"16":0,"17":0,"18":0,"19":0,"20":0.014434,"21":0,"22":0,"23":0,"24":0,"25":0,"26":0,"27":0,"28":0,"29":0.064953,"30":0.274246,"31":0,"32":0},"safari":{"3.1":0,"3.2":0.057736,"4":0.021651,"5":0.086604,"5.1":0.173208,"6":0.057736,"6.1":1.198022,"7":0.368067,"7.1":0.779436,"8":1.847552,"9":0},"android":{"2.1":0,"2.2":0,"2.3":0.123087789662,"3":0,"4":0.363538355513,"4.1":1.24232792356,"4.2-4.3":2.46604955334,"4.4":4.33526645216,"4.4.3-4.4.4":1.88066692576,"40":null},"ios_saf":{"3.2":0,"4.0-4.1":0,"4.2-4.3":0,"5.0-5.1":0.0544286152284,"6.0-6.1":0.175054194924,"7.0-7.1":1.77113656041,"8":0.104444099492,"8.1-8.4":12.3847165299,"9":null},"op_mob":{"10":0,"11":0,"11.1":0,"11.5":0,"12":6.4755952381e-5,"12.1":9.71339285714e-5,"0":0.000874205357143},"ie":{"5.5":0,"6":0.00722382781457,"7":0.0866859337748,"8":0.642920675497,"9":0.288953112583,"10":0.888530821192,"11":13.3568576291},"bb":{"7":0.10366675,"10":null},"ie_mob":{"10":0.0507258888889,"11":0.163565111111},"and_uc":{"0":0.047311},"op_mini":{"5.0-8.0":0.118632904762},"and_chr":{"0":13.162809},"edge":{"0":null},"and_ff":{"0":0.105754}},"total":97.85526875}