{"id":"AL","name":"Albania","month":"2015-06","access_date":"2015-07-23","data":{"chrome":{"4":0.006914,"5":0.027656,"6":0.020742,"7":0.006914,"8":0.027656,"9":0.013828,"10":0.055312,"11":0.089882,"12":0.041484,"13":0.013828,"14":0.013828,"15":0.006914,"16":0.03457,"17":0.03457,"18":0.013828,"19":0,"20":0.006914,"21":0.013828,"22":0.062226,"23":0.020742,"24":0.013828,"25":0.006914,"26":0.03457,"27":0.3457,"28":0.055312,"29":0.062226,"30":0.082968,"31":0.082968,"32":0.03457,"33":0.165936,"34":0.096796,"35":0.096796,"36":1.14081,"37":1.59022,"38":0.117538,"39":0.477066,"40":0.304216,"41":0.283474,"42":0.497808,"43":37.003728,"44":0.20742,"45":0.214334,"46":0,"47":0},"firefox":{"2":0.013828,"3":0.027656,"3.5":0.013828,"3.6":0.076054,"4":0.020742,"5":0.006914,"6":0.020742,"7":0.020742,"8":0.013828,"9":0.027656,"10":0.03457,"11":0.027656,"12":0.062226,"13":0.006914,"14":0.062226,"15":0.013828,"16":0.020742,"17":0.020742,"18":0.027656,"19":0.013828,"20":0.03457,"21":0.041484,"22":0.020742,"23":0.027656,"24":0.082968,"25":0.020742,"26":0.055312,"27":0.048398,"28":0.027656,"29":0.076054,"30":0.110624,"31":1.092412,"32":0.781282,"33":0.10371,"34":0.152108,"35":0.17285,"36":0.165936,"37":0.38027,"38":8.863748,"39":0.228162,"40":0.006914,"41":0,"42":0},"opera":{"9":0,"9.5-9.6":0,"10.0-10.1":0,"10.5":0,"10.6":0,"11":0,"11.1":0,"11.5":0,"11.6":0,"12":0,"12.1":0.055312,"15":0,"16":0,"17":0.013828,"18":0.006914,"19":0,"20":0,"21":0,"22":0,"23":0,"24":0,"25":0.006914,"26":0.006914,"27":0.006914,"28":0.013828,"29":0.20742,"30":0.442496,"31":0,"32":0},"safari":{"3.1":0,"3.2":0,"4":0.027656,"5":0.013828,"5.1":0.06914,"6":0.020742,"6.1":0.055312,"7":0.96796,"7.1":0.117538,"8":0.788196,"9":0},"android":{"2.1":0,"2.2":0,"2.3":0.0819924520209,"3":0,"4":0.242163753643,"4.1":0.827551725048,"4.2-4.3":1.64270924223,"4.4":2.88785043222,"4.4.3-4.4.4":1.25276839483,"40":null},"ios_saf":{"3.2":0,"4.0-4.1":0,"4.2-4.3":0,"5.0-5.1":0.0388213240609,"6.0-6.1":0.12485777198,"7.0-7.1":1.26326686944,"8":0.074494973198,"8.1-8.4":8.83342506132,"9":null},"op_mob":{"10":0,"11":0,"11.1":0,"11.5":0,"12":0.00166156385281,"12.1":0.00249234577922,"0":0.022431112013},"ie":{"5.5":0,"6":0.0283181859155,"7":0.0353977323944,"8":0.799988752113,"9":0.481409160563,"10":0.346897777465,"11":3.33446639155},"bb":{"7":0.124983,"10":null},"ie_mob":{"10":0.267363884058,"11":0.862112115942},"and_uc":{"0":0.459814},"op_mini":{"5.0-8.0":3.04398497835},"and_chr":{"0":12.04353},"edge":{"0":null},"and_ff":{"0":0.132698}},"total":98.531173}