{"id":"sa","name":"South America","month":"2015-06","access_date":"2015-07-23","data":{"chrome":{"4":null,"5":null,"6":0.01471,"7":null,"8":null,"9":null,"10":0.007355,"11":0.036775,"12":0.022065,"13":0.01471,"14":null,"15":null,"16":null,"17":null,"18":0.036775,"19":null,"20":0.007355,"21":0.01471,"22":0.08826,"23":0.01471,"24":0.01471,"25":0.02942,"26":0.05884,"27":0.036775,"28":0.02942,"29":0.02942,"30":0.036775,"31":0.11768,"32":0.08826,"33":0.11768,"34":0.1471,"35":0.30891,"36":0.80905,"37":0.64724,"38":0.330975,"39":0.69137,"40":0.92673,"41":0.404525,"42":0.772275,"43":43.04146,"44":0.26478,"45":0.213295,"46":null,"47":null},"firefox":{"2":null,"3":0.022065,"3.5":0.01471,"3.6":0.07355,"4":0.007355,"5":null,"6":0.01471,"7":null,"8":0.10297,"9":null,"10":0.01471,"11":0.01471,"12":0.04413,"13":0.01471,"14":0.01471,"15":0.022065,"16":0.02942,"17":0.022065,"18":0.01471,"19":0.01471,"20":0.036775,"21":0.022065,"22":0.01471,"23":0.02942,"24":0.02942,"25":0.02942,"26":0.02942,"27":0.02942,"28":0.022065,"29":0.04413,"30":0.16181,"31":0.345685,"32":0.20594,"33":0.08826,"34":0.066195,"35":0.110325,"36":0.10297,"37":0.286845,"38":6.906345,"39":0.080905,"40":0.007355,"41":null,"42":null},"opera":{"9":null,"9.5-9.6":null,"10.0-10.1":0,"10.5":null,"10.6":null,"11":null,"11.1":null,"11.5":null,"11.6":null,"12":null,"12.1":0.036775,"15":null,"16":null,"17":null,"18":null,"19":null,"20":null,"21":null,"22":null,"23":null,"24":null,"25":null,"26":null,"27":null,"28":0.022065,"29":0.23536,"30":0.39717,"31":null,"32":null},"safari":{"3.1":null,"3.2":null,"4":0.007355,"5":0.022065,"5.1":0.07355,"6":0.022065,"6.1":0.04413,"7":0.2942,"7.1":0.13239,"8":0.595755,"9":null},"android":{"2.1":0,"2.2":0,"2.3":0.0690790802859,"3":0,"4":0.204024260379,"4.1":0.697216763816,"4.2-4.3":1.38399134108,"4.4":2.43302946728,"4.4.3-4.4.4":1.05546408716,"40":null},"ios_saf":{"3.2":0,"4.0-4.1":0,"4.2-4.3":0,"5.0-5.1":0.0101342436548,"6.0-6.1":0.0325939187817,"7.0-7.1":0.329773766497,"8":0.0194467918782,"8.1-8.4":2.30595127919,"9":null},"op_mob":{"10":0,"11":0,"11.1":0,"11.5":0,"12":0.00100046266234,"12.1":0.00150069399351,"0":0.0135062459416},"ie":{"5.5":null,"6":0.0444073727216,"7":0.0518086015085,"8":1.94652317096,"9":1.0213695726,"10":1.05837571653,"11":7.6454693369},"bb":{"7":0.05091625,"10":null},"ie_mob":{"10":0.304916111111,"11":0.983198888889},"and_uc":{"0":0.610995},"op_mini":{"5.0-8.0":1.8328475974},"and_chr":{"0":14.40022},"edge":{"0":null},"and_ff":{"0":0.124315}},"total":98.9798500212}