{"id":"eu","name":"Europe","month":"2015-06","access_date":"2015-07-23","data":{"chrome":{"4":0.014084,"5":null,"6":null,"7":null,"8":null,"9":null,"10":null,"11":0.063378,"12":0.007042,"13":null,"14":null,"15":null,"16":0.007042,"17":0.007042,"18":0.014084,"19":null,"20":null,"21":0.021126,"22":0.056336,"23":0.021126,"24":0.021126,"25":0.021126,"26":0.03521,"27":0.028168,"28":0.03521,"29":0.028168,"30":0.028168,"31":0.21126,"32":0.049294,"33":0.119714,"34":0.112672,"35":0.183092,"36":0.542234,"37":0.725326,"38":0.21126,"39":0.443646,"40":0.267596,"41":0.288722,"42":0.647864,"43":27.837026,"44":0.119714,"45":0.154924,"46":null,"47":null},"firefox":{"2":null,"3":0.014084,"3.5":0.014084,"3.6":0.049294,"4":0.014084,"5":0.007042,"6":0.014084,"7":null,"8":null,"9":0.007042,"10":0.028168,"11":0.021126,"12":0.03521,"13":0.014084,"14":0.014084,"15":0.014084,"16":0.042252,"17":0.028168,"18":0.014084,"19":0.014084,"20":0.028168,"21":0.03521,"22":0.014084,"23":0.021126,"24":0.056336,"25":0.056336,"26":0.03521,"27":0.021126,"28":0.03521,"29":0.03521,"30":0.056336,"31":0.619696,"32":0.323932,"33":0.084504,"34":0.112672,"35":0.17605,"36":0.204218,"37":0.577444,"38":14.274134,"39":0.133798,"40":0.014084,"41":0.007042,"42":null},"opera":{"9":null,"9.5-9.6":null,"10.0-10.1":0,"10.5":null,"10.6":null,"11":null,"11.1":null,"11.5":null,"11.6":0.014084,"12":0.028168,"12.1":0.471814,"15":null,"16":null,"17":null,"18":0.021126,"19":null,"20":0.007042,"21":null,"22":null,"23":null,"24":null,"25":0.007042,"26":0.014084,"27":0.007042,"28":0.042252,"29":0.499982,"30":0.95067,"31":0.014084,"32":null},"safari":{"3.1":null,"3.2":null,"4":0.03521,"5":0.112672,"5.1":0.345058,"6":0.049294,"6.1":0.232386,"7":0.429562,"7.1":0.59857,"8":2.091474,"9":null},"android":{"2.1":0,"2.2":0,"2.3":0.0645718715975,"3":0,"4":0.190712271927,"4.1":0.651725401705,"4.2-4.3":1.2936899391,"4.4":2.27428138452,"4.4.3-4.4.4":0.986598131152,"40":null},"ios_saf":{"3.2":0,"4.0-4.1":0,"4.2-4.3":0,"5.0-5.1":0.0304234772589,"6.0-6.1":0.0978484809137,"7.0-7.1":0.989996395127,"8":0.0583801860914,"8.1-8.4":6.92257446061,"9":null},"op_mob":{"10":0,"11":0,"11.1":0,"11.5":0,"12":0.000547237012987,"12.1":0.000820855519481,"0":0.00738769967532},"ie":{"5.5":null,"6":0.0283366706587,"7":0.063757508982,"8":1.37432852695,"9":1.33182352096,"10":0.991783473054,"11":9.2235862994},"bb":{"7":0.07022875,"10":null},"ie_mob":{"10":0.276486642512,"11":0.891528357488},"and_uc":{"0":0.248388},"op_mini":{"5.0-8.0":1.00253820779},"and_chr":{"0":13.354762},"edge":{"0":null},"and_ff":{"0":0.186291}},"total":98.17477675}