{"id":"af","name":"Africa","month":"2015-06","access_date":"2015-07-23","data":{"chrome":{"4":0.03759,"5":0.04833,"6":0.03222,"7":0.01611,"8":0.01611,"9":0.03759,"10":0.03759,"11":0.09129,"12":0.05907,"13":0.02148,"14":0.02685,"15":0.03222,"16":0.04296,"17":0.03759,"18":0.03222,"19":0.22017,"20":0.04296,"21":0.03222,"22":0.03222,"23":0.03759,"24":0.60144,"25":0.05907,"26":0.13962,"27":0.06981,"28":0.10203,"29":0.09129,"30":0.31146,"31":0.19332,"32":0.17721,"33":0.52626,"34":0.26313,"35":0.64977,"36":0.46719,"37":0.51552,"38":0.40812,"39":0.87531,"40":2.25003,"41":0.70884,"42":0.86457,"43":17.76396,"44":0.19869,"45":0.20943,"46":null,"47":null},"firefox":{"2":0.19869,"3":0.06981,"3.5":0.03222,"3.6":0.15573,"4":0.0537,"5":0.05907,"6":0.02148,"7":0.03222,"8":0.04296,"9":0.03759,"10":0.05907,"11":0.08055,"12":0.12888,"13":0.10203,"14":0.06444,"15":0.28461,"16":0.09129,"17":0.04833,"18":0.24165,"19":0.07518,"20":0.07518,"21":0.27924,"22":0.06444,"23":0.26313,"24":0.08055,"25":0.46182,"26":0.14499,"27":0.11277,"28":0.17184,"29":0.22554,"30":0.31146,"31":0.37053,"32":0.2685,"33":0.24165,"34":0.24165,"35":0.35979,"36":0.33294,"37":0.6444,"38":8.10333,"39":0.6444,"40":0.01611,"41":0.00537,"42":null},"opera":{"9":null,"9.5-9.6":null,"10.0-10.1":0.18795,"10.5":null,"10.6":null,"11":0.01074,"11.1":null,"11.5":0.00537,"11.6":0.03222,"12":0.01611,"12.1":0.08055,"15":0.01611,"16":null,"17":0.01074,"18":0.01611,"19":0.03222,"20":0.0537,"21":0.08055,"22":0.03222,"23":0.02685,"24":null,"25":0.00537,"26":0.03222,"27":0.01074,"28":0.05907,"29":0.35979,"30":0.57996,"31":0.00537,"32":null},"safari":{"3.1":null,"3.2":null,"4":0.00537,"5":0.20943,"5.1":0.0537,"6":0.02685,"6.1":0.03222,"7":0.17721,"7.1":0.08592,"8":0.32757,"9":null},"android":{"2.1":0,"2.2":0,"2.3":0.0689178746219,"3":0,"4":0.203548141325,"4.1":0.695589711301,"4.2-4.3":1.38076160434,"4.4":2.42735165384,"4.4.3-4.4.4":1.05300101457,"40":null},"ios_saf":{"3.2":0,"4.0-4.1":0,"4.2-4.3":0,"5.0-5.1":0.00751329137056,"6.0-6.1":0.0241643695431,"7.0-7.1":0.244486562437,"8":0.0144173969543,"8.1-8.4":1.7095783797,"9":null},"op_mob":{"10":0,"11":0,"11.1":0,"11.5":0,"12":0.0124694318182,"12.1":0.0187041477273,"0":0.168337329545},"ie":{"5.5":null,"6":0.0380011941659,"7":0.0434299361896,"8":1.40061544211,"9":0.917457402005,"10":0.998888532361,"11":2.55150875114},"bb":{"7":0.4456375,"10":null},"ie_mob":{"10":0.211526135266,"11":0.682063864734},"and_uc":{"0":2.75022},"op_mini":{"5.0-8.0":22.8439990909},"and_chr":{"0":9.19973},"edge":{"0":null},"and_ff":{"0":0.17594}},"total":96.539668758}