{"id":"AM","name":"Armenia","month":"2015-06","access_date":"2015-07-23","data":{"chrome":{"4":0.071448,"5":0.062517,"6":0.017862,"7":0.017862,"8":0.026793,"9":0.026793,"10":0.080379,"11":0.044655,"12":0.169689,"13":0.053586,"14":0.017862,"15":0.133965,"16":0.125034,"17":0.098241,"18":0.116103,"19":0.026793,"20":0.017862,"21":0.008931,"22":0.080379,"23":0.026793,"24":0.142896,"25":0.044655,"26":0.080379,"27":0.169689,"28":0.392964,"29":0.017862,"30":0.080379,"31":0.053586,"32":0.026793,"33":0.125034,"34":0.080379,"35":0.098241,"36":0.250068,"37":0.312585,"38":0.285792,"39":0.491205,"40":0.312585,"41":0.339378,"42":0.866307,"43":49.951083,"44":0.276861,"45":2.080923,"46":0,"47":0},"firefox":{"2":0,"3":0.017862,"3.5":0.008931,"3.6":0.071448,"4":0.008931,"5":0,"6":0.008931,"7":0.008931,"8":0,"9":0.017862,"10":0.008931,"11":0.008931,"12":0.080379,"13":0.026793,"14":0.044655,"15":0.017862,"16":0.053586,"17":0.008931,"18":0.035724,"19":0.026793,"20":0.026793,"21":0.008931,"22":0.008931,"23":0.008931,"24":0.017862,"25":0.008931,"26":0.044655,"27":0.008931,"28":0.026793,"29":0.035724,"30":0.035724,"31":0.196482,"32":0.107172,"33":0.053586,"34":0.035724,"35":0.08931,"36":0.196482,"37":0.232206,"38":15.138045,"39":0.062517,"40":0.008931,"41":0.008931,"42":0},"opera":{"9":0,"9.5-9.6":0,"10.0-10.1":0,"10.5":0,"10.6":0,"11":0,"11.1":0,"11.5":0.017862,"11.6":0.017862,"12":0.035724,"12.1":0.44655,"15":0.017862,"16":0.017862,"17":0,"18":0.008931,"19":0.017862,"20":0.017862,"21":0.017862,"22":0.017862,"23":0,"24":0,"25":0.008931,"26":0.017862,"27":0.008931,"28":0.080379,"29":0.80379,"30":1.705821,"31":0.035724,"32":0.017862},"safari":{"3.1":0,"3.2":0,"4":0.017862,"5":0.035724,"5.1":0.053586,"6":0.008931,"6.1":0.026793,"7":0.17862,"7.1":0.062517,"8":0.526929,"9":0},"android":{"2.1":0,"2.2":0,"2.3":0.0285885328568,"3":0,"4":0.0844358993676,"4.1":0.288544726973,"4.2-4.3":0.572767931537,"4.4":1.0069147212,"4.4.3-4.4.4":0.436806188067,"40":null},"ios_saf":{"3.2":0,"4.0-4.1":0,"4.2-4.3":0,"5.0-5.1":0.0178224605076,"6.0-6.1":0.0573208864975,"7.0-7.1":0.57995249868,"8":0.0341998566497,"8.1-8.4":4.05533229766,"9":null},"op_mob":{"10":0,"11":0,"11.1":0,"11.5":0,"12":0.000926698051948,"12.1":0.00139004707792,"0":0.0125104237013},"ie":{"5.5":0,"6":0.0182589333333,"7":0.0273884,"8":0.4382144,"9":0.2191072,"10":0.292142933333,"11":1.46984413333},"bb":{"7":0.009621,"10":null},"ie_mob":{"10":0.0743962028986,"11":0.239889797101},"and_uc":{"0":0.424393},"op_mini":{"5.0-8.0":1.69771083117},"and_chr":{"0":4.545727},"edge":{"0":null},"and_ff":{"0":0.029932}},"total":95.408766}