{"id":"AO","name":"Angola","month":"2015-06","access_date":"2015-07-23","data":{"chrome":{"4":0,"5":0.002983,"6":0.002983,"7":0.002983,"8":0,"9":0,"10":0.002983,"11":0.044745,"12":0.011932,"13":0.008949,"14":0.011932,"15":0.005966,"16":0.002983,"17":0,"18":0.011932,"19":0.002983,"20":0.002983,"21":0.026847,"22":0.008949,"23":0.005966,"24":0.005966,"25":0.017898,"26":0.038779,"27":0.020881,"28":0.005966,"29":0.017898,"30":0.008949,"31":0.14915,"32":0.065626,"33":0.071592,"34":0.02983,"35":0.083524,"36":1.07388,"37":0.170031,"38":0.050711,"39":0.426569,"40":0.390773,"41":0.116337,"42":0.26847,"43":8.743173,"44":0.080541,"45":0.05966,"46":0,"47":0},"firefox":{"2":0.002983,"3":0.005966,"3.5":0.005966,"3.6":0.038779,"4":0.038779,"5":0.011932,"6":0.023864,"7":0.011932,"8":0.014915,"9":0.011932,"10":0.035796,"11":0.071592,"12":0.056677,"13":0.023864,"14":0.02983,"15":0.023864,"16":0.026847,"17":0.017898,"18":0.026847,"19":0.014915,"20":0.017898,"21":0.035796,"22":0.020881,"23":0.020881,"24":0.011932,"25":0.020881,"26":0.02983,"27":0.008949,"28":0.011932,"29":0.032813,"30":0.056677,"31":0.101422,"32":0.092473,"33":0.053694,"34":0.053694,"35":0.062643,"36":0.083524,"37":0.187929,"38":2.589244,"39":0.071592,"40":0.002983,"41":0.005966,"42":0},"opera":{"9":0,"9.5-9.6":0.002983,"10.0-10.1":0,"10.5":0.002983,"10.6":0.008949,"11":0.008949,"11.1":0.005966,"11.5":0.005966,"11.6":0.014915,"12":0.011932,"12.1":0.068609,"15":0.008949,"16":0.005966,"17":0.002983,"18":0.008949,"19":0.005966,"20":0.008949,"21":0.008949,"22":0.005966,"23":0.002983,"24":0.002983,"25":0.002983,"26":0.008949,"27":0.014915,"28":0.026847,"29":0.295317,"30":0.495178,"31":0.008949,"32":0},"safari":{"3.1":0,"3.2":0,"4":0.005966,"5":0.038779,"5.1":0.104405,"6":0.023864,"6.1":0.071592,"7":0.175997,"7.1":0.164065,"8":0.525008,"9":0},"android":{"2.1":0,"2.2":0,"2.3":0.0650950008249,"3":0,"4":0.192257328018,"4.1":0.657005357162,"4.2-4.3":1.30417077234,"4.4":2.29270648254,"4.4.3-4.4.4":0.994591059115,"40":null},"ios_saf":{"3.2":0,"4.0-4.1":0,"4.2-4.3":0,"5.0-5.1":0.0202046670051,"6.0-6.1":0.064982577665,"7.0-7.1":0.657470785787,"8":0.0387711177665,"8.1-8.4":4.59738085178,"9":null},"op_mob":{"10":0,"11":0,"11.1":0,"11.5":0,"12":0.0287552711039,"12.1":0.0431329066558,"0":0.388196159903},"ie":{"5.5":0,"6":0.0151053306265,"7":0.0362527935035,"8":0.773392928074,"9":0.625360687935,"10":1.14498406148,"11":5.14789667749},"bb":{"7":0.0315765,"10":null},"ie_mob":{"10":0.119594086957,"11":0.385629913043},"and_uc":{"0":1.206924},"op_mini":{"5.0-8.0":52.6796566623},"and_chr":{"0":6.78003},"edge":{"0":null},"and_ff":{"0":0.126306}},"total":98.6972539791}