{"id":"AR","name":"Argentina","month":"2015-06","access_date":"2015-07-23","data":{"chrome":{"4":0.007433,"5":0,"6":0.007433,"7":0.007433,"8":0.007433,"9":0.007433,"10":0.007433,"11":0.052031,"12":0.037165,"13":0.022299,"14":0.007433,"15":0,"16":0.007433,"17":0.007433,"18":0.066897,"19":0,"20":0.007433,"21":0.022299,"22":0.052031,"23":0.022299,"24":0.014866,"25":0.022299,"26":0.07433,"27":0.096629,"28":0.044598,"29":0.029732,"30":0.052031,"31":0.133794,"32":0.059464,"33":0.104062,"34":0.260155,"35":0.289887,"36":0.289887,"37":0.282454,"38":0.401382,"39":0.572341,"40":0.408815,"41":0.349351,"42":0.721001,"43":46.092033,"44":0.29732,"45":0.111495,"46":0,"47":0},"firefox":{"2":0.007433,"3":0.022299,"3.5":0.044598,"3.6":0.052031,"4":0.014866,"5":0.014866,"6":0.022299,"7":0.014866,"8":0.007433,"9":0.007433,"10":0.022299,"11":0.014866,"12":0.096629,"13":0.014866,"14":0.014866,"15":0.059464,"16":0.029732,"17":0.014866,"18":0.014866,"19":0.014866,"20":0.029732,"21":0.022299,"22":0.014866,"23":0.014866,"24":0.022299,"25":0.014866,"26":0.022299,"27":0.022299,"28":0.022299,"29":0.089196,"30":0.052031,"31":0.118928,"32":0.066897,"33":0.059464,"34":0.081763,"35":0.096629,"36":0.089196,"37":0.29732,"38":8.012774,"39":0.059464,"40":0.007433,"41":0,"42":0},"opera":{"9":0,"9.5-9.6":0,"10.0-10.1":0,"10.5":0,"10.6":0,"11":0,"11.1":0,"11.5":0,"11.6":0,"12":0.007433,"12.1":0.059464,"15":0,"16":0,"17":0,"18":0,"19":0,"20":0.007433,"21":0,"22":0,"23":0,"24":0,"25":0,"26":0.007433,"27":0.007433,"28":0.014866,"29":0.215557,"30":0.37165,"31":0.007433,"32":0},"safari":{"3.1":0,"3.2":0,"4":0.014866,"5":0.029732,"5.1":0.066897,"6":0.014866,"6.1":0.037165,"7":0.07433,"7.1":0.081763,"8":0.379083,"9":0},"android":{"2.1":0,"2.2":0,"2.3":0.0797872152873,"3":0,"4":0.235650612593,"4.1":0.805294219412,"4.2-4.3":1.5985275807,"4.4":2.81017994308,"4.4.3-4.4.4":1.21907442892,"40":null},"ios_saf":{"3.2":0,"4.0-4.1":0,"4.2-4.3":0,"5.0-5.1":0.0101835156345,"6.0-6.1":0.0327523881218,"7.0-7.1":0.33137710335,"8":0.0195413408122,"8.1-8.4":2.31716265208,"9":null},"op_mob":{"10":0,"11":0,"11.1":0,"11.5":0,"12":0.00149186038961,"12.1":0.00223779058442,"0":0.0201401152597},"ie":{"5.5":0,"6":0.104428738326,"7":0.12680632511,"8":1.86479889868,"9":1.19347129515,"10":0.827970711013,"11":4.34125183612},"bb":{"7":0.06481675,"10":null},"ie_mob":{"10":0.495232584541,"11":1.59687241546},"and_uc":{"0":0.23103},"op_mini":{"5.0-8.0":2.73308823377},"and_chr":{"0":13.791713},"edge":{"0":null},"and_ff":{"0":0.094979}},"total":99.1269055544}