{"id":"AU","name":"Australia","month":"2015-06","access_date":"2015-07-23","data":{"chrome":{"4":0,"5":0,"6":0,"7":0,"8":0,"9":0,"10":0,"11":0.043212,"12":0.007202,"13":0,"14":0,"15":0,"16":0,"17":0,"18":0.021606,"19":0.03601,"20":0.007202,"21":0.014404,"22":0.028808,"23":0.021606,"24":0.03601,"25":0.014404,"26":0.043212,"27":0.07202,"28":0.043212,"29":0.043212,"30":0.050414,"31":0.3601,"32":0.10803,"33":0.21606,"34":0.14404,"35":0.25207,"36":0.259272,"37":0.352898,"38":0.266474,"39":0.885846,"40":0.381706,"41":0.50414,"42":1.11631,"43":23.939448,"44":0.10803,"45":0.079222,"46":0,"47":0},"firefox":{"2":0,"3":0.007202,"3.5":0,"3.6":0.014404,"4":0.028808,"5":0,"6":0.007202,"7":0,"8":0,"9":0,"10":0.007202,"11":0.007202,"12":0.014404,"13":0.007202,"14":0.007202,"15":0.007202,"16":0.028808,"17":0.014404,"18":0.014404,"19":0.014404,"20":0.014404,"21":0.086424,"22":0.021606,"23":0.021606,"24":0.050414,"25":0.021606,"26":0.028808,"27":0.028808,"28":0.028808,"29":0.043212,"30":0.050414,"31":0.237666,"32":0.100828,"33":0.086424,"34":0.086424,"35":0.100828,"36":0.10803,"37":0.309686,"38":7.38205,"39":0.086424,"40":0.007202,"41":0.007202,"42":0},"opera":{"9":0,"9.5-9.6":0,"10.0-10.1":0,"10.5":0,"10.6":0,"11":0,"11.1":0,"11.5":0,"11.6":0,"12":0,"12.1":0.050414,"15":0,"16":0,"17":0,"18":0,"19":0,"20":0,"21":0,"22":0,"23":0,"24":0,"25":0,"26":0,"27":0,"28":0.007202,"29":0.093626,"30":0.165646,"31":0,"32":0},"safari":{"3.1":0,"3.2":0,"4":0.028808,"5":0.115232,"5.1":0.496938,"6":0.115232,"6.1":0.352898,"7":0.46813,"7.1":0.97227,"8":3.111264,"9":0},"android":{"2.1":0,"2.2":0,"2.3":0.0403806532857,"3":0,"4":0.119263789937,"4.1":0.407562872697,"4.2-4.3":0.809021693154,"4.4":1.42224417212,"4.4.3-4.4.4":0.616978818807,"40":null},"ios_saf":{"3.2":0,"4.0-4.1":0,"4.2-4.3":0,"5.0-5.1":0.0958640249746,"6.0-6.1":0.308319431675,"7.0-7.1":3.11946719107,"8":0.183955291168,"8.1-8.4":21.8129520611,"9":null},"op_mob":{"10":0,"11":0,"11.1":0,"11.5":0,"12":4.3908008658e-5,"12.1":6.5862012987e-5,"0":0.000592758116883},"ie":{"5.5":0,"6":0.0145276707071,"7":0.0363191767677,"8":1.10410297374,"9":1.41644789394,"10":1.14768598586,"11":10.6560464636},"bb":{"7":0.0104925,"10":null},"ie_mob":{"10":0.102660917874,"11":0.331029082126},"and_uc":{"0":0.263012},"op_mini":{"5.0-8.0":0.0804394718615},"and_chr":{"0":10.182958},"edge":{"0":null},"and_ff":{"0":0.109122}},"total":98.9143206646}