{"id":"AW","name":"Aruba","month":"2015-06","access_date":"2015-07-23","data":{"chrome":{"4":0,"5":0,"6":0,"7":0,"8":0,"9":0,"10":0,"11":0.044212,"12":0.006316,"13":0,"14":0,"15":0,"16":0,"17":0,"18":0.012632,"19":0,"20":0,"21":0.006316,"22":0.056844,"23":0,"24":0.012632,"25":0.006316,"26":0.03158,"27":0.012632,"28":0.025264,"29":0.006316,"30":0.044212,"31":0.132636,"32":0.044212,"33":0.18948,"34":0.09474,"35":0.088424,"36":0.454752,"37":0.562124,"38":0.113688,"39":0.271588,"40":0.138952,"41":0.12632,"42":0.467384,"43":22.876552,"44":0.208428,"45":0.082108,"46":0,"47":0},"firefox":{"2":0,"3":0,"3.5":0,"3.6":0.012632,"4":0,"5":0,"6":0.006316,"7":0.006316,"8":0,"9":0,"10":0,"11":0.006316,"12":0.006316,"13":0.006316,"14":0.006316,"15":0.006316,"16":0.012632,"17":0,"18":0,"19":0,"20":0,"21":0.006316,"22":0.006316,"23":0,"24":0.006316,"25":0,"26":0.006316,"27":0,"28":0.006316,"29":0.006316,"30":0.006316,"31":0.34738,"32":0.240008,"33":0.03158,"34":0.088424,"35":0.069476,"36":0.044212,"37":0.151584,"38":5.412812,"39":0.088424,"40":0.018948,"41":0.025264,"42":0},"opera":{"9":0,"9.5-9.6":0,"10.0-10.1":0,"10.5":0,"10.6":0,"11":0,"11.1":0,"11.5":0,"11.6":0,"12":0,"12.1":0.088424,"15":0,"16":0.006316,"17":0,"18":0,"19":0,"20":0,"21":0,"22":0.006316,"23":0,"24":0,"25":0,"26":0,"27":0.012632,"28":0.006316,"29":0.12632,"30":0.208428,"31":0,"32":0},"safari":{"3.1":0,"3.2":0,"4":0.012632,"5":0.09474,"5.1":0.448436,"6":0.075792,"6.1":0.214744,"7":0.385276,"7.1":0.644232,"8":2.374816,"9":0},"android":{"2.1":0,"2.2":0,"2.3":0.0926940962332,"3":0,"4":0.273770935386,"4.1":0.935563668958,"4.2-4.3":1.85711543965,"4.4":3.2647722964,"4.4.3-4.4.4":1.41627956338,"40":null},"ios_saf":{"3.2":0,"4.0-4.1":0,"4.2-4.3":0,"5.0-5.1":0.082445631269,"6.0-6.1":0.265162976244,"7.0-7.1":2.6828254067,"8":0.158206481624,"8.1-8.4":18.7597235042,"9":null},"op_mob":{"10":0,"11":0,"11.1":0,"11.5":0,"12":0.000101668831169,"12.1":0.000152503246753,"0":0.00137252922078},"ie":{"5.5":0,"6":0.0507044399825,"7":0.0950708249673,"8":1.70493679441,"9":1.10282156962,"10":1.78733150938,"11":9.77961886163},"bb":{"7":0.291957,"10":null},"ie_mob":{"10":0.060172,"11":0.194024},"and_uc":{"0":0.176832},"op_mini":{"5.0-8.0":0.186257298701},"and_chr":{"0":15.363472},"edge":{"0":null},"and_ff":{"0":0.077364}},"total":98.114629}