{"id":"AX","name":"Aland Islands","month":"2015-06","access_date":"2015-07-23","data":{"chrome":{"4":0,"5":0,"6":0,"7":0,"8":0,"9":0,"10":0,"11":0,"12":0.008158,"13":0,"14":0,"15":0,"16":0,"17":0,"18":0.016316,"19":0.008158,"20":0,"21":0.008158,"22":0.016316,"23":0.12237,"24":0.008158,"25":0,"26":0.016316,"27":0.008158,"28":0,"29":0.065264,"30":0,"31":0.179476,"32":0.097896,"33":0.024474,"34":0.073422,"35":0.04079,"36":0.073422,"37":0.024474,"38":0.032632,"39":0.08158,"40":0.171318,"41":0.138686,"42":0.538428,"43":31.677514,"44":0.097896,"45":0.44869,"46":0,"47":0},"firefox":{"2":0,"3":0.008158,"3.5":0,"3.6":0.016316,"4":0.008158,"5":0.008158,"6":0.016316,"7":0,"8":0,"9":0,"10":0.008158,"11":0.016316,"12":0.008158,"13":0,"14":0,"15":0.008158,"16":0,"17":0,"18":0.008158,"19":0.008158,"20":0,"21":0.016316,"22":0,"23":0.008158,"24":0.008158,"25":0.008158,"26":0,"27":0.008158,"28":0.138686,"29":0.008158,"30":0.212108,"31":0.057106,"32":0.016316,"33":0.016316,"34":0.057106,"35":0.114212,"36":0.032632,"37":0.228424,"38":12.897798,"39":0.057106,"40":0.106054,"41":0.008158,"42":0},"opera":{"9":0,"9.5-9.6":0,"10.0-10.1":0,"10.5":0,"10.6":0,"11":0.008158,"11.1":0,"11.5":0.008158,"11.6":0,"12":0.008158,"12.1":0.391584,"15":0,"16":0,"17":0,"18":0,"19":0,"20":0.016316,"21":0,"22":0,"23":0,"24":0,"25":0,"26":0,"27":0,"28":0.008158,"29":0.130528,"30":0.375268,"31":0,"32":0},"safari":{"3.1":0,"3.2":0,"4":0.032632,"5":0.456848,"5.1":0.36711,"6":0.057106,"6.1":0.334478,"7":0.179476,"7.1":0.750536,"8":1.966078,"9":0},"android":{"2.1":0,"2.2":0,"2.3":0.0362454649436,"3":0,"4":0.107050559252,"4.1":0.365826320594,"4.2-4.3":0.726173675557,"4.4":1.27659899203,"4.4.3-4.4.4":0.553796987627,"40":null},"ios_saf":{"3.2":0,"4.0-4.1":0,"4.2-4.3":0,"5.0-5.1":0.0747107305584,"6.0-6.1":0.240285863147,"7.0-7.1":2.43112755655,"8":0.143363834315,"8.1-8.4":16.9997200154,"9":null},"op_mob":{"10":0,"11":0,"11.1":0,"11.5":0,"12":8.97077922078e-6,"12.1":1.34561688312e-5,"0":0.000121105519481},"ie":{"5.5":0,"6":0.008158,"7":0.016316,"8":0.742378,"9":1.150278,"10":1.517388,"11":9.70802},"bb":{"7":0.001842,"10":null},"ie_mob":{"10":0.353183478261,"11":1.13883652174},"and_uc":{"0":0.003684},"op_mini":{"5.0-8.0":0.0164344675325},"and_chr":{"0":7.765146},"edge":{"0":null},"and_ff":{"0":0.574704}},"total":99.133414}