{"id":"BA","name":"Bosnia and Herzegovina","month":"2015-06","access_date":"2015-07-23","data":{"chrome":{"4":0.008859,"5":0.008859,"6":0.008859,"7":0,"8":0.026577,"9":0,"10":0.008859,"11":0.053154,"12":0.017718,"13":0,"14":0.008859,"15":0.008859,"16":0.008859,"17":0.026577,"18":0.008859,"19":0,"20":0.008859,"21":0.017718,"22":0.079731,"23":0.008859,"24":0.017718,"25":0.017718,"26":0.062013,"27":0.026577,"28":0.035436,"29":0.026577,"30":0.079731,"31":0.194898,"32":0.062013,"33":0.132885,"34":0.17718,"35":0.168321,"36":0.301206,"37":0.407514,"38":0.451809,"39":0.841605,"40":0.363219,"41":0.248052,"42":0.504963,"43":50.912673,"44":0.186039,"45":0.256911,"46":0,"47":0},"firefox":{"2":0,"3":0.017718,"3.5":0.008859,"3.6":0.044295,"4":0.008859,"5":0.017718,"6":0.008859,"7":0.008859,"8":0.008859,"9":0.008859,"10":0.017718,"11":0.017718,"12":0.035436,"13":0.017718,"14":0.026577,"15":0.062013,"16":0.097449,"17":0.017718,"18":0.017718,"19":0.017718,"20":0.026577,"21":0.026577,"22":0.008859,"23":0.017718,"24":0.026577,"25":0.017718,"26":0.035436,"27":0.017718,"28":0.026577,"29":0.026577,"30":0.044295,"31":0.186039,"32":0.124026,"33":0.079731,"34":0.097449,"35":0.168321,"36":0.141744,"37":0.584694,"38":17.602833,"39":0.407514,"40":0.017718,"41":0.053154,"42":0},"opera":{"9":0,"9.5-9.6":0,"10.0-10.1":0,"10.5":0,"10.6":0,"11":0,"11.1":0,"11.5":0,"11.6":0.008859,"12":0.008859,"12.1":0.186039,"15":0,"16":0.008859,"17":0,"18":0.008859,"19":0.008859,"20":0.017718,"21":0.008859,"22":0.008859,"23":0.008859,"24":0,"25":0.008859,"26":0.026577,"27":0.035436,"28":0.044295,"29":0.823887,"30":1.7718,"31":0.017718,"32":0},"safari":{"3.1":0,"3.2":0,"4":0.008859,"5":0.017718,"5.1":0.062013,"6":0.008859,"6.1":0.044295,"7":0.097449,"7.1":0.097449,"8":0.380937,"9":0},"android":{"2.1":0,"2.2":0,"2.3":0.064256908716,"3":0,"4":0.189782032719,"4.1":0.648546474017,"4.2-4.3":1.28737969439,"4.4":2.26318809885,"4.4.3-4.4.4":0.981785791312,"40":null},"ios_saf":{"3.2":0,"4.0-4.1":0,"4.2-4.3":0,"5.0-5.1":0.00784336893401,"6.0-6.1":0.0252259703553,"7.0-7.1":0.255227464772,"8":0.0150507890355,"8.1-8.4":1.7846844069,"9":null},"op_mob":{"10":0,"11":0,"11.1":0,"11.5":0,"12":0.000190784090909,"12.1":0.000286176136364,"0":0.00257558522727},"ie":{"5.5":0,"6":0.0177529467456,"7":0.0266294201183,"8":0.603600189349,"9":0.514835455621,"10":0.47932956213,"11":2.85822442604},"bb":{"7":0.00370825,"10":null},"ie_mob":{"10":0.127213231884,"11":0.410197768116},"and_uc":{"0":0.069601},"op_mini":{"5.0-8.0":0.349516454545},"and_chr":{"0":6.530232},"edge":{"0":null},"and_ff":{"0":0.039935}},"total":99.26122225}