{"id":"BB","name":"Barbados","month":"2015-06","access_date":"2015-07-23","data":{"chrome":{"4":0,"5":0,"6":0,"7":0,"8":0,"9":0,"10":0,"11":0.07785,"12":0.03114,"13":0,"14":0,"15":0,"16":0,"17":0,"18":0.01557,"19":0.01557,"20":0,"21":0.007785,"22":0.26469,"23":0,"24":0.007785,"25":0.01557,"26":0.023355,"27":0.01557,"28":0.01557,"29":0.007785,"30":0.007785,"31":0.147915,"32":0.09342,"33":0.070065,"34":0.085635,"35":0.17127,"36":0.40482,"37":0.319185,"38":0.20241,"39":0.988695,"40":0.23355,"41":0.147915,"42":0.59166,"43":34.074945,"44":0.147915,"45":0.56052,"46":0,"47":0},"firefox":{"2":0,"3":0.007785,"3.5":0,"3.6":0.04671,"4":0.007785,"5":0,"6":0.007785,"7":0.007785,"8":0.007785,"9":0.007785,"10":0.007785,"11":0.038925,"12":0.01557,"13":0.007785,"14":0.007785,"15":0.007785,"16":0.01557,"17":0,"18":0.01557,"19":0.007785,"20":0.007785,"21":0.023355,"22":0,"23":0.007785,"24":0.007785,"25":0,"26":0.03114,"27":0.007785,"28":0.04671,"29":0.007785,"30":0.007785,"31":0.18684,"32":0.132345,"33":0.04671,"34":0.054495,"35":0.07785,"36":0.101205,"37":0.24912,"38":9.225225,"39":0.32697,"40":0.023355,"41":0,"42":0},"opera":{"9":0,"9.5-9.6":0,"10.0-10.1":0,"10.5":0,"10.6":0,"11":0,"11.1":0,"11.5":0,"11.6":0.007785,"12":0,"12.1":0.147915,"15":0,"16":0,"17":0,"18":0,"19":0,"20":0,"21":0,"22":0,"23":0,"24":0,"25":0,"26":0,"27":0.007785,"28":0.01557,"29":0.381465,"30":0.724005,"31":0.007785,"32":0},"safari":{"3.1":0,"3.2":0,"4":0.054495,"5":0.070065,"5.1":0.21798,"6":0.04671,"6.1":0.163485,"7":0.241335,"7.1":0.42039,"8":1.41687,"9":0.007785},"android":{"2.1":0,"2.2":0,"2.3":0.107625441298,"3":0,"4":0.317870489414,"4.1":1.08626608194,"4.2-4.3":2.15626320181,"4.4":3.7906681592,"4.4.3-4.4.4":1.64441662634,"40":null},"ios_saf":{"3.2":0,"4.0-4.1":0,"4.2-4.3":0,"5.0-5.1":0.0354893294416,"6.0-6.1":0.114141356853,"7.0-7.1":1.15484196345,"8":0.0681011456853,"8.1-8.4":8.07526120457,"9":null},"op_mob":{"10":0,"11":0,"11.1":0,"11.5":0,"12":0.000173795995671,"12.1":0.000260693993506,"0":0.00234624594156},"ie":{"5.5":0,"6":0.00780055962692,"7":0.0312022385077,"8":0.670848127915,"9":0.764454843438,"10":0.842460439707,"11":9.39187379081},"bb":{"7":0.17775375,"10":null},"ie_mob":{"10":0.186134903382,"11":0.600190096618},"and_uc":{"0":0.307885},"op_mini":{"5.0-8.0":0.318394264069},"and_chr":{"0":11.826865},"edge":{"0":null},"and_ff":{"0":0.143975}},"total":97.29094375}