{"id":"BE","name":"Belgium","month":"2015-06","access_date":"2015-07-23","data":{"chrome":{"4":0,"5":0,"6":0,"7":0,"8":0,"9":0,"10":0,"11":0.033688,"12":0.008422,"13":0,"14":0,"15":0,"16":0,"17":0,"18":0.008422,"19":0,"20":0,"21":0.008422,"22":0.025266,"23":0.016844,"24":0.008422,"25":0.016844,"26":0.016844,"27":0.008422,"28":0.016844,"29":0.016844,"30":0.016844,"31":0.151596,"32":0.067376,"33":0.101064,"34":0.109486,"35":0.202128,"36":0.21055,"37":0.261082,"38":0.25266,"39":0.530586,"40":0.227394,"41":0.25266,"42":0.597962,"43":30.580282,"44":0.101064,"45":0.101064,"46":0,"47":0},"firefox":{"2":0,"3":0.008422,"3.5":0,"3.6":0.025266,"4":0.008422,"5":0,"6":0,"7":0,"8":0,"9":0.008422,"10":0.008422,"11":0.008422,"12":0.025266,"13":0.008422,"14":0.050532,"15":0.008422,"16":0.058954,"17":0.016844,"18":0.008422,"19":0.008422,"20":0.016844,"21":0.016844,"22":0.008422,"23":0.016844,"24":0.033688,"25":0.016844,"26":0.016844,"27":0.016844,"28":0.033688,"29":0.033688,"30":0.067376,"31":0.311614,"32":0.075798,"33":0.058954,"34":0.101064,"35":0.143174,"36":0.117908,"37":0.362146,"38":12.363496,"39":0.075798,"40":0.008422,"41":0.008422,"42":0},"opera":{"9":0,"9.5-9.6":0,"10.0-10.1":0,"10.5":0,"10.6":0,"11":0,"11.1":0,"11.5":0,"11.6":0,"12":0.008422,"12.1":0.109486,"15":0,"16":0,"17":0,"18":0,"19":0,"20":0,"21":0,"22":0,"23":0,"24":0,"25":0,"26":0,"27":0.008422,"28":0.008422,"29":0.202128,"30":0.37899,"31":0,"32":0},"safari":{"3.1":0,"3.2":0,"4":0.050532,"5":0.193706,"5.1":0.597962,"6":0.109486,"6.1":0.387412,"7":0.353724,"7.1":1.061172,"8":3.57935,"9":0},"android":{"2.1":0,"2.2":0,"2.3":0.0398112136376,"3":0,"4":0.117581956558,"4.1":0.401815505087,"4.2-4.3":0.797613036019,"4.4":1.402187978,"4.4.3-4.4.4":0.608278310696,"40":null},"ios_saf":{"3.2":0,"4.0-4.1":0,"4.2-4.3":0,"5.0-5.1":0.0499297082234,"6.0-6.1":0.160584737259,"7.0-7.1":1.62473969462,"8":0.0958110617259,"8.1-8.4":11.3610327982,"9":null},"op_mob":{"10":0,"11":0,"11.1":0,"11.5":0,"12":6.575e-5,"12.1":9.8625e-5,"0":0.000887625},"ie":{"5.5":0,"6":0.00843324933215,"7":0.059032745325,"8":1.09632241318,"9":2.19264482636,"10":1.34931989314,"11":14.2353248727},"bb":{"7":0.011835,"10":null},"ie_mob":{"10":0.171453130435,"11":0.552848869565},"and_uc":{"0":0.033138},"op_mini":{"5.0-8.0":0.120454},"and_chr":{"0":7.190728},"edge":{"0":null},"and_ff":{"0":0.082056}},"total":98.919707}