{"id":"BF","name":"Burkina Faso","month":"2015-06","access_date":"2015-07-23","data":{"chrome":{"4":0.018624,"5":0,"6":0.006208,"7":0.003104,"8":0.006208,"9":0.003104,"10":0.012416,"11":0.102432,"12":0.006208,"13":0.01552,"14":0.009312,"15":0.027936,"16":0.012416,"17":0.009312,"18":0.006208,"19":0.003104,"20":0.003104,"21":0.009312,"22":0.003104,"23":0.003104,"24":0.003104,"25":0.012416,"26":0.018624,"27":0.012416,"28":0.009312,"29":0.021728,"30":0.043456,"31":0.071392,"32":0.021728,"33":0.043456,"34":0.021728,"35":0.065184,"36":0.121056,"37":0.018624,"38":0.021728,"39":0.32592,"40":0.0776,"41":0.052768,"42":0.245216,"43":6.524608,"44":0.018624,"45":0.158304,"46":0,"47":0},"firefox":{"2":0.01552,"3":0.09312,"3.5":0.037248,"3.6":0.055872,"4":0.018624,"5":0.03104,"6":0.012416,"7":0.037248,"8":0.040352,"9":0.052768,"10":0.024832,"11":0.204864,"12":0.111744,"13":0.102432,"14":0.043456,"15":0.055872,"16":0.065184,"17":0.052768,"18":0.027936,"19":0.027936,"20":0.074496,"21":0.037248,"22":0.027936,"23":0.099328,"24":0.158304,"25":0.096224,"26":0.058976,"27":0.068288,"28":0.049664,"29":0.086912,"30":0.285568,"31":0.245216,"32":0.127264,"33":0.223488,"34":0.239008,"35":0.29488,"36":0.180032,"37":0.51216,"38":9.116448,"39":0.176928,"40":0.024832,"41":0.003104,"42":0},"opera":{"9":0,"9.5-9.6":0,"10.0-10.1":0.003104,"10.5":0,"10.6":0.003104,"11":0.003104,"11.1":0.003104,"11.5":0.006208,"11.6":0.012416,"12":0.009312,"12.1":0.055872,"15":0,"16":0.006208,"17":0.003104,"18":0.021728,"19":0.006208,"20":0.003104,"21":0.003104,"22":0.024832,"23":0.003104,"24":0.003104,"25":0,"26":0.012416,"27":0.018624,"28":0.024832,"29":0.363168,"30":0.41904,"31":0,"32":0},"safari":{"3.1":0.003104,"3.2":0,"4":0.009312,"5":0.049664,"5.1":0.111744,"6":0.068288,"6.1":0.01552,"7":0.024832,"7.1":0.083808,"8":0.152096,"9":0},"android":{"2.1":0,"2.2":0,"2.3":0.125361091009,"3":0,"4":0.370252524608,"4.1":1.26527240693,"4.2-4.3":2.5115948815,"4.4":4.41533424031,"4.4.3-4.4.4":1.91540085565,"40":null},"ios_saf":{"3.2":0,"4.0-4.1":0,"4.2-4.3":0,"5.0-5.1":0.00735107736041,"6.0-6.1":0.0236426542132,"7.0-7.1":0.239208030863,"8":0.0141061214213,"8.1-8.4":1.67266811614,"9":null},"op_mob":{"10":0,"11":0,"11.1":0,"11.5":0,"12":0.0221022770563,"12.1":0.0331534155844,"0":0.29838074026},"ie":{"5.5":0,"6":0.043456,"7":0.021728,"8":0.934304,"9":0.220384,"10":0.980864,"11":2.551488},"bb":{"7":0.0431,"10":null},"ie_mob":{"10":0.194253990338,"11":0.626370009662},"and_uc":{"0":8.123488},"op_mini":{"5.0-8.0":40.4913715671},"and_chr":{"0":5.717568},"edge":{"0":null},"and_ff":{"0":0.441344}},"total":96.29798}