{"id":"BG","name":"Bulgaria","month":"2015-06","access_date":"2015-07-23","data":{"chrome":{"4":0.008278,"5":0.008278,"6":0.008278,"7":0.008278,"8":0,"9":0.008278,"10":0.016556,"11":0.08278,"12":0.008278,"13":0.008278,"14":0.008278,"15":0.016556,"16":0.04139,"17":0,"18":0.024834,"19":0,"20":0,"21":0.008278,"22":0.04139,"23":0.008278,"24":0.008278,"25":0.024834,"26":0.091058,"27":0.024834,"28":0.024834,"29":0.024834,"30":0.066224,"31":0.066224,"32":0.049668,"33":0.066224,"34":0.198672,"35":0.149004,"36":0.438734,"37":0.62085,"38":0.190394,"39":0.306286,"40":0.231784,"41":0.215228,"42":0.438734,"43":36.166582,"44":0.08278,"45":0.173838,"46":0,"47":0},"firefox":{"2":0.016556,"3":0.033112,"3.5":0.024834,"3.6":0.12417,"4":0.016556,"5":0.008278,"6":0.008278,"7":0.008278,"8":0.008278,"9":0.016556,"10":0.033112,"11":0.049668,"12":0.049668,"13":0.016556,"14":0.024834,"15":0.016556,"16":0.033112,"17":0.033112,"18":0.033112,"19":0.024834,"20":0.049668,"21":0.024834,"22":0.016556,"23":0.04139,"24":0.033112,"25":0.049668,"26":0.049668,"27":0.049668,"28":0.074502,"29":0.033112,"30":0.08278,"31":0.49668,"32":0.314564,"33":0.099336,"34":0.190394,"35":0.198672,"36":0.231784,"37":0.57946,"38":19.213238,"39":0.173838,"40":0.024834,"41":0.066224,"42":0},"opera":{"9":0,"9.5-9.6":0.008278,"10.0-10.1":0,"10.5":0,"10.6":0,"11":0,"11.1":0,"11.5":0.008278,"11.6":0.016556,"12":0.024834,"12.1":0.562904,"15":0.008278,"16":0.008278,"17":0,"18":0.016556,"19":0,"20":0.016556,"21":0.008278,"22":0.008278,"23":0,"24":0.008278,"25":0.008278,"26":0.024834,"27":0.016556,"28":0.091058,"29":0.819522,"30":1.564542,"31":0.016556,"32":0},"safari":{"3.1":0,"3.2":0,"4":0.008278,"5":0.024834,"5.1":0.066224,"6":0.008278,"6.1":0.033112,"7":0.240062,"7.1":0.066224,"8":0.480124,"9":0},"android":{"2.1":0,"2.2":0,"2.3":0.0613663794336,"3":0,"4":0.181244888095,"4.1":0.619372294748,"4.2-4.3":1.22946827633,"4.4":2.16138096866,"4.4.3-4.4.4":0.937621192741,"40":null},"ios_saf":{"3.2":0,"4.0-4.1":0,"4.2-4.3":0,"5.0-5.1":0.0110574030457,"6.0-6.1":0.0355629989848,"7.0-7.1":0.359813872081,"8":0.0212182598985,"8.1-8.4":2.51600746599,"9":null},"op_mob":{"10":0,"11":0,"11.1":0,"11.5":0,"12":0.00037925,"12.1":0.000568875,"0":0.005119875},"ie":{"5.5":0,"6":0.0417292622951,"7":0.116841934426,"8":2.08646311475,"9":1.39375736066,"10":0.876314508197,"11":6.67668196721},"bb":{"7":0.0055965,"10":null},"ie_mob":{"10":0.159380666667,"11":0.513921333333},"and_uc":{"0":0.07749},"op_mini":{"5.0-8.0":0.694786},"and_chr":{"0":11.063094},"edge":{"0":null},"and_ff":{"0":0.118818}},"total":98.7685166475}