{"id":"BH","name":"Bahrain","month":"2015-06","access_date":"2015-07-23","data":{"chrome":{"4":0.163432,"5":0.068536,"6":0.036904,"7":0.068536,"8":0,"9":0.068536,"10":0.100168,"11":0.057992,"12":0.047448,"13":0.100168,"14":0.05272,"15":0.068536,"16":0.07908,"17":0,"18":0.010544,"19":0.063264,"20":0.094896,"21":0.010544,"22":0.057992,"23":0.005272,"24":0.28996,"25":0.005272,"26":0.031632,"27":0.295232,"28":0.15816,"29":0.073808,"30":0.047448,"31":0.084352,"32":0.063264,"33":0.173976,"34":0.068536,"35":0.073808,"36":0.627368,"37":0.73808,"38":0.068536,"39":0.311048,"40":0.347952,"41":0.363768,"42":0.2636,"43":14.740512,"44":0.094896,"45":0.258328,"46":0,"47":0},"firefox":{"2":0.063264,"3":0.173976,"3.5":0.15816,"3.6":0.21088,"4":0.231968,"5":0.1318,"6":0.084352,"7":0.094896,"8":0.036904,"9":0.042176,"10":0.10544,"11":0.042176,"12":0.073808,"13":0.02636,"14":0.121256,"15":0.05272,"16":0.205608,"17":0.031632,"18":0.068536,"19":0.10544,"20":0.163432,"21":0.885696,"22":0.10544,"23":0.100168,"24":0.073808,"25":0.047448,"26":0.005272,"27":0.02636,"28":0.02636,"29":0.036904,"30":0.015816,"31":0.543016,"32":0.332136,"33":0.036904,"34":0.042176,"35":0.02636,"36":0.063264,"37":0.3954,"38":3.263368,"39":0.121256,"40":0,"41":0,"42":0},"opera":{"9":0.031632,"9.5-9.6":0.063264,"10.0-10.1":0.063264,"10.5":0,"10.6":0.031632,"11":0.1318,"11.1":0.1318,"11.5":0.231968,"11.6":0.089624,"12":0.216152,"12.1":0.242512,"15":0,"16":0,"17":0,"18":0,"19":0,"20":0,"21":0,"22":0,"23":0,"24":0,"25":0,"26":0,"27":0,"28":0.216152,"29":0.137072,"30":0.2636,"31":0,"32":0},"safari":{"3.1":0,"3.2":0,"4":0.068536,"5":0.173976,"5.1":0.195064,"6":0.057992,"6.1":0.073808,"7":1.386536,"7.1":0.226696,"8":1.42344,"9":0},"android":{"2.1":0,"2.2":0,"2.3":0.132497695903,"3":0,"4":0.391330404179,"4.1":1.33730232609,"4.2-4.3":2.65457593071,"4.4":4.66669210338,"4.4.3-4.4.4":2.02444153973,"40":null},"ios_saf":{"3.2":0,"4.0-4.1":0,"4.2-4.3":0,"5.0-5.1":0.0346817941117,"6.0-6.1":0.111544148629,"7.0-7.1":1.12856432731,"8":0.0665515508629,"8.1-8.4":7.89151417909,"9":null},"op_mob":{"10":0,"11":0,"11.1":0,"11.5":0,"12":0.00158879220779,"12.1":0.00238318831169,"0":0.0214486948052},"ie":{"5.5":0.0635391938134,"6":0.0794239922668,"7":0.074129059449,"8":1.82675182214,"9":1.58318491252,"10":1.12782069019,"11":6.16859673272},"bb":{"7":0.09456,"10":null},"ie_mob":{"10":0.134302608696,"11":0.433057391304},"and_uc":{"0":8.08488},"op_mini":{"5.0-8.0":2.91066732468},"and_chr":{"0":18.800128},"edge":{"0":null},"and_ff":{"0":0.099288}},"total":96.1080064031}