{"id":"BM","name":"Bermuda","month":"2015-06","access_date":"2015-07-23","data":{"chrome":{"4":0,"5":0,"6":0,"7":0,"8":0,"9":0,"10":0,"11":0.153323,"12":0.027057,"13":0,"14":0,"15":0,"16":0.027057,"17":0,"18":0.036076,"19":0,"20":0,"21":0.009019,"22":0.018038,"23":0,"24":0,"25":0.027057,"26":0.018038,"27":0.045095,"28":0.027057,"29":0.027057,"30":0,"31":0.054114,"32":0.072152,"33":0.063133,"34":0.063133,"35":0.036076,"36":0.045095,"37":0.036076,"38":0.09019,"39":0.306646,"40":0.108228,"41":0.126266,"42":0.468988,"43":20.229617,"44":0.054114,"45":0.045095,"46":0,"47":0},"firefox":{"2":0,"3":0.009019,"3.5":0,"3.6":0,"4":0,"5":0,"6":0.009019,"7":0,"8":0,"9":0,"10":0.009019,"11":0.009019,"12":0.009019,"13":0,"14":0.009019,"15":0.018038,"16":0.027057,"17":0.009019,"18":0,"19":0.009019,"20":0,"21":0,"22":0.018038,"23":0.018038,"24":0.009019,"25":0.009019,"26":0.027057,"27":0.009019,"28":0.009019,"29":0,"30":0.009019,"31":0.054114,"32":0.018038,"33":0.018038,"34":0.018038,"35":0.054114,"36":0.081171,"37":0.135285,"38":5.14083,"39":0.036076,"40":0,"41":0,"42":0},"opera":{"9":0,"9.5-9.6":0,"10.0-10.1":0,"10.5":0,"10.6":0,"11":0,"11.1":0,"11.5":0,"11.6":0,"12":0,"12.1":0,"15":0,"16":0,"17":0,"18":0,"19":0,"20":0,"21":0,"22":0,"23":0,"24":0,"25":0,"26":0,"27":0.009019,"28":0,"29":0.036076,"30":0.045095,"31":0,"32":0},"safari":{"3.1":0,"3.2":0,"4":0.117247,"5":0.306646,"5.1":1.010128,"6":0.162342,"6.1":0.757596,"7":0.342722,"7.1":1.542249,"8":3.120574,"9":0},"android":{"2.1":0,"2.2":0,"2.3":0.025350988727,"3":0,"4":0.0748738504262,"4.1":0.255868118779,"4.2-4.3":0.507904111356,"4.4":0.892885405279,"4.4.3-4.4.4":0.387339525433,"40":null},"ios_saf":{"3.2":0,"4.0-4.1":0,"4.2-4.3":0,"5.0-5.1":0.0765407806091,"6.0-6.1":0.246171699797,"7.0-7.1":2.49067837442,"8":0.14687555198,"8.1-8.4":17.4161305932,"9":null},"op_mob":{"10":0,"11":0,"11.1":0,"11.5":0,"12":6.90097402597e-6,"12.1":1.0351461039e-5,"0":9.31631493506e-5},"ie":{"5.5":0,"6":0.009019,"7":0.135285,"8":3.751904,"9":6.85444,"10":3.824056,"11":21.302878},"bb":{"7":0.2221965,"10":null},"ie_mob":{"10":0.0327426521739,"11":0.105578347826},"and_uc":{"0":0.01962},"op_mini":{"5.0-8.0":0.0126425844156},"and_chr":{"0":3.733566},"edge":{"0":null},"and_ff":{"0":0.032373}},"total":98.0017005}