{"id":"BN","name":"Brunei Darussalam","month":"2015-06","access_date":"2015-07-23","data":{"chrome":{"4":0,"5":0.004601,"6":0.009202,"7":0,"8":0.004601,"9":0.004601,"10":0.009202,"11":0.023005,"12":0.004601,"13":0.004601,"14":0.027606,"15":0.009202,"16":0,"17":0,"18":0.004601,"19":0,"20":0.004601,"21":0.036808,"22":0.023005,"23":0.018404,"24":0.004601,"25":0.009202,"26":0.009202,"27":0.009202,"28":0.009202,"29":0.009202,"30":0.032207,"31":0.101222,"32":0.036808,"33":0.234651,"34":0.023005,"35":0.064414,"36":0.142631,"37":0.119626,"38":0.23005,"39":0.4601,"40":0.151833,"41":0.188641,"42":0.441696,"43":16.858064,"44":0.087419,"45":0.156434,"46":0,"47":0},"firefox":{"2":0,"3":0.009202,"3.5":0.004601,"3.6":0.055212,"4":0.009202,"5":0.004601,"6":0.013803,"7":0.009202,"8":0.004601,"9":0.036808,"10":0.027606,"11":0.032207,"12":0.032207,"13":0.013803,"14":0.009202,"15":0.013803,"16":0.041409,"17":0.004601,"18":0.004601,"19":0.013803,"20":0.018404,"21":0.013803,"22":0.009202,"23":0.004601,"24":0.009202,"25":0.018404,"26":0.004601,"27":0.018404,"28":0.013803,"29":0.041409,"30":0.059813,"31":0.087419,"32":0.133429,"33":0.064414,"34":0.087419,"35":0.179439,"36":0.105823,"37":0.294464,"38":7.324792,"39":0.685549,"40":0.009202,"41":0.004601,"42":0},"opera":{"9":0,"9.5-9.6":0,"10.0-10.1":0,"10.5":0,"10.6":0,"11":0,"11.1":0,"11.5":0,"11.6":0.018404,"12":0,"12.1":0.082818,"15":0,"16":0,"17":0,"18":0,"19":0,"20":0.004601,"21":0,"22":0.004601,"23":0,"24":0,"25":0.004601,"26":0.013803,"27":0.018404,"28":0.013803,"29":0.170237,"30":0.289863,"31":0.004601,"32":0},"safari":{"3.1":0,"3.2":0,"4":0.041409,"5":0.101222,"5.1":0.27606,"6":0.041409,"6.1":0.128828,"7":0.119626,"7.1":0.326671,"8":1.265275,"9":0},"android":{"2.1":0,"2.2":0,"2.3":0.136482130052,"3":0,"4":0.403098384108,"4.1":1.37751731262,"4.2-4.3":2.73440360558,"4.4":4.80702758056,"4.4.3-4.4.4":2.08531998708,"40":null},"ios_saf":{"3.2":0,"4.0-4.1":0,"4.2-4.3":0,"5.0-5.1":0.054720997868,"6.0-6.1":0.175994560711,"7.0-7.1":1.78065084954,"8":0.105005158071,"8.1-8.4":12.4512454338,"9":null},"op_mob":{"10":0,"11":0,"11.1":0,"11.5":0,"12":0.00876753192641,"12.1":0.0131512978896,"0":0.118361681006},"ie":{"5.5":0,"6":0.0092120348964,"7":0.023030087241,"8":1.2712608157,"9":0.534298023991,"10":0.35926936096,"11":2.01282962486},"bb":{"7":0.0134975,"10":null},"ie_mob":{"10":0.0357846763285,"11":0.115387323671},"and_uc":{"0":4.162629},"op_mini":{"5.0-8.0":16.0621184892},"and_chr":{"0":13.770955},"edge":{"0":null},"and_ff":{"0":0.124177}},"total":96.7691554477}