{"id":"BR","name":"Brazil","month":"2015-06","access_date":"2015-07-23","data":{"chrome":{"4":0,"5":0,"6":0.007581,"7":0,"8":0,"9":0,"10":0.007581,"11":0.022743,"12":0.015162,"13":0.007581,"14":0.007581,"15":0.007581,"16":0.007581,"17":0,"18":0.022743,"19":0,"20":0,"21":0.007581,"22":0.083391,"23":0.007581,"24":0.007581,"25":0.030324,"26":0.037905,"27":0.015162,"28":0.022743,"29":0.022743,"30":0.015162,"31":0.090972,"32":0.106134,"33":0.113715,"34":0.098553,"35":0.235011,"36":1.114407,"37":0.7581,"38":0.288078,"39":0.712614,"40":1.341837,"41":0.386631,"42":0.750519,"43":41.24064,"44":0.295659,"45":0.272916,"46":0,"47":0},"firefox":{"2":0,"3":0.015162,"3.5":0.007581,"3.6":0.030324,"4":0.007581,"5":0,"6":0.007581,"7":0,"8":0,"9":0.007581,"10":0.007581,"11":0.007581,"12":0.022743,"13":0.007581,"14":0.015162,"15":0.015162,"16":0.015162,"17":0.015162,"18":0.007581,"19":0.007581,"20":0.037905,"21":0.022743,"22":0.022743,"23":0.015162,"24":0.030324,"25":0.015162,"26":0.022743,"27":0.015162,"28":0.022743,"29":0.030324,"30":0.045486,"31":0.470022,"32":0.272916,"33":0.060648,"34":0.045486,"35":0.083391,"36":0.083391,"37":0.22743,"38":6.110286,"39":0.090972,"40":0.007581,"41":0,"42":0},"opera":{"9":0,"9.5-9.6":0,"10.0-10.1":0,"10.5":0,"10.6":0,"11":0,"11.1":0,"11.5":0,"11.6":0.007581,"12":0.007581,"12.1":0.030324,"15":0,"16":0,"17":0,"18":0,"19":0,"20":0,"21":0,"22":0,"23":0,"24":0.007581,"25":0.007581,"26":0,"27":0,"28":0.022743,"29":0.219849,"30":0.363888,"31":0,"32":0},"safari":{"3.1":0,"3.2":0,"4":0.007581,"5":0.022743,"5.1":0.068229,"6":0.015162,"6.1":0.037905,"7":0.386631,"7.1":0.098553,"8":0.568575,"9":0},"android":{"2.1":0,"2.2":0,"2.3":0.0671936774814,"3":0,"4":0.19845574512,"4.1":0.678187349464,"4.2-4.3":1.34621751512,"4.4":2.36662382664,"4.4.3-4.4.4":1.02665688617,"40":null},"ios_saf":{"3.2":0,"4.0-4.1":0,"4.2-4.3":0,"5.0-5.1":0.0153039587817,"6.0-6.1":0.0492208404061,"7.0-7.1":0.497999091168,"8":0.0293670560406,"8.1-8.4":3.4822710536,"9":null},"op_mob":{"10":0,"11":0,"11.1":0,"11.5":0,"12":0.000573334415584,"12.1":0.000860001623377,"0":0.00774001461039},"ie":{"5.5":0,"6":0.0152509029851,"7":0.0228763544776,"8":1.96736648507,"9":1.01418504851,"10":1.05993775746,"11":10.202854097},"bb":{"7":0.0036285,"10":null},"ie_mob":{"10":0.236489386473,"11":0.762557613527},"and_uc":{"0":0.769242},"op_mini":{"5.0-8.0":1.05034864935},"and_chr":{"0":14.288259},"edge":{"0":null},"and_ff":{"0":0.101598}},"total":99.2255901455}