{"id":"BS","name":"Bahamas","month":"2015-06","access_date":"2015-07-23","data":{"chrome":{"4":0,"5":0,"6":0,"7":0,"8":0,"9":0,"10":0,"11":0.043218,"12":0.014406,"13":0,"14":0,"15":0,"16":0,"17":0,"18":0.014406,"19":0,"20":0.007203,"21":0.151263,"22":0.021609,"23":0,"24":0.007203,"25":0.028812,"26":0.014406,"27":0.007203,"28":0.043218,"29":0.014406,"30":0.007203,"31":0.064827,"32":0.050421,"33":0.108045,"34":0.086436,"35":0.129654,"36":0.244902,"37":0.309729,"38":0.151263,"39":0.727503,"40":0.201684,"41":0.151263,"42":0.929187,"43":27.018453,"44":0.086436,"45":0.07203,"46":0,"47":0},"firefox":{"2":0,"3":0.021609,"3.5":0.007203,"3.6":0.021609,"4":0.014406,"5":0,"6":0,"7":0,"8":0,"9":0,"10":0,"11":0.007203,"12":0.036015,"13":0.007203,"14":0.007203,"15":0.007203,"16":0.050421,"17":0.007203,"18":0.007203,"19":0,"20":0.007203,"21":0.007203,"22":0,"23":0.021609,"24":0.007203,"25":0,"26":0.014406,"27":0,"28":0,"29":0.007203,"30":0.021609,"31":0.07203,"32":0.043218,"33":0.064827,"34":0.021609,"35":0.043218,"36":0.064827,"37":0.230496,"38":5.582325,"39":0.064827,"40":0,"41":0,"42":0},"opera":{"9":0,"9.5-9.6":0,"10.0-10.1":0.014406,"10.5":0,"10.6":0,"11":0,"11.1":0,"11.5":0,"11.6":0,"12":0,"12.1":0.043218,"15":0,"16":0,"17":0,"18":0,"19":0,"20":0.007203,"21":0,"22":0,"23":0,"24":0,"25":0.007203,"26":0,"27":0.007203,"28":0.014406,"29":0.100842,"30":0.201684,"31":0,"32":0},"safari":{"3.1":0,"3.2":0,"4":0.043218,"5":0.208887,"5.1":0.489804,"6":0.057624,"6.1":0.259308,"7":0.309729,"7.1":0.605052,"8":1.807953,"9":0},"android":{"2.1":0,"2.2":0,"2.3":0.101322010173,"3":0,"4":0.299253378884,"4.1":1.022645405,"4.2-4.3":2.02997469219,"4.4":3.56865545133,"4.4.3-4.4.4":1.54810606241,"40":null},"ios_saf":{"3.2":0,"4.0-4.1":0,"4.2-4.3":0,"5.0-5.1":0.0526034484264,"6.0-6.1":0.169184063858,"7.0-7.1":1.71174464609,"8":0.100941752386,"8.1-8.4":11.9694170892,"9":null},"op_mob":{"10":0,"11":0,"11.1":0,"11.5":0,"12":0.000152866341991,"12.1":0.000229299512987,"0":0.00206369561688},"ie":{"5.5":0,"6":0.0216275087794,"7":0.151392561456,"8":1.38416056188,"9":0.980447064668,"10":1.49950727537,"11":12.7890668582},"bb":{"7":0.09020325,"10":null},"ie_mob":{"10":0.252256971014,"11":0.813400028986},"and_uc":{"0":0.148241},"op_mini":{"5.0-8.0":0.280051138528},"and_chr":{"0":15.095382},"edge":{"0":null},"and_ff":{"0":0.117474}},"total":97.5519270804}