{"id":"BT","name":"Bhutan","month":"2015-06","access_date":"2015-07-23","data":{"chrome":{"4":0.012398,"5":0.080587,"6":0.006199,"7":0.006199,"8":0,"9":0,"10":0.142577,"11":0.024796,"12":0.018597,"13":0,"14":0.06199,"15":0,"16":0.006199,"17":0,"18":0.018597,"19":0,"20":0.006199,"21":0,"22":0.006199,"23":0.012398,"24":0,"25":0.006199,"26":0.012398,"27":0.012398,"28":0.006199,"29":0.006199,"30":0.049592,"31":0.018597,"32":0.037194,"33":0.099184,"34":0.030995,"35":0.030995,"36":4.636852,"37":6.8189,"38":0.049592,"39":0.539313,"40":0.204567,"41":0.142577,"42":0.241761,"43":12.807134,"44":0.198368,"45":0.638497,"46":0,"47":0},"firefox":{"2":0,"3":0.012398,"3.5":0.018597,"3.6":0.037194,"4":0.018597,"5":0.012398,"6":0,"7":0.006199,"8":0.006199,"9":0.006199,"10":0.055791,"11":0.006199,"12":0.037194,"13":0.012398,"14":0.006199,"15":0.074388,"16":0.068189,"17":0.018597,"18":0.012398,"19":0.006199,"20":0.012398,"21":0.012398,"22":0.006199,"23":0.012398,"24":0.006199,"25":0,"26":0.006199,"27":0.018597,"28":0.018597,"29":0.037194,"30":0.030995,"31":4.52527,"32":3.124296,"33":0.037194,"34":0.024796,"35":0.043393,"36":0.055791,"37":0.130179,"38":2.324625,"39":0.471124,"40":0,"41":0,"42":0},"opera":{"9":0,"9.5-9.6":0,"10.0-10.1":0,"10.5":0,"10.6":0,"11":0,"11.1":0,"11.5":0,"11.6":0,"12":0,"12.1":0.006199,"15":0,"16":0,"17":0,"18":0,"19":0,"20":0,"21":0,"22":0,"23":0,"24":0,"25":0,"26":0,"27":0,"28":0.006199,"29":0.105383,"30":0.12398,"31":0,"32":0},"safari":{"3.1":0,"3.2":0,"4":0,"5":0.006199,"5.1":0.111582,"6":0.006199,"6.1":0.012398,"7":7.073059,"7.1":0.049592,"8":3.84338,"9":0},"android":{"2.1":0,"2.2":0,"2.3":0.0613372004399,"3":0,"4":0.181158708276,"4.1":0.619077790487,"4.2-4.3":1.22888367858,"4.4":2.16035325735,"4.4.3-4.4.4":0.937175364861,"40":null},"ios_saf":{"3.2":0,"4.0-4.1":0,"4.2-4.3":0,"5.0-5.1":0.00942974111675,"6.0-6.1":0.0303280862944,"7.0-7.1":0.306848873096,"8":0.0180949086294,"8.1-8.4":2.14564839086,"9":null},"op_mob":{"10":0,"11":0,"11.1":0,"11.5":0,"12":0.00694176136364,"12.1":0.0104126420455,"0":0.0937137784091},"ie":{"5.5":0,"6":0.006199,"7":0,"8":0.49592,"9":0.080587,"10":0.533114,"11":7.779745},"bb":{"7":0.003801,"10":null},"ie_mob":{"10":0.377896521739,"11":1.21852347826},"and_uc":{"0":7.149681},"op_mini":{"5.0-8.0":12.7173068182},"and_chr":{"0":10.622379},"edge":{"0":null},"and_ff":{"0":0.03801}},"total":98.480358}