{"id":"BW","name":"Botswana","month":"2015-06","access_date":"2015-07-23","data":{"chrome":{"4":0,"5":0.018888,"6":0.018888,"7":0.006296,"8":0,"9":0,"10":0.006296,"11":0.069256,"12":0.006296,"13":0,"14":0.006296,"15":0,"16":0.018888,"17":0.006296,"18":0.050368,"19":0.006296,"20":0.006296,"21":0.025184,"22":0.018888,"23":0.012592,"24":0.006296,"25":0.107032,"26":0.03148,"27":0.012592,"28":0.012592,"29":0.056664,"30":0.050368,"31":0.151104,"32":0.069256,"33":0.132216,"34":0.176288,"35":0.144808,"36":0.28332,"37":0.132216,"38":0.1574,"39":0.824776,"40":0.358872,"41":0.25184,"42":1.183648,"43":18.16396,"44":0.1574,"45":0.415536,"46":0,"47":0},"firefox":{"2":0.006296,"3":0.012592,"3.5":0.006296,"3.6":0.044072,"4":0.037776,"5":0.025184,"6":0.012592,"7":0.018888,"8":0.025184,"9":0.012592,"10":0.025184,"11":0.075552,"12":0.132216,"13":0.03148,"14":0.050368,"15":0.03148,"16":0.113328,"17":0.03148,"18":0.258136,"19":0.06296,"20":0.037776,"21":0.037776,"22":0.025184,"23":0.044072,"24":0.018888,"25":0.012592,"26":0.037776,"27":0.012592,"28":0.03148,"29":0.214064,"30":0.132216,"31":0.100736,"32":0.100736,"33":0.182584,"34":0.509976,"35":0.264432,"36":0.245544,"37":0.610712,"38":12.976056,"39":0.837368,"40":0.025184,"41":0.044072,"42":0},"opera":{"9":0,"9.5-9.6":0,"10.0-10.1":0,"10.5":0,"10.6":0.006296,"11":0,"11.1":0.006296,"11.5":0.006296,"11.6":0.006296,"12":0.012592,"12.1":0.050368,"15":0.006296,"16":0,"17":0.006296,"18":0.012592,"19":0,"20":0,"21":0,"22":0,"23":0.006296,"24":0,"25":0.012592,"26":0.006296,"27":0.006296,"28":0.03148,"29":0.365168,"30":0.453312,"31":0,"32":0},"safari":{"3.1":0,"3.2":0,"4":0.050368,"5":0.044072,"5.1":0.163696,"6":0.050368,"6.1":0.06296,"7":0.138512,"7.1":0.144808,"8":0.509976,"9":0},"android":{"2.1":0,"2.2":0,"2.3":0.0759824778664,"3":0,"4":0.224413364861,"4.1":0.76689291614,"4.2-4.3":1.52230010888,"4.4":2.67617355183,"4.4.3-4.4.4":1.16094158042,"40":null},"ios_saf":{"3.2":0,"4.0-4.1":0,"4.2-4.3":0,"5.0-5.1":0.0135635013198,"6.0-6.1":0.0436231528934,"7.0-7.1":0.441363664569,"8":0.0260272592893,"8.1-8.4":3.08624642193,"9":null},"op_mob":{"10":0,"11":0,"11.1":0,"11.5":0,"12":0.00719353679654,"12.1":0.0107903051948,"0":0.0971127467532},"ie":{"5.5":0,"6":0.0567311109356,"7":0.132372592183,"8":3.04456962021,"9":3.17063875563,"10":2.14317530201,"11":7.41916861903},"bb":{"7":0.442628,"10":null},"ie_mob":{"10":0.462946318841,"11":1.49276568116},"and_uc":{"0":3.970688},"op_mini":{"5.0-8.0":13.1785594113},"and_chr":{"0":7.253816},"edge":{"0":null},"and_ff":{"0":0.196312}},"total":95.948684}