{"id":"BY","name":"Belarus","month":"2015-06","access_date":"2015-07-23","data":{"chrome":{"4":0.017186,"5":0.008593,"6":0.025779,"7":0.008593,"8":0.051558,"9":0.017186,"10":0.025779,"11":0.068744,"12":0.051558,"13":0.060151,"14":0.034372,"15":0.034372,"16":0.034372,"17":0.068744,"18":0.025779,"19":0.008593,"20":0.017186,"21":0.017186,"22":0.094523,"23":0.017186,"24":0.060151,"25":0.017186,"26":0.103116,"27":0.103116,"28":0.214825,"29":0.025779,"30":0.025779,"31":0.146081,"32":0.042965,"33":0.120302,"34":0.094523,"35":0.137488,"36":0.283569,"37":0.352313,"38":0.120302,"39":0.352313,"40":0.232011,"41":0.395278,"42":0.790556,"43":30.866056,"44":0.154674,"45":1.486589,"46":0,"47":0},"firefox":{"2":0.008593,"3":0.042965,"3.5":0.034372,"3.6":0.103116,"4":0.017186,"5":0.008593,"6":0.025779,"7":0.008593,"8":0.008593,"9":0.017186,"10":0.034372,"11":0.017186,"12":0.051558,"13":0.017186,"14":0.017186,"15":0.008593,"16":0.017186,"17":0.017186,"18":0.017186,"19":0.060151,"20":0.017186,"21":0.017186,"22":0.017186,"23":0.025779,"24":0.060151,"25":0.034372,"26":0.034372,"27":0.025779,"28":0.042965,"29":0.025779,"30":0.042965,"31":0.360906,"32":0.206232,"33":0.08593,"34":0.120302,"35":0.189046,"36":0.154674,"37":0.369499,"38":9.778834,"39":0.060151,"40":0.008593,"41":0.008593,"42":0},"opera":{"9":0,"9.5-9.6":0.025779,"10.0-10.1":0.042965,"10.5":0.008593,"10.6":0.025779,"11":0.034372,"11.1":0.034372,"11.5":0.068744,"11.6":0.352313,"12":0.42965,"12.1":5.84324,"15":0.025779,"16":0.103116,"17":0.025779,"18":0.103116,"19":0.034372,"20":0.094523,"21":0.042965,"22":0.120302,"23":0.051558,"24":0.08593,"25":0.094523,"26":0.128895,"27":0.128895,"28":0.326534,"29":4.004338,"30":7.64777,"31":0.060151,"32":0.008593},"safari":{"3.1":0,"3.2":0,"4":0.017186,"5":0.025779,"5.1":0.068744,"6":0.025779,"6.1":0.034372,"7":0.249197,"7.1":0.120302,"8":0.747591,"9":0},"android":{"2.1":0,"2.2":0,"2.3":0.0450576865549,"3":0,"4":0.133077353313,"4.1":0.454768278251,"4.2-4.3":0.902725510861,"4.4":1.58697363459,"4.4.3-4.4.4":0.688439536431,"40":null},"ios_saf":{"3.2":0,"4.0-4.1":0,"4.2-4.3":0,"5.0-5.1":0.011972786802,"6.0-6.1":0.038507071066,"7.0-7.1":0.389600954315,"8":0.0229748071066,"8.1-8.4":2.72429438071,"9":null},"op_mob":{"10":0,"11":0,"11.1":0,"11.5":0,"12":0.00173743181818,"12.1":0.00260614772727,"0":0.0234553295455},"ie":{"5.5":0,"6":0.0695506440678,"7":0.0695506440678,"8":2.6690059661,"9":0.556405152542,"10":0.504242169492,"11":2.79941342373},"bb":{"7":0.00246225,"10":null},"ie_mob":{"10":0.14454715942,"11":0.46609084058},"and_uc":{"0":0.446019},"op_mini":{"5.0-8.0":3.18297509091},"and_chr":{"0":6.549428},"edge":{"0":null},"and_ff":{"0":0.052059}},"total":94.81149425}