{"id":"BZ","name":"Belize","month":"2015-06","access_date":"2015-07-23","data":{"chrome":{"4":0,"5":0,"6":0,"7":0.01347,"8":0,"9":0,"10":0,"11":0.074085,"12":0.006735,"13":0,"14":0,"15":0.006735,"16":0.01347,"17":0,"18":0.02694,"19":0.006735,"20":0.006735,"21":0.047145,"22":0.04041,"23":0.006735,"24":0.006735,"25":0.033675,"26":0.033675,"27":0.006735,"28":0.02694,"29":0.006735,"30":0.08082,"31":0.20205,"32":0.033675,"33":0.141435,"34":0.06735,"35":0.114495,"36":0.56574,"37":0.41757,"38":0.181845,"39":0.99678,"40":0.262665,"41":0.22899,"42":0.585945,"43":24.751125,"44":0.114495,"45":0.60615,"46":0,"47":0},"firefox":{"2":0,"3":0.006735,"3.5":0,"3.6":0.033675,"4":0.01347,"5":0.006735,"6":0.006735,"7":0.006735,"8":0.006735,"9":0.01347,"10":0.04041,"11":0.047145,"12":0.02694,"13":0.01347,"14":0.006735,"15":0.033675,"16":0.020205,"17":0.01347,"18":0.006735,"19":0.020205,"20":0.006735,"21":0.01347,"22":0.020205,"23":0.02694,"24":0.01347,"25":0.01347,"26":0.04041,"27":0.01347,"28":0.006735,"29":0.020205,"30":0.033675,"31":0.343485,"32":0.195315,"33":0.208785,"34":0.09429,"35":0.303075,"36":0.154905,"37":0.518595,"38":9.71187,"39":0.72738,"40":0.02694,"41":0.006735,"42":0},"opera":{"9":0,"9.5-9.6":0,"10.0-10.1":0,"10.5":0,"10.6":0,"11":0,"11.1":0,"11.5":0,"11.6":0,"12":0,"12.1":0.02694,"15":0,"16":0,"17":0,"18":0,"19":0,"20":0.01347,"21":0,"22":0,"23":0,"24":0,"25":0,"26":0,"27":0.006735,"28":0.020205,"29":0.18858,"30":0.276135,"31":0.006735,"32":0},"safari":{"3.1":0,"3.2":0,"4":0.020205,"5":0.060615,"5.1":0.154905,"6":0.04041,"6.1":0.08082,"7":0.39063,"7.1":0.25593,"8":1.582725,"9":0},"android":{"2.1":0,"2.2":0,"2.3":0.161616806434,"3":0,"4":0.477333358537,"4.1":1.63120218587,"4.2-4.3":3.23797392425,"4.4":5.69229426382,"4.4.3-4.4.4":2.46935446109,"40":null},"ios_saf":{"3.2":0,"4.0-4.1":0,"4.2-4.3":0,"5.0-5.1":0.0422857411168,"6.0-6.1":0.136000086294,"7.0-7.1":1.3760008731,"8":0.0811429086294,"8.1-8.4":9.62172039086,"9":null},"op_mob":{"10":0,"11":0,"11.1":0,"11.5":0,"12":0.000802115800866,"12.1":0.0012031737013,"0":0.0108285633117},"ie":{"5.5":0,"6":0.102661032389,"7":0.0615966194332,"8":0.739159433198,"9":1.10189508097,"10":1.38934597166,"11":6.74140779352},"bb":{"7":0.18937,"10":null},"ie_mob":{"10":0.23804531401,"11":0.76757468599},"and_uc":{"0":0.7183},"op_mini":{"5.0-8.0":1.46947614719},"and_chr":{"0":13.2815},"edge":{"0":null},"and_ff":{"0":0.101215}},"total":97.5046059312}