{"id":"CA","name":"Canada","month":"2015-06","access_date":"2015-07-23","data":{"chrome":{"4":0,"5":0,"6":0,"7":0,"8":0,"9":0,"10":0,"11":0.032532,"12":0.008133,"13":0,"14":0,"15":0,"16":0.008133,"17":0.016266,"18":0.008133,"19":0.008133,"20":0.008133,"21":0.016266,"22":0.024399,"23":0.008133,"24":0.016266,"25":0.016266,"26":0.016266,"27":0.016266,"28":0.016266,"29":0.032532,"30":0.032532,"31":0.219591,"32":0.056931,"33":0.089463,"34":0.089463,"35":0.187059,"36":1.366344,"37":2.025117,"38":0.178926,"39":0.382251,"40":0.309054,"41":0.357852,"42":0.845832,"43":20.950608,"44":0.097596,"45":0.073197,"46":0,"47":0},"firefox":{"2":0.008133,"3":0.016266,"3.5":0.008133,"3.6":0.024399,"4":0.056931,"5":0.008133,"6":0.016266,"7":0,"8":0,"9":0,"10":0.008133,"11":0.008133,"12":0.016266,"13":0.008133,"14":0.008133,"15":0.016266,"16":0.040665,"17":0.016266,"18":0.008133,"19":0.016266,"20":0.016266,"21":0.040665,"22":0.016266,"23":0.008133,"24":0.024399,"25":0.032532,"26":0.016266,"27":0.016266,"28":0.032532,"29":0.065064,"30":0.032532,"31":1.341945,"32":0.805167,"33":0.048798,"34":0.097596,"35":0.105729,"36":0.105729,"37":0.300921,"38":7.588089,"39":0.08133,"40":0.008133,"41":0.008133,"42":0},"opera":{"9":0,"9.5-9.6":0,"10.0-10.1":0,"10.5":0,"10.6":0,"11":0,"11.1":0,"11.5":0,"11.6":0,"12":0.008133,"12.1":0.113862,"15":0,"16":0,"17":0,"18":0,"19":0,"20":0,"21":0,"22":0,"23":0,"24":0,"25":0.008133,"26":0,"27":0,"28":0.008133,"29":0.073197,"30":0.138261,"31":0,"32":0},"safari":{"3.1":0,"3.2":0,"4":0.056931,"5":0.178926,"5.1":0.829566,"6":0.073197,"6.1":2.163378,"7":2.147112,"7.1":5.188854,"8":2.740821,"9":0},"android":{"2.1":0,"2.2":0,"2.3":0.0293758336541,"3":0,"4":0.086761183118,"4.1":0.29649097223,"4.2-4.3":0.588541411465,"4.4":1.03464418765,"4.4.3-4.4.4":0.448835411878,"40":null},"ios_saf":{"3.2":0,"4.0-4.1":0,"4.2-4.3":0,"5.0-5.1":0.0650997420305,"6.0-6.1":0.20937484599,"7.0-7.1":2.11838079472,"8":0.124921126599,"8.1-8.4":14.8128304907,"9":null},"op_mob":{"10":0,"11":0,"11.1":0,"11.5":0,"12":4.44523809524e-5,"12.1":6.66785714286e-5,"0":0.000600107142857},"ie":{"5.5":0,"6":0.0246387655592,"7":0.114980905943,"8":2.36532149368,"9":1.732926511,"10":1.45368716799,"11":11.8594591558},"bb":{"7":0.14609275,"10":null},"ie_mob":{"10":0.0304943333333,"11":0.0983286666667},"and_uc":{"0":0.069079},"op_mini":{"5.0-8.0":0.0814367619048},"and_chr":{"0":7.329105},"edge":{"0":null},"and_ff":{"0":0.084015}},"total":97.52512175}