{"id":"CD","name":"Congo, Democratic Republic of the","month":"2015-06","access_date":"2015-07-23","data":{"chrome":{"4":0.01344,"5":0,"6":0.00252,"7":0.00756,"8":0.00672,"9":0,"10":0.00756,"11":0.07224,"12":0.00588,"13":0.00168,"14":0.00504,"15":0.00084,"16":0.00252,"17":0,"18":0.00504,"19":0.00084,"20":0.00084,"21":0.00252,"22":0.00252,"23":0.00084,"24":0.00168,"25":0.0168,"26":0.01596,"27":0.00336,"28":0.0042,"29":0.0084,"30":0.00924,"31":0.021,"32":0.0042,"33":0.01008,"34":0.00588,"35":0.01764,"36":0.03696,"37":0.02184,"38":0.01176,"39":0.0588,"40":0.02184,"41":0.02856,"42":0.12348,"43":1.91688,"44":0.01176,"45":0.0798,"46":0,"47":0},"firefox":{"2":0.0042,"3":0.12012,"3.5":0.01008,"3.6":0.01932,"4":0.01596,"5":0.0042,"6":0.00336,"7":0.00504,"8":0.0042,"9":0.01008,"10":0.0126,"11":0.01596,"12":0.0168,"13":0.0126,"14":0.01008,"15":0.0126,"16":0.01344,"17":0.00588,"18":0.00756,"19":0.00924,"20":0.01428,"21":0.0126,"22":0.01008,"23":0.01428,"24":0.01512,"25":0.0126,"26":0.0084,"27":0.02016,"28":0.01176,"29":0.02184,"30":0.03444,"31":0.0336,"32":0.0294,"33":0.03528,"34":0.0336,"35":0.042,"36":0.042,"37":0.11676,"38":1.40028,"39":0.06636,"40":0.00672,"41":0.0084,"42":0},"opera":{"9":0,"9.5-9.6":0.00252,"10.0-10.1":0.00336,"10.5":0.00168,"10.6":0.0042,"11":0.021,"11.1":0.00252,"11.5":0.0084,"11.6":0.0252,"12":0.0084,"12.1":0.04704,"15":0.00672,"16":0.01008,"17":0.00252,"18":0.0042,"19":0.0084,"20":0.0084,"21":0.00336,"22":0.01092,"23":0.01428,"24":0.00336,"25":0.00588,"26":0.00504,"27":0.01596,"28":0.02856,"29":0.1806,"30":0.20328,"31":0.00084,"32":0},"safari":{"3.1":0,"3.2":0,"4":0.00588,"5":0.00504,"5.1":0.02856,"6":0.0042,"6.1":0.00672,"7":0.0294,"7.1":0.03864,"8":0.10164,"9":0},"android":{"2.1":0,"2.2":0,"2.3":0.0687470332692,"3":0,"4":0.203043563376,"4.1":0.693865405554,"4.2-4.3":1.37733881771,"4.4":2.42133446247,"4.4.3-4.4.4":1.05039071762,"40":null},"ios_saf":{"3.2":0,"4.0-4.1":0,"4.2-4.3":0,"5.0-5.1":0.00442181928934,"6.0-6.1":0.0142215269036,"7.0-7.1":0.143888389848,"8":0.00848511269036,"8.1-8.4":1.00614315127,"9":null},"op_mob":{"10":0,"11":0,"11.1":0,"11.5":0,"12":0.0385086796537,"12.1":0.0577630194805,"0":0.519867175325},"ie":{"5.5":0,"6":0.0101051842598,"7":0.0193682698314,"8":0.282103060587,"9":0.123788507183,"10":0.256840099938,"11":0.650100187383},"bb":{"7":0.09389,"10":null},"ie_mob":{"10":0.494374492754,"11":1.59410550725},"and_uc":{"0":5.60592},"op_mini":{"5.0-8.0":70.5479011255},"and_chr":{"0":3.1244},"edge":{"0":null},"and_ff":{"0":0.1374}},"total":96.2771153092}