{"id":"CF","name":"Central African Republic","month":"2015-06","access_date":"2015-07-23","data":{"chrome":{"4":0.01203,"5":0.006015,"6":0,"7":0,"8":0.1203,"9":0,"10":0.10827,"11":0.030075,"12":0.042105,"13":0,"14":0,"15":0.018045,"16":0.01203,"17":0,"18":0,"19":0.006015,"20":0,"21":0.006015,"22":0,"23":0,"24":0,"25":0.030075,"26":0.06015,"27":0.006015,"28":0,"29":0.01203,"30":0.054135,"31":0.19248,"32":0.042105,"33":0.01203,"34":0.006015,"35":0.018045,"36":0.01203,"37":0.07218,"38":0,"39":0.09624,"40":0.054135,"41":0.054135,"42":0.30075,"43":14.141265,"44":0.042105,"45":0.46917,"46":0,"47":0},"firefox":{"2":0.042105,"3":0,"3.5":0.01203,"3.6":0.2406,"4":0.13233,"5":0.030075,"6":0.186465,"7":0.006015,"8":0.415035,"9":0.018045,"10":0.186465,"11":0.306765,"12":0.34887,"13":0.3609,"14":0.02406,"15":0.14436,"16":0.222555,"17":0.018045,"18":0.04812,"19":0.03609,"20":0.15639,"21":0.1203,"22":0.234585,"23":0.018045,"24":0.270675,"25":0.03609,"26":0.15639,"27":0.270675,"28":0.162405,"29":0.174435,"30":0.920295,"31":0.25263,"32":0.162405,"33":0.679695,"34":0.378945,"35":0.3609,"36":0.222555,"37":1.148865,"38":14.442015,"39":0.92631,"40":0.02406,"41":0,"42":0},"opera":{"9":0,"9.5-9.6":0,"10.0-10.1":0,"10.5":0,"10.6":0,"11":0.06015,"11.1":0,"11.5":0.006015,"11.6":0.01203,"12":0,"12.1":0.126315,"15":0,"16":0.018045,"17":0,"18":0,"19":0.054135,"20":0,"21":0.030075,"22":0,"23":0,"24":0,"25":0.01203,"26":0.054135,"27":0.162405,"28":0.01203,"29":1.29924,"30":0.46917,"31":0.01203,"32":0},"safari":{"3.1":0,"3.2":0,"4":0,"5":0,"5.1":0.1203,"6":0,"6.1":0.19248,"7":0.01203,"7.1":0.258645,"8":0.80601,"9":0},"android":{"2.1":0,"2.2":0,"2.3":0.172338786087,"3":0,"4":0.50900060077,"4.1":1.73941937586,"4.2-4.3":3.45278753987,"4.4":6.06993236115,"4.4.3-4.4.4":2.63317633627,"40":null},"ios_saf":{"3.2":0,"4.0-4.1":0,"4.2-4.3":0,"5.0-5.1":0.0173526243655,"6.0-6.1":0.0558097918782,"7.0-7.1":0.56466377665,"8":0.0332982791878,"8.1-8.4":3.94842552792,"9":null},"op_mob":{"10":0,"11":0,"11.1":0,"11.5":0,"12":0.00840127705628,"12.1":0.0126019155844,"0":0.11341724026},"ie":{"5.5":0,"6":0.054135,"7":0.042105,"8":1.69623,"9":0.2406,"10":1.74435,"11":6.598455},"bb":{"7":0.0577825,"10":null},"ie_mob":{"10":0.34525115942,"11":1.11325884058},"and_uc":{"0":2.04829},"op_mini":{"5.0-8.0":15.3911395671},"and_chr":{"0":6.014925},"edge":{"0":null},"and_ff":{"0":0.19128}},"total":98.5192825}