{"id":"CG","name":"Congo, Republic of the","month":"2015-06","access_date":"2015-07-23","data":{"chrome":{"4":0.0207,"5":0.0023,"6":0.0115,"7":0,"8":0,"9":0.0046,"10":0.0069,"11":0.0345,"12":0.0046,"13":0.0046,"14":0.0092,"15":0.0069,"16":0.0023,"17":0.0046,"18":0,"19":0,"20":0,"21":0.0069,"22":0.0069,"23":0.0046,"24":0.0023,"25":0.0989,"26":0.0184,"27":0.0092,"28":0.0069,"29":0.0092,"30":0.0851,"31":0.2944,"32":0.0046,"33":0.023,"34":0.0115,"35":0.0368,"36":0.0851,"37":0.023,"38":0.0345,"39":0.138,"40":0.0943,"41":0.092,"42":0.1127,"43":4.9473,"44":0.0391,"45":0.0667,"46":0,"47":0},"firefox":{"2":0.0115,"3":0.0598,"3.5":0.0644,"3.6":0.0414,"4":0.0437,"5":0.0207,"6":0.0092,"7":0.0046,"8":0.0092,"9":0.0115,"10":0.0138,"11":0.2162,"12":0.0529,"13":0.0184,"14":0.0598,"15":0.0276,"16":0.069,"17":0.023,"18":0.0713,"19":0.0391,"20":0.0437,"21":0.0115,"22":0.0138,"23":0.0161,"24":0.0943,"25":0.0276,"26":0.023,"27":0.0138,"28":0.0092,"29":0.069,"30":0.0759,"31":0.1012,"32":0.046,"33":0.1081,"34":0.0437,"35":0.1196,"36":0.0713,"37":0.2369,"38":5.1658,"39":0.2277,"40":0.0276,"41":0.0046,"42":0},"opera":{"9":0,"9.5-9.6":0.0023,"10.0-10.1":0,"10.5":0,"10.6":0.0161,"11":0.0046,"11.1":0.0046,"11.5":0.0115,"11.6":0.0161,"12":0.1035,"12.1":0.0713,"15":0.0437,"16":0.0023,"17":0.0092,"18":0.0023,"19":0.0069,"20":0.0046,"21":0.0115,"22":0.0046,"23":0.0023,"24":0,"25":0,"26":0.0069,"27":0.0069,"28":0.0161,"29":0.2139,"30":0.3358,"31":0.0023,"32":0.0138},"safari":{"3.1":0,"3.2":0,"4":0.0023,"5":0.0575,"5.1":0.0644,"6":0.0414,"6.1":0.0575,"7":0.0805,"7.1":0.0874,"8":0.2047,"9":0},"android":{"2.1":0,"2.2":0,"2.3":0.0591997800385,"3":0,"4":0.174845861974,"4.1":0.597504756668,"4.2-4.3":1.18606070938,"4.4":2.08507132252,"4.4.3-4.4.4":0.904517569425,"40":null},"ios_saf":{"3.2":0,"4.0-4.1":0,"4.2-4.3":0,"5.0-5.1":0.00773243654822,"6.0-6.1":0.0248691878173,"7.0-7.1":0.251617664975,"8":0.0148379187817,"8.1-8.4":1.75944279188,"9":null},"op_mob":{"10":0,"11":0,"11.1":0,"11.5":0,"12":0.0308458333333,"12.1":0.04626875,"0":0.41641875},"ie":{"5.5":0,"6":0.0280192405063,"7":0.0420288607595,"8":1.00869265823,"9":1.21883696203,"10":0.835907341772,"11":1.46167037975},"bb":{"7":0.190575,"10":null},"ie_mob":{"10":0.145816425121,"11":0.470183574879},"and_uc":{"0":6.7991},"op_mini":{"5.0-8.0":56.5095666667},"and_chr":{"0":4.8014},"edge":{"0":null},"and_ff":{"0":0.1078}},"total":96.469230443}