{"id":"CH","name":"Switzerland","month":"2015-06","access_date":"2015-07-23","data":{"chrome":{"4":0,"5":0,"6":0,"7":0,"8":0,"9":0,"10":0,"11":0.028224,"12":0.014112,"13":0,"14":0,"15":0,"16":0.014112,"17":0,"18":0,"19":0,"20":0,"21":0.014112,"22":0.042336,"23":0.007056,"24":0.007056,"25":0.014112,"26":0.014112,"27":0.014112,"28":0.014112,"29":0.014112,"30":0.007056,"31":0.098784,"32":0.03528,"33":0.077616,"34":0.190512,"35":0.098784,"36":0.28224,"37":0.345744,"38":0.10584,"39":0.31752,"40":0.127008,"41":0.169344,"42":0.38808,"43":14.620032,"44":0.07056,"45":0.07056,"46":0,"47":0},"firefox":{"2":0,"3":0.007056,"3.5":0,"3.6":0.03528,"4":0.007056,"5":0.007056,"6":0.007056,"7":0.014112,"8":0.007056,"9":0.007056,"10":0.021168,"11":0.007056,"12":0.028224,"13":0.007056,"14":0.007056,"15":0.014112,"16":0.049392,"17":0.03528,"18":0.007056,"19":0.014112,"20":0.014112,"21":0.021168,"22":0.007056,"23":0.014112,"24":0.049392,"25":0.014112,"26":0.049392,"27":0.021168,"28":0.028224,"29":0.03528,"30":0.03528,"31":0.49392,"32":0.162288,"33":0.077616,"34":0.091728,"35":0.183456,"36":0.1764,"37":0.409248,"38":13.060656,"39":0.084672,"40":0.014112,"41":0.007056,"42":0},"opera":{"9":0,"9.5-9.6":0,"10.0-10.1":0,"10.5":0,"10.6":0,"11":0,"11.1":0,"11.5":0,"11.6":0.007056,"12":0.007056,"12.1":0.14112,"15":0,"16":0,"17":0,"18":0,"19":0,"20":0,"21":0,"22":0,"23":0,"24":0.007056,"25":0.007056,"26":0,"27":0,"28":0.014112,"29":0.275184,"30":0.345744,"31":0.007056,"32":0},"safari":{"3.1":0,"3.2":0,"4":0.063504,"5":0.254016,"5.1":1.030176,"6":0.162288,"6.1":0.719712,"7":0.536256,"7.1":1.474704,"8":4.628736,"9":0.007056},"android":{"2.1":0,"2.2":0,"2.3":0.0444194138026,"3":0,"4":0.131192222161,"4.1":0.448326176519,"4.2-4.3":0.889937790487,"4.4":1.56449307451,"4.4.3-4.4.4":0.678687322519,"40":null},"ios_saf":{"3.2":0,"4.0-4.1":0,"4.2-4.3":0,"5.0-5.1":0.0821972467005,"6.0-6.1":0.264364117766,"7.0-7.1":2.67474283858,"8":0.157729851777,"8.1-8.4":18.7032059452,"9":null},"op_mob":{"10":0,"11":0,"11.1":0,"11.5":0,"12":5.25714285714e-5,"12.1":7.88571428571e-5,"0":0.000709714285714},"ie":{"5.5":0,"6":0.0141389107551,"7":0.049486187643,"8":0.897820832952,"9":2.00065587185,"10":1.49165508467,"11":14.0823551121},"bb":{"7":0.020608,"10":null},"ie_mob":{"10":0.151224888889,"11":0.487623111111},"and_uc":{"0":0.138368},"op_mini":{"5.0-8.0":0.0963108571429},"and_chr":{"0":11.17792},"edge":{"0":null},"and_ff":{"0":0.164864}},"total":98.636272}