{"id":"CK","name":"Cook Islands","month":"2015-06","access_date":"2015-07-23","data":{"chrome":{"4":0,"5":0,"6":0,"7":0,"8":0,"9":0,"10":0,"11":0,"12":0.036124,"13":0,"14":0,"15":0,"16":0,"17":0,"18":0.018062,"19":0.009031,"20":0,"21":0.009031,"22":0,"23":0,"24":0.009031,"25":0,"26":0,"27":0,"28":0.135465,"29":0,"30":0.009031,"31":0,"32":0.018062,"33":0.018062,"34":0.027093,"35":0.009031,"36":0.234806,"37":0.288992,"38":0.009031,"39":0.135465,"40":0.126434,"41":0.027093,"42":0.162558,"43":8.787163,"44":0.009031,"45":0.018062,"46":0,"47":0},"firefox":{"2":0,"3":0,"3.5":0,"3.6":0.027093,"4":0,"5":0.054186,"6":0,"7":0,"8":0,"9":0.009031,"10":0.009031,"11":0.018062,"12":0.018062,"13":0,"14":0,"15":0.009031,"16":0.009031,"17":0,"18":0,"19":0,"20":0.009031,"21":0.009031,"22":0.027093,"23":0.009031,"24":0,"25":0,"26":0.018062,"27":0.009031,"28":0.072248,"29":0.036124,"30":0.027093,"31":0.171589,"32":0.117403,"33":0.027093,"34":0.027093,"35":0.036124,"36":0.045155,"37":0.605077,"38":3.287284,"39":0.162558,"40":0,"41":0,"42":0},"opera":{"9":0,"9.5-9.6":0,"10.0-10.1":0,"10.5":0,"10.6":0,"11":0,"11.1":0,"11.5":0.018062,"11.6":0,"12":0.009031,"12.1":0.009031,"15":0,"16":0,"17":0,"18":0,"19":0,"20":0,"21":0,"22":0,"23":0,"24":0,"25":0,"26":0,"27":0.009031,"28":0,"29":0.009031,"30":0.018062,"31":0,"32":0},"safari":{"3.1":0,"3.2":0,"4":0.018062,"5":0.027093,"5.1":0.09031,"6":0.036124,"6.1":0.162558,"7":0.379302,"7.1":0.135465,"8":0.63217,"9":0},"android":{"2.1":0,"2.2":0,"2.3":0.0344604270003,"3":0,"4":0.101778470443,"4.1":0.347809891119,"4.2-4.3":0.690410647924,"4.4":1.21372829516,"4.4.3-4.4.4":0.526523268353,"40":null},"ios_saf":{"3.2":0,"4.0-4.1":0,"4.2-4.3":0,"5.0-5.1":0.0192750692386,"6.0-6.1":0.0619927902538,"7.0-7.1":0.62722117198,"8":0.0369872950254,"8.1-8.4":4.3858596735,"9":null},"op_mob":{"10":0,"11":0,"11.1":0,"11.5":0,"12":6.81655844156e-5,"12.1":0.000102248376623,"0":0.00092023538961},"ie":{"5.5":0,"6":0.00904144650087,"7":0.00904144650087,"8":9.74667932794,"9":1.0849735801,"10":0.696191380567,"11":4.04152658589},"bb":{"7":0.0014535,"10":null},"ie_mob":{"10":0.0497747681159,"11":0.160498231884},"and_uc":{"0":0.025194},"op_mini":{"5.0-8.0":0.124879350649},"and_chr":{"0":4.558443},"edge":{"0":null},"and_ff":{"0":0.035853}},"total":45.0903242675}