{"id":"CL","name":"Chile","month":"2015-06","access_date":"2015-07-23","data":{"chrome":{"4":0.007409,"5":0.007409,"6":0,"7":0,"8":0,"9":0,"10":0,"11":0.029636,"12":0.007409,"13":0.007409,"14":0,"15":0,"16":0.007409,"17":0.007409,"18":0.007409,"19":0,"20":0,"21":0.014818,"22":0.096317,"23":0.007409,"24":0.007409,"25":0.014818,"26":0.051863,"27":0.029636,"28":0.022227,"29":0.022227,"30":0.022227,"31":0.125953,"32":0.051863,"33":0.081499,"34":0.170407,"35":1.266939,"36":0.681628,"37":1.059487,"38":0.318587,"39":0.674219,"40":0.266724,"41":0.325996,"42":0.600129,"43":39.030612,"44":0.133362,"45":0.103726,"46":0,"47":0},"firefox":{"2":0,"3":0.007409,"3.5":0.007409,"3.6":0.022227,"4":0.007409,"5":0,"6":0.007409,"7":0,"8":0,"9":0,"10":0.007409,"11":0.007409,"12":0.014818,"13":0.007409,"14":0.007409,"15":0.007409,"16":0.014818,"17":0.007409,"18":0.007409,"19":0.007409,"20":0.014818,"21":0.007409,"22":0.007409,"23":0.007409,"24":0.007409,"25":0.007409,"26":0.007409,"27":0.007409,"28":0.014818,"29":0.014818,"30":1.970794,"31":0.103726,"32":0.059272,"33":0.051863,"34":0.081499,"35":0.07409,"36":0.07409,"37":0.244497,"38":5.838292,"39":0.044454,"40":0.014818,"41":0,"42":0},"opera":{"9":0,"9.5-9.6":0,"10.0-10.1":0,"10.5":0,"10.6":0,"11":0,"11.1":0,"11.5":0,"11.6":0,"12":0,"12.1":0.07409,"15":0,"16":0,"17":0,"18":0,"19":0,"20":0,"21":0,"22":0,"23":0,"24":0,"25":0,"26":0,"27":0,"28":0.014818,"29":0.274133,"30":0.503812,"31":0.014818,"32":0},"safari":{"3.1":0,"3.2":0,"4":0.022227,"5":0.051863,"5.1":0.118544,"6":0.037045,"6.1":0.096317,"7":0.170407,"7.1":0.303769,"8":0.977988,"9":0},"android":{"2.1":0,"2.2":0,"2.3":0.0700824924388,"3":0,"4":0.206987826505,"4.1":0.70734422601,"4.2-4.3":1.40409458688,"4.4":2.46837057671,"4.4.3-4.4.4":1.07079529145,"40":null},"ios_saf":{"3.2":0,"4.0-4.1":0,"4.2-4.3":0,"5.0-5.1":0.0228442507614,"6.0-6.1":0.0734720497462,"7.0-7.1":0.74336426802,"8":0.0438362649746,"8.1-8.4":5.1979931665,"9":null},"op_mob":{"10":0,"11":0,"11.1":0,"11.5":0,"12":0.000629523268398,"12.1":0.000944284902597,"0":0.00849856412338},"ie":{"5.5":0,"6":0.0596936147007,"7":0.0522319128631,"8":2.82052329461,"9":1.5296488767,"10":1.73857652816,"11":6.37975507113},"bb":{"7":0.012955,"10":null},"ie_mob":{"10":0.155785439614,"11":0.502328560386},"and_uc":{"0":0.095867},"op_mini":{"5.0-8.0":1.15328662771},"and_chr":{"0":15.775278},"edge":{"0":null},"and_ff":{"0":0.119186}},"total":99.1302682982}