{"id":"CM","name":"Cameroon","month":"2015-06","access_date":"2015-07-23","data":{"chrome":{"4":0.01575,"5":0.01575,"6":0.00945,"7":0.00945,"8":0.0063,"9":0.0063,"10":0.0315,"11":0.07245,"12":0.02205,"13":0.0189,"14":0.0063,"15":0.0252,"16":0.03465,"17":0.0063,"18":0.00315,"19":0.0063,"20":0.0063,"21":0.0126,"22":0.0063,"23":0.00945,"24":0.0063,"25":0.0315,"26":0.02205,"27":0.02205,"28":0.02835,"29":0.0252,"30":0.0441,"31":0.11025,"32":0.01575,"33":0.0567,"34":0.02205,"35":0.05985,"36":0.0819,"37":0.02205,"38":0.03465,"39":0.17325,"40":0.16695,"41":0.1071,"42":0.2016,"43":5.9598,"44":0.0378,"45":0.8127,"46":0,"47":0},"firefox":{"2":0.0441,"3":0.189,"3.5":0.0315,"3.6":0.1134,"4":0.04725,"5":0.02835,"6":0.0189,"7":0.02205,"8":0.04095,"9":0.02835,"10":0.12915,"11":0.1449,"12":0.0882,"13":0.0693,"14":0.07245,"15":0.0882,"16":0.126,"17":0.11025,"18":0.08505,"19":0.09765,"20":0.1575,"21":0.1134,"22":0.1008,"23":0.1071,"24":0.126,"25":0.1701,"26":0.15435,"27":0.13545,"28":0.09135,"29":0.31815,"30":0.40005,"31":0.3906,"32":0.315,"33":0.504,"34":0.315,"35":0.6678,"36":0.34965,"37":1.00485,"38":8.96175,"39":0.8694,"40":0.0504,"41":0.01575,"42":0},"opera":{"9":0,"9.5-9.6":0.0063,"10.0-10.1":0.00945,"10.5":0.00315,"10.6":0.00315,"11":0.01575,"11.1":0.00315,"11.5":0.0126,"11.6":0.0315,"12":0.0378,"12.1":0.06615,"15":0.00945,"16":0.00945,"17":0.0315,"18":0.0126,"19":0.0126,"20":0.0189,"21":0.0063,"22":0.01575,"23":0.0063,"24":0.00945,"25":0.00945,"26":0.02205,"27":0.0252,"28":0.0756,"29":0.31185,"30":0.3843,"31":0.00315,"32":0},"safari":{"3.1":0,"3.2":0,"4":0.0126,"5":0.02205,"5.1":0.03465,"6":0.0126,"6.1":0.0189,"7":0.0189,"7.1":0.05985,"8":0.12285,"9":0},"android":{"2.1":0,"2.2":0,"2.3":0.0823945971955,"3":0,"4":0.24335148474,"4.1":0.831610585648,"4.2-4.3":1.65076617404,"4.4":2.90201435936,"4.4.3-4.4.4":1.25891279901,"40":null},"ios_saf":{"3.2":0,"4.0-4.1":0,"4.2-4.3":0,"5.0-5.1":0.00437783248731,"6.0-6.1":0.0140800558376,"7.0-7.1":0.142457035533,"8":0.00840070558376,"8.1-8.4":0.996134370558,"9":null},"op_mob":{"10":0,"11":0,"11.1":0,"11.5":0,"12":0.0265029761905,"12.1":0.0397544642857,"0":0.357790178571},"ie":{"5.5":0,"6":0.0353745387454,"7":0.0546697416974,"8":0.598151291513,"9":0.205815498155,"10":0.530618081181,"11":1.16414391144},"bb":{"7":0.0839125,"10":null},"ie_mob":{"10":0.202687198068,"11":0.653562801932},"and_uc":{"0":5.25395},"op_mini":{"5.0-8.0":48.553452381},"and_chr":{"0":3.6673},"edge":{"0":null},"and_ff":{"0":0.4521}},"total":96.7294355627}