{"id":"CO","name":"Colombia","month":"2015-06","access_date":"2015-07-23","data":{"chrome":{"4":0.007405,"5":0.007405,"6":0.007405,"7":0.007405,"8":0.01481,"9":0.007405,"10":0.007405,"11":0.05924,"12":0.01481,"13":0.01481,"14":0.007405,"15":0.007405,"16":0,"17":0.007405,"18":0.04443,"19":0.007405,"20":0.01481,"21":0.01481,"22":0.229555,"23":0.022215,"24":0.01481,"25":0.022215,"26":0.11848,"27":0.037025,"28":0.051835,"29":0.037025,"30":0.05924,"31":0.214745,"32":0.081455,"33":0.10367,"34":0.125885,"35":0.199935,"36":0.436895,"37":0.525755,"38":0.348035,"39":0.614615,"40":0.42949,"41":0.41468,"42":0.747905,"43":47.073585,"44":0.185125,"45":0.11848,"46":0,"47":0},"firefox":{"2":0,"3":0.01481,"3.5":0.007405,"3.6":0.02962,"4":0.007405,"5":0.007405,"6":0.007405,"7":0,"8":0.007405,"9":0.007405,"10":0.007405,"11":0.01481,"12":0.01481,"13":0.007405,"14":0.02962,"15":0.007405,"16":0.01481,"17":0.007405,"18":0.007405,"19":0.01481,"20":0.02962,"21":0.01481,"22":0.01481,"23":0.022215,"24":0.007405,"25":0.01481,"26":0.01481,"27":0.01481,"28":0.022215,"29":0.022215,"30":0.02962,"31":0.23696,"32":0.16291,"33":0.05924,"34":0.051835,"35":0.08886,"36":0.08886,"37":0.22215,"38":4.835465,"39":0.037025,"40":0.01481,"41":0,"42":0},"opera":{"9":0,"9.5-9.6":0,"10.0-10.1":0,"10.5":0,"10.6":0,"11":0,"11.1":0,"11.5":0,"11.6":0,"12":0,"12.1":0.037025,"15":0,"16":0,"17":0,"18":0,"19":0,"20":0,"21":0,"22":0,"23":0,"24":0,"25":0,"26":0,"27":0,"28":0.01481,"29":0.23696,"30":0.407275,"31":0.007405,"32":0},"safari":{"3.1":0,"3.2":0,"4":0.01481,"5":0.02962,"5.1":0.096265,"6":0.04443,"6.1":0.096265,"7":0.26658,"7.1":0.318415,"8":1.088535,"9":0},"android":{"2.1":0,"2.2":0,"2.3":0.0889236926038,"3":0,"4":0.262635092109,"4.1":0.897508897443,"4.2-4.3":1.78157584135,"4.4":3.13197517322,"4.4.3-4.4.4":1.35867130327,"40":null},"ios_saf":{"3.2":0,"4.0-4.1":0,"4.2-4.3":0,"5.0-5.1":0.0171999664975,"6.0-6.1":0.0553188111675,"7.0-7.1":0.559696207107,"8":0.0330053411168,"8.1-8.4":3.91368967411,"9":null},"op_mob":{"10":0,"11":0,"11.1":0,"11.5":0,"12":0.000550454545455,"12.1":0.000825681818182,"0":0.00743113636364},"ie":{"5.5":0,"6":0.0301107455621,"7":0.0451661183432,"8":1.37003892308,"9":0.647381029586,"10":0.910850053254,"11":3.3422927574},"bb":{"7":0.14467125,"10":null},"ie_mob":{"10":0.242024492754,"11":0.780405507246},"and_uc":{"0":0.531975},"op_mini":{"5.0-8.0":1.00843272727},"and_chr":{"0":16.095425},"edge":{"0":null},"and_ff":{"0":0.11418}},"total":98.7149808772}