{"id":"CR","name":"Costa Rica","month":"2015-06","access_date":"2015-07-23","data":{"chrome":{"4":0.01803,"5":0.01202,"6":0.06611,"7":0.00601,"8":0.00601,"9":0.00601,"10":0.01202,"11":0.0601,"12":0.00601,"13":0.01202,"14":0.00601,"15":0.00601,"16":0.00601,"17":0,"18":0.01803,"19":0.00601,"20":0.01202,"21":0.01202,"22":0.03005,"23":0.00601,"24":0.03005,"25":0.00601,"26":0.03005,"27":0.06611,"28":0.04207,"29":0.01803,"30":0.02404,"31":0.07212,"32":0.04808,"33":0.0601,"34":0.0601,"35":0.1202,"36":0.38464,"37":0.38464,"38":0.2404,"39":0.50484,"40":0.25843,"41":0.28848,"42":0.57095,"43":28.4874,"44":0.12621,"45":0.05409,"46":0,"47":0},"firefox":{"2":0.00601,"3":0.02404,"3.5":0.01803,"3.6":0.04808,"4":0.03606,"5":0.01803,"6":0.01202,"7":0.01803,"8":0.00601,"9":0.00601,"10":0.04207,"11":0.02404,"12":0.03606,"13":0.00601,"14":0.03606,"15":0.01202,"16":0.04808,"17":0.01202,"18":0.01202,"19":0.01803,"20":0.03606,"21":0.10217,"22":0.01803,"23":0.02404,"24":0.02404,"25":0.01803,"26":0.02404,"27":0.01202,"28":0.03005,"29":0.04207,"30":0.04207,"31":0.25242,"32":0.10818,"33":0.07813,"34":0.07212,"35":0.09616,"36":0.13823,"37":0.43272,"38":8.01133,"39":0.09015,"40":0.01202,"41":0,"42":0},"opera":{"9":0.00601,"9.5-9.6":0.00601,"10.0-10.1":0.00601,"10.5":0,"10.6":0.00601,"11":0.01803,"11.1":0.01803,"11.5":0.02404,"11.6":0.01202,"12":0.03005,"12.1":0.15025,"15":0,"16":0,"17":0,"18":0,"19":0,"20":0,"21":0,"22":0,"23":0,"24":0,"25":0.00601,"26":0.00601,"27":0.07212,"28":0.05409,"29":0.26444,"30":0.44474,"31":0.00601,"32":0},"safari":{"3.1":0,"3.2":0,"4":0.03606,"5":0.08414,"5.1":0.21636,"6":0.07212,"6.1":0.18631,"7":0.40868,"7.1":0.47479,"8":2.09148,"9":0},"android":{"2.1":0,"2.2":0,"2.3":0.158602136376,"3":0,"4":0.468429565576,"4.1":1.60077505087,"4.2-4.3":3.17757536019,"4.4":5.58611478004,"4.4.3-4.4.4":2.42329310696,"40":null},"ios_saf":{"3.2":0,"4.0-4.1":0,"4.2-4.3":0,"5.0-5.1":0.0306132741117,"6.0-6.1":0.0984589086294,"7.0-7.1":0.99617248731,"8":0.0587443908629,"8.1-8.4":6.96576093909,"9":null},"op_mob":{"10":0,"11":0,"11.1":0,"11.5":0,"12":0.00252397727273,"12.1":0.00378596590909,"0":0.0340736931818},"ie":{"5.5":0.00607096365173,"6":0.0121419273035,"7":0.0242838546069,"8":0.73458660186,"9":0.692089856298,"10":0.856005874894,"11":4.83855803043},"bb":{"7":0.01596,"10":null},"ie_mob":{"10":0.30507115942,"11":0.98369884058},"and_uc":{"0":0.56658},"op_mini":{"5.0-8.0":4.62392636364},"and_chr":{"0":15.6364},"edge":{"0":null},"and_ff":{"0":0.16758}},"total":98.054057109}