{"id":"CV","name":"Cape Verde","month":"2015-06","access_date":"2015-07-23","data":{"chrome":{"4":0,"5":0,"6":0,"7":0.020001,"8":0.013334,"9":0,"10":0,"11":0.033335,"12":0.086671,"13":0.033335,"14":0,"15":0,"16":0.006667,"17":0,"18":0.006667,"19":0.040002,"20":0.013334,"21":0.020001,"22":0.033335,"23":0,"24":0,"25":0.113339,"26":0.026668,"27":0.026668,"28":0.020001,"29":0.013334,"30":0.020001,"31":0.33335,"32":0.160008,"33":0.273347,"34":0.180009,"35":0.33335,"36":1.113389,"37":0.046669,"38":0.233345,"39":0.966715,"40":2.373452,"41":0.273347,"42":1.06672,"43":30.148174,"44":0.233345,"45":0.300015,"46":0,"47":0},"firefox":{"2":0,"3":0.013334,"3.5":0,"3.6":0.033335,"4":0.013334,"5":0.006667,"6":0.020001,"7":0.013334,"8":0.020001,"9":0.026668,"10":0.026668,"11":0.040002,"12":0.053336,"13":0.040002,"14":0.026668,"15":0.020001,"16":0.020001,"17":0.026668,"18":0.033335,"19":0.013334,"20":0.033335,"21":0.006667,"22":0.020001,"23":0.013334,"24":0.06667,"25":0.006667,"26":0.026668,"27":0.080004,"28":0.026668,"29":0.073337,"30":0.086671,"31":0.046669,"32":0.080004,"33":0.253346,"34":0.086671,"35":0.340017,"36":0.440022,"37":0.420021,"38":5.693618,"39":0.220011,"40":0.013334,"41":0.020001,"42":0},"opera":{"9":0,"9.5-9.6":0,"10.0-10.1":0,"10.5":0,"10.6":0,"11":0,"11.1":0,"11.5":0.006667,"11.6":0.006667,"12":0.006667,"12.1":0.026668,"15":0.006667,"16":0.020001,"17":0,"18":0.006667,"19":0.006667,"20":0.006667,"21":0,"22":0,"23":0,"24":0.006667,"25":0,"26":0,"27":0.153341,"28":0.020001,"29":0.426688,"30":0.686701,"31":0,"32":0},"safari":{"3.1":0,"3.2":0,"4":0.020001,"5":0.086671,"5.1":0.13334,"6":0.020001,"6.1":0.073337,"7":0.060003,"7.1":0.106672,"8":0.520026,"9":0},"android":{"2.1":0,"2.2":0,"2.3":0.111678424801,"3":0,"4":0.329840929062,"4.1":1.12717293869,"4.2-4.3":2.23746425502,"4.4":3.93341800839,"4.4.3-4.4.4":1.70634244405,"40":null},"ios_saf":{"3.2":0,"4.0-4.1":0,"4.2-4.3":0,"5.0-5.1":0.0163520692386,"6.0-6.1":0.0525917902538,"7.0-7.1":0.53210517198,"8":0.0313782950254,"8.1-8.4":3.7207586735,"9":null},"op_mob":{"10":0,"11":0,"11.1":0,"11.5":0,"12":0.00780946428571,"12.1":0.0117141964286,"0":0.105427767857},"ie":{"5.5":0,"6":0.0200134772302,"7":0.0200134772302,"8":0.787196771054,"9":0.913948793512,"10":1.29420486089,"11":7.6251348247},"bb":{"7":0.0149985,"10":null},"ie_mob":{"10":0.164105971014,"11":0.529158028986},"and_uc":{"0":1.473186},"op_mini":{"5.0-8.0":14.3069385714},"and_chr":{"0":7.942927},"edge":{"0":null},"and_ff":{"0":0.06666}},"total":98.5516807046}