{"id":"CX","name":"Christmas Island","month":"2015-06","access_date":"2015-07-23","data":{"chrome":{"4":0,"5":0,"6":0,"7":0,"8":0,"9":0,"10":0,"11":0,"12":0,"13":0,"14":0.326898,"15":0,"16":0,"17":0,"18":1.862328,"19":1.198626,"20":0.128778,"21":0.39624,"22":0.39624,"23":0.069342,"24":0.39624,"25":0,"26":0,"27":0.069342,"28":0,"29":0.19812,"30":0,"31":0,"32":0.9906,"33":0.128778,"34":0.267462,"35":0.19812,"36":0.326898,"37":0.069342,"38":0.069342,"39":0.326898,"40":0.534924,"41":0.465582,"42":0.069342,"43":43.130724,"44":0,"45":0,"46":0,"47":0},"firefox":{"2":0.663702,"3":0.069342,"3.5":0,"3.6":0.326898,"4":0.19812,"5":0.39624,"6":0.663702,"7":0,"8":0.128778,"9":0.465582,"10":0.19812,"11":2.119884,"12":0.128778,"13":0,"14":0.534924,"15":0.19812,"16":0.128778,"17":0.069342,"18":0.19812,"19":0.069342,"20":0.39624,"21":0.465582,"22":0.069342,"23":0.128778,"24":0.19812,"25":0.39624,"26":0.069342,"27":0.267462,"28":0.326898,"29":0.39624,"30":0.069342,"31":0.128778,"32":0,"33":0.128778,"34":0.465582,"35":0.9906,"36":0.069342,"37":0.19812,"38":4.715256,"39":0,"40":0,"41":0,"42":0},"opera":{"9":0,"9.5-9.6":0,"10.0-10.1":0.069342,"10.5":0,"10.6":0,"11":0.19812,"11.1":0.326898,"11.5":1.059942,"11.6":0,"12":0.534924,"12.1":0.465582,"15":0,"16":0,"17":0,"18":0,"19":0,"20":0,"21":0,"22":0,"23":0,"24":0,"25":0,"26":0,"27":0,"28":0,"29":4.447794,"30":1.654302,"31":0,"32":0},"safari":{"3.1":0,"3.2":0,"4":0,"5":0.861822,"5.1":0.534924,"6":0.069342,"6.1":0,"7":0,"7.1":1.396746,"8":0.465582,"9":0},"android":{"2.1":0,"2.2":0,"2.3":0.00554381963156,"3":0,"4":0.0163736068188,"4.1":0.0559539004674,"4.2-4.3":0.111069781688,"4.4":0.195258484465,"4.4.3-4.4.4":0.0847044069288,"40":null},"ios_saf":{"3.2":0,"4.0-4.1":0,"4.2-4.3":0,"5.0-5.1":0.00275768324873,"6.0-6.1":0.00886930558376,"7.0-7.1":0.0897365035533,"8":0.00529177055838,"8.1-8.4":0.627484737056,"9":null},"op_mob":{"10":0,"11":0,"11.1":0,"11.5":0,"12":0,"12.1":0,"0":0},"ie":{"5.5":0,"6":0.085170677498,"7":0.486689585703,"8":4.72088898132,"9":1.78858422746,"10":0.730034378554,"11":7.16650414947},"bb":{"7":0,"10":null},"ie_mob":{"10":0.0476843381643,"11":0.153757661836},"and_uc":{"0":0},"op_mini":{"5.0-8.0":0},"and_chr":{"0":0.134326},"edge":{"0":null},"and_ff":{"0":0}},"total":96.259984}