{"id":"CY","name":"Cyprus","month":"2015-06","access_date":"2015-07-23","data":{"chrome":{"4":0,"5":0,"6":0,"7":0,"8":0,"9":0.008006,"10":0.008006,"11":0.072054,"12":0.024018,"13":0,"14":0.008006,"15":0.016012,"16":0.008006,"17":0.008006,"18":0.008006,"19":0,"20":0,"21":0.008006,"22":0.04003,"23":0.016012,"24":0.008006,"25":0.016012,"26":0.024018,"27":0.024018,"28":0.032024,"29":0.016012,"30":0.08006,"31":0.096072,"32":0.048036,"33":0.064048,"34":0.072054,"35":0.112084,"36":0.312234,"37":0.392294,"38":0.312234,"39":0.728546,"40":0.232174,"41":0.352264,"42":1.745308,"43":37.500104,"44":0.112084,"45":0.192144,"46":0,"47":0},"firefox":{"2":0,"3":0.008006,"3.5":0,"3.6":0.024018,"4":0.008006,"5":0,"6":0.008006,"7":0,"8":0,"9":0.008006,"10":0.016012,"11":0.008006,"12":0.024018,"13":0.008006,"14":0.016012,"15":0.008006,"16":0.024018,"17":0,"18":0.008006,"19":0.032024,"20":0.008006,"21":0.016012,"22":0.008006,"23":0.008006,"24":0.008006,"25":0,"26":0.024018,"27":0.008006,"28":0.016012,"29":0.016012,"30":0.032024,"31":0.208156,"32":0.128096,"33":0.048036,"34":0.08006,"35":0.072054,"36":0.072054,"37":0.464348,"38":9.959464,"39":0.096072,"40":0,"41":0.016012,"42":0},"opera":{"9":0,"9.5-9.6":0,"10.0-10.1":0,"10.5":0,"10.6":0,"11":0,"11.1":0,"11.5":0,"11.6":0,"12":0.016012,"12.1":0.088066,"15":0,"16":0,"17":0,"18":0,"19":0,"20":0,"21":0,"22":0,"23":0,"24":0,"25":0,"26":0.008006,"27":0,"28":0.016012,"29":0.296222,"30":0.584438,"31":0.008006,"32":0},"safari":{"3.1":0,"3.2":0,"4":0.016012,"5":0.096072,"5.1":0.232174,"6":0.024018,"6.1":0.104078,"7":0.24018,"7.1":0.36027,"8":1.128846,"9":0},"android":{"2.1":0,"2.2":0,"2.3":0.0676138053341,"3":0,"4":0.199696587847,"4.1":0.682427709651,"4.2-4.3":1.3546347278,"4.4":2.38142112043,"4.4.3-4.4.4":1.03307604894,"40":null},"ios_saf":{"3.2":0,"4.0-4.1":0,"4.2-4.3":0,"5.0-5.1":0.0438121470051,"6.0-6.1":0.140909337665,"7.0-7.1":1.42567094579,"8":0.0840719577665,"8.1-8.4":9.96903961178,"9":null},"op_mob":{"10":0,"11":0,"11.1":0,"11.5":0,"12":0.000154297619048,"12.1":0.000231446428571,"0":0.00208301785714},"ie":{"5.5":0,"6":0.0160977402945,"7":0.0885375716198,"8":1.93977770549,"9":0.949766677376,"10":0.724398313253,"11":8.30643399197},"bb":{"7":0.0124625,"10":null},"ie_mob":{"10":0.0873217874396,"11":0.28156821256},"and_uc":{"0":0.38883},"op_mini":{"5.0-8.0":0.282673238095},"and_chr":{"0":11.118696},"edge":{"0":null},"and_ff":{"0":0.067796}},"total":99.0522225}