{"id":"DE","name":"Germany","month":"2015-06","access_date":"2015-07-23","data":{"chrome":{"4":0,"5":0.008018,"6":0,"7":0,"8":0,"9":0,"10":0,"11":0.072162,"12":0.008018,"13":0,"14":0,"15":0,"16":0,"17":0,"18":0.008018,"19":0,"20":0,"21":0.016036,"22":0.064144,"23":0.008018,"24":0.016036,"25":0.008018,"26":0.032072,"27":0.016036,"28":0.024054,"29":0.016036,"30":0.016036,"31":0.128288,"32":0.032072,"33":0.096216,"34":0.064144,"35":0.112252,"36":0.32072,"37":0.505134,"38":0.104234,"39":0.224504,"40":0.192432,"41":0.216486,"42":0.449008,"43":17.735816,"44":0.08018,"45":0.096216,"46":0,"47":0},"firefox":{"2":0.016036,"3":0.016036,"3.5":0.016036,"3.6":0.088198,"4":0.016036,"5":0.008018,"6":0.016036,"7":0.008018,"8":0.008018,"9":0.024054,"10":0.04009,"11":0.024054,"12":0.072162,"13":0.024054,"14":0.016036,"15":0.024054,"16":0.056126,"17":0.04009,"18":0.024054,"19":0.016036,"20":0.04009,"21":0.032072,"22":0.032072,"23":0.032072,"24":0.12027,"25":0.04009,"26":0.064144,"27":0.04009,"28":0.088198,"29":0.08018,"30":0.104234,"31":0.817836,"32":0.288648,"33":0.176396,"34":0.232522,"35":0.352792,"36":0.328738,"37":1.290898,"38":26.355166,"39":0.216486,"40":0.04009,"41":0.016036,"42":0},"opera":{"9":0,"9.5-9.6":0,"10.0-10.1":0.008018,"10.5":0,"10.6":0,"11":0,"11.1":0.008018,"11.5":0.008018,"11.6":0.016036,"12":0.032072,"12.1":0.529188,"15":0,"16":0,"17":0,"18":0.008018,"19":0,"20":0.008018,"21":0,"22":0.008018,"23":0.008018,"24":0.008018,"25":0.016036,"26":0.008018,"27":0.008018,"28":0.032072,"29":0.513152,"30":0.986214,"31":0.008018,"32":0},"safari":{"3.1":0,"3.2":0,"4":0.048108,"5":0.112252,"5.1":0.392882,"6":0.048108,"6.1":0.224504,"7":0.328738,"7.1":0.569278,"8":2.20495,"9":0},"android":{"2.1":0,"2.2":0,"2.3":0.0604847907616,"3":0,"4":0.178641126203,"4.1":0.61047439978,"4.2-4.3":1.21180574979,"4.4":2.13033059555,"4.4.3-4.4.4":0.924151337916,"40":null},"ios_saf":{"3.2":0,"4.0-4.1":0,"4.2-4.3":0,"5.0-5.1":0.0362847543147,"6.0-6.1":0.116699615228,"7.0-7.1":1.18072551878,"8":0.0696275015228,"8.1-8.4":8.25625261015,"9":null},"op_mob":{"10":0,"11":0,"11.1":0,"11.5":0,"12":0.000130846320346,"12.1":0.000196269480519,"0":0.00176642532468},"ie":{"5.5":0,"6":0.0322371304348,"7":0.0644742608696,"8":1.06382530435,"9":1.22501095652,"10":0.910698934783,"11":10.7833201304},"bb":{"7":0.0123875,"10":null},"ie_mob":{"10":0.11916894686,"11":0.38425905314},"and_uc":{"0":0.325048},"op_mini":{"5.0-8.0":0.239710458874},"and_chr":{"0":10.06107},"edge":{"0":null},"and_ff":{"0":0.301264}},"total":98.4546002174}