{"id":"DJ","name":"Djibouti","month":"2015-06","access_date":"2015-07-23","data":{"chrome":{"4":0,"5":0,"6":0.013572,"7":0,"8":0.009048,"9":0.131196,"10":0.013572,"11":0.52026,"12":0.036192,"13":0.004524,"14":0.004524,"15":0.02262,"16":0.009048,"17":0,"18":0.009048,"19":0.009048,"20":0.009048,"21":0.013572,"22":0.009048,"23":0.02262,"24":0.02262,"25":0.009048,"26":0.009048,"27":0.009048,"28":0.013572,"29":0.031668,"30":0.20358,"31":0.176436,"32":0.027144,"33":0.2262,"34":0.031668,"35":0.054288,"36":0.212628,"37":0.04524,"38":0.081432,"39":0.764556,"40":0.493116,"41":0.167388,"42":0.502164,"43":20.29014,"44":0.262392,"45":0.380016,"46":0,"47":0},"firefox":{"2":0,"3":0.004524,"3.5":0.009048,"3.6":0.04524,"4":0.049764,"5":0.018096,"6":0.004524,"7":0.018096,"8":0.027144,"9":0.040716,"10":0.018096,"11":0.058812,"12":0.036192,"13":0.031668,"14":0.031668,"15":0.095004,"16":0.063336,"17":0.018096,"18":0.054288,"19":0.02262,"20":0.049764,"21":0.085956,"22":0.049764,"23":0.104052,"24":0.02262,"25":0.036192,"26":0.018096,"27":0.013572,"28":0.009048,"29":0.162864,"30":0.076908,"31":0.144768,"32":0.104052,"33":0.221676,"34":0.275964,"35":0.221676,"36":0.221676,"37":0.493116,"38":7.75866,"39":0.606216,"40":0.004524,"41":0.004524,"42":0},"opera":{"9":0,"9.5-9.6":0,"10.0-10.1":0,"10.5":0,"10.6":0.009048,"11":0,"11.1":0,"11.5":0.009048,"11.6":0.004524,"12":0.009048,"12.1":0.099528,"15":0,"16":0,"17":0,"18":0,"19":0,"20":0.004524,"21":0.063336,"22":0,"23":0,"24":0.031668,"25":0,"26":0,"27":0.02262,"28":0.004524,"29":0.244296,"30":0.420732,"31":0,"32":0},"safari":{"3.1":0,"3.2":0,"4":0,"5":0.02262,"5.1":0.036192,"6":0.02262,"6.1":0.018096,"7":0.049764,"7.1":0.06786,"8":0.29406,"9":0},"android":{"2.1":0,"2.2":0,"2.3":0.0876812680781,"3":0,"4":0.258965605719,"4.1":0.884969077811,"4.2-4.3":1.75668401045,"4.4":3.08821582568,"4.4.3-4.4.4":1.33968821226,"40":null},"ios_saf":{"3.2":0,"4.0-4.1":0,"4.2-4.3":0,"5.0-5.1":0.00928621116751,"6.0-6.1":0.0298664629442,"7.0-7.1":0.302178330964,"8":0.0178194862944,"8.1-8.4":2.11298950863,"9":null},"op_mob":{"10":0,"11":0,"11.1":0,"11.5":0,"12":0.00919185714286,"12.1":0.0137877857143,"0":0.124090071429},"ie":{"5.5":0,"6":0.00909075992439,"7":0.0181815198488,"8":0.640898574669,"9":0.18636057845,"10":0.499991795841,"11":3.4499433913},"bb":{"7":0.039701,"10":null},"ie_mob":{"10":0.207400193237,"11":0.668759806763},"and_uc":{"0":19.702648},"op_mini":{"5.0-8.0":16.8394822857},"and_chr":{"0":7.69718},"edge":{"0":null},"and_ff":{"0":0.1369}},"total":97.74901162}