{"id":"DM","name":"Dominica","month":"2015-06","access_date":"2015-07-23","data":{"chrome":{"4":0,"5":0,"6":0,"7":0,"8":0,"9":0,"10":0,"11":0.039486,"12":0.006581,"13":0,"14":0,"15":0,"16":0,"17":0,"18":0.046067,"19":0.006581,"20":0.006581,"21":0.059229,"22":0.125039,"23":0.006581,"24":0.013162,"25":0.006581,"26":0.032905,"27":0.019743,"28":0.046067,"29":0.026324,"30":0.401441,"31":0.737072,"32":0.572547,"33":0.098715,"34":0.019743,"35":0.164525,"36":0.493575,"37":0.190849,"38":0.059229,"39":0.835787,"40":0.236916,"41":0.105296,"42":1.428077,"43":29.456556,"44":0.151363,"45":2.553428,"46":0,"47":0},"firefox":{"2":0,"3":0,"3.5":0,"3.6":0.006581,"4":0,"5":0,"6":0.006581,"7":0.059229,"8":0,"9":0.006581,"10":0,"11":0.006581,"12":0.006581,"13":0.026324,"14":0.013162,"15":0.006581,"16":0.013162,"17":0.026324,"18":0.006581,"19":0.006581,"20":0.019743,"21":0.013162,"22":0,"23":0.026324,"24":0.013162,"25":0.006581,"26":0,"27":0.013162,"28":0.085553,"29":0.006581,"30":0.039486,"31":0.105296,"32":0.092134,"33":0.013162,"34":0.013162,"35":0.026324,"36":0.059229,"37":0.440927,"38":5.541202,"39":0.217173,"40":0,"41":0.006581,"42":0},"opera":{"9":0,"9.5-9.6":0,"10.0-10.1":0,"10.5":0,"10.6":0,"11":0.006581,"11.1":0,"11.5":0.006581,"11.6":0.006581,"12":0.006581,"12.1":0.039486,"15":0,"16":0,"17":0,"18":0,"19":0,"20":0,"21":0,"22":0,"23":0,"24":0,"25":0,"26":0.013162,"27":0,"28":0.032905,"29":0.276402,"30":0.539642,"31":0.026324,"32":0},"safari":{"3.1":0,"3.2":0,"4":0.006581,"5":0.039486,"5.1":0.111877,"6":0,"6.1":0.118458,"7":0.19743,"7.1":0.355374,"8":1.11877,"9":0},"android":{"2.1":0,"2.2":0,"2.3":0.143151835579,"3":0,"4":0.422797281826,"4.1":1.44483480561,"4.2-4.3":2.86803038026,"4.4":5.04194081358,"4.4.3-4.4.4":2.18722688315,"40":null},"ios_saf":{"3.2":0,"4.0-4.1":0,"4.2-4.3":0,"5.0-5.1":0.0309298062944,"6.0-6.1":0.0994769445685,"7.0-7.1":1.00647261563,"8":0.0593517904569,"8.1-8.4":7.03778484305,"9":null},"op_mob":{"10":0,"11":0,"11.1":0,"11.5":0,"12":0.000323768939394,"12.1":0.000485653409091,"0":0.00437088068182},"ie":{"5.5":0,"6":0,"7":0.0329571473851,"8":0.573454364501,"9":0.362528621236,"10":0.639368659271,"11":6.71007520761},"bb":{"7":0.2239445,"10":null},"ie_mob":{"10":2.05731305314,"11":6.63378494686},"and_uc":{"0":0.372671},"op_mini":{"5.0-8.0":0.59314469697},"and_chr":{"0":11.166201},"edge":{"0":null},"and_ff":{"0":0.085475}},"total":97.5761565}