{"id":"DO","name":"Dominican Republic","month":"2015-06","access_date":"2015-07-23","data":{"chrome":{"4":0,"5":0.006933,"6":0,"7":0.006933,"8":0.006933,"9":0.006933,"10":0.006933,"11":0.083196,"12":0.006933,"13":0.006933,"14":0.006933,"15":0,"16":0.006933,"17":0.013866,"18":0.041598,"19":0.006933,"20":0.013866,"21":0.034665,"22":0.06933,"23":0.013866,"24":0.020799,"25":0.034665,"26":0.048531,"27":0.041598,"28":0.027732,"29":0.076263,"30":0.06933,"31":0.076263,"32":0.06933,"33":0.124794,"34":0.124794,"35":0.187191,"36":0.915156,"37":1.192476,"38":0.34665,"39":0.748764,"40":0.388248,"41":0.318918,"42":0.686367,"43":38.443485,"44":0.180258,"45":0.097062,"46":0,"47":0},"firefox":{"2":0.006933,"3":0.041598,"3.5":0.013866,"3.6":0.048531,"4":0.006933,"5":0.006933,"6":0.006933,"7":0.006933,"8":0.006933,"9":0,"10":0.006933,"11":0.013866,"12":0.020799,"13":0.006933,"14":0.006933,"15":0.006933,"16":0.013866,"17":0.006933,"18":0.013866,"19":0.006933,"20":0.013866,"21":0.013866,"22":0.006933,"23":0.013866,"24":0.006933,"25":0.006933,"26":0.027732,"27":0.006933,"28":0.020799,"29":0.020799,"30":0.027732,"31":0.700233,"32":0.464511,"33":0.062397,"34":0.048531,"35":0.083196,"36":0.131727,"37":0.284253,"38":5.657328,"39":0.062397,"40":0.006933,"41":0.006933,"42":0},"opera":{"9":0,"9.5-9.6":0.006933,"10.0-10.1":0,"10.5":0,"10.6":0,"11":0,"11.1":0,"11.5":0,"11.6":0,"12":0.006933,"12.1":0.027732,"15":0,"16":0,"17":0,"18":0,"19":0,"20":0.006933,"21":0,"22":0.006933,"23":0.013866,"24":0,"25":0.006933,"26":0.013866,"27":0.006933,"28":0.041598,"29":0.41598,"30":0.755697,"31":0.006933,"32":0},"safari":{"3.1":0,"3.2":0,"4":0.062397,"5":0.06933,"5.1":0.124794,"6":0.034665,"6.1":0.076263,"7":0.603171,"7.1":0.201057,"8":1.143945,"9":0},"android":{"2.1":0,"2.2":0,"2.3":0.112656062964,"3":0,"4":0.33272837201,"4.1":1.1370402634,"4.2-4.3":2.25705112194,"4.4":3.96785133393,"4.4.3-4.4.4":1.72127984575,"40":null},"ios_saf":{"3.2":0,"4.0-4.1":0,"4.2-4.3":0,"5.0-5.1":0.024757755533,"6.0-6.1":0.0796262948223,"7.0-7.1":0.805630747614,"8":0.0475081254822,"8.1-8.4":5.63339307655,"9":null},"op_mob":{"10":0,"11":0,"11.1":0,"11.5":0,"12":0.00100407738095,"12.1":0.00150611607143,"0":0.0135550446429},"ie":{"5.5":0,"6":0.102431818372,"7":0.0585324676409,"8":1.48526136639,"9":0.62922402714,"10":0.746288962422,"11":3.97289124113},"bb":{"7":0.29213175,"10":null},"ie_mob":{"10":0.204733362319,"11":0.660160637681},"and_uc":{"0":0.223891},"op_mini":{"5.0-8.0":1.8394697619},"and_chr":{"0":15.561995},"edge":{"0":null},"and_ff":{"0":0.150283}},"total":98.1785846331}