{"id":"EC","name":"Ecuador","month":"2015-06","access_date":"2015-07-23","data":{"chrome":{"4":0.007906,"5":0,"6":0.007906,"7":0.015812,"8":0.007906,"9":0.023718,"10":0.015812,"11":0.07906,"12":0.015812,"13":0.015812,"14":0.007906,"15":0,"16":0.007906,"17":0,"18":0.03953,"19":0,"20":0.007906,"21":0.023718,"22":0.213462,"23":0.015812,"24":0.007906,"25":0.015812,"26":0.07906,"27":0.031624,"28":0.015812,"29":0.03953,"30":0.07906,"31":0.094872,"32":0.071154,"33":0.094872,"34":0.134402,"35":0.260898,"36":0.664104,"37":0.656198,"38":0.324146,"39":0.67201,"40":0.387394,"41":0.347864,"42":0.687822,"43":39.711838,"44":0.23718,"45":0.150214,"46":0,"47":0},"firefox":{"2":0.007906,"3":0.015812,"3.5":0.007906,"3.6":0.055342,"4":0.023718,"5":0.015812,"6":0.007906,"7":0.015812,"8":0.015812,"9":0.023718,"10":0.023718,"11":0.03953,"12":0.063248,"13":0.047436,"14":0.055342,"15":0.031624,"16":0.055342,"17":0.047436,"18":0.023718,"19":0.03953,"20":0.055342,"21":0.047436,"22":0.03953,"23":0.047436,"24":0.047436,"25":0.071154,"26":0.055342,"27":0.047436,"28":0.086966,"29":0.150214,"30":0.150214,"31":0.43483,"32":0.332052,"33":0.284616,"34":0.23718,"35":0.324146,"36":0.371582,"37":0.822224,"38":14.66563,"39":0.15812,"40":0.015812,"41":0,"42":0},"opera":{"9":0,"9.5-9.6":0,"10.0-10.1":0,"10.5":0,"10.6":0,"11":0,"11.1":0,"11.5":0,"11.6":0,"12":0,"12.1":0.031624,"15":0,"16":0,"17":0,"18":0,"19":0,"20":0.007906,"21":0,"22":0,"23":0,"24":0,"25":0.007906,"26":0.007906,"27":0.007906,"28":0.023718,"29":0.403206,"30":0.71154,"31":0.007906,"32":0},"safari":{"3.1":0,"3.2":0,"4":0.023718,"5":0.055342,"5.1":0.150214,"6":0.071154,"6.1":0.086966,"7":0.426924,"7.1":0.324146,"8":1.130558,"9":0},"android":{"2.1":0,"2.2":0,"2.3":0.0735972961232,"3":0,"4":0.217368758317,"4.1":0.742819221336,"4.2-4.3":1.47451327,"4.4":2.59216523206,"4.4.3-4.4.4":1.12449822216,"40":null},"ios_saf":{"3.2":0,"4.0-4.1":0,"4.2-4.3":0,"5.0-5.1":0.0147704,"6.0-6.1":0.0475048,"7.0-7.1":0.4806368,"8":0.0283432,"8.1-8.4":3.3608648,"9":null},"op_mob":{"10":0,"11":0,"11.1":0,"11.5":0,"12":0.00163848701299,"12.1":0.00245773051948,"0":0.0221195746753},"ie":{"5.5":0,"6":0.0325504021305,"7":0.0244128015979,"8":0.984649664447,"9":0.528944034621,"10":0.976512063915,"11":3.56426903329},"bb":{"7":0.164379,"10":null},"ie_mob":{"10":0.29046915942,"11":0.93661484058},"and_uc":{"0":0.326664},"op_mini":{"5.0-8.0":3.00170820779},"and_chr":{"0":9.269856},"edge":{"0":null},"and_ff":{"0":0.152862}},"total":98.246951}