{"id":"EE","name":"Estonia","month":"2015-06","access_date":"2015-07-23","data":{"chrome":{"4":0,"5":0,"6":0,"7":0,"8":0,"9":0,"10":0,"11":0.017814,"12":0.008907,"13":0.008907,"14":0,"15":0,"16":0.124698,"17":0.008907,"18":0.017814,"19":0,"20":0.008907,"21":0.017814,"22":0.017814,"23":0,"24":0.008907,"25":0.008907,"26":0.035628,"27":0.017814,"28":0.044535,"29":0.008907,"30":0.017814,"31":0.160326,"32":0.106884,"33":0.080163,"34":0.097977,"35":0.133605,"36":0.302838,"37":0.427536,"38":0.26721,"39":0.614583,"40":0.231582,"41":0.258303,"42":0.774909,"43":39.306591,"44":0.231582,"45":0.543327,"46":0,"47":0},"firefox":{"2":0,"3":0.008907,"3.5":0,"3.6":0.035628,"4":0,"5":0.017814,"6":0,"7":0.008907,"8":0,"9":0.008907,"10":0.008907,"11":0.035628,"12":0.026721,"13":0.017814,"14":0.008907,"15":0.017814,"16":0.026721,"17":0.142512,"18":0.008907,"19":0.008907,"20":0.472071,"21":0.026721,"22":0.008907,"23":0.026721,"24":0.071256,"25":0.017814,"26":0.017814,"27":0.017814,"28":0.044535,"29":0.062349,"30":0.053442,"31":0.454257,"32":0.17814,"33":0.142512,"34":0.115791,"35":0.231582,"36":0.17814,"37":0.570048,"38":17.54679,"39":0.213768,"40":0.008907,"41":0.017814,"42":0},"opera":{"9":0,"9.5-9.6":0.008907,"10.0-10.1":0,"10.5":0,"10.6":0.008907,"11":0,"11.1":0.008907,"11.5":0.008907,"11.6":0.008907,"12":0.008907,"12.1":0.409722,"15":0,"16":0.008907,"17":0,"18":0,"19":0,"20":0,"21":0,"22":0,"23":0,"24":0,"25":0,"26":0.008907,"27":0.017814,"28":0.017814,"29":0.659118,"30":1.024305,"31":0.008907,"32":0},"safari":{"3.1":0,"3.2":0,"4":0.017814,"5":0.080163,"5.1":0.258303,"6":0.044535,"6.1":0.169233,"7":0.276117,"7.1":0.543327,"8":2.200029,"9":0},"android":{"2.1":0,"2.2":0,"2.3":0.0361543456145,"3":0,"4":0.106781439373,"4.1":0.364906651086,"4.2-4.3":0.724348110393,"4.4":1.27338968449,"4.4.3-4.4.4":0.55240476904,"40":null},"ios_saf":{"3.2":0,"4.0-4.1":0,"4.2-4.3":0,"5.0-5.1":0.0182420367513,"6.0-6.1":0.0586703344162,"7.0-7.1":0.593605736447,"8":0.0350049894416,"8.1-8.4":4.15080290294,"9":null},"op_mob":{"10":0,"11":0,"11.1":0,"11.5":0,"12":0.000102320887446,"12.1":0.000153481331169,"0":0.00138133198052},"ie":{"5.5":0,"6":0.00891319401947,"7":0.0267395820584,"8":0.802187461752,"9":0.730881909597,"10":0.900232595967,"11":10.3393050626},"bb":{"7":0.00355225,"10":null},"ie_mob":{"10":0.115134613527,"11":0.371250386473},"and_uc":{"0":0.038255},"op_mini":{"5.0-8.0":0.187451865801},"and_chr":{"0":6.612699},"edge":{"0":null},"and_ff":{"0":0.078696}},"total":98.701408056}