{"id":"EG","name":"Egypt","month":"2015-06","access_date":"2015-07-23","data":{"chrome":{"4":0.056665,"5":0.08095,"6":0.03238,"7":0.008095,"8":0.008095,"9":0.08095,"10":0.056665,"11":0.12952,"12":0.089045,"13":0.01619,"14":0.024285,"15":0.01619,"16":0.089045,"17":0.105235,"18":0.01619,"19":0.66379,"20":0.11333,"21":0.06476,"22":0.04857,"23":0.072855,"24":1.853755,"25":0.11333,"26":0.29142,"27":0.14571,"28":0.234755,"29":0.202375,"30":0.77712,"31":0.3238,"32":0.46951,"33":1.31139,"34":0.671885,"35":1.691855,"36":0.84188,"37":1.060445,"38":0.914735,"39":1.610905,"40":5.45603,"41":1.69995,"42":1.756615,"43":18.14899,"44":0.348085,"45":0.24285,"46":0,"47":0},"firefox":{"2":0.59903,"3":0.072855,"3.5":0.040475,"3.6":0.218565,"4":0.09714,"5":0.137615,"6":0.024285,"7":0.04857,"8":0.09714,"9":0.072855,"10":0.105235,"11":0.137615,"12":0.202375,"13":0.21047,"14":0.089045,"15":0.74474,"16":0.1619,"17":0.06476,"18":0.671885,"19":0.121425,"20":0.121425,"21":0.74474,"22":0.12952,"23":0.72855,"24":0.153805,"25":1.351865,"26":0.3238,"27":0.24285,"28":0.445225,"29":0.461415,"30":0.509985,"31":0.69617,"32":0.45332,"33":0.412845,"34":0.40475,"35":0.590935,"36":0.55046,"37":0.90664,"38":10.0378,"39":1.03616,"40":0.008095,"41":0.008095,"42":0},"opera":{"9":0,"9.5-9.6":0,"10.0-10.1":0.590935,"10.5":0,"10.6":0,"11":0.03238,"11.1":0,"11.5":0.008095,"11.6":0.06476,"12":0.01619,"12.1":0.09714,"15":0.03238,"16":0,"17":0.03238,"18":0.03238,"19":0.089045,"20":0.14571,"21":0.234755,"22":0.089045,"23":0.089045,"24":0,"25":0,"26":0.072855,"27":0.008095,"28":0.072855,"29":0.3238,"30":0.412845,"31":0.008095,"32":0},"safari":{"3.1":0,"3.2":0,"4":0,"5":0.590935,"5.1":0.01619,"6":0.03238,"6.1":0.008095,"7":0.267135,"7.1":0.01619,"8":0.202375,"9":0},"android":{"2.1":0,"2.2":0,"2.3":0.0674818023096,"3":0,"4":0.199306718449,"4.1":0.681095400055,"4.2-4.3":1.35199006255,"4.4":2.37677185111,"4.4.3-4.4.4":1.03105916552,"40":null},"ios_saf":{"3.2":0,"4.0-4.1":0,"4.2-4.3":0,"5.0-5.1":0.00773495329949,"6.0-6.1":0.0248772822335,"7.0-7.1":0.251699561421,"8":0.0148427482234,"8.1-8.4":1.76001545482,"9":null},"op_mob":{"10":0,"11":0,"11.1":0,"11.5":0,"12":0.00124010551948,"12.1":0.00186015827922,"0":0.016741424513},"ie":{"5.5":0,"6":0.0327555412371,"7":0.00818888530928,"8":2.11273240979,"9":1.45762158505,"10":1.47399935567,"11":1.26927722294},"bb":{"7":0.01095375,"10":null},"ie_mob":{"10":0.0518583333333,"11":0.167216666667},"and_uc":{"0":0.569595},"op_mini":{"5.0-8.0":2.27187331169},"and_chr":{"0":10.47545},"edge":{"0":null},"and_ff":{"0":0.135255}},"total":97.58620375}