{"id":"ER","name":"Eritrea","month":"2015-06","access_date":"2015-07-23","data":{"chrome":{"4":0,"5":0,"6":0,"7":0,"8":0,"9":0,"10":0,"11":0.015966,"12":0,"13":0,"14":0,"15":0,"16":0.007983,"17":0.023949,"18":0.119745,"19":0,"20":0.015966,"21":0,"22":0.007983,"23":0.007983,"24":0.063864,"25":0.15966,"26":0.055881,"27":0.047898,"28":0,"29":0,"30":0,"31":0.894096,"32":0,"33":1.253331,"34":0,"35":0.103779,"36":0.031932,"37":0.023949,"38":0.039915,"39":0.15966,"40":0.407133,"41":0.263439,"42":0.063864,"43":8.813232,"44":0,"45":0.463014,"46":0,"47":0},"firefox":{"2":0.135711,"3":0.071847,"3.5":0.287388,"3.6":1.588617,"4":2.227257,"5":0.806283,"6":0.335286,"7":3.728061,"8":0.455031,"9":0.750402,"10":0.287388,"11":0.407133,"12":0.39915,"13":0.63864,"14":0.207558,"15":1.868022,"16":0.95796,"17":0.518895,"18":1.261314,"19":1.963818,"20":0.822249,"21":2.099529,"22":1.35711,"23":0.654606,"24":1.572651,"25":0.223524,"26":0.934011,"27":1.548702,"28":1.245348,"29":1.077705,"30":2.091546,"31":0.670572,"32":1.141569,"33":2.682288,"34":1.492821,"35":1.221399,"36":2.666322,"37":3.656214,"38":9.164484,"39":0.630657,"40":0,"41":0,"42":0},"opera":{"9":0,"9.5-9.6":0,"10.0-10.1":0.039915,"10.5":0,"10.6":0.470997,"11":0.039915,"11.1":0,"11.5":0.047898,"11.6":0.263439,"12":0.023949,"12.1":0.031932,"15":0.127728,"16":0,"17":0,"18":0,"19":0,"20":0,"21":0,"22":0.023949,"23":0,"24":0,"25":0,"26":0,"27":0,"28":0,"29":0.263439,"30":0.071847,"31":0,"32":0},"safari":{"3.1":0,"3.2":0,"4":0,"5":0.007983,"5.1":0.063864,"6":0,"6.1":0,"7":0,"7.1":0,"8":0.023949,"9":0},"android":{"2.1":0,"2.2":0,"2.3":0.0622836851801,"3":0,"4":0.183954139951,"4.1":0.62863068298,"4.2-4.3":1.24784639029,"4.4":2.19368933035,"4.4.3-4.4.4":0.95163677124,"40":null},"ios_saf":{"3.2":0,"4.0-4.1":0,"4.2-4.3":0,"5.0-5.1":0.00943939492386,"6.0-6.1":0.0303591350254,"7.0-7.1":0.307163013198,"8":0.0181134335025,"8.1-8.4":2.14784502335,"9":null},"op_mob":{"10":0,"11":0,"11.1":0,"11.5":0,"12":0.00359087121212,"12.1":0.00538630681818,"0":0.0484767613636},"ie":{"5.5":0,"6":0.628172225166,"7":0.112748860927,"8":3.58380307947,"9":0.273818662252,"10":0.136909331126,"11":2.55295635099},"bb":{"7":0.048408,"10":null},"ie_mob":{"10":0.00525199516908,"11":0.0169350048309},"and_uc":{"0":3.00533},"op_mini":{"5.0-8.0":6.57847606061},"and_chr":{"0":2.726621},"edge":{"0":null},"and_ff":{"0":0.177496}},"total":98.0794355099}