{"id":"ES","name":"Spain","month":"2015-06","access_date":"2015-07-23","data":{"chrome":{"4":0,"5":0,"6":0,"7":0,"8":0,"9":0,"10":0,"11":0.152103,"12":0.007243,"13":0,"14":0,"15":0,"16":0,"17":0.007243,"18":0.007243,"19":0,"20":0,"21":0.014486,"22":0.050701,"23":0.014486,"24":0.014486,"25":0.014486,"26":0.043458,"27":0.021729,"28":0.014486,"29":0.021729,"30":0.021729,"31":0.14486,"32":0.043458,"33":0.094159,"34":0.115888,"35":0.260748,"36":0.412851,"37":0.514253,"38":0.311449,"39":0.57944,"40":0.347664,"41":0.28972,"42":0.550468,"43":32.187892,"44":0.101402,"45":0.065187,"46":0,"47":0},"firefox":{"2":0.007243,"3":0.021729,"3.5":0.007243,"3.6":0.065187,"4":0.014486,"5":0.007243,"6":0.014486,"7":0.007243,"8":0.007243,"9":0.007243,"10":0.050701,"11":0.014486,"12":0.028972,"13":0.007243,"14":0.007243,"15":0.021729,"16":0.043458,"17":0.021729,"18":0.014486,"19":0.021729,"20":0.028972,"21":0.021729,"22":0.014486,"23":0.014486,"24":0.028972,"25":0.021729,"26":0.021729,"27":0.021729,"28":0.028972,"29":0.036215,"30":0.057944,"31":0.376636,"32":0.239019,"33":0.094159,"34":0.123131,"35":0.152103,"36":0.152103,"37":0.427337,"38":10.980388,"39":0.057944,"40":0.014486,"41":0.007243,"42":0},"opera":{"9":0,"9.5-9.6":0,"10.0-10.1":0,"10.5":0,"10.6":0,"11":0,"11.1":0,"11.5":0,"11.6":0,"12":0.007243,"12.1":0.086916,"15":0,"16":0,"17":0,"18":0,"19":0,"20":0,"21":0,"22":0.007243,"23":0.007243,"24":0.007243,"25":0.007243,"26":0.007243,"27":0.007243,"28":0.021729,"29":0.181075,"30":0.333178,"31":0.007243,"32":0},"safari":{"3.1":0,"3.2":0,"4":0.043458,"5":0.115888,"5.1":0.304206,"6":0.043458,"6.1":0.181075,"7":0.36215,"7.1":0.478038,"8":1.636918,"9":0},"android":{"2.1":0,"2.2":0,"2.3":0.0835249403354,"3":0,"4":0.24668994006,"4.1":0.843019165246,"4.2-4.3":1.67341246742,"4.4":2.94182609623,"4.4.3-4.4.4":1.27618339071,"40":null},"ios_saf":{"3.2":0,"4.0-4.1":0,"4.2-4.3":0,"5.0-5.1":0.0383629410152,"6.0-6.1":0.123383512995,"7.0-7.1":1.24835083736,"8":0.0736153732995,"8.1-8.4":8.72912433533,"9":null},"op_mob":{"10":0,"11":0,"11.1":0,"11.5":0,"12":8.35454545455e-5,"12.1":0.000125318181818,"0":0.00112786363636},"ie":{"5.5":0,"6":0.0366242090395,"7":0.080573259887,"8":1.69203845763,"9":1.09872627119,"10":0.776433231638,"11":6.68758057062},"bb":{"7":0.01309575,"10":null},"ie_mob":{"10":0.11877742029,"11":0.38299657971},"and_uc":{"0":0.057897},"op_mini":{"5.0-8.0":0.153055272727},"and_chr":{"0":16.998642},"edge":{"0":null},"and_ff":{"0":0.187476}},"total":99.14645975}