{"id":"ET","name":"Ethiopia","month":"2015-06","access_date":"2015-07-23","data":{"chrome":{"4":0.007776,"5":0.015552,"6":0.005832,"7":0.005832,"8":0.00972,"9":0.013608,"10":0.07776,"11":0.031104,"12":0.005832,"13":0.003888,"14":0.005832,"15":0.001944,"16":0.005832,"17":0.003888,"18":0.001944,"19":0.003888,"20":0.003888,"21":0.011664,"22":0.001944,"23":0.007776,"24":0.001944,"25":0.011664,"26":0.023328,"27":0.025272,"28":0.00972,"29":0.011664,"30":0.025272,"31":0.066096,"32":0.011664,"33":0.114696,"34":0.011664,"35":0.023328,"36":0.08748,"37":0.031104,"38":0.0486,"39":0.208008,"40":0.334368,"41":0.0972,"42":0.147744,"43":4.282632,"44":0.040824,"45":0.153576,"46":0,"47":0},"firefox":{"2":0.027216,"3":0.023328,"3.5":0.00972,"3.6":0.052488,"4":0.066096,"5":0.044712,"6":0.013608,"7":0.036936,"8":0.027216,"9":0.025272,"10":0.079704,"11":0.130248,"12":0.12636,"13":0.044712,"14":0.062208,"15":0.0486,"16":0.134136,"17":0.083592,"18":0.040824,"19":0.069984,"20":0.095256,"21":0.071928,"22":0.034992,"23":0.132192,"24":0.052488,"25":0.071928,"26":0.206064,"27":0.06804,"28":0.149688,"29":0.303264,"30":0.266328,"31":0.206064,"32":0.211896,"33":0.250776,"34":0.244944,"35":0.342144,"36":0.297432,"37":0.548208,"38":3.889944,"39":0.781488,"40":0.007776,"41":0.005832,"42":0},"opera":{"9":0,"9.5-9.6":0,"10.0-10.1":0,"10.5":0,"10.6":0.001944,"11":0.001944,"11.1":0.001944,"11.5":0.007776,"11.6":0.021384,"12":0.015552,"12.1":0.073872,"15":0.003888,"16":0.003888,"17":0.015552,"18":0.00972,"19":0.003888,"20":0.011664,"21":0.011664,"22":0.005832,"23":0.001944,"24":0.003888,"25":0.003888,"26":0.007776,"27":0.007776,"28":0.034992,"29":0.25272,"30":0.303264,"31":0,"32":0},"safari":{"3.1":0,"3.2":0,"4":0.003888,"5":0.005832,"5.1":0.017496,"6":0.011664,"6.1":0.011664,"7":0.021384,"7.1":0.023328,"8":0.064152,"9":0},"android":{"2.1":0,"2.2":0,"2.3":0.0287803244432,"3":0,"4":0.0850023535881,"4.1":0.290480483915,"4.2-4.3":0.576610453671,"4.4":1.01366979929,"4.4.3-4.4.4":0.439736585098,"40":null},"ios_saf":{"3.2":0,"4.0-4.1":0,"4.2-4.3":0,"5.0-5.1":0.00416644791878,"6.0-6.1":0.0134001973604,"7.0-7.1":0.135578467411,"8":0.00799507573604,"8.1-8.4":0.948035811574,"9":null},"op_mob":{"10":0,"11":0,"11.1":0,"11.5":0,"12":0.0344908398268,"12.1":0.0517362597403,"0":0.465626337662},"ie":{"5.5":0,"6":0.0214666434783,"7":0.0429332869565,"8":0.394205634783,"9":0.224424,"10":0.298581495652,"11":1.0186898087},"bb":{"7":0.01007,"10":null},"ie_mob":{"10":0.0553022995169,"11":0.178321700483},"and_uc":{"0":8.555472},"op_mini":{"5.0-8.0":63.1872185628},"and_chr":{"0":2.078416},"edge":{"0":null},"and_ff":{"0":0.088616}},"total":96.5941788696}