{"id":"FI","name":"Finland","month":"2015-06","access_date":"2015-07-23","data":{"chrome":{"4":0,"5":0,"6":0,"7":0,"8":0,"9":0,"10":0,"11":0.026764,"12":0,"13":0,"14":0,"15":0,"16":0,"17":0,"18":0.006691,"19":0,"20":0.006691,"21":0.006691,"22":0.060219,"23":0.006691,"24":0,"25":0.006691,"26":0.013382,"27":0.006691,"28":0.020073,"29":0.006691,"30":0.006691,"31":0.060219,"32":0.020073,"33":0.053528,"34":0.040146,"35":0.046837,"36":0.093674,"37":0.140511,"38":0.093674,"39":0.187348,"40":0.13382,"41":0.187348,"42":0.649027,"43":23.960471,"44":0.120438,"45":0.107056,"46":0,"47":0},"firefox":{"2":0,"3":0.006691,"3.5":0.006691,"3.6":0.026764,"4":0.013382,"5":0,"6":0,"7":0.013382,"8":0,"9":0,"10":0.006691,"11":0.006691,"12":0.026764,"13":0.006691,"14":0.006691,"15":0.013382,"16":0.026764,"17":0.020073,"18":0.006691,"19":0.006691,"20":0.013382,"21":0.006691,"22":0.006691,"23":0.013382,"24":0.040146,"25":0.013382,"26":0.020073,"27":0.013382,"28":0.026764,"29":0.033455,"30":0.040146,"31":0.575426,"32":0.06691,"33":0.06691,"34":0.080292,"35":0.140511,"36":0.13382,"37":0.388078,"38":16.045018,"39":0.287713,"40":0.006691,"41":0.013382,"42":0},"opera":{"9":0,"9.5-9.6":0,"10.0-10.1":0,"10.5":0,"10.6":0,"11":0,"11.1":0,"11.5":0,"11.6":0,"12":0.006691,"12.1":0.321168,"15":0,"16":0,"17":0,"18":0,"19":0,"20":0,"21":0,"22":0,"23":0,"24":0.006691,"25":0.006691,"26":0,"27":0.006691,"28":0.013382,"29":0.294404,"30":0.562044,"31":0.013382,"32":0},"safari":{"3.1":0,"3.2":0,"4":0.033455,"5":0.093674,"5.1":0.327859,"6":0.046837,"6.1":0.227494,"7":0.187348,"7.1":0.6691,"8":1.880171,"9":0},"android":{"2.1":0,"2.2":0,"2.3":0.0530026607094,"3":0,"4":0.156542742095,"4.1":0.53495708716,"4.2-4.3":1.06190214421,"4.4":1.86680301498,"4.4.3-4.4.4":0.809831350839,"40":null},"ios_saf":{"3.2":0,"4.0-4.1":0,"4.2-4.3":0,"5.0-5.1":0.0602615318782,"6.0-6.1":0.193814116041,"7.0-7.1":1.96094282112,"8":0.115636993604,"8.1-8.4":13.7119415374,"9":null},"op_mob":{"10":0,"11":0,"11.1":0,"11.5":0,"12":0.000134293831169,"12.1":0.000201440746753,"0":0.00181296672078},"ie":{"5.5":0,"6":0,"7":0.0134091623816,"8":0.308410734777,"9":1.15989254601,"10":1.11966505886,"11":7.30799349797},"bb":{"7":0.0016545,"10":null},"ie_mob":{"10":1.14438647826,"11":3.69006252174},"and_uc":{"0":0.03309},"op_mini":{"5.0-8.0":0.246026298701},"and_chr":{"0":14.282035},"edge":{"0":null},"and_ff":{"0":0.287883}},"total":99.1137955}