{"id":"FJ","name":"Fiji","month":"2015-06","access_date":"2015-07-23","data":{"chrome":{"4":0.006823,"5":0,"6":0,"7":0.006823,"8":0,"9":0,"10":0.006823,"11":0.034115,"12":0.013646,"13":0,"14":0.006823,"15":0.006823,"16":0,"17":0,"18":0.006823,"19":0.006823,"20":0.013646,"21":0.006823,"22":0.013646,"23":0.020469,"24":0.013646,"25":0.006823,"26":0.006823,"27":0.006823,"28":0.006823,"29":0.006823,"30":0.013646,"31":0.13646,"32":0.034115,"33":0.054584,"34":0.054584,"35":0.088699,"36":2.490395,"37":3.663951,"38":0.081876,"39":0.368442,"40":0.156929,"41":0.143283,"42":0.27292,"43":16.341085,"44":0.075053,"45":1.002981,"46":0,"47":0},"firefox":{"2":0.006823,"3":0.020469,"3.5":0.013646,"3.6":0.054584,"4":0.06823,"5":0.020469,"6":0.013646,"7":0.006823,"8":0.006823,"9":0.081876,"10":0.047761,"11":0.075053,"12":0.061407,"13":0.054584,"14":0.061407,"15":0.081876,"16":0.102345,"17":0.027292,"18":0.143283,"19":0.034115,"20":0.047761,"21":0.047761,"22":0.013646,"23":0.013646,"24":0.054584,"25":0.034115,"26":0.095522,"27":0.061407,"28":0.170575,"29":0.102345,"30":0.081876,"31":2.640501,"32":1.780803,"33":0.156929,"34":0.150106,"35":0.382088,"36":0.279743,"37":0.832406,"38":9.838766,"39":0.846052,"40":0.013646,"41":0.006823,"42":0},"opera":{"9":0,"9.5-9.6":0,"10.0-10.1":0,"10.5":0,"10.6":0,"11":0,"11.1":0,"11.5":0.006823,"11.6":0,"12":0.013646,"12.1":0.054584,"15":0,"16":0,"17":0,"18":0,"19":0,"20":0,"21":0,"22":0,"23":0,"24":0,"25":0,"26":0.006823,"27":0,"28":0.013646,"29":0.163752,"30":0.27292,"31":0,"32":0},"safari":{"3.1":0,"3.2":0,"4":0,"5":0.06823,"5.1":0.075053,"6":0.061407,"6.1":0.095522,"7":3.677597,"7.1":0.197867,"8":2.272059,"9":0},"android":{"2.1":0,"2.2":0,"2.3":0.139517927688,"3":0,"4":0.412064577124,"4.1":1.40815768875,"4.2-4.3":2.79522545821,"4.4":4.91395119728,"4.4.3-4.4.4":2.13170415095,"40":null},"ios_saf":{"3.2":0,"4.0-4.1":0,"4.2-4.3":0,"5.0-5.1":0.0192338996954,"6.0-6.1":0.0618603801015,"7.0-7.1":0.625881492792,"8":0.0369082940102,"8.1-8.4":4.3764919334,"9":null},"op_mob":{"10":0,"11":0,"11.1":0,"11.5":0,"12":0.00194952272727,"12.1":0.00292428409091,"0":0.0263185568182},"ie":{"5.5":0,"6":0.0205082627877,"7":0.0205082627877,"8":0.875019212276,"9":0.90236356266,"10":0.90236356266,"11":7.97087813683},"bb":{"7":0.02303325,"10":null},"ie_mob":{"10":0.295553086957,"11":0.953007913043},"and_uc":{"0":2.306502},"op_mini":{"5.0-8.0":3.57152563636},"and_chr":{"0":13.211318},"edge":{"0":null},"and_ff":{"0":0.174735}},"total":98.96991725}