{"id":"FK","name":"Falkland Islands (Malvinas)","month":"2015-06","access_date":"2015-07-23","data":{"chrome":{"4":0,"5":0,"6":0,"7":0,"8":0,"9":0,"10":0.008668,"11":0,"12":0,"13":0,"14":0,"15":0,"16":1.204852,"17":0,"18":0.199364,"19":0.112684,"20":0,"21":0.026004,"22":0.034672,"23":0.04334,"24":0.026004,"25":0,"26":0,"27":0.026004,"28":0.017336,"29":0.17336,"30":0,"31":0.017336,"32":0.156024,"33":0.04334,"34":0.017336,"35":0.026004,"36":0.667436,"37":1.655588,"38":0.017336,"39":0.069344,"40":0.156024,"41":0.17336,"42":0.225368,"43":17.110632,"44":0.008668,"45":0.017336,"46":0,"47":0},"firefox":{"2":0,"3":0.04334,"3.5":0,"3.6":0.026004,"4":1.074832,"5":1.17018,"6":1.222188,"7":0,"8":0,"9":0.04334,"10":0.052008,"11":0.182028,"12":0,"13":0,"14":0.017336,"15":0.008668,"16":0,"17":0,"18":0,"19":0,"20":0.04334,"21":0.04334,"22":0.442068,"23":0.017336,"24":0.052008,"25":0.069344,"26":0,"27":0.026004,"28":0.052008,"29":0.026004,"30":0.08668,"31":0.459404,"32":0.329384,"33":0.017336,"34":0.728112,"35":0.2167,"36":0.069344,"37":0.615428,"38":4.16064,"39":0,"40":0,"41":0,"42":0},"opera":{"9":0,"9.5-9.6":0.156024,"10.0-10.1":0,"10.5":0,"10.6":0.017336,"11":0,"11.1":0.008668,"11.5":0.052008,"11.6":0.017336,"12":0.052008,"12.1":0.052008,"15":0,"16":0,"17":0,"18":0,"19":0,"20":0,"21":0,"22":0,"23":0,"24":0,"25":0,"26":0,"27":0,"28":0,"29":0.104016,"30":0.47674,"31":0,"32":0},"safari":{"3.1":0,"3.2":0.104016,"4":0.008668,"5":0.138688,"5.1":1.525568,"6":0.112684,"6.1":0.017336,"7":1.222188,"7.1":0.30338,"8":3.822588,"9":0},"android":{"2.1":0,"2.2":0,"2.3":0.0367224019797,"3":0,"4":0.108459187242,"4.1":0.37064005719,"4.2-4.3":0.735729053616,"4.4":1.2933971581,"4.4.3-4.4.4":0.561084141875,"40":null},"ios_saf":{"3.2":0,"4.0-4.1":0,"4.2-4.3":0,"5.0-5.1":0.0546828446701,"6.0-6.1":0.175871851777,"7.0-7.1":1.77940932386,"8":0.104931945178,"8.1-8.4":12.4425640345,"9":null},"op_mob":{"10":0,"11":0,"11.1":0,"11.5":0,"12":0.000597525974026,"12.1":0.000896288961039,"0":0.00806660064935},"ie":{"5.5":0,"6":0,"7":1.25814710701,"8":5.05861905786,"9":9.65736365591,"10":3.24515184844,"11":14.6725983308},"bb":{"7":0.001998,"10":null},"ie_mob":{"10":0.0917535652174,"11":0.295858434783},"and_uc":{"0":0},"op_mini":{"5.0-8.0":1.09466758442},"and_chr":{"0":3.062132},"edge":{"0":null},"and_ff":{"0":0.037296}},"total":97.867722}