{"id":"FM","name":"Micronesia","month":"2015-06","access_date":"2015-07-23","data":{"chrome":{"4":0,"5":0.01814,"6":0,"7":0,"8":0,"9":0,"10":0,"11":0.03628,"12":0.00907,"13":0,"14":0,"15":0,"16":0,"17":0,"18":0.06349,"19":0,"20":0,"21":0.00907,"22":0,"23":0,"24":0.01814,"25":0,"26":0.01814,"27":0.05442,"28":0.09977,"29":0.06349,"30":0.00907,"31":0.25396,"32":0.01814,"33":0.06349,"34":0.06349,"35":0.08163,"36":0.21768,"37":0.06349,"38":0.07256,"39":0.35373,"40":0.34466,"41":0.16326,"42":0.68025,"43":37.12351,"44":0.10884,"45":0.57141,"46":0,"47":0},"firefox":{"2":0,"3":0.03628,"3.5":0.01814,"3.6":0.02721,"4":0.00907,"5":0.00907,"6":0.04535,"7":0,"8":0,"9":0.00907,"10":0.08163,"11":0.02721,"12":0.03628,"13":0.0907,"14":0.00907,"15":0.01814,"16":0.05442,"17":0,"18":0.01814,"19":0.01814,"20":2.23122,"21":0.04535,"22":0.01814,"23":0.00907,"24":0.09977,"25":0,"26":0.00907,"27":0.03628,"28":0.00907,"29":0.05442,"30":0.04535,"31":0.02721,"32":0.01814,"33":0.08163,"34":0.02721,"35":0.12698,"36":0.07256,"37":0.5442,"38":10.14933,"39":2.24936,"40":0,"41":0,"42":0},"opera":{"9":0,"9.5-9.6":0,"10.0-10.1":0,"10.5":0,"10.6":0,"11":0.00907,"11.1":0,"11.5":0.01814,"11.6":0,"12":0,"12.1":0.01814,"15":0,"16":0,"17":0,"18":0,"19":0,"20":0,"21":0,"22":0,"23":0,"24":0,"25":0.00907,"26":0,"27":0,"28":0.00907,"29":0.06349,"30":0.14512,"31":0,"32":0},"safari":{"3.1":0,"3.2":0,"4":0.02721,"5":0.38094,"5.1":0.61676,"6":0.08163,"6.1":0.26303,"7":0.2721,"7.1":0.53513,"8":1.21538,"9":0},"android":{"2.1":0,"2.2":0,"2.3":0.0489472889744,"3":0,"4":0.144565248831,"4.1":0.494026125928,"4.2-4.3":0.980653243057,"4.4":1.72396905004,"4.4.3-4.4.4":0.747869043167,"40":null},"ios_saf":{"3.2":0,"4.0-4.1":0,"4.2-4.3":0,"5.0-5.1":0.0264083837563,"6.0-6.1":0.0849350720812,"7.0-7.1":0.859343082234,"8":0.0506755472081,"8.1-8.4":6.00897791472,"9":null},"op_mob":{"10":0,"11":0,"11.1":0,"11.5":0,"12":0.000386996753247,"12.1":0.00058049512987,"0":0.00522445616883},"ie":{"5.5":0,"6":0.04535,"7":0.10884,"8":0.83444,"9":0.89793,"10":3.45567,"11":15.6004},"bb":{"7":0.004185,"10":null},"ie_mob":{"10":0.0334620289855,"11":0.107897971014},"and_uc":{"0":0.38316},"op_mini":{"5.0-8.0":0.708978051948},"and_chr":{"0":5.03275},"edge":{"0":null},"and_ff":{"0":0.03999}},"total":99.035355}