{"id":"FR","name":"France","month":"2015-06","access_date":"2015-07-23","data":{"chrome":{"4":0,"5":0,"6":0,"7":0,"8":0,"9":0,"10":0,"11":0.043035,"12":0.008607,"13":0,"14":0,"15":0,"16":0.034428,"17":0,"18":0.008607,"19":0,"20":0,"21":0.025821,"22":0.034428,"23":0.103284,"24":0.043035,"25":0.034428,"26":0.034428,"27":0.025821,"28":0.034428,"29":0.060249,"30":0.034428,"31":0.223782,"32":0.068856,"33":0.111891,"34":0.129105,"35":0.275424,"36":2.298069,"37":3.322302,"38":0.240996,"39":0.481992,"40":0.301245,"41":0.370101,"42":0.636918,"43":25.270152,"44":0.111891,"45":0.077463,"46":0,"47":0},"firefox":{"2":0.008607,"3":0.017214,"3.5":0.008607,"3.6":0.051642,"4":0.017214,"5":0.008607,"6":0.008607,"7":0.008607,"8":0.008607,"9":0.008607,"10":0.034428,"11":0.017214,"12":0.034428,"13":0.008607,"14":0.008607,"15":0.025821,"16":0.068856,"17":0.060249,"18":0.017214,"19":0.017214,"20":0.034428,"21":0.025821,"22":0.017214,"23":0.017214,"24":0.137712,"25":0.025821,"26":0.051642,"27":0.034428,"28":0.034428,"29":0.051642,"30":0.077463,"31":2.487423,"32":1.471797,"33":0.094677,"34":0.137712,"35":0.215175,"36":0.387315,"37":0.490599,"38":17.076288,"39":0.129105,"40":0.017214,"41":0.008607,"42":0},"opera":{"9":0,"9.5-9.6":0,"10.0-10.1":0,"10.5":0,"10.6":0,"11":0,"11.1":0,"11.5":0,"11.6":0,"12":0.017214,"12.1":0.094677,"15":0,"16":0,"17":0,"18":0,"19":0,"20":0,"21":0.008607,"22":0,"23":0,"24":0.008607,"25":0.008607,"26":0.008607,"27":0.017214,"28":0.017214,"29":0.180747,"30":0.335673,"31":0,"32":0},"safari":{"3.1":0,"3.2":0,"4":0.077463,"5":0.223782,"5.1":0.645525,"6":0.094677,"6.1":0.378708,"7":1.316871,"7.1":0.886521,"8":3.244839,"9":0},"android":{"2.1":0,"2.2":0,"2.3":0.0360958812208,"3":0,"4":0.106608765466,"4.1":0.3643165686,"4.2-4.3":0.723176783063,"4.4":1.27133051416,"4.4.3-4.4.4":0.55151148749,"40":null},"ios_saf":{"3.2":0,"4.0-4.1":0,"4.2-4.3":0,"5.0-5.1":0.0334136594924,"6.0-6.1":0.107465553503,"7.0-7.1":1.08729854132,"8":0.0641181033503,"8.1-8.4":7.60296214234,"9":null},"op_mob":{"10":0,"11":0,"11.1":0,"11.5":0,"12":6.63333333333e-5,"12.1":9.95e-5,"0":0.0008955},"ie":{"5.5":0,"6":0.0349147712082,"7":0.104744313625,"8":1.2743891491,"9":1.21328829949,"10":0.803039737789,"11":10.1514697288},"bb":{"7":0.0160195,"10":null},"ie_mob":{"10":0.148384782609,"11":0.478465217391},"and_uc":{"0":0.189448},"op_mini":{"5.0-8.0":0.121522666667},"and_chr":{"0":6.800015},"edge":{"0":null},"and_ff":{"0":0.098903}},"total":98.8574125}