{"id":"GD","name":"Grenada","month":"2015-06","access_date":"2015-07-23","data":{"chrome":{"4":0.00725,"5":0,"6":0,"7":0,"8":0,"9":0,"10":0,"11":0.029,"12":0.02175,"13":0,"14":0,"15":0,"16":0,"17":0,"18":0.03625,"19":0,"20":0.02175,"21":0,"22":0.145,"23":0,"24":0.00725,"25":0.0145,"26":0.00725,"27":0.00725,"28":0.02175,"29":0.029,"30":0.16675,"31":0.21025,"32":0.05075,"33":0.145,"34":0.1305,"35":0.09425,"36":0.7105,"37":0.9135,"38":0.15225,"39":0.7975,"40":0.3045,"41":0.10875,"42":1.1745,"43":31.92175,"44":0.261,"45":0.5075,"46":0,"47":0},"firefox":{"2":0,"3":0.00725,"3.5":0,"3.6":0.02175,"4":0.00725,"5":0.00725,"6":0,"7":0.00725,"8":0,"9":0,"10":0,"11":0.00725,"12":0.03625,"13":0,"14":0,"15":0.02175,"16":0.00725,"17":0,"18":0,"19":0,"20":0,"21":0.0145,"22":0,"23":0,"24":0,"25":0,"26":0.0145,"27":0.00725,"28":0.00725,"29":0.00725,"30":0.0145,"31":0.50025,"32":0.38425,"33":0.03625,"34":0.1015,"35":0.09425,"36":0.02175,"37":0.3045,"38":5.85075,"39":0.23925,"40":0,"41":0.00725,"42":0},"opera":{"9":0,"9.5-9.6":0,"10.0-10.1":0,"10.5":0,"10.6":0,"11":0,"11.1":0,"11.5":0.00725,"11.6":0,"12":0,"12.1":0.12325,"15":0,"16":0,"17":0,"18":0,"19":0,"20":0.0145,"21":0,"22":0,"23":0,"24":0,"25":0,"26":0,"27":0,"28":0.0145,"29":0.36975,"30":0.71775,"31":0.0435,"32":0},"safari":{"3.1":0,"3.2":0,"4":0.00725,"5":0.05075,"5.1":0.174,"6":0.029,"6.1":0.05075,"7":0.32625,"7.1":0.23925,"8":1.15275,"9":0},"android":{"2.1":0,"2.2":0,"2.3":0.140385482541,"3":0,"4":0.414626890294,"4.1":1.41691394006,"4.2-4.3":2.81260681881,"4.4":4.94450728622,"4.4.3-4.4.4":2.14495958207,"40":null},"ios_saf":{"3.2":0,"4.0-4.1":0,"4.2-4.3":0,"5.0-5.1":0.0264399746193,"6.0-6.1":0.0850366751269,"7.0-7.1":0.86037106599,"8":0.0507361675127,"8.1-8.4":6.01616611675,"9":null},"op_mob":{"10":0,"11":0,"11.1":0,"11.5":0,"12":0.000215773809524,"12.1":0.000323660714286,"0":0.00291294642857},"ie":{"5.5":0,"6":0.02175,"7":0.058,"8":1.0295,"9":0.551,"10":0.74675,"11":9.947},"bb":{"7":0.3210625,"10":null},"ie_mob":{"10":0.246065217391,"11":0.793434782609},"and_uc":{"0":0.51975},"op_mini":{"5.0-8.0":0.395297619048},"and_chr":{"0":14.4905},"edge":{"0":null},"and_ff":{"0":0.2365}},"total":97.3190625}