{"id":"GE","name":"Georgia","month":"2015-06","access_date":"2015-07-23","data":{"chrome":{"4":0.052722,"5":0.043935,"6":0.008787,"7":0.008787,"8":0.035148,"9":0.035148,"10":0.026361,"11":0.035148,"12":0.114231,"13":0.017574,"14":0.008787,"15":0.096657,"16":0.026361,"17":0.052722,"18":0.035148,"19":0.017574,"20":0.017574,"21":0.017574,"22":0.035148,"23":0.017574,"24":0.052722,"25":0.026361,"26":0.043935,"27":0.079083,"28":0.105444,"29":0.043935,"30":0.342693,"31":0.096657,"32":0.035148,"33":0.650238,"34":0.08787,"35":0.140592,"36":0.474498,"37":0.404202,"38":0.210888,"39":0.799617,"40":0.43935,"41":0.641451,"42":0.782043,"43":52.845018,"44":0.254823,"45":0.896274,"46":0,"47":0},"firefox":{"2":0,"3":0.008787,"3.5":0.008787,"3.6":0.052722,"4":0.008787,"5":0.008787,"6":0,"7":0.008787,"8":0.008787,"9":0.008787,"10":0.008787,"11":0.026361,"12":0.026361,"13":0,"14":0.008787,"15":0.008787,"16":0.008787,"17":0.017574,"18":0.008787,"19":0.008787,"20":0.017574,"21":0.017574,"22":0.008787,"23":0.008787,"24":0.008787,"25":0.026361,"26":0.008787,"27":0.008787,"28":0.008787,"29":0.017574,"30":0.017574,"31":0.202101,"32":0.140592,"33":0.035148,"34":0.043935,"35":0.052722,"36":0.070296,"37":0.123018,"38":3.95415,"39":0.079083,"40":0,"41":0,"42":0},"opera":{"9":0,"9.5-9.6":0.008787,"10.0-10.1":0.008787,"10.5":0.008787,"10.6":0.017574,"11":0.017574,"11.1":0.017574,"11.5":0.026361,"11.6":0.096657,"12":0.08787,"12.1":2.038584,"15":0.070296,"16":0.052722,"17":0.061509,"18":0.105444,"19":0.052722,"20":0.105444,"21":0.043935,"22":0.026361,"23":0.017574,"24":0.026361,"25":0.026361,"26":0.070296,"27":0.061509,"28":0.184527,"29":3.60267,"30":7.653477,"31":0.079083,"32":0.008787},"safari":{"3.1":0,"3.2":0,"4":0,"5":0.017574,"5.1":0.061509,"6":0.008787,"6.1":0.026361,"7":0.219675,"7.1":0.070296,"8":0.35148,"9":0},"android":{"2.1":0,"2.2":0,"2.3":0.0246784885895,"3":0,"4":0.0728876290899,"4.1":0.249080559252,"4.2-4.3":0.494430649299,"4.4":0.869199324856,"4.4.3-4.4.4":0.377064348914,"40":null},"ios_saf":{"3.2":0,"4.0-4.1":0,"4.2-4.3":0,"5.0-5.1":0.0102881749239,"6.0-6.1":0.0330889950254,"7.0-7.1":0.334782773198,"8":0.0197421735025,"8.1-8.4":2.34097688335,"9":null},"op_mob":{"10":0,"11":0,"11.1":0,"11.5":0,"12":0.00159829816017,"12.1":0.00239744724026,"0":0.0215770251623},"ie":{"5.5":0,"6":0.00890353846154,"7":0.0178070769231,"8":0.516405230769,"9":0.284913230769,"10":0.249299076923,"11":2.27930584615},"bb":{"7":0.0066715,"10":null},"ie_mob":{"10":0.09016047343,"11":0.29072152657},"and_uc":{"0":0.229257},"op_mini":{"5.0-8.0":2.92808222944},"and_chr":{"0":5.037746},"edge":{"0":null},"and_ff":{"0":0.082484}},"total":97.4503395}