{"id":"GG","name":"Guernsey","month":"2015-06","access_date":"2015-07-23","data":{"chrome":{"4":0,"5":0,"6":0,"7":0,"8":0,"9":0,"10":0,"11":0.07551,"12":0,"13":0,"14":0,"15":0,"16":0,"17":0,"18":0,"19":0,"20":0,"21":0.00839,"22":0.05034,"23":0,"24":0.14263,"25":0,"26":0.01678,"27":0,"28":0,"29":0.00839,"30":0,"31":0.39433,"32":0.06712,"33":0.0839,"34":0.01678,"35":0.05034,"36":0.05034,"37":0.02517,"38":0.04195,"39":0.14263,"40":0.0839,"41":0.15102,"42":0.64603,"43":24.03735,"44":0.09229,"45":0.36916,"46":0,"47":0},"firefox":{"2":0,"3":0,"3.5":0,"3.6":0.00839,"4":0,"5":0,"6":0,"7":0,"8":0,"9":0,"10":0,"11":0,"12":0,"13":0,"14":0,"15":0,"16":0.01678,"17":0,"18":0,"19":0,"20":0.03356,"21":0,"22":0.00839,"23":0,"24":0,"25":0.00839,"26":0,"27":0.00839,"28":0.01678,"29":0.01678,"30":0.03356,"31":0.04195,"32":0.03356,"33":0.02517,"34":0.00839,"35":0.05034,"36":0.07551,"37":0.20136,"38":6.09114,"39":0.34399,"40":0,"41":0.12585,"42":0},"opera":{"9":0,"9.5-9.6":0,"10.0-10.1":0,"10.5":0,"10.6":0.00839,"11":0,"11.1":0,"11.5":0,"11.6":0,"12":0,"12.1":0.01678,"15":0,"16":0,"17":0,"18":0,"19":0,"20":0,"21":0,"22":0,"23":0,"24":0,"25":0,"26":0,"27":0,"28":0,"29":0.10068,"30":0.15941,"31":0,"32":0},"safari":{"3.1":0,"3.2":0.05034,"4":0.06712,"5":0.23492,"5.1":0.74671,"6":0.13424,"6.1":0.61247,"7":0.24331,"7.1":1.09909,"8":3.92652,"9":0.03356},"android":{"2.1":0,"2.2":0,"2.3":0.019286274402,"3":0,"4":0.0569617871872,"4.1":0.194656816057,"4.2-4.3":0.386398265054,"4.4":0.679280525158,"4.4.3-4.4.4":0.294676332142,"40":null},"ios_saf":{"3.2":0,"4.0-4.1":0,"4.2-4.3":0,"5.0-5.1":0.1086616,"6.0-6.1":0.3494792,"7.0-7.1":3.5359072,"8":0.2085128,"8.1-8.4":24.7249192,"9":null},"op_mob":{"10":0,"11":0,"11.1":0,"11.5":0,"12":1.6553030303e-5,"12.1":2.48295454545e-5,"0":0.000223465909091},"ie":{"5.5":0,"6":0.00839,"7":0.05873,"8":1.678,"9":1.90453,"10":0.97324,"11":15.51311},"bb":{"7":0.0567525,"10":null},"ie_mob":{"10":0.166164444444,"11":0.535795555556},"and_uc":{"0":0.00966},"op_mini":{"5.0-8.0":0.0303251515152},"and_chr":{"0":5.14967},"edge":{"0":null},"and_ff":{"0":0.06762}},"total":97.8471625}