{"id":"GI","name":"Gibraltar","month":"2015-06","access_date":"2015-07-23","data":{"chrome":{"4":0,"5":0,"6":0,"7":0,"8":0,"9":0,"10":0,"11":0.03606,"12":0,"13":0,"14":0,"15":0,"16":0,"17":0,"18":0,"19":0,"20":0,"21":0.007212,"22":0.021636,"23":0,"24":0,"25":0.014424,"26":0.021636,"27":0.007212,"28":0.007212,"29":0,"30":0,"31":0.03606,"32":0.021636,"33":0.03606,"34":0.079332,"35":0.028848,"36":0.699564,"37":0.778896,"38":0.07212,"39":0.158664,"40":0.07212,"41":0.086544,"42":0.483204,"43":24.62898,"44":0.093756,"45":0.129816,"46":0,"47":0},"firefox":{"2":0,"3":0,"3.5":0,"3.6":0.007212,"4":0,"5":0,"6":0,"7":0,"8":0,"9":0.007212,"10":0.014424,"11":0.014424,"12":0.014424,"13":0,"14":0,"15":0,"16":0,"17":0,"18":0.007212,"19":0,"20":0,"21":0.007212,"22":0.007212,"23":0.007212,"24":0.129816,"25":0.007212,"26":0.014424,"27":0,"28":0.028848,"29":0.03606,"30":0,"31":0.562536,"32":0.32454,"33":0.079332,"34":0.115392,"35":0.1803,"36":0.07212,"37":0.706776,"38":4.97628,"39":0.158664,"40":0.007212,"41":0.007212,"42":0},"opera":{"9":0,"9.5-9.6":0,"10.0-10.1":0,"10.5":0,"10.6":0,"11":0,"11.1":0.021636,"11.5":0,"11.6":0,"12":0,"12.1":0.079332,"15":0,"16":0,"17":0,"18":0,"19":0,"20":0,"21":0,"22":0,"23":0,"24":0,"25":0,"26":0,"27":0,"28":0,"29":0.043272,"30":0.07212,"31":0,"32":0},"safari":{"3.1":0,"3.2":0,"4":0,"5":0.03606,"5.1":0.403872,"6":0.043272,"6.1":0.209148,"7":1.33422,"7.1":0.699564,"8":3.166068,"9":0},"android":{"2.1":0,"2.2":0,"2.3":0.0590237129502,"3":0,"4":0.174325849876,"4.1":0.595727707451,"4.2-4.3":1.18253322574,"4.4":2.07887007589,"4.4.3-4.4.4":0.9018274281,"40":null},"ios_saf":{"3.2":0,"4.0-4.1":0,"4.2-4.3":0,"5.0-5.1":0.108787918376,"6.0-6.1":0.349885467208,"7.0-7.1":3.54001766822,"8":0.208755194721,"8.1-8.4":24.7536617515,"9":null},"op_mob":{"10":0,"11":0,"11.1":0,"11.5":0,"12":2.11212121212e-5,"12.1":3.16818181818e-5,"0":0.000285136363636},"ie":{"5.5":0,"6":0,"7":0.0144546404673,"8":0.607094899628,"9":0.628776860329,"10":1.06964339458,"11":11.289074205},"bb":{"7":0.021607,"10":null},"ie_mob":{"10":0.0844750531401,"11":0.27238894686},"and_uc":{"0":0.030668},"op_mini":{"5.0-8.0":0.0386940606061},"and_chr":{"0":9.357252},"edge":{"0":null},"and_ff":{"0":0.142188}},"total":98.632895}