{"id":"GL","name":"Greenland","month":"2015-06","access_date":"2015-07-23","data":{"chrome":{"4":0,"5":0,"6":0,"7":0,"8":0,"9":0,"10":0,"11":0.005514,"12":0,"13":0,"14":0,"15":0,"16":0,"17":0,"18":0.011028,"19":0.011028,"20":0.02757,"21":0.005514,"22":0.011028,"23":0,"24":0.011028,"25":0.011028,"26":0,"27":0.005514,"28":0.005514,"29":0,"30":0.016542,"31":0.038598,"32":0.022056,"33":0.011028,"34":0.071682,"35":0.02757,"36":0.033084,"37":0.02757,"38":0.02757,"39":0.308784,"40":0.049626,"41":0.077196,"42":0.198504,"43":13.195002,"44":0.231588,"45":0.033084,"46":0,"47":0},"firefox":{"2":0,"3":0.005514,"3.5":0,"3.6":0.02757,"4":0,"5":0.005514,"6":0.005514,"7":0,"8":0,"9":0.005514,"10":0.060654,"11":0.02757,"12":0.005514,"13":0,"14":0.005514,"15":0.005514,"16":0,"17":0,"18":0.011028,"19":0.038598,"20":0.016542,"21":0.011028,"22":0.005514,"23":0.005514,"24":0.022056,"25":0.016542,"26":0,"27":0,"28":0,"29":0.044112,"30":0.176448,"31":0.071682,"32":0.016542,"33":0.02757,"34":0.022056,"35":0.099252,"36":0.05514,"37":0.176448,"38":5.949606,"39":0.033084,"40":0.005514,"41":0.005514,"42":0},"opera":{"9":0,"9.5-9.6":0,"10.0-10.1":0,"10.5":0,"10.6":0,"11":0,"11.1":0,"11.5":0.011028,"11.6":0,"12":0.005514,"12.1":0.044112,"15":0,"16":0,"17":0,"18":0,"19":0,"20":0.005514,"21":0,"22":0,"23":0,"24":0,"25":0,"26":0.005514,"27":0.005514,"28":0,"29":0.099252,"30":0.143364,"31":0,"32":0},"safari":{"3.1":0,"3.2":0.005514,"4":0.011028,"5":0.049626,"5.1":0.237102,"6":0.08271,"6.1":0.33084,"7":0.159906,"7.1":0.931866,"8":2.486814,"9":0},"android":{"2.1":0,"2.2":0,"2.3":0.0783420747869,"3":0,"4":0.231382406929,"4.1":0.790708382733,"4.2-4.3":1.56957435881,"4.4":2.75928075034,"4.4.3-4.4.4":1.1969940264,"40":null},"ios_saf":{"3.2":0,"4.0-4.1":0,"4.2-4.3":0,"5.0-5.1":0.0943419764467,"6.0-6.1":0.303424194518,"7.0-7.1":3.06993890924,"8":0.181034603452,"8.1-8.4":21.4666243163,"9":null},"op_mob":{"10":0,"11":0,"11.1":0,"11.5":0,"12":0.00408060930736,"12.1":0.00612091396104,"0":0.0550882256494},"ie":{"5.5":0,"6":0.0165470479097,"7":0.391613467196,"8":0.452285976198,"9":2.61443356973,"10":2.4599944559,"11":12.1400174831},"bb":{"7":0.0011215,"10":null},"ie_mob":{"10":0.194328318841,"11":0.626609681159},"and_uc":{"0":2.574964},"op_mini":{"5.0-8.0":7.47567625108},"and_chr":{"0":11.966682},"edge":{"0":null},"and_ff":{"0":0.053832}},"total":98.8286915}