{"id":"GN","name":"Guinea","month":"2015-06","access_date":"2015-07-23","data":{"chrome":{"4":0.001499,"5":0.007495,"6":0.001499,"7":0,"8":0,"9":0,"10":0.007495,"11":0.041972,"12":0.001499,"13":0.002998,"14":0.001499,"15":0.001499,"16":0.005996,"17":0,"18":0,"19":0,"20":0,"21":0,"22":0.004497,"23":0,"24":0.002998,"25":0.110926,"26":0.01499,"27":0,"28":0.005996,"29":0.008994,"30":0.019487,"31":0.125916,"32":0.004497,"33":0.055463,"34":0.007495,"35":0.013491,"36":0.137908,"37":0.011992,"38":0.008994,"39":0.430213,"40":0.137908,"41":0.091439,"42":0.158894,"43":3.816454,"44":0.020986,"45":0.032978,"46":0,"47":0},"firefox":{"2":0.007495,"3":0.064457,"3.5":0.008994,"3.6":0.020986,"4":0.011992,"5":0.002998,"6":0.005996,"7":0.002998,"8":0.008994,"9":0.007495,"10":0.010493,"11":0.025483,"12":0.019487,"13":0.008994,"14":0.007495,"15":0.013491,"16":0.011992,"17":0.01499,"18":0.011992,"19":0.047968,"20":0.028481,"21":0.013491,"22":0.025483,"23":0.040473,"24":0.032978,"25":0.016489,"26":0.020986,"27":0.034477,"28":0.008994,"29":0.077948,"30":0.094437,"31":0.082445,"32":0.073451,"33":0.082445,"34":0.05996,"35":0.163391,"36":0.101932,"37":0.260826,"38":2.63824,"39":0.061459,"40":0.010493,"41":0,"42":0},"opera":{"9":0,"9.5-9.6":0,"10.0-10.1":0,"10.5":0,"10.6":0.002998,"11":0.008994,"11.1":0.004497,"11.5":0.001499,"11.6":0.065956,"12":0.005996,"12.1":0.023984,"15":0.004497,"16":0.004497,"17":0.010493,"18":0.002998,"19":0.007495,"20":0.011992,"21":0.011992,"22":0.010493,"23":0.001499,"24":0.005996,"25":0.010493,"26":0.007495,"27":0.013491,"28":0.052465,"29":0.457195,"30":0.611592,"31":0.005996,"32":0},"safari":{"3.1":0,"3.2":0,"4":0,"5":0.010493,"5.1":0.026982,"6":0.007495,"6.1":0.008994,"7":0.016489,"7.1":0.067455,"8":0.092938,"9":0},"android":{"2.1":0,"2.2":0,"2.3":0.087466457245,"3":0,"4":0.258331164421,"4.1":0.882800987077,"4.2-4.3":1.75238030038,"4.4":3.08064998831,"4.4.3-4.4.4":1.33640610256,"40":null},"ios_saf":{"3.2":0,"4.0-4.1":0,"4.2-4.3":0,"5.0-5.1":0.00617484548223,"6.0-6.1":0.0198596381726,"7.0-7.1":0.200932809746,"8":0.0118490278173,"8.1-8.4":1.40502767878,"9":null},"op_mob":{"10":0,"11":0,"11.1":0,"11.5":0,"12":0.0370262711039,"12.1":0.0555394066558,"0":0.499854659903},"ie":{"5.5":0,"6":0.00301760901163,"7":0.0150880450581,"8":0.45415015625,"9":0.114669142442,"10":0.516011140988,"11":0.95507325218},"bb":{"7":0.008501,"10":null},"ie_mob":{"10":0.0905541304348,"11":0.291990869565},"and_uc":{"0":2.312272},"op_mini":{"5.0-8.0":67.8321286623},"and_chr":{"0":4.991759},"edge":{"0":null},"and_ff":{"0":0.127515}},"total":98.4621143459}