{"id":"GQ","name":"Equatorial Guinea","month":"2015-06","access_date":"2015-07-23","data":{"chrome":{"4":0,"5":0.037064,"6":0.009266,"7":0.004633,"8":0,"9":0.004633,"10":0.004633,"11":0.060229,"12":0.101926,"13":0,"14":0,"15":0.009266,"16":0.004633,"17":0.009266,"18":0.004633,"19":0.004633,"20":0,"21":0,"22":0,"23":0,"24":0.013899,"25":0.004633,"26":0,"27":0.009266,"28":0.04633,"29":0.009266,"30":0.004633,"31":0.27798,"32":0.032431,"33":0.041697,"34":0.083394,"35":0.078761,"36":0.189953,"37":0.083394,"38":0.180687,"39":0.352108,"40":0.430869,"41":0.931233,"42":0.97293,"43":14.552253,"44":0.013899,"45":0.037064,"46":0,"47":0},"firefox":{"2":0,"3":0.009266,"3.5":0.013899,"3.6":0.120458,"4":0.013899,"5":0.041697,"6":0.055596,"7":0.009266,"8":0.227017,"9":0,"10":0.023165,"11":0.111192,"12":0.037064,"13":0.027798,"14":0.152889,"15":0.236283,"16":0.013899,"17":0.027798,"18":0.018532,"19":0.106559,"20":0.009266,"21":0.032431,"22":0,"23":0.115825,"24":0.347475,"25":0.09266,"26":0.013899,"27":0.013899,"28":0.041697,"29":0.393805,"30":1.695678,"31":0.537428,"32":0.069495,"33":0.412337,"34":0.37064,"35":0.982196,"36":0.162155,"37":0.537428,"38":4.544973,"39":0.060229,"40":0,"41":0,"42":0},"opera":{"9":0.009266,"9.5-9.6":0.004633,"10.0-10.1":0,"10.5":0,"10.6":0,"11":0.013899,"11.1":0,"11.5":0.018532,"11.6":0.023165,"12":0.009266,"12.1":0.064862,"15":0,"16":0.004633,"17":0.009266,"18":0.037064,"19":0.171421,"20":0.004633,"21":0,"22":0.004633,"23":0,"24":0,"25":0,"26":0,"27":0,"28":0.004633,"29":0.301145,"30":0.875637,"31":0,"32":0},"safari":{"3.1":0,"3.2":0,"4":0.004633,"5":0.013899,"5.1":0.013899,"6":0.027798,"6.1":0.023165,"7":0.699583,"7.1":0.245549,"8":0.713482,"9":0},"android":{"2.1":0,"2.2":0,"2.3":0.0859080767116,"3":0,"4":0.253728505637,"4.1":0.867072216112,"4.2-4.3":1.72115832761,"4.4":3.02576237627,"4.4.3-4.4.4":1.31259549766,"40":null},"ios_saf":{"3.2":0,"4.0-4.1":0,"4.2-4.3":0,"5.0-5.1":0.0131830511675,"6.0-6.1":0.0423995429442,"7.0-7.1":0.428983610964,"8":0.0252972062944,"8.1-8.4":2.99967858863,"9":null},"op_mob":{"10":0,"11":0,"11.1":0,"11.5":0,"12":0.0161939350649,"12.1":0.0242909025974,"0":0.218618123377},"ie":{"5.5":0.00465641081354,"6":0.0372512865083,"7":0.149005146033,"8":2.16057461748,"9":0.97318986003,"10":0.982502681657,"11":4.84266724608},"bb":{"7":0.0670875,"10":null},"ie_mob":{"10":0.146101666667,"11":0.471103333333},"and_uc":{"0":6.805356},"op_mini":{"5.0-8.0":29.667289039},"and_chr":{"0":6.977599},"edge":{"0":null},"and_ff":{"0":0.246882}},"total":98.1461197486}