{"id":"GR","name":"Greece","month":"2015-06","access_date":"2015-07-23","data":{"chrome":{"4":0,"5":0.035008,"6":0,"7":0,"8":0,"9":0,"10":0,"11":0.122528,"12":0.008752,"13":0,"14":0.008752,"15":0.026256,"16":0.026256,"17":0.017504,"18":0.008752,"19":0,"20":0,"21":0.008752,"22":0.332576,"23":0.035008,"24":0.017504,"25":0.008752,"26":0.08752,"27":0.017504,"28":0.026256,"29":0.026256,"30":0.070016,"31":0.140032,"32":0.052512,"33":0.096272,"34":0.201296,"35":0.192544,"36":0.227552,"37":0.236304,"38":0.192544,"39":0.39384,"40":0.210048,"41":0.236304,"42":0.603888,"43":41.939584,"44":0.122528,"45":0.17504,"46":0,"47":0},"firefox":{"2":0.008752,"3":0.008752,"3.5":0.008752,"3.6":0.070016,"4":0.017504,"5":0.017504,"6":0.017504,"7":0.008752,"8":0.008752,"9":0.008752,"10":0.017504,"11":0.008752,"12":0.122528,"13":0.008752,"14":0.008752,"15":0.008752,"16":0.026256,"17":0.026256,"18":0.017504,"19":0.008752,"20":0.017504,"21":0.008752,"22":0.017504,"23":0.017504,"24":0.017504,"25":0.008752,"26":0.035008,"27":0.026256,"28":0.035008,"29":0.026256,"30":0.070016,"31":0.157536,"32":0.122528,"33":0.08752,"34":0.166288,"35":0.17504,"36":0.2188,"37":0.463856,"38":19.16688,"39":0.166288,"40":0.008752,"41":0.017504,"42":0},"opera":{"9":0,"9.5-9.6":0,"10.0-10.1":0,"10.5":0,"10.6":0,"11":0.017504,"11.1":0,"11.5":0,"11.6":0,"12":0.201296,"12.1":0.288816,"15":0.008752,"16":0,"17":0,"18":0,"19":0,"20":0,"21":0,"22":0.008752,"23":0,"24":0,"25":0,"26":0.008752,"27":0,"28":0.017504,"29":0.385088,"30":0.673904,"31":0,"32":0},"safari":{"3.1":0,"3.2":0,"4":0.026256,"5":0.166288,"5.1":0.192544,"6":0.017504,"6.1":0.061264,"7":0.105024,"7.1":0.17504,"8":0.621392,"9":0},"android":{"2.1":0,"2.2":0,"2.3":0.0662229793786,"3":0,"4":0.19558879956,"4.1":0.668390070938,"4.2-4.3":1.3267696915,"4.4":2.33243493649,"4.4.3-4.4.4":1.01182552213,"40":null},"ios_saf":{"3.2":0,"4.0-4.1":0,"4.2-4.3":0,"5.0-5.1":0.0194745161421,"6.0-6.1":0.0626342546193,"7.0-7.1":0.63371128203,"8":0.0373700174619,"8.1-8.4":4.43124192975,"9":null},"op_mob":{"10":0,"11":0,"11.1":0,"11.5":0,"12":0.000133038961039,"12.1":0.000199558441558,"0":0.00179602597403},"ie":{"5.5":0,"6":0.0175205914692,"7":0.131404436019,"8":1.65569589384,"9":0.718344250237,"10":0.76214572891,"11":5.95700109953},"bb":{"7":0.00468,"10":null},"ie_mob":{"10":0.12200857971,"11":0.39341542029},"and_uc":{"0":0.08112},"op_mini":{"5.0-8.0":0.243727376623},"and_chr":{"0":6.847536},"edge":{"0":null},"and_ff":{"0":0.0936}},"total":98.155816}