{"id":"GU","name":"Guam","month":"2015-06","access_date":"2015-07-23","data":{"chrome":{"4":0,"5":0,"6":0,"7":0,"8":0,"9":0,"10":0,"11":0.045731,"12":0.006533,"13":0,"14":0,"15":0,"16":0,"17":0,"18":0.006533,"19":0,"20":0.006533,"21":0.032665,"22":0.013066,"23":0.006533,"24":0.006533,"25":0,"26":0.006533,"27":0.006533,"28":0.013066,"29":0.006533,"30":0.006533,"31":0.097995,"32":0.013066,"33":0.052264,"34":0.039198,"35":0.026132,"36":0.124127,"37":0.124127,"38":0.509574,"39":0.280919,"40":0.117594,"41":0.104528,"42":0.476909,"43":24.296227,"44":0.117594,"45":0.104528,"46":0,"47":0},"firefox":{"2":0,"3":0.013066,"3.5":0,"3.6":0.039198,"4":0.006533,"5":0.006533,"6":0.006533,"7":0.006533,"8":0,"9":0,"10":0.013066,"11":0.006533,"12":0.006533,"13":0,"14":0.006533,"15":0.006533,"16":0.032665,"17":0,"18":0,"19":0.006533,"20":0,"21":0.013066,"22":0,"23":0.006533,"24":0.006533,"25":0,"26":0,"27":0,"28":0,"29":0.006533,"30":0,"31":0.026132,"32":0.006533,"33":0.045731,"34":0.039198,"35":0.104528,"36":0.078396,"37":0.150259,"38":5.61838,"39":0.084929,"40":0,"41":0,"42":0},"opera":{"9":0,"9.5-9.6":0,"10.0-10.1":0,"10.5":0,"10.6":0,"11":0,"11.1":0,"11.5":0.006533,"11.6":0,"12":0,"12.1":0.032665,"15":0,"16":0,"17":0,"18":0,"19":0,"20":0,"21":0,"22":0,"23":0,"24":0,"25":0.006533,"26":0,"27":0,"28":0,"29":0.032665,"30":0.084929,"31":0,"32":0},"safari":{"3.1":0,"3.2":0,"4":0.026132,"5":0.104528,"5.1":0.365848,"6":0.104528,"6.1":0.365848,"7":0.26132,"7.1":0.816625,"8":2.560936,"9":0},"android":{"2.1":0,"2.2":0,"2.3":0.0862059436349,"3":0,"4":0.254608252131,"4.1":0.870078593896,"4.2-4.3":1.72712605678,"4.4":3.0362535264,"4.4.3-4.4.4":1.31714662717,"40":null},"ios_saf":{"3.2":0,"4.0-4.1":0,"4.2-4.3":0,"5.0-5.1":0.11106636335,"6.0-6.1":0.357213438883,"7.0-7.1":3.61415949929,"8":0.213127345888,"8.1-8.4":25.2721003526,"9":null},"op_mob":{"10":0,"11":0,"11.1":0,"11.5":0,"12":3.75216450216e-5,"12.1":5.62824675325e-5,"0":0.000506542207792},"ie":{"5.5":0,"6":0,"7":0.052498367713,"8":0.800600107623,"9":0.800600107623,"10":0.689041076233,"11":7.90100434081},"bb":{"7":0.00433375,"10":null},"ie_mob":{"10":0.028724178744,"11":0.092620821256},"and_uc":{"0":0.079741},"op_mini":{"5.0-8.0":0.0687396536797},"and_chr":{"0":13.307232},"edge":{"0":null},"and_ff":{"0":0.124812}},"total":98.57037375}