{"id":"GW","name":"Guinea-Bissau","month":"2015-06","access_date":"2015-07-23","data":{"chrome":{"4":0,"5":0,"6":0.011811,"7":0.062992,"8":0,"9":0,"10":0.015748,"11":0.031496,"12":0.003937,"13":0.003937,"14":0.062992,"15":0,"16":0.003937,"17":0.003937,"18":0.011811,"19":0.015748,"20":0.003937,"21":0.023622,"22":0.003937,"23":0.015748,"24":0.011811,"25":0.062992,"26":0.31496,"27":0.003937,"28":0.043307,"29":0.035433,"30":0.003937,"31":0.07874,"32":0.027559,"33":0.263779,"34":0.019685,"35":0.110236,"36":0.811022,"37":0.019685,"38":0.153543,"39":0.244094,"40":0.90551,"41":0.129921,"42":0.338582,"43":9.771634,"44":0.051181,"45":0.413385,"46":0,"47":0},"firefox":{"2":0,"3":0.015748,"3.5":0.003937,"3.6":0.114173,"4":0.062992,"5":0.086614,"6":0.007874,"7":0.019685,"8":0.055118,"9":0.090551,"10":0.641731,"11":0.019685,"12":0.062992,"13":0.066929,"14":0.027559,"15":0.07874,"16":0.043307,"17":0.007874,"18":0.003937,"19":0.011811,"20":0.023622,"21":0.110236,"22":0.011811,"23":0.062992,"24":0.019685,"25":0.019685,"26":0.019685,"27":0.019685,"28":0.035433,"29":0.062992,"30":0.066929,"31":0.03937,"32":0.031496,"33":0.043307,"34":0.129921,"35":0.165354,"36":0.15748,"37":0.267716,"38":9.074785,"39":0.425196,"40":0.019685,"41":0,"42":0},"opera":{"9":0,"9.5-9.6":0,"10.0-10.1":0,"10.5":0.003937,"10.6":0,"11":0.007874,"11.1":0.003937,"11.5":0.019685,"11.6":0.035433,"12":0.027559,"12.1":0.082677,"15":0.003937,"16":0.003937,"17":0,"18":0,"19":0,"20":0.023622,"21":0.011811,"22":0.003937,"23":0,"24":0,"25":0.007874,"26":0,"27":0,"28":0.031496,"29":0.267716,"30":0.342519,"31":0,"32":0},"safari":{"3.1":0,"3.2":0,"4":0.03937,"5":0.035433,"5.1":0.125984,"6":0.023622,"6.1":0.003937,"7":0.007874,"7.1":0.566928,"8":0.153543,"9":0},"android":{"2.1":0,"2.2":0,"2.3":0.0645290489414,"3":0,"4":0.190585795711,"4.1":0.651293191641,"4.2-4.3":1.29283199216,"4.4":2.27277313074,"4.4.3-4.4.4":0.985943840803,"40":null},"ios_saf":{"3.2":0,"4.0-4.1":0,"4.2-4.3":0,"5.0-5.1":0.00700484,"6.0-6.1":0.02252908,"7.0-7.1":0.22794128,"8":0.01344172,"8.1-8.4":1.59388508,"9":null},"op_mob":{"10":0,"11":0,"11.1":0,"11.5":0,"12":0.0256922905844,"12.1":0.0385384358766,"0":0.34684592289},"ie":{"5.5":0.055118,"6":0.003937,"7":0.019685,"8":1.035431,"9":0.421259,"10":0.921258,"11":5.401564},"bb":{"7":0.0212205,"10":null},"ie_mob":{"10":0.0645841304348,"11":0.208250869565},"and_uc":{"0":3.728745},"op_mini":{"5.0-8.0":47.0682763506},"and_chr":{"0":3.877798},"edge":{"0":null},"and_ff":{"0":0.042441}},"total":98.7568905}