{"id":"GY","name":"Guyana","month":"2015-06","access_date":"2015-07-23","data":{"chrome":{"4":0.020592,"5":0.006864,"6":0.006864,"7":0,"8":0.006864,"9":0.013728,"10":0.006864,"11":0.075504,"12":0.013728,"13":0.020592,"14":0.006864,"15":0.013728,"16":0.020592,"17":0,"18":0.075504,"19":0.006864,"20":0.130416,"21":0.013728,"22":0.178464,"23":0,"24":0.006864,"25":0.144144,"26":0.041184,"27":0.03432,"28":0.013728,"29":0.03432,"30":0.03432,"31":0.199056,"32":0.10296,"33":0.350064,"34":0.123552,"35":0.212784,"36":0.54912,"37":0.192192,"38":0.1716,"39":2.855424,"40":0.741312,"41":0.30888,"42":0.713856,"43":27.991392,"44":0.212784,"45":1.640496,"46":0,"47":0},"firefox":{"2":0,"3":0.027456,"3.5":0,"3.6":0.061776,"4":0.006864,"5":0.006864,"6":0.006864,"7":0,"8":0.006864,"9":0.013728,"10":0,"11":0.027456,"12":0.048048,"13":0.020592,"14":0.027456,"15":0.027456,"16":0.013728,"17":0.006864,"18":0.006864,"19":0.013728,"20":0.006864,"21":0.013728,"22":0.041184,"23":0.006864,"24":0.006864,"25":0.006864,"26":0.006864,"27":0.013728,"28":0.013728,"29":0.020592,"30":0.109824,"31":0.048048,"32":0.048048,"33":0.075504,"34":0.061776,"35":0.226512,"36":0.109824,"37":0.645216,"38":9.184032,"39":0.713856,"40":0.006864,"41":0.006864,"42":0},"opera":{"9":0,"9.5-9.6":0,"10.0-10.1":0,"10.5":0,"10.6":0,"11":0,"11.1":0,"11.5":0.006864,"11.6":0.006864,"12":0,"12.1":0.144144,"15":0,"16":0,"17":0,"18":0,"19":0,"20":0.027456,"21":0.006864,"22":0.006864,"23":0,"24":0,"25":0,"26":0,"27":0.013728,"28":0.027456,"29":0.466752,"30":0.782496,"31":0.006864,"32":0},"safari":{"3.1":0,"3.2":0,"4":0.006864,"5":0.020592,"5.1":0.061776,"6":0.006864,"6.1":0.03432,"7":0.06864,"7.1":0.096096,"8":0.322608,"9":0},"android":{"2.1":0,"2.2":0,"2.3":0.121960248557,"3":0,"4":0.360208175969,"4.1":1.23094762497,"4.2-4.3":2.44345939841,"4.4":4.29555340555,"4.4.3-4.4.4":1.86343914655,"40":null},"ios_saf":{"3.2":0,"4.0-4.1":0,"4.2-4.3":0,"5.0-5.1":0.0214002891371,"6.0-6.1":0.0688279569543,"7.0-7.1":0.696376976244,"8":0.0410654196954,"8.1-8.4":4.86943335797,"9":null},"op_mob":{"10":0,"11":0,"11.1":0,"11.5":0,"12":0.000748363636364,"12.1":0.00112254545455,"0":0.0101029090909},"ie":{"5.5":0,"6":0.0137592,"7":0.0137592,"8":0.653562,"9":0.5572476,"10":1.0044216,"11":6.8383224},"bb":{"7":0.890624,"10":null},"ie_mob":{"10":0.147725294686,"11":0.476338705314},"and_uc":{"0":1.433152},"op_mini":{"5.0-8.0":1.37100218182},"and_chr":{"0":14.964576},"edge":{"0":null},"and_ff":{"0":0.1568}},"total":95.648416}