{"id":"HK","name":"Hong Kong","month":"2015-06","access_date":"2015-07-23","data":{"chrome":{"4":0.006988,"5":0,"6":0,"7":0.006988,"8":0,"9":0,"10":0,"11":0.06988,"12":0.013976,"13":0,"14":0.006988,"15":0.006988,"16":0.006988,"17":0.006988,"18":0.006988,"19":0.006988,"20":0.006988,"21":0.020964,"22":0.027952,"23":0.013976,"24":0.020964,"25":0.111808,"26":0.055904,"27":0.055904,"28":0.020964,"29":0.027952,"30":0.048916,"31":0.992296,"32":0.048916,"33":0.153736,"34":0.090844,"35":0.13976,"36":0.223616,"37":0.202652,"38":0.286508,"39":0.600968,"40":0.503136,"41":0.566028,"42":1.355672,"43":28.3014,"44":0.153736,"45":0.146748,"46":0,"47":0},"firefox":{"2":0.006988,"3":0.006988,"3.5":0,"3.6":0.027952,"4":0.006988,"5":0.006988,"6":0.006988,"7":0,"8":0.006988,"9":0.013976,"10":0.006988,"11":0.013976,"12":0.013976,"13":0.006988,"14":0.013976,"15":0.006988,"16":0.020964,"17":0.006988,"18":0.006988,"19":0.006988,"20":0.013976,"21":0.020964,"22":0.006988,"23":0.013976,"24":0.027952,"25":0.013976,"26":0.013976,"27":0.013976,"28":0.020964,"29":0.020964,"30":0.03494,"31":0.153736,"32":0.041928,"33":0.10482,"34":0.083856,"35":0.125784,"36":0.090844,"37":0.27952,"38":7.316436,"39":0.230604,"40":0.006988,"41":0.006988,"42":0},"opera":{"9":0,"9.5-9.6":0,"10.0-10.1":0,"10.5":0,"10.6":0,"11":0,"11.1":0,"11.5":0,"11.6":0.006988,"12":0,"12.1":0.041928,"15":0,"16":0,"17":0,"18":0,"19":0,"20":0,"21":0,"22":0,"23":0,"24":0,"25":0.006988,"26":0.006988,"27":0.006988,"28":0.006988,"29":0.111808,"30":0.1747,"31":0.006988,"32":0},"safari":{"3.1":0,"3.2":0,"4":0.027952,"5":0.097832,"5.1":0.293496,"6":0.083856,"6.1":0.216628,"7":0.328436,"7.1":0.566028,"8":2.278088,"9":0},"android":{"2.1":0,"2.2":0,"2.3":0.0801071674457,"3":0,"4":0.236595587572,"4.1":0.808523503987,"4.2-4.3":1.60493778499,"4.4":2.82144895573,"4.4.3-4.4.4":1.22396300027,"40":null},"ios_saf":{"3.2":0,"4.0-4.1":0,"4.2-4.3":0,"5.0-5.1":0.0506839898477,"6.0-6.1":0.163010670051,"7.0-7.1":1.6492844264,"8":0.0972584670051,"8.1-8.4":11.5326624467,"9":null},"op_mob":{"10":0,"11":0,"11.1":0,"11.5":0,"12":0.000135279220779,"12.1":0.000202918831169,"0":0.00182626948052},"ie":{"5.5":0,"6":0.0568528656294,"7":0.0852792984441,"8":2.37360714003,"9":1.69847936068,"10":1.08731105516,"11":9.77158628006},"bb":{"7":0.009036,"10":null},"ie_mob":{"10":0.0313713623188,"11":0.101156637681},"and_uc":{"0":0.400596},"op_mini":{"5.0-8.0":0.247831532468},"and_chr":{"0":15.205324},"edge":{"0":null},"and_ff":{"0":0.19578}},"total":98.948432}