{"id":"HN","name":"Honduras","month":"2015-06","access_date":"2015-07-23","data":{"chrome":{"4":0,"5":0.006084,"6":0.006084,"7":0.006084,"8":0.006084,"9":0.018252,"10":0.006084,"11":0.054756,"12":0.006084,"13":0.006084,"14":0,"15":0.006084,"16":0.006084,"17":0,"18":0.103428,"19":0,"20":0.012168,"21":0.018252,"22":0.054756,"23":0.006084,"24":0.006084,"25":0.03042,"26":0.018252,"27":0.024336,"28":0.012168,"29":0.048672,"30":0.03042,"31":0.054756,"32":0.042588,"33":0.066924,"34":0.09126,"35":0.188604,"36":0.431964,"37":0.358956,"38":0.322452,"39":0.69966,"40":0.346788,"41":0.237276,"42":0.57798,"43":31.88016,"44":0.127764,"45":0.09126,"46":0,"47":0},"firefox":{"2":0.006084,"3":0.012168,"3.5":0.006084,"3.6":0.024336,"4":0.012168,"5":0,"6":0.006084,"7":0,"8":0.006084,"9":0.012168,"10":0.012168,"11":0.024336,"12":0.024336,"13":0.012168,"14":0.006084,"15":0.012168,"16":0.06084,"17":0.006084,"18":0.006084,"19":0.012168,"20":0.012168,"21":0.018252,"22":0.012168,"23":0.018252,"24":0.012168,"25":0.012168,"26":0.018252,"27":0.012168,"28":0.018252,"29":0.03042,"30":0.036504,"31":0.164268,"32":0.103428,"33":0.079092,"34":0.042588,"35":0.146016,"36":0.200772,"37":0.377208,"38":7.477236,"39":0.139932,"40":0.012168,"41":0.012168,"42":0},"opera":{"9":0,"9.5-9.6":0,"10.0-10.1":0.006084,"10.5":0,"10.6":0,"11":0,"11.1":0,"11.5":0,"11.6":0.006084,"12":0.006084,"12.1":0.036504,"15":0,"16":0,"17":0,"18":0,"19":0,"20":0.006084,"21":0,"22":0,"23":0,"24":0.006084,"25":0.006084,"26":0.006084,"27":0.018252,"28":0.024336,"29":0.413712,"30":0.7605,"31":0.006084,"32":0},"safari":{"3.1":0,"3.2":0,"4":0.024336,"5":0.06084,"5.1":0.09126,"6":0.03042,"6.1":0.09126,"7":0.158184,"7.1":0.285948,"8":1.052532,"9":0},"android":{"2.1":0,"2.2":0,"2.3":0.213660130877,"3":0,"4":0.631042712125,"4.1":2.15647666978,"4.2-4.3":4.28065587792,"4.4":7.5253085631,"4.4.3-4.4.4":3.26452804619,"40":null},"ios_saf":{"3.2":0,"4.0-4.1":0,"4.2-4.3":0,"5.0-5.1":0.024766199797,"6.0-6.1":0.079653453401,"7.0-7.1":0.805905528528,"8":0.0475243293401,"8.1-8.4":5.63531448893,"9":null},"op_mob":{"10":0,"11":0,"11.1":0,"11.5":0,"12":0.00136678571429,"12.1":0.00205017857143,"0":0.0184516071429},"ie":{"5.5":0,"6":0.036925824,"7":0.036925824,"8":1.126237632,"9":0.640047616,"10":1.10777472,"11":3.951063168},"bb":{"7":0.311322,"10":null},"ie_mob":{"10":0.153877990338,"11":0.496178009662},"and_uc":{"0":0.90068},"op_mini":{"5.0-8.0":2.50395142857},"and_chr":{"0":13.5048},"edge":{"0":null},"and_ff":{"0":0.129228}},"total":97.910928784}