{"id":"HR","name":"Croatia","month":"2015-06","access_date":"2015-07-23","data":{"chrome":{"4":0,"5":0,"6":0,"7":0,"8":0,"9":0,"10":0,"11":0.058121,"12":0.008303,"13":0,"14":0,"15":0,"16":0.008303,"17":0,"18":0.041515,"19":0,"20":0,"21":0.008303,"22":0.099636,"23":0,"24":0.008303,"25":0.008303,"26":0.091333,"27":0.016606,"28":0.024909,"29":0.016606,"30":0.024909,"31":0.132848,"32":0.066424,"33":0.132848,"34":0.141151,"35":0.16606,"36":0.33212,"37":0.33212,"38":0.298908,"39":0.838603,"40":0.357029,"41":0.24909,"42":0.49818,"43":40.510337,"44":0.141151,"45":0.149454,"46":0,"47":0},"firefox":{"2":0.008303,"3":0.016606,"3.5":0.008303,"3.6":0.049818,"4":0.008303,"5":0.008303,"6":0.008303,"7":0.008303,"8":0.008303,"9":0.008303,"10":0.016606,"11":0.016606,"12":0.041515,"13":0.016606,"14":0.016606,"15":0.008303,"16":0.024909,"17":0.016606,"18":0.016606,"19":0.016606,"20":0.041515,"21":0.016606,"22":0.008303,"23":0.016606,"24":0.024909,"25":0.016606,"26":0.041515,"27":0.024909,"28":0.041515,"29":0.033212,"30":0.049818,"31":0.157757,"32":0.116242,"33":0.074727,"34":0.141151,"35":0.190969,"36":0.182666,"37":0.780482,"38":18.690053,"39":0.282302,"40":0.008303,"41":0.016606,"42":0},"opera":{"9":0,"9.5-9.6":0,"10.0-10.1":0,"10.5":0,"10.6":0,"11":0,"11.1":0,"11.5":0,"11.6":0.008303,"12":0.016606,"12.1":0.357029,"15":0,"16":0.008303,"17":0.008303,"18":0.016606,"19":0.008303,"20":0.016606,"21":0.008303,"22":0.008303,"23":0,"24":0.008303,"25":0.008303,"26":0.016606,"27":0.008303,"28":0.033212,"29":0.705755,"30":1.502843,"31":0.033212,"32":0},"safari":{"3.1":0,"3.2":0,"4":0.016606,"5":0.049818,"5.1":0.099636,"6":0.016606,"6.1":0.058121,"7":0.124545,"7.1":0.149454,"8":0.556301,"9":0},"android":{"2.1":0,"2.2":0,"2.3":0.0614398825955,"3":0,"4":0.181461978829,"4.1":0.620114163871,"4.2-4.3":1.23094090363,"4.4":2.16396981839,"4.4.3-4.4.4":0.938744252681,"40":null},"ios_saf":{"3.2":0,"4.0-4.1":0,"4.2-4.3":0,"5.0-5.1":0.0186630704569,"6.0-6.1":0.0600244698477,"7.0-7.1":0.607306400812,"8":0.0358129189848,"8.1-8.4":4.2466051399,"9":null},"op_mob":{"10":0,"11":0,"11.1":0,"11.5":0,"12":0.000298444264069,"12.1":0.000447666396104,"0":0.00402899756494},"ie":{"5.5":0,"6":0.0166238175966,"7":0.0332476351931,"8":1.08886005258,"9":0.590145524678,"10":0.656640795064,"11":5.36118117489},"bb":{"7":0.00551525,"10":null},"ie_mob":{"10":0.220937922705,"11":0.712412077295},"and_uc":{"0":0.079759},"op_mini":{"5.0-8.0":0.546749891775},"and_chr":{"0":9.558202},"edge":{"0":null},"and_ff":{"0":0.093335}},"total":99.01981925}