{"id":"HU","name":"Hungary","month":"2015-06","access_date":"2015-07-23","data":{"chrome":{"4":0.257491,"5":0,"6":0.008879,"7":0.026637,"8":0.008879,"9":0.008879,"10":0.017758,"11":0.053274,"12":0.035516,"13":0,"14":0,"15":0,"16":0.017758,"17":0,"18":0.017758,"19":0,"20":0,"21":0,"22":0.044395,"23":0.008879,"24":0.008879,"25":0.008879,"26":0.044395,"27":0.062153,"28":0.035516,"29":0.008879,"30":0.035516,"31":0.071032,"32":0.026637,"33":0.08879,"34":0.142064,"35":0.115427,"36":0.204217,"37":0.301886,"38":0.168701,"39":0.381797,"40":0.239733,"41":0.17758,"42":2.290782,"43":35.196356,"44":0.150943,"45":0.08879,"46":0,"47":0},"firefox":{"2":0.008879,"3":0.017758,"3.5":0.008879,"3.6":0.071032,"4":0.008879,"5":0.008879,"6":0.008879,"7":0.008879,"8":0.008879,"9":0.017758,"10":0.017758,"11":0.008879,"12":0.044395,"13":0.008879,"14":0.017758,"15":0.026637,"16":0.017758,"17":0.017758,"18":0.026637,"19":0.026637,"20":0.026637,"21":0.017758,"22":0.017758,"23":0.017758,"24":0.035516,"25":0.017758,"26":0.035516,"27":0.026637,"28":0.044395,"29":0.035516,"30":0.062153,"31":0.346281,"32":0.150943,"33":0.097669,"34":0.124306,"35":0.204217,"36":0.17758,"37":3.613753,"38":25.429456,"39":0.097669,"40":0.008879,"41":0.008879,"42":0},"opera":{"9":0,"9.5-9.6":0.008879,"10.0-10.1":0,"10.5":0,"10.6":0.008879,"11":0,"11.1":0,"11.5":0,"11.6":0.008879,"12":0.017758,"12.1":3.684785,"15":0,"16":0.008879,"17":0,"18":0.008879,"19":0.008879,"20":0.017758,"21":0,"22":0.008879,"23":0,"24":0,"25":0.008879,"26":0.017758,"27":0.008879,"28":0.035516,"29":0.763594,"30":1.518309,"31":0.026637,"32":0},"safari":{"3.1":0,"3.2":0,"4":0,"5":0.026637,"5.1":0.079911,"6":0.008879,"6.1":0.053274,"7":0.133185,"7.1":0.106548,"8":0.648167,"9":0},"android":{"2.1":0,"2.2":0,"2.3":0.0338601531482,"3":0,"4":0.1000055686,"4.1":0.34175131317,"4.2-4.3":0.678384231097,"4.4":1.1925860917,"4.4.3-4.4.4":0.517351642288,"40":null},"ios_saf":{"3.2":0,"4.0-4.1":0,"4.2-4.3":0,"5.0-5.1":0.0115511145178,"6.0-6.1":0.0371508818274,"7.0-7.1":0.375879510254,"8":0.0221656521827,"8.1-8.4":2.62834684122,"9":null},"op_mob":{"10":0,"11":0,"11.1":0,"11.5":0,"12":0.000481641774892,"12.1":0.000722462662338,"0":0.00650216396104},"ie":{"5.5":0,"6":0.0178075341702,"7":0.0267113012552,"8":0.792435270572,"9":0.471899655509,"10":0.445188354254,"11":4.62995888424},"bb":{"7":0.014573,"10":null},"ie_mob":{"10":0.197425971014,"11":0.636598028986},"and_uc":{"0":0.072865},"op_mini":{"5.0-8.0":0.882367731602},"and_chr":{"0":6.309696},"edge":{"0":null},"and_ff":{"0":0.086317}},"total":99.083096}