{"id":"ID","name":"Indonesia","month":"2015-06","access_date":"2015-07-23","data":{"chrome":{"4":0.03796,"5":0.03796,"6":0.060736,"7":0.030368,"8":0.015184,"9":0.01898,"10":0.041756,"11":0.072124,"12":0.041756,"13":0.01898,"14":0.026572,"15":0.022776,"16":0.015184,"17":0.011388,"18":0.01898,"19":0.003796,"20":0.007592,"21":0.015184,"22":0.015184,"23":0.022776,"24":0.015184,"25":0.026572,"26":0.034164,"27":0.030368,"28":0.034164,"29":0.034164,"30":0.03796,"31":0.144248,"32":0.041756,"33":0.201188,"34":0.072124,"35":0.106288,"36":0.186004,"37":0.182208,"38":0.17082,"39":0.334048,"40":0.846508,"41":0.296088,"42":0.390988,"43":9.968296,"44":0.07592,"45":0.17082,"46":0,"47":0},"firefox":{"2":0.003796,"3":0.026572,"3.5":0.022776,"3.6":0.136656,"4":0.05694,"5":0.034164,"6":0.030368,"7":0.030368,"8":0.041756,"9":0.049348,"10":0.064532,"11":0.072124,"12":0.155636,"13":0.083512,"14":0.07592,"15":0.087308,"16":0.13286,"17":0.083512,"18":0.07592,"19":0.087308,"20":0.102492,"21":0.0949,"22":0.068328,"23":0.083512,"24":0.0949,"25":0.125268,"26":0.11388,"27":0.129064,"28":0.117676,"29":0.288496,"30":0.318864,"31":0.30368,"32":0.311272,"33":0.364416,"34":0.451724,"35":0.652912,"36":0.60736,"37":1.222312,"38":8.74978,"39":1.036308,"40":0.015184,"41":0.011388,"42":0},"opera":{"9":0,"9.5-9.6":0.003796,"10.0-10.1":0.011388,"10.5":0,"10.6":0.011388,"11":0.003796,"11.1":0.003796,"11.5":0.003796,"11.6":0.011388,"12":0.015184,"12.1":0.072124,"15":0.007592,"16":0.003796,"17":0.003796,"18":0.007592,"19":0.007592,"20":0.011388,"21":0.003796,"22":0.003796,"23":0.003796,"24":0.007592,"25":0.011388,"26":0.011388,"27":0.015184,"28":0.034164,"29":0.280904,"30":0.394784,"31":0.003796,"32":0},"safari":{"3.1":0,"3.2":0,"4":0.007592,"5":0.022776,"5.1":0.060736,"6":0.022776,"6.1":0.026572,"7":0.098696,"7.1":0.083512,"8":0.32266,"9":0},"android":{"2.1":0,"2.2":0,"2.3":0.0883116194666,"3":0,"4":0.260827341215,"4.1":0.891331229035,"4.2-4.3":1.76931302722,"4.4":3.11041738796,"4.4.3-4.4.4":1.34931939511,"40":null},"ios_saf":{"3.2":0,"4.0-4.1":0,"4.2-4.3":0,"5.0-5.1":0.0115407094416,"6.0-6.1":0.0371174168528,"7.0-7.1":0.375540923452,"8":0.0221456856853,"8.1-8.4":2.62597926457,"9":null},"op_mob":{"10":0,"11":0,"11.1":0,"11.5":0,"12":0.00782214285714,"12.1":0.0117332142857,"0":0.105598928571},"ie":{"5.5":0,"6":0.0155513548387,"7":0.00777567741935,"8":0.435437935484,"9":0.112747322581,"10":0.12441083871,"11":0.532633903226},"bb":{"7":1.28733,"10":null},"ie_mob":{"10":0.0793033043478,"11":0.255712695652},"and_uc":{"0":21.329352},"op_mini":{"5.0-8.0":14.3301657143},"and_chr":{"0":11.676788},"edge":{"0":null},"and_ff":{"0":0.328812}},"total":93.3275470323}