{"id":"IE","name":"Ireland","month":"2015-06","access_date":"2015-07-23","data":{"chrome":{"4":0,"5":0,"6":0,"7":0,"8":0,"9":0,"10":0,"11":0.097695,"12":0.006513,"13":0,"14":0,"15":0,"16":0,"17":0,"18":0.013026,"19":0,"20":0.006513,"21":0.013026,"22":0.078156,"23":0.006513,"24":0.006513,"25":0.013026,"26":0.019539,"27":0.013026,"28":0.013026,"29":0.026052,"30":0.026052,"31":0.371241,"32":0.06513,"33":0.214929,"34":0.104208,"35":0.136773,"36":0.742482,"37":1.022541,"38":0.143286,"39":0.371241,"40":0.19539,"41":0.201903,"42":0.677352,"43":25.394187,"44":0.117234,"45":0.084669,"46":0,"47":0},"firefox":{"2":0,"3":0.019539,"3.5":0.013026,"3.6":0.019539,"4":0.006513,"5":0,"6":0,"7":0,"8":0,"9":0.006513,"10":0.214929,"11":0.006513,"12":0.013026,"13":0,"14":0.013026,"15":0.006513,"16":0.019539,"17":0.006513,"18":0.006513,"19":0.006513,"20":0.006513,"21":0.006513,"22":0.013026,"23":0.013026,"24":0.026052,"25":0.039078,"26":0.019539,"27":0.013026,"28":0.026052,"29":0.019539,"30":0.026052,"31":0.696891,"32":0.429858,"33":0.032565,"34":0.052104,"35":0.084669,"36":0.078156,"37":0.214929,"38":6.688851,"39":0.071643,"40":0.006513,"41":0,"42":0},"opera":{"9":0,"9.5-9.6":0,"10.0-10.1":0,"10.5":0,"10.6":0,"11":0,"11.1":0,"11.5":0,"11.6":0,"12":0,"12.1":0.091182,"15":0,"16":0,"17":0,"18":0,"19":0,"20":0,"21":0,"22":0,"23":0,"24":0,"25":0,"26":0.006513,"27":0,"28":0.006513,"29":0.156312,"30":0.254007,"31":0,"32":0},"safari":{"3.1":0,"3.2":0,"4":0.058617,"5":0.117234,"5.1":0.312624,"6":0.052104,"6.1":0.631761,"7":0.573144,"7.1":0.638274,"8":1.680354,"9":0},"android":{"2.1":0,"2.2":0,"2.3":0.0665153368161,"3":0,"4":0.196452273852,"4.1":0.671340841353,"4.2-4.3":1.33262703877,"4.4":2.34273203739,"4.4.3-4.4.4":1.01629247182,"40":null},"ios_saf":{"3.2":0,"4.0-4.1":0,"4.2-4.3":0,"5.0-5.1":0.0817050189848,"6.0-6.1":0.262781007005,"7.0-7.1":2.65872548264,"8":0.156785306701,"8.1-8.4":18.5912041847,"9":null},"op_mob":{"10":0,"11":0,"11.1":0,"11.5":0,"12":0.000116988095238,"12.1":0.000175482142857,"0":0.00157933928571},"ie":{"5.5":0,"6":0.0134736590296,"7":0.0336841475741,"8":1.23283980121,"9":1.19915565364,"10":0.720840758086,"11":6.79746098046},"bb":{"7":0.01133275,"10":null},"ie_mob":{"10":0.246802111111,"11":0.795810888889},"and_uc":{"0":0.090662},"op_mini":{"5.0-8.0":0.214322190476},"and_chr":{"0":15.6893},"edge":{"0":null},"and_ff":{"0":0.142967}},"total":98.25037575}