{"id":"IL","name":"Israel","month":"2015-06","access_date":"2015-07-23","data":{"chrome":{"4":0,"5":0,"6":0.007687,"7":0,"8":0,"9":0,"10":0.007687,"11":0.038435,"12":0.015374,"13":0.007687,"14":0.007687,"15":0.007687,"16":0,"17":0.007687,"18":0.015374,"19":0,"20":0.007687,"21":0.023061,"22":0.053809,"23":0.007687,"24":0.007687,"25":0.007687,"26":0.038435,"27":0.038435,"28":0.015374,"29":0.023061,"30":0.030748,"31":0.122992,"32":0.038435,"33":0.061496,"34":0.030748,"35":0.192175,"36":0.222923,"37":0.253671,"38":0.315167,"39":0.722578,"40":0.392037,"41":0.253671,"42":0.784074,"43":41.156198,"44":0.184488,"45":0.192175,"46":0,"47":0},"firefox":{"2":0,"3":0.030748,"3.5":0,"3.6":0.015374,"4":0,"5":0,"6":0.007687,"7":0.015374,"8":0,"9":0,"10":0.007687,"11":0.015374,"12":0.007687,"13":0,"14":0.007687,"15":0,"16":0.015374,"17":0,"18":0,"19":0.107618,"20":0.007687,"21":0.007687,"22":0,"23":0.007687,"24":0.015374,"25":0.023061,"26":0.046122,"27":0.015374,"28":0.015374,"29":0.023061,"30":0.015374,"31":0.130679,"32":0.07687,"33":0.038435,"34":0.146053,"35":0.046122,"36":0.069183,"37":0.215236,"38":5.111855,"39":0.069183,"40":0.007687,"41":0.007687,"42":0},"opera":{"9":0,"9.5-9.6":0,"10.0-10.1":0,"10.5":0,"10.6":0,"11":0,"11.1":0,"11.5":0,"11.6":0,"12":0.007687,"12.1":0.084557,"15":0,"16":0,"17":0,"18":0,"19":0,"20":0,"21":0,"22":0,"23":0,"24":0,"25":0,"26":0,"27":0,"28":0.007687,"29":0.115305,"30":0.207549,"31":0,"32":0},"safari":{"3.1":0,"3.2":0,"4":0.023061,"5":0.046122,"5.1":0.107618,"6":0.030748,"6.1":0.084557,"7":0.15374,"7.1":0.176801,"8":0.645708,"9":0},"android":{"2.1":0,"2.2":0,"2.3":0.0353780046742,"3":0,"4":0.104488525433,"4.1":0.357071023921,"4.2-4.3":0.708794209926,"4.4":1.2460462344,"4.4.3-4.4.4":0.54054300165,"40":null},"ios_saf":{"3.2":0,"4.0-4.1":0,"4.2-4.3":0,"5.0-5.1":0.0283116637563,"6.0-6.1":0.0910564320812,"7.0-7.1":0.921276842234,"8":0.0543277872081,"8.1-8.4":6.44205127472,"9":null},"op_mob":{"10":0,"11":0,"11.1":0,"11.5":0,"12":0.00124912012987,"12.1":0.00187368019481,"0":0.0168631217532},"ie":{"5.5":0,"6":0.0231061645123,"7":0.0847226032119,"8":2.51857193184,"9":1.91010959969,"10":1.4402842546,"11":13.6788493913},"bb":{"7":1.0512585,"10":null},"ie_mob":{"10":0.0257335217391,"11":0.0829774782609},"and_uc":{"0":0.286812},"op_mini":{"5.0-8.0":2.28838807792},"and_chr":{"0":8.929171},"edge":{"0":null},"and_ff":{"0":0.053199}},"total":96.2318594452}