{"id":"IM","name":"Isle of Man","month":"2015-06","access_date":"2015-07-23","data":{"chrome":{"4":0,"5":0,"6":0,"7":0,"8":0,"9":0,"10":0,"11":0.058268,"12":0,"13":0,"14":0,"15":0,"16":0,"17":0,"18":0,"19":0,"20":0,"21":0.008324,"22":0.008324,"23":0,"24":0,"25":0.008324,"26":0.008324,"27":0,"28":0.008324,"29":0,"30":0.008324,"31":0.04162,"32":0.008324,"33":0.058268,"34":0.016648,"35":0.033296,"36":0.099888,"37":0.08324,"38":0.033296,"39":0.116536,"40":0.133184,"41":0.316312,"42":0.591004,"43":15.52426,"44":0.024972,"45":0.024972,"46":0,"47":0},"firefox":{"2":0,"3":0,"3.5":0,"3.6":0,"4":0,"5":0.008324,"6":0,"7":0,"8":0,"9":0,"10":0.016648,"11":0.016648,"12":0,"13":0,"14":0,"15":0,"16":0.008324,"17":0,"18":0,"19":0,"20":0.008324,"21":0,"22":0.008324,"23":0,"24":0.008324,"25":0,"26":0.008324,"27":0,"28":0,"29":0,"30":0.016648,"31":0.024972,"32":0.04162,"33":0.066592,"34":0.049944,"35":0.033296,"36":0.04162,"37":0.16648,"38":5.210824,"39":0.074916,"40":0,"41":0,"42":0},"opera":{"9":0,"9.5-9.6":0,"10.0-10.1":0,"10.5":0,"10.6":0,"11":0,"11.1":0,"11.5":0,"11.6":0,"12":0,"12.1":0.066592,"15":0,"16":0,"17":0,"18":0,"19":0,"20":0,"21":0,"22":0,"23":0,"24":0,"25":0,"26":0,"27":0,"28":0,"29":0.049944,"30":0.108212,"31":0,"32":0},"safari":{"3.1":0,"3.2":0,"4":0.024972,"5":0.158156,"5.1":0.407876,"6":0.466144,"6.1":0.274692,"7":0.266368,"7.1":0.765808,"8":1.989436,"9":0},"android":{"2.1":0,"2.2":0,"2.3":0.0268481737696,"3":0,"4":0.0792957690404,"4.1":0.270979242233,"4.2-4.3":0.537900039593,"4.4":0.94561765521,"4.4.3-4.4.4":0.410215120154,"40":null},"ios_saf":{"3.2":0,"4.0-4.1":0,"4.2-4.3":0,"5.0-5.1":0.0892135435533,"6.0-6.1":0.286930045482,"7.0-7.1":2.90305693076,"8":0.171193556548,"8.1-8.4":20.2996979237,"9":null},"op_mob":{"10":0,"11":0,"11.1":0,"11.5":0,"12":2.08593073593e-5,"12.1":3.1288961039e-5,"0":0.000281600649351},"ie":{"5.5":0,"6":0,"7":0.0333323334788,"8":1.25829558883,"9":1.27496175557,"10":1.06663467132,"11":34.5489636508},"bb":{"7":0.010056,"10":null},"ie_mob":{"10":0.199954086957,"11":0.644749913043},"and_uc":{"0":0.013408},"op_mini":{"5.0-8.0":0.0382142510823},"and_chr":{"0":5.473856},"edge":{"0":null},"and_ff":{"0":0.055308}},"total":98.2414}