{"id":"IN","name":"India","month":"2015-06","access_date":"2015-07-23","data":{"chrome":{"4":0.020052,"5":0.023394,"6":0.030078,"7":0.023394,"8":0.026736,"9":0.01671,"10":0.03342,"11":0.040104,"12":0.043446,"13":0.01671,"14":0.023394,"15":0.01671,"16":0.020052,"17":0.010026,"18":0.026736,"19":0.010026,"20":0.010026,"21":0.010026,"22":0.020052,"23":0.01671,"24":0.01671,"25":0.023394,"26":0.023394,"27":0.030078,"28":0.046788,"29":0.026736,"30":0.053472,"31":0.173784,"32":0.026736,"33":0.207204,"34":0.046788,"35":0.090234,"36":0.103602,"37":0.13368,"38":0.1671,"39":0.324174,"40":0.28407,"41":0.257334,"42":0.36762,"43":17.371716,"44":0.173784,"45":0.394356,"46":0,"47":0},"firefox":{"2":0.006684,"3":0.030078,"3.5":0.020052,"3.6":0.090234,"4":0.03342,"5":0.020052,"6":0.01671,"7":0.013368,"8":0.023394,"9":0.020052,"10":0.036762,"11":0.060156,"12":0.090234,"13":0.040104,"14":0.05013,"15":0.043446,"16":0.05013,"17":0.040104,"18":0.03342,"19":0.036762,"20":0.036762,"21":0.036762,"22":0.023394,"23":0.030078,"24":0.03342,"25":0.026736,"26":0.03342,"27":0.03342,"28":0.043446,"29":0.080208,"30":0.070182,"31":0.187152,"32":0.073524,"33":0.093576,"34":0.080208,"35":0.130338,"36":0.120312,"37":0.28407,"38":4.264392,"39":0.772002,"40":0.010026,"41":0.003342,"42":0},"opera":{"9":0,"9.5-9.6":0.003342,"10.0-10.1":0.003342,"10.5":0,"10.6":0.003342,"11":0.003342,"11.1":0.003342,"11.5":0.006684,"11.6":0.010026,"12":0.010026,"12.1":0.046788,"15":0.003342,"16":0.003342,"17":0.003342,"18":0.003342,"19":0.003342,"20":0.006684,"21":0.003342,"22":0.003342,"23":0.003342,"24":0.003342,"25":0.006684,"26":0.013368,"27":0.006684,"28":0.026736,"29":0.20052,"30":0.304122,"31":0.003342,"32":0},"safari":{"3.1":0,"3.2":0,"4":0.003342,"5":0.006684,"5.1":0.026736,"6":0.006684,"6.1":0.006684,"7":0.05013,"7.1":0.026736,"8":0.126996,"9":0},"android":{"2.1":0,"2.2":0,"2.3":0.0699139802035,"3":0,"4":0.206490127578,"4.1":0.7056434281,"4.2-4.3":1.40071846384,"4.4":2.46243541903,"4.4.3-4.4.4":1.06822058125,"40":null},"ios_saf":{"3.2":0,"4.0-4.1":0,"4.2-4.3":0,"5.0-5.1":0.00486942538071,"6.0-6.1":0.0156611248731,"7.0-7.1":0.15845373401,"8":0.00934403248731,"8.1-8.4":1.10799168325,"9":null},"op_mob":{"10":0,"11":0,"11.1":0,"11.5":0,"12":0.00837654220779,"12.1":0.0125648133117,"0":0.113083319805},"ie":{"5.5":0,"6":0.0469112885375,"7":0.0268064505929,"8":0.770685454545,"9":0.335080632411,"10":0.325028213439,"11":1.03204834783},"bb":{"7":0.0382835,"10":null},"ie_mob":{"10":0.203310231884,"11":0.655571768116},"and_uc":{"0":31.618842},"op_mini":{"5.0-8.0":15.3458253247},"and_chr":{"0":8.87168},"edge":{"0":null},"and_ff":{"0":0.086554}},"total":95.6454558874}