{"id":"IQ","name":"Iraq","month":"2015-06","access_date":"2015-07-23","data":{"chrome":{"4":0.023466,"5":0.058665,"6":0.074309,"7":0,"8":0.019555,"9":0,"10":0.035199,"11":0.054754,"12":0.027377,"13":0.093864,"14":0.058665,"15":0.050843,"16":0.015644,"17":0.007822,"18":0.007822,"19":0.003911,"20":0.007822,"21":0.007822,"22":0.019555,"23":0.019555,"24":0.007822,"25":0.027377,"26":0.03911,"27":0.035199,"28":0.023466,"29":0.023466,"30":0.054754,"31":0.050843,"32":0.015644,"33":0.344168,"34":0.046932,"35":0.07822,"36":0.187728,"37":0.070398,"38":0.187728,"39":0.770467,"40":1.779505,"41":0.152529,"42":0.371545,"43":17.396128,"44":0.089953,"45":0.226838,"46":0,"47":0},"firefox":{"2":0,"3":0.003911,"3.5":0.007822,"3.6":0.043021,"4":0.007822,"5":0.011733,"6":0.058665,"7":0.007822,"8":0.007822,"9":0.015644,"10":0.023466,"11":0.035199,"12":0.082131,"13":0.03911,"14":0.011733,"15":0.050843,"16":0.019555,"17":0.011733,"18":0.011733,"19":0.015644,"20":0.027377,"21":0.015644,"22":0.011733,"23":0.019555,"24":0.023466,"25":0.027377,"26":0.031288,"27":0.027377,"28":0.011733,"29":0.066487,"30":0.058665,"31":0.086042,"32":0.058665,"33":0.07822,"34":0.07822,"35":0.144707,"36":0.125152,"37":0.281592,"38":4.697111,"39":0.355901,"40":0.007822,"41":0.003911,"42":0},"opera":{"9":0,"9.5-9.6":0,"10.0-10.1":0,"10.5":0,"10.6":0,"11":0,"11.1":0,"11.5":0.003911,"11.6":0.007822,"12":0.003911,"12.1":0.046932,"15":0.003911,"16":0,"17":0.003911,"18":0.003911,"19":0.003911,"20":0.003911,"21":0.003911,"22":0.003911,"23":0,"24":0.003911,"25":0,"26":0.003911,"27":0,"28":0.011733,"29":0.183817,"30":0.254215,"31":0.011733,"32":0.003911},"safari":{"3.1":0,"3.2":0,"4":0.003911,"5":0.007822,"5.1":0.019555,"6":0.003911,"6.1":0.003911,"7":0.027377,"7.1":0.015644,"8":0.089953,"9":0},"android":{"2.1":0,"2.2":0,"2.3":0.198788775364,"3":0,"4":0.587120336541,"4.1":2.00637973275,"4.2-4.3":3.98270999945,"4.4":7.00152558812,"4.4.3-4.4.4":3.03730756778,"40":null},"ios_saf":{"3.2":0,"4.0-4.1":0,"4.2-4.3":0,"5.0-5.1":0.0591600099492,"6.0-6.1":0.19027138335,"7.0-7.1":1.92509870213,"8":0.113523262335,"8.1-8.4":13.4613006422,"9":null},"op_mob":{"10":0,"11":0,"11.1":0,"11.5":0,"12":0.000965409632035,"12.1":0.00144811444805,"0":0.0130330300325},"ie":{"5.5":0,"6":0.00793771005917,"7":0.00793771005917,"8":0.734238180473,"9":0.254006721893,"10":0.246069011834,"11":1.43275666568},"bb":{"7":0.0091335,"10":null},"ie_mob":{"10":0.0518888695652,"11":0.167315130435},"and_uc":{"0":0.456675},"op_mini":{"5.0-8.0":1.76863044589},"and_chr":{"0":30.753966},"edge":{"0":null},"and_ff":{"0":0.316628}},"total":98.7910075}