{"id":"IR","name":"Iran","month":"2015-06","access_date":"2015-07-23","data":{"chrome":{"4":0.03672,"5":0.03672,"6":0.04284,"7":0.01836,"8":0.01836,"9":0.01836,"10":0.0306,"11":0.22032,"12":0.04896,"13":0.0306,"14":0.08568,"15":0.04284,"16":0.01224,"17":0.01224,"18":0.02448,"19":0.00612,"20":0.01836,"21":0.01224,"22":0.0612,"23":0.02448,"24":0.02448,"25":0.01836,"26":0.04284,"27":0.0306,"28":0.0306,"29":0.03672,"30":0.03672,"31":0.05508,"32":0.0306,"33":0.11628,"34":0.04896,"35":0.0612,"36":0.1836,"37":0.14076,"38":0.20808,"39":0.22032,"40":0.23868,"41":0.17748,"42":0.35496,"43":11.85444,"44":0.04896,"45":0.08568,"46":0,"47":0},"firefox":{"2":0.01224,"3":0.07956,"3.5":0.04896,"3.6":0.17136,"4":0.17748,"5":0.04284,"6":0.03672,"7":0.05508,"8":0.07344,"9":0.05508,"10":0.05508,"11":0.08568,"12":0.2142,"13":0.10404,"14":0.11628,"15":0.10404,"16":0.1224,"17":0.07344,"18":0.07956,"19":0.05508,"20":0.07956,"21":0.10404,"22":0.07344,"23":0.07956,"24":0.14076,"25":0.09792,"26":0.16524,"27":0.11016,"28":0.08568,"29":0.22644,"30":0.3366,"31":0.306,"32":0.40392,"33":0.44064,"34":0.3366,"35":0.612,"36":0.44064,"37":0.99144,"38":11.77488,"39":1.08936,"40":0.01836,"41":0.01224,"42":0},"opera":{"9":0,"9.5-9.6":0.00612,"10.0-10.1":0.00612,"10.5":0,"10.6":0.00612,"11":0.01224,"11.1":0.00612,"11.5":0.01836,"11.6":0.0306,"12":0.0306,"12.1":0.14076,"15":0.00612,"16":0.01224,"17":0.01224,"18":0.01224,"19":0.00612,"20":0.01224,"21":0.00612,"22":0.00612,"23":0.00612,"24":0.00612,"25":0.01224,"26":0.02448,"27":0.01224,"28":0.02448,"29":0.22644,"30":0.40392,"31":0.00612,"32":0},"safari":{"3.1":0,"3.2":0,"4":0.01224,"5":0.01836,"5.1":0.04284,"6":0.01224,"6.1":0.00612,"7":0.06732,"7.1":0.02448,"8":0.17748,"9":0},"android":{"2.1":0,"2.2":0,"2.3":0.132805565026,"3":0,"4":0.392239692054,"4.1":1.34040965631,"4.2-4.3":2.66074405279,"4.4":4.67753554028,"4.4.3-4.4.4":2.02914549354,"40":null},"ios_saf":{"3.2":0,"4.0-4.1":0,"4.2-4.3":0,"5.0-5.1":0.0137078050761,"6.0-6.1":0.0440872649746,"7.0-7.1":0.446059386802,"8":0.0263041664975,"8.1-8.4":3.11908137665,"9":null},"op_mob":{"10":0,"11":0,"11.1":0,"11.5":0,"12":0.00543367965368,"12.1":0.00815051948052,"0":0.0733546753247},"ie":{"5.5":0,"6":0.908876146789,"7":1.17908256881,"8":6.87798165138,"9":2.78803899083,"10":2.33974197248,"11":7.32013761468},"bb":{"7":0.01552,"10":null},"ie_mob":{"10":0.0422488888889,"11":0.136231111111},"and_uc":{"0":1.8236},"op_mini":{"5.0-8.0":9.95450112554},"and_chr":{"0":13.03244},"edge":{"0":null},"and_ff":{"0":1.01656}},"total":98.352898945}