{"id":"IS","name":"Iceland","month":"2015-06","access_date":"2015-07-23","data":{"chrome":{"4":0,"5":0,"6":0,"7":0,"8":0,"9":0,"10":0.00859,"11":0.00859,"12":0.01718,"13":0,"14":0.00859,"15":0,"16":0,"17":0.01718,"18":0.00859,"19":0,"20":0,"21":0.04295,"22":0.00859,"23":0.00859,"24":0.00859,"25":0.01718,"26":0.01718,"27":0.00859,"28":0.00859,"29":0.07731,"30":0.02577,"31":0.10308,"32":0.05154,"33":0.14603,"34":0.06013,"35":0.11167,"36":1.18542,"37":1.72659,"38":0.12026,"39":0.40373,"40":0.20616,"41":0.20616,"42":1.09952,"43":38.81821,"44":0.18039,"45":1.27991,"46":0,"47":0},"firefox":{"2":0,"3":0.03436,"3.5":0,"3.6":0.01718,"4":0.00859,"5":0,"6":0,"7":0,"8":0.00859,"9":0.00859,"10":0.00859,"11":0.00859,"12":0.01718,"13":0,"14":0.00859,"15":0,"16":0.04295,"17":0,"18":0,"19":0.00859,"20":0.00859,"21":0.00859,"22":0,"23":0.00859,"24":0.00859,"25":0,"26":0.00859,"27":0.00859,"28":0.02577,"29":0.00859,"30":0.03436,"31":1.26273,"32":0.73015,"33":0.12885,"34":0.05154,"35":0.11167,"36":0.0859,"37":0.24911,"38":10.76327,"39":0.0859,"40":0.09449,"41":0,"42":0},"opera":{"9":0,"9.5-9.6":0,"10.0-10.1":0,"10.5":0,"10.6":0,"11":0,"11.1":0,"11.5":0,"11.6":0,"12":0.00859,"12.1":0.18898,"15":0,"16":0,"17":0,"18":0,"19":0,"20":0,"21":0,"22":0,"23":0,"24":0,"25":0,"26":0,"27":0,"28":0.00859,"29":0.27488,"30":0.49822,"31":0,"32":0},"safari":{"3.1":0,"3.2":0,"4":0.12885,"5":0.19757,"5.1":0.54117,"6":0.12885,"6.1":0.41232,"7":1.29709,"7.1":0.9449,"8":3.61639,"9":0},"android":{"2.1":0,"2.2":0,"2.3":0.0202512620291,"3":0,"4":0.0598118669233,"4.1":0.20439645862,"4.2-4.3":0.405731679956,"4.4":0.71326828705,"4.4.3-4.4.4":0.309420445422,"40":null},"ios_saf":{"3.2":0,"4.0-4.1":0,"4.2-4.3":0,"5.0-5.1":0.0452823279188,"6.0-6.1":0.14563775736,"7.0-7.1":1.47351142741,"8":0.086893115736,"8.1-8.4":10.3035653716,"9":null},"op_mob":{"10":0,"11":0,"11.1":0,"11.5":0,"12":3.20454545455e-5,"12.1":4.80681818182e-5,"0":0.000432613636364},"ie":{"5.5":0,"6":0,"7":0.0178965118483,"8":0.697963962085,"9":0.617429658768,"10":0.769550009479,"11":7.33756985782},"bb":{"7":0.0102225,"10":null},"ie_mob":{"10":0.098127826087,"11":0.316412173913},"and_uc":{"0":0.04653},"op_mini":{"5.0-8.0":0.0587072727273},"and_chr":{"0":7.04886},"edge":{"0":null},"and_ff":{"0":0.10434}},"total":98.9848225}