{"id":"IT","name":"Italy","month":"2015-06","access_date":"2015-07-23","data":{"chrome":{"4":0.015296,"5":0.007648,"6":0,"7":0.007648,"8":0,"9":0.007648,"10":0.007648,"11":0.068832,"12":0.007648,"13":0.007648,"14":0,"15":0.007648,"16":0.007648,"17":0,"18":0.007648,"19":0.007648,"20":0.007648,"21":0.015296,"22":0.068832,"23":0.007648,"24":0.022944,"25":0.03824,"26":0.030592,"27":0.045888,"28":0.030592,"29":0.022944,"30":0.022944,"31":0.175904,"32":0.07648,"33":0.107072,"34":0.130016,"35":0.252384,"36":0.53536,"37":0.313568,"38":0.275328,"39":0.466528,"40":0.26768,"41":0.298272,"42":0.474176,"43":29.949568,"44":0.099424,"45":0.11472,"46":0,"47":0},"firefox":{"2":0.007648,"3":0.022944,"3.5":0.015296,"3.6":0.068832,"4":0.022944,"5":0.015296,"6":0.007648,"7":0.007648,"8":0.007648,"9":0.007648,"10":0.022944,"11":0.030592,"12":0.03824,"13":0.007648,"14":0.015296,"15":0.007648,"16":0.061184,"17":0.015296,"18":0.015296,"19":0.015296,"20":0.03824,"21":0.099424,"22":0.022944,"23":0.022944,"24":0.03824,"25":0.022944,"26":0.030592,"27":0.022944,"28":0.030592,"29":0.030592,"30":0.061184,"31":0.22944,"32":0.11472,"33":0.068832,"34":0.130016,"35":0.145312,"36":0.145312,"37":0.435936,"38":11.732032,"39":0.084128,"40":0.007648,"41":0.007648,"42":0},"opera":{"9":0,"9.5-9.6":0.007648,"10.0-10.1":0.007648,"10.5":0,"10.6":0,"11":0.007648,"11.1":0.007648,"11.5":0.015296,"11.6":0.022944,"12":0.022944,"12.1":0.137664,"15":0,"16":0,"17":0,"18":0,"19":0,"20":0,"21":0,"22":0.007648,"23":0,"24":0.007648,"25":0.007648,"26":0.007648,"27":0,"28":0.084128,"29":0.206496,"30":0.374752,"31":0.007648,"32":0},"safari":{"3.1":0,"3.2":0,"4":0.068832,"5":0.183552,"5.1":0.558304,"6":0.053536,"6.1":0.282976,"7":0.298272,"7.1":0.680672,"8":2.401472,"9":0},"android":{"2.1":0,"2.2":0,"2.3":0.0752831278526,"3":0,"4":0.222347842728,"4.1":0.759834360187,"4.2-4.3":1.50828871268,"4.4":2.65154179379,"4.4.3-4.4.4":1.15025616277,"40":null},"ios_saf":{"3.2":0,"4.0-4.1":0,"4.2-4.3":0,"5.0-5.1":0.0396569681218,"6.0-6.1":0.127545383959,"7.0-7.1":1.29045917888,"8":0.0760985063959,"8.1-8.4":9.02356796264,"9":null},"op_mob":{"10":0,"11":0,"11.1":0,"11.5":0,"12":0.000132363636364,"12.1":0.000198545454545,"0":0.00178690909091},"ie":{"5.5":0.00768322620266,"6":0.0537825834186,"7":0.0921987144319,"8":2.22045237257,"9":1.60579427636,"10":1.24468264483,"11":9.78843018219},"bb":{"7":0.02352,"10":null},"ie_mob":{"10":0.385273507246,"11":1.24231049275},"and_uc":{"0":0.169344},"op_mini":{"5.0-8.0":0.242490181818},"and_chr":{"0":10.994576},"edge":{"0":null},"and_ff":{"0":0.122304}},"total":98.525824}