{"id":"JE","name":"Jersey","month":"2015-06","access_date":"2015-07-23","data":{"chrome":{"4":0,"5":0,"6":0,"7":0,"8":0.007255,"9":0,"10":0,"11":0.02902,"12":0,"13":0,"14":0,"15":0,"16":0,"17":0,"18":0,"19":0,"20":0,"21":0.007255,"22":0.10157,"23":0.007255,"24":0.007255,"25":0.007255,"26":0.007255,"27":0.036275,"28":0.007255,"29":0.007255,"30":0.01451,"31":0.04353,"32":0.021765,"33":0.079805,"34":0.021765,"35":1.07374,"36":0.094315,"37":0.065295,"38":0.04353,"39":0.166865,"40":0.08706,"41":0.10157,"42":0.471575,"43":20.43008,"44":0.094315,"45":0.08706,"46":0,"47":0},"firefox":{"2":0,"3":0,"3.5":0,"3.6":0.01451,"4":0,"5":0,"6":0.007255,"7":0,"8":0,"9":0,"10":0,"11":0,"12":0.007255,"13":0,"14":0,"15":0,"16":0.01451,"17":0,"18":0,"19":0.007255,"20":0.007255,"21":0,"22":0,"23":0.01451,"24":0,"25":0,"26":0.007255,"27":0,"28":0.021765,"29":0.007255,"30":0.02902,"31":0.02902,"32":0.007255,"33":0.17412,"34":0.01451,"35":0.050785,"36":0.050785,"37":0.18863,"38":5.60086,"39":0.036275,"40":0,"41":0.007255,"42":0},"opera":{"9":0,"9.5-9.6":0,"10.0-10.1":0,"10.5":0,"10.6":0,"11":0,"11.1":0,"11.5":0,"11.6":0,"12":0,"12.1":0.036275,"15":0,"16":0,"17":0,"18":0,"19":0,"20":0,"21":0,"22":0,"23":0,"24":0,"25":0,"26":0,"27":0,"28":0.007255,"29":0.05804,"30":0.15961,"31":0,"32":0},"safari":{"3.1":0,"3.2":0,"4":0.036275,"5":0.195885,"5.1":1.00119,"6":0.10157,"6.1":0.602165,"7":0.471575,"7.1":1.487275,"8":4.33849,"9":0},"android":{"2.1":0,"2.2":0,"2.3":0.0307828924938,"3":0,"4":0.0909169150399,"4.1":0.310692449821,"4.2-4.3":0.616731671707,"4.4":1.08420210888,"4.4.3-4.4.4":0.470333962057,"40":null},"ios_saf":{"3.2":0,"4.0-4.1":0,"4.2-4.3":0,"5.0-5.1":0.117661464975,"6.0-6.1":0.378424711675,"7.0-7.1":3.82876767107,"8":0.225782811168,"8.1-8.4":26.7727533411,"9":null},"op_mob":{"10":0,"11":0,"11.1":0,"11.5":0,"12":0.000114375,"12.1":0.0001715625,"0":0.0015440625},"ie":{"5.5":0,"6":0,"7":0.02902,"8":1.36394,"9":1.23335,"10":1.52355,"11":11.615255},"bb":{"7":0.0370575,"10":null},"ie_mob":{"10":0.195584565217,"11":0.630660434783},"and_uc":{"0":0.18117},"op_mini":{"5.0-8.0":0.209535},"and_chr":{"0":9.036765},"edge":{"0":null},"and_ff":{"0":0.07686}},"total":97.9762575}