{"id":"JM","name":"Jamaica","month":"2015-06","access_date":"2015-07-23","data":{"chrome":{"4":0,"5":0,"6":0.020394,"7":0,"8":0,"9":0,"10":0.013596,"11":0.054384,"12":0.020394,"13":0,"14":0.006798,"15":0.006798,"16":0.006798,"17":0,"18":0.040788,"19":0,"20":0.013596,"21":0.027192,"22":0.129162,"23":0.006798,"24":0.013596,"25":0.013596,"26":0.047586,"27":0.027192,"28":0.027192,"29":0.020394,"30":0.03399,"31":0.156354,"32":0.081576,"33":0.16995,"34":0.115566,"35":0.156354,"36":0.482658,"37":0.367092,"38":0.190344,"39":1.522752,"40":0.333102,"41":0.23793,"42":0.754578,"43":31.665084,"44":0.285516,"45":0.774972,"46":0,"47":0},"firefox":{"2":0,"3":0.006798,"3.5":0.013596,"3.6":0.040788,"4":0.006798,"5":0.006798,"6":0.013596,"7":0.020394,"8":0,"9":0.006798,"10":0.020394,"11":0.088374,"12":0.027192,"13":0.006798,"14":0.013596,"15":0.013596,"16":0.03399,"17":0.020394,"18":0.006798,"19":0.013596,"20":0.020394,"21":0.020394,"22":0.013596,"23":0.006798,"24":0.047586,"25":0.013596,"26":0.020394,"27":0.006798,"28":0.013596,"29":0.040788,"30":0.061182,"31":0.183546,"32":0.13596,"33":0.06798,"34":0.047586,"35":0.108768,"36":0.115566,"37":0.401082,"38":7.736124,"39":0.550638,"40":0.020394,"41":0.006798,"42":0},"opera":{"9":0,"9.5-9.6":0,"10.0-10.1":0,"10.5":0,"10.6":0,"11":0,"11.1":0,"11.5":0.006798,"11.6":0.006798,"12":0.006798,"12.1":0.122364,"15":0,"16":0,"17":0,"18":0,"19":0,"20":0.006798,"21":0.013596,"22":0,"23":0,"24":0,"25":0,"26":0.006798,"27":0.020394,"28":0.03399,"29":0.414678,"30":0.61182,"31":0.006798,"32":0},"safari":{"3.1":0,"3.2":0,"4":0.013596,"5":0.074778,"5.1":0.183546,"6":0.03399,"6.1":0.088374,"7":0.183546,"7.1":0.23793,"8":0.924528,"9":0},"android":{"2.1":0,"2.2":0,"2.3":0.148867513335,"3":0,"4":0.439678469618,"4.1":1.50252327413,"4.2-4.3":2.98254331949,"4.4":5.24325230107,"4.4.3-4.4.4":2.27455712235,"40":null},"ios_saf":{"3.2":0,"4.0-4.1":0,"4.2-4.3":0,"5.0-5.1":0.0220422259898,"6.0-6.1":0.0708925646701,"7.0-7.1":0.717265948426,"8":0.042297244467,"8.1-8.4":5.01550001645,"9":null},"op_mob":{"10":0,"11":0,"11.1":0,"11.5":0,"12":0.000824757575758,"12.1":0.00123713636364,"0":0.0111342272727},"ie":{"5.5":0,"6":0.0136537570093,"7":0.0273075140187,"8":0.662207214953,"9":0.593938429907,"10":0.744129757009,"11":5.9871724486},"bb":{"7":0.248155,"10":null},"ie_mob":{"10":0.184942570048,"11":0.596345429952},"and_uc":{"0":1.386466},"op_mini":{"5.0-8.0":1.51095587879},"and_chr":{"0":16.000596},"edge":{"0":null},"and_ff":{"0":0.17611}},"total":97.4264441215}