{"id":"JP","name":"Japan","month":"2015-06","access_date":"2015-07-23","data":{"chrome":{"4":0,"5":0,"6":0,"7":0,"8":0,"9":0,"10":0,"11":0.027912,"12":0.006978,"13":0,"14":0,"15":0,"16":0,"17":0.020934,"18":0,"19":0,"20":0,"21":0.013956,"22":0.006978,"23":0.006978,"24":0.006978,"25":0.006978,"26":0.006978,"27":0.03489,"28":0.006978,"29":0.006978,"30":0.020934,"31":0.355878,"32":0.097692,"33":0.048846,"34":0.03489,"35":0.06978,"36":0.10467,"37":0.125604,"38":0.083736,"39":0.153516,"40":0.097692,"41":0.13956,"42":0.38379,"43":17.047254,"44":0.083736,"45":0.083736,"46":0,"47":0},"firefox":{"2":0,"3":0.006978,"3.5":0.006978,"3.6":0.03489,"4":0.006978,"5":0,"6":0,"7":0,"8":0,"9":0,"10":0.013956,"11":0.006978,"12":0.027912,"13":0.006978,"14":0.006978,"15":0.006978,"16":0.041868,"17":0.006978,"18":0.006978,"19":0.006978,"20":0.006978,"21":0.013956,"22":0.027912,"23":0.006978,"24":0.013956,"25":0.013956,"26":0.020934,"27":0.013956,"28":0.027912,"29":0.020934,"30":0.027912,"31":0.13956,"32":0.062802,"33":0.048846,"34":0.055824,"35":0.153516,"36":0.083736,"37":0.202362,"38":7.145472,"39":0.062802,"40":0.03489,"41":0.006978,"42":0},"opera":{"9":0,"9.5-9.6":0,"10.0-10.1":0,"10.5":0,"10.6":0,"11":0,"11.1":0,"11.5":0,"11.6":0.006978,"12":0.006978,"12.1":0.258186,"15":0,"16":0,"17":0,"18":0.006978,"19":0,"20":0,"21":0,"22":0,"23":0,"24":0,"25":0,"26":0,"27":0,"28":0.013956,"29":0.13956,"30":0.27912,"31":0.006978,"32":0},"safari":{"3.1":0,"3.2":0,"4":0.076758,"5":0.188406,"5.1":0.551262,"6":0.097692,"6.1":0.320988,"7":0.237252,"7.1":0.66291,"8":1.353732,"9":0},"android":{"2.1":0,"2.2":0,"2.3":0.0720644531207,"3":0,"4":0.212841524333,"4.1":0.727348201265,"4.2-4.3":1.44380293869,"4.4":2.53817707561,"4.4.3-4.4.4":1.10107780698,"40":null},"ios_saf":{"3.2":0,"4.0-4.1":0,"4.2-4.3":0,"5.0-5.1":0.0853289717766,"6.0-6.1":0.274436422741,"7.0-7.1":2.77665086538,"8":0.163739378274,"8.1-8.4":19.4158003618,"9":null},"op_mob":{"10":0,"11":0,"11.1":0,"11.5":0,"12":2.77997835498e-5,"12.1":4.16996753247e-5,"0":0.000375297077922},"ie":{"5.5":0,"6":0.048966041555,"7":0.167883571046,"8":2.73510317828,"9":2.55322930965,"10":1.67184056166,"11":24.126268189},"bb":{"7":0.001511,"10":null},"ie_mob":{"10":0.00429211594203,"11":0.013839884058},"and_uc":{"0":0.078572},"op_mini":{"5.0-8.0":0.0509292034632},"and_chr":{"0":6.191568},"edge":{"0":null},"and_ff":{"0":0.066484}},"total":98.1953418512}