{"id":"KG","name":"Kyrgyzstan","month":"2015-06","access_date":"2015-07-23","data":{"chrome":{"4":0.01782,"5":0.00594,"6":0.01188,"7":0.00594,"8":0.07722,"9":0.01188,"10":0.06534,"11":0.08316,"12":0.11286,"13":0.10098,"14":0.00594,"15":0.0297,"16":0.0297,"17":0.10098,"18":0.01188,"19":0.00594,"20":0.01188,"21":0.02376,"22":0.02376,"23":0.00594,"24":0.04752,"25":0.00594,"26":0.01188,"27":0.03564,"28":0.16038,"29":0.0297,"30":0.04158,"31":0.16038,"32":0.02376,"33":0.10692,"34":0.0594,"35":0.08316,"36":0.27324,"37":0.40392,"38":0.0891,"39":0.79002,"40":0.1485,"41":0.3861,"42":0.6237,"43":28.07838,"44":0.16038,"45":1.28898,"46":0,"47":0},"firefox":{"2":0,"3":0.00594,"3.5":0.00594,"3.6":0.0594,"4":0.02376,"5":0.00594,"6":0.00594,"7":0.00594,"8":0,"9":0.02376,"10":0.01188,"11":0.00594,"12":0.01188,"13":0.00594,"14":0.00594,"15":0.00594,"16":0.01188,"17":0.00594,"18":0,"19":0.00594,"20":0.01188,"21":0.00594,"22":0.01188,"23":0.02376,"24":0.01188,"25":0.00594,"26":0.0297,"27":0.00594,"28":0.00594,"29":0.01188,"30":0.00594,"31":0.30294,"32":0.15444,"33":0.07722,"34":0.04158,"35":0.07722,"36":0.05346,"37":0.15444,"38":4.11048,"39":0.03564,"40":0.01188,"41":0,"42":0},"opera":{"9":0,"9.5-9.6":0.00594,"10.0-10.1":0.01188,"10.5":0,"10.6":0.01188,"11":0.01188,"11.1":0.01782,"11.5":0.01782,"11.6":0.13068,"12":0.05346,"12.1":1.2474,"15":0.00594,"16":0.01782,"17":0.00594,"18":0.01188,"19":0.03564,"20":0.0297,"21":0.0297,"22":0.02376,"23":0.01188,"24":0.05346,"25":0.0594,"26":0.13662,"27":0.03564,"28":0.14256,"29":1.34244,"30":2.89872,"31":0.02376,"32":0},"safari":{"3.1":0,"3.2":0,"4":0.01782,"5":0.01188,"5.1":0.0297,"6":0.02376,"6.1":0.03564,"7":0.33264,"7.1":0.09504,"8":0.64152,"9":0},"android":{"2.1":0,"2.2":0,"2.3":0.060183211438,"3":0,"4":0.177750415177,"4.1":0.607430552653,"4.2-4.3":1.20576364311,"4.4":2.11970869123,"4.4.3-4.4.4":0.91954348639,"40":null},"ios_saf":{"3.2":0,"4.0-4.1":0,"4.2-4.3":0,"5.0-5.1":0.0210034538071,"6.0-6.1":0.067551648731,"7.0-7.1":0.683463740102,"8":0.0403039248731,"8.1-8.4":4.77913723249,"9":null},"op_mob":{"10":0,"11":0,"11.1":0,"11.5":0,"12":0.0104158333333,"12.1":0.01562375,"0":0.14061375},"ie":{"5.5":0,"6":0.0122026961771,"7":0.0610134808853,"8":0.805377947686,"9":1.0616345674,"10":0.689452334004,"11":3.43505897384},"bb":{"7":0.007105,"10":null},"ie_mob":{"10":0.107639033816,"11":0.347080966184},"and_uc":{"0":3.38198},"op_mini":{"5.0-8.0":19.0818066667},"and_chr":{"0":8.47816},"edge":{"0":null},"and_ff":{"0":0.03654}},"total":95.024125}