{"id":"KH","name":"Cambodia","month":"2015-06","access_date":"2015-07-23","data":{"chrome":{"4":0.004623,"5":0.004623,"6":0.009246,"7":0.004623,"8":0.009246,"9":0.004623,"10":0.027738,"11":0.101706,"12":0.018492,"13":0.009246,"14":0.004623,"15":0.013869,"16":0.013869,"17":0.004623,"18":0.004623,"19":0.004623,"20":0.009246,"21":0.009246,"22":0.009246,"23":0.032361,"24":0.013869,"25":0.027738,"26":0.018492,"27":0.018492,"28":0.055476,"29":0.032361,"30":0.083214,"31":0.314364,"32":0.027738,"33":0.203412,"34":0.055476,"35":0.064722,"36":0.286626,"37":0.212658,"38":0.226527,"39":0.591744,"40":0.573252,"41":0.217281,"42":0.4623,"43":14.950782,"44":0.268134,"45":0.4623,"46":0,"47":0},"firefox":{"2":0.004623,"3":0.009246,"3.5":0.004623,"3.6":0.050853,"4":0.013869,"5":0.009246,"6":0.018492,"7":0.013869,"8":0.013869,"9":0.009246,"10":0.018492,"11":0.041607,"12":0.055476,"13":0.04623,"14":0.050853,"15":0.055476,"16":0.175674,"17":0.023115,"18":0.041607,"19":0.078591,"20":0.041607,"21":0.055476,"22":0.036984,"23":0.106329,"24":0.036984,"25":0.064722,"26":0.04623,"27":0.050853,"28":0.055476,"29":0.240396,"30":0.27738,"31":0.27738,"32":0.351348,"33":0.203412,"34":0.249642,"35":0.485415,"36":0.448431,"37":0.688827,"38":9.190524,"39":1.636542,"40":0.013869,"41":0.009246,"42":0},"opera":{"9":0,"9.5-9.6":0,"10.0-10.1":0,"10.5":0,"10.6":0,"11":0,"11.1":0,"11.5":0.004623,"11.6":0.009246,"12":0.004623,"12.1":0.041607,"15":0.004623,"16":0,"17":0.004623,"18":0.004623,"19":0,"20":0.009246,"21":0.101706,"22":0,"23":0,"24":0,"25":0,"26":0.018492,"27":0.004623,"28":0.013869,"29":0.300495,"30":0.476169,"31":0.004623,"32":0},"safari":{"3.1":0,"3.2":0,"4":0.009246,"5":0.023115,"5.1":0.087837,"6":0.055476,"6.1":0.078591,"7":0.254265,"7.1":0.175674,"8":0.776664,"9":0},"android":{"2.1":0,"2.2":0,"2.3":0.191275598295,"3":0,"4":0.56493025543,"4.1":1.93054906186,"4.2-4.3":3.8321843705,"4.4":6.73690450275,"4.4.3-4.4.4":2.92251321116,"40":null},"ios_saf":{"3.2":0,"4.0-4.1":0,"4.2-4.3":0,"5.0-5.1":0.0791743504569,"6.0-6.1":0.254641829848,"7.0-7.1":2.57637616081,"8":0.151929158985,"8.1-8.4":18.0153744999,"9":null},"op_mob":{"10":0,"11":0,"11.1":0,"11.5":0,"12":0.00395418993506,"12.1":0.0059312849026,"0":0.0533815641234},"ie":{"5.5":0,"6":0.0192883062201,"7":0.00964415311005,"8":0.742599789474,"9":0.327901205742,"10":0.487029732057,"11":1.43215673684},"bb":{"7":0.010754,"10":null},"ie_mob":{"10":0.232925405797,"11":0.751065594203},"and_uc":{"0":2.629353},"op_mini":{"5.0-8.0":7.24407596104},"and_chr":{"0":9.715957},"edge":{"0":null},"and_ff":{"0":0.306489}},"total":98.4620019234}