{"id":"KM","name":"Comoros","month":"2015-06","access_date":"2015-07-23","data":{"chrome":{"4":0,"5":0.005005,"6":0,"7":0,"8":0,"9":0.115115,"10":0.37037,"11":0.055055,"12":0.11011,"13":0.17017,"14":0,"15":0,"16":0.005005,"17":0,"18":0.005005,"19":0,"20":0,"21":0.005005,"22":0,"23":0.035035,"24":0,"25":0.16016,"26":0.01001,"27":0.01001,"28":0.02002,"29":0.025025,"30":0.05005,"31":0.255255,"32":0.04004,"33":0.055055,"34":0.02002,"35":0.255255,"36":0.38038,"37":0.055055,"38":0.11011,"39":4.229225,"40":0.535535,"41":0.16016,"42":0.59059,"43":19.25924,"44":0.065065,"45":1.036035,"46":0,"47":0},"firefox":{"2":0.02002,"3":0.095095,"3.5":0.03003,"3.6":0.295295,"4":0.025025,"5":0.005005,"6":0.005005,"7":0.005005,"8":0.005005,"9":0.01001,"10":0.13013,"11":0.165165,"12":0.035035,"13":0.03003,"14":0.095095,"15":0.005005,"16":0.02002,"17":0.015015,"18":0.04004,"19":0.065065,"20":0.075075,"21":0.03003,"22":0.025025,"23":0.01001,"24":0.055055,"25":0.01001,"26":0.005005,"27":0.015015,"28":0.03003,"29":0.055055,"30":0.205205,"31":0.265265,"32":0.27027,"33":0.185185,"34":0.065065,"35":0.5005,"36":0.195195,"37":0.345345,"38":6.6066,"39":0.175175,"40":0.02002,"41":0,"42":0},"opera":{"9":0,"9.5-9.6":0,"10.0-10.1":0,"10.5":0,"10.6":0,"11":0.01001,"11.1":0,"11.5":0.005005,"11.6":0.01001,"12":0,"12.1":0.05005,"15":0,"16":0.04004,"17":0,"18":0.02002,"19":0.005005,"20":0,"21":0,"22":0,"23":0.005005,"24":0,"25":0,"26":0,"27":0.005005,"28":0.03003,"29":0.65065,"30":1.006005,"31":0,"32":0},"safari":{"3.1":0,"3.2":0,"4":0,"5":0.015015,"5.1":0.02002,"6":0,"6.1":0.005005,"7":0.015015,"7.1":0.045045,"8":0.095095,"9":0},"android":{"2.1":0,"2.2":0,"2.3":0.0586624869398,"3":0,"4":0.173258973055,"4.1":0.592081844927,"4.2-4.3":1.17529610462,"4.4":2.06614735977,"4.4.3-4.4.4":0.896308230685,"40":null},"ios_saf":{"3.2":0,"4.0-4.1":0,"4.2-4.3":0,"5.0-5.1":0.0119630390863,"6.0-6.1":0.0384757203046,"7.0-7.1":0.389283758376,"8":0.0229561020305,"8.1-8.4":2.7220763802,"9":null},"op_mob":{"10":0,"11":0,"11.1":0,"11.5":0,"12":0.0183987905844,"12.1":0.0275981858766,"0":0.24838367289},"ie":{"5.5":0,"6":0.01001,"7":0.08008,"8":0.72072,"9":0.145145,"10":1.06106,"11":3.71371},"bb":{"7":0.05619375,"10":null},"ie_mob":{"10":0.134792608696,"11":0.434637391304},"and_uc":{"0":3.971025},"op_mini":{"5.0-8.0":33.7065843506},"and_chr":{"0":4.911385},"edge":{"0":null},"and_ff":{"0":0.10989}},"total":97.96655375}