{"id":"KN","name":"Saint Kitts and Nevis","month":"2015-06","access_date":"2015-07-23","data":{"chrome":{"4":0,"5":0,"6":0,"7":0,"8":0,"9":0,"10":0,"11":0.024597,"12":0,"13":0,"14":0,"15":0,"16":0.008199,"17":0,"18":0.016398,"19":0.016398,"20":0.008199,"21":0.008199,"22":0.270567,"23":0.008199,"24":0.008199,"25":0.008199,"26":0.032796,"27":0.024597,"28":0.016398,"29":0.008199,"30":0.024597,"31":0.08199,"32":0.049194,"33":0.450945,"34":0.270567,"35":0.114786,"36":0.582129,"37":0.344358,"38":0.237771,"39":0.688716,"40":0.221373,"41":0.114786,"42":0.590328,"43":38.330325,"44":0.139383,"45":0.418149,"46":0,"47":0},"firefox":{"2":0,"3":0.008199,"3.5":0,"3.6":0.016398,"4":0,"5":0.008199,"6":0,"7":0,"8":0,"9":0.008199,"10":0.016398,"11":0.016398,"12":0.008199,"13":0,"14":0.008199,"15":0.016398,"16":0,"17":0,"18":0,"19":0.008199,"20":0.008199,"21":0.024597,"22":0,"23":0.008199,"24":0.008199,"25":0.008199,"26":0.065592,"27":0.008199,"28":0.016398,"29":0.008199,"30":0,"31":0.278766,"32":0.139383,"33":0.073791,"34":0.32796,"35":0.073791,"36":0.098388,"37":0.213174,"38":7.977627,"39":0.672318,"40":0,"41":0,"42":0},"opera":{"9":0,"9.5-9.6":0,"10.0-10.1":0,"10.5":0,"10.6":0,"11":0,"11.1":0.008199,"11.5":0.008199,"11.6":0,"12":0.008199,"12.1":0.090189,"15":0,"16":0,"17":0,"18":0,"19":0,"20":0,"21":0,"22":0,"23":0,"24":0,"25":0,"26":0,"27":0,"28":0.016398,"29":0.196776,"30":0.254169,"31":0.008199,"32":0},"safari":{"3.1":0,"3.2":0,"4":0.008199,"5":0.040995,"5.1":0.295164,"6":0.016398,"6.1":0.188577,"7":0.401751,"7.1":0.57393,"8":3.328794,"9":0},"android":{"2.1":0,"2.2":0,"2.3":0.0658910387682,"3":0,"4":0.194608416827,"4.1":0.665039786637,"4.2-4.3":1.32011929997,"4.4":2.32074367941,"4.4.3-4.4.4":1.00675377839,"40":null},"ios_saf":{"3.2":0,"4.0-4.1":0,"4.2-4.3":0,"5.0-5.1":0.0370457034518,"6.0-6.1":0.119146992183,"7.0-7.1":1.20548721503,"8":0.0710877012183,"8.1-8.4":8.42939938812,"9":null},"op_mob":{"10":0,"11":0,"11.1":0,"11.5":0,"12":7.79653679654e-5,"12.1":0.000116948051948,"0":0.00105253246753},"ie":{"5.5":0,"6":0,"7":0.008199,"8":0.8199,"9":0.942885,"10":0.762507,"11":9.338661},"bb":{"7":0.115264,"10":null},"ie_mob":{"10":0.10530194686,"11":0.33954505314},"and_uc":{"0":0.284558},"op_mini":{"5.0-8.0":0.142832554113},"and_chr":{"0":10.62609},"edge":{"0":null},"and_ff":{"0":0.066637}},"total":97.677393}