{"id":"KP","name":"North Korea","month":"2015-06","access_date":"2015-07-23","data":{"chrome":{"4":0,"5":0,"6":0,"7":0,"8":0,"9":0,"10":0,"11":0.066402,"12":0,"13":0,"14":0,"15":0.199206,"16":0,"17":0,"18":0,"19":0,"20":0,"21":0,"22":4.780944,"23":0.018972,"24":0,"25":1.773882,"26":0,"27":0,"28":2.523276,"29":0.199206,"30":0.037944,"31":1.024488,"32":0.436356,"33":0.23715,"34":3.007062,"35":0.199206,"36":0.218178,"37":0,"38":0.085374,"39":1.688508,"40":2.172294,"41":7.20936,"42":1.973088,"43":16.467696,"44":0.066402,"45":0,"46":0,"47":0},"firefox":{"2":0,"3":0,"3.5":0,"3.6":0.104346,"4":0,"5":0,"6":0.018972,"7":0,"8":0.04743,"9":0.018972,"10":0,"11":0.018972,"12":0.246636,"13":0,"14":0,"15":0,"16":0,"17":0,"18":0,"19":0,"20":0,"21":0.066402,"22":0.037944,"23":0,"24":0.313038,"25":0,"26":0,"27":0,"28":0.018972,"29":0.018972,"30":0,"31":0.085374,"32":0.502758,"33":0,"34":0.037944,"35":0.170748,"36":0.303552,"37":0.33201,"38":27.974214,"39":0.04743,"40":0.170748,"41":0,"42":0},"opera":{"9":0,"9.5-9.6":0,"10.0-10.1":0,"10.5":0,"10.6":0,"11":0,"11.1":0,"11.5":0,"11.6":0,"12":0,"12.1":0,"15":0,"16":0,"17":0,"18":0,"19":0,"20":0,"21":0,"22":0,"23":0,"24":0,"25":0,"26":0,"27":0,"28":0,"29":0.180234,"30":0.018972,"31":0,"32":0},"safari":{"3.1":0,"3.2":0,"4":0,"5":0,"5.1":0.967572,"6":0,"6.1":0.04743,"7":0.066402,"7.1":0.066402,"8":0.673506,"9":0},"android":{"2.1":0,"2.2":0,"2.3":0.0231355133352,"3":0,"4":0.0683304696178,"4.1":0.233507274127,"4.2-4.3":0.463517319494,"4.4":0.814854301072,"4.4.3-4.4.4":0.353489122354,"40":null},"ios_saf":{"3.2":0,"4.0-4.1":0,"4.2-4.3":0,"5.0-5.1":0.0124304974619,"6.0-6.1":0.0399791675127,"7.0-7.1":0.404495106599,"8":0.0238531167513,"8.1-8.4":2.82844211168,"9":null},"op_mob":{"10":0,"11":0,"11.1":0,"11.5":0,"12":0,"12.1":0,"0":0},"ie":{"5.5":0,"6":0.0515335328046,"7":0,"8":2.71066382552,"9":1.05128406921,"10":2.33962238933,"11":8.14229818313},"bb":{"7":0.021588,"10":null},"ie_mob":{"10":0.00413683091787,"11":0.0133391690821},"and_uc":{"0":0.586474},"op_mini":{"5.0-8.0":0},"and_chr":{"0":1.885268},"edge":{"0":null},"and_ff":{"0":0}},"total":99.013188}