{"id":"KR","name":"South Korea","month":"2015-06","access_date":"2015-07-23","data":{"chrome":{"4":0,"5":0,"6":0,"7":0,"8":0,"9":0,"10":0,"11":0.022083,"12":0,"13":0,"14":0,"15":0,"16":0,"17":0,"18":0.07361,"19":0.022083,"20":0.007361,"21":0,"22":0.036805,"23":0.007361,"24":0.007361,"25":0.014722,"26":0.029444,"27":0.14722,"28":0.022083,"29":0.036805,"30":0.051527,"31":0.323884,"32":0.029444,"33":0.051527,"34":0.058888,"35":0.058888,"36":0.080971,"37":0.080971,"38":0.103054,"39":0.169303,"40":0.14722,"41":0.184025,"42":0.669851,"43":16.790441,"44":0.029444,"45":0.066249,"46":0,"47":0},"firefox":{"2":0,"3":0,"3.5":0,"3.6":0.007361,"4":0,"5":0,"6":0,"7":0,"8":0,"9":0,"10":0.014722,"11":0,"12":0,"13":0,"14":0,"15":0,"16":0.007361,"17":0,"18":0,"19":0,"20":0,"21":0.007361,"22":0,"23":0,"24":0,"25":0,"26":0,"27":0,"28":0,"29":0,"30":0,"31":0.029444,"32":0.014722,"33":0.007361,"34":0.007361,"35":0.007361,"36":0.007361,"37":0.044166,"38":0.95693,"39":0.044166,"40":0,"41":0,"42":0},"opera":{"9":0,"9.5-9.6":0,"10.0-10.1":0,"10.5":0,"10.6":0,"11":0,"11.1":0,"11.5":0,"11.6":0,"12":0,"12.1":0.014722,"15":0,"16":0,"17":0,"18":0,"19":0,"20":0,"21":0,"22":0,"23":0,"24":0,"25":0,"26":0,"27":0,"28":0.007361,"29":0.044166,"30":0.080971,"31":0,"32":0},"safari":{"3.1":0,"3.2":0,"4":0.022083,"5":0.014722,"5.1":0.044166,"6":0.022083,"6.1":0.022083,"7":0.088332,"7.1":0.080971,"8":0.500548,"9":0},"android":{"2.1":0,"2.2":0,"2.3":0.050211668683,"3":0,"4":0.148299579599,"4.1":0.506787539731,"4.2-4.3":1.0059849435,"4.4":1.76850167954,"4.4.3-4.4.4":0.767187588947,"40":null},"ios_saf":{"3.2":0,"4.0-4.1":0,"4.2-4.3":0,"5.0-5.1":0.0235854828426,"6.0-6.1":0.0758560123858,"7.0-7.1":0.767484360609,"8":0.0452586292386,"8.1-8.4":5.36665351492,"9":null},"op_mob":{"10":0,"11":0,"11.1":0,"11.5":0,"12":3.71287878788e-5,"12.1":5.56931818182e-5,"0":0.000501238636364},"ie":{"5.5":0,"6":0.0958204396271,"7":0.154786864013,"8":9.67786440234,"9":11.1815082242,"10":9.16190818896,"11":19.5326280778},"bb":{"7":0.00329875,"10":null},"ie_mob":{"10":0.00249876328502,"11":0.00805723671498},"and_uc":{"0":0.092365},"op_mini":{"5.0-8.0":0.0680199393939},"and_chr":{"0":16.957469},"edge":{"0":null},"and_ff":{"0":0.036946}},"total":98.920085947}