{"id":"KW","name":"Kuwait","month":"2015-06","access_date":"2015-07-23","data":{"chrome":{"4":0.003638,"5":0.003638,"6":0,"7":0.003638,"8":0.003638,"9":0.003638,"10":0.01819,"11":0.025466,"12":0.007276,"13":0.010914,"14":0.007276,"15":0.007276,"16":0.010914,"17":0.003638,"18":0.003638,"19":0.003638,"20":0.003638,"21":0.007276,"22":0.025466,"23":0.010914,"24":0.010914,"25":0.007276,"26":0.01819,"27":0.014552,"28":0.01819,"29":0.014552,"30":0.01819,"31":0.065484,"32":0.01819,"33":0.138244,"34":0.040018,"35":0.05457,"36":0.167348,"37":0.09095,"38":0.076398,"39":0.305592,"40":0.280126,"41":0.112778,"42":0.30923,"43":13.409668,"44":0.076398,"45":0.170986,"46":0,"47":0},"firefox":{"2":0,"3":0.003638,"3.5":0.003638,"3.6":0.01819,"4":0.003638,"5":0,"6":0.021828,"7":0,"8":0.003638,"9":0.003638,"10":0.007276,"11":0.01819,"12":0.014552,"13":0.007276,"14":0.014552,"15":0.007276,"16":0.010914,"17":0.003638,"18":0.003638,"19":0.007276,"20":0.007276,"21":0.014552,"22":0.003638,"23":0.007276,"24":0.010914,"25":0.003638,"26":0.003638,"27":0.003638,"28":0.03638,"29":0.010914,"30":0.014552,"31":0.058208,"32":0.043656,"33":0.032742,"34":0.029104,"35":0.047294,"36":0.058208,"37":0.185538,"38":2.575704,"39":0.138244,"40":0,"41":0,"42":0},"opera":{"9":0,"9.5-9.6":0,"10.0-10.1":0,"10.5":0,"10.6":0,"11":0,"11.1":0,"11.5":0,"11.6":0.003638,"12":0.003638,"12.1":0.058208,"15":0,"16":0,"17":0,"18":0,"19":0,"20":0,"21":0,"22":0,"23":0,"24":0,"25":0,"26":0,"27":0.003638,"28":0.014552,"29":0.207366,"30":0.38199,"31":0.003638,"32":0},"safari":{"3.1":0,"3.2":0,"4":0.007276,"5":0.03638,"5.1":0.174624,"6":0.03638,"6.1":0.07276,"7":0.167348,"7.1":0.192814,"8":0.865844,"9":0},"android":{"2.1":0,"2.2":0,"2.3":0.107900466318,"3":0,"4":0.318682772615,"4.1":1.08904191586,"4.2-4.3":2.16177329612,"4.4":3.80035479626,"4.4.3-4.4.4":1.64861875282,"40":null},"ios_saf":{"3.2":0,"4.0-4.1":0,"4.2-4.3":0,"5.0-5.1":0.0860448485279,"6.0-6.1":0.276738837157,"7.0-7.1":2.79994588183,"8":0.165113087716,"8.1-8.4":19.5786913448,"9":null},"op_mob":{"10":0,"11":0,"11.1":0,"11.5":0,"12":0.00434805519481,"12.1":0.00652208279221,"0":0.0586987451299},"ie":{"5.5":0,"6":0.00729496767466,"7":0.0364748383733,"8":1.30215172993,"9":0.817036379562,"10":0.678431993743,"11":4.15448409072},"bb":{"7":0.0334005,"10":null},"ie_mob":{"10":0.096382763285,"11":0.310785236715},"and_uc":{"0":9.250348},"op_mini":{"5.0-8.0":7.96563711688},"and_chr":{"0":20.174388},"edge":{"0":null},"and_ff":{"0":0.146326}},"total":98.3251745}