{"id":"KY","name":"Cayman Islands","month":"2015-06","access_date":"2015-07-23","data":{"chrome":{"4":0,"5":0,"6":0,"7":0,"8":0,"9":0,"10":0,"11":0.051639,"12":0,"13":0,"14":0.007377,"15":0,"16":0,"17":0,"18":0.014754,"19":0.014754,"20":0.007377,"21":0.014754,"22":0.044262,"23":0.007377,"24":0.014754,"25":0.007377,"26":0.014754,"27":0.029508,"28":0.014754,"29":0.014754,"30":0.044262,"31":0.044262,"32":0.029508,"33":0.029508,"34":0.110655,"35":0.066393,"36":0.154917,"37":0.213933,"38":0.081147,"39":0.258195,"40":0.236064,"41":0.162294,"42":0.686061,"43":25.826877,"44":0.088524,"45":0.103278,"46":0,"47":0},"firefox":{"2":0,"3":0.022131,"3.5":0,"3.6":0.022131,"4":0.007377,"5":0,"6":0.007377,"7":0.007377,"8":0.007377,"9":0,"10":0.022131,"11":0.007377,"12":0.014754,"13":0.014754,"14":0.007377,"15":0,"16":0.007377,"17":0,"18":0.007377,"19":0.007377,"20":0.007377,"21":0.029508,"22":0.007377,"23":0.007377,"24":0.14754,"25":0.007377,"26":0.007377,"27":0.007377,"28":0,"29":0.014754,"30":0.029508,"31":0.088524,"32":0.103278,"33":0.044262,"34":0.051639,"35":0.022131,"36":0.095901,"37":0.346719,"38":6.159795,"39":0.162294,"40":0,"41":0,"42":0},"opera":{"9":0,"9.5-9.6":0,"10.0-10.1":0,"10.5":0,"10.6":0,"11":0,"11.1":0,"11.5":0.007377,"11.6":0,"12":0,"12.1":0.051639,"15":0,"16":0,"17":0,"18":0,"19":0,"20":0,"21":0,"22":0,"23":0,"24":0,"25":0.007377,"26":0,"27":0,"28":0,"29":0.088524,"30":0.132786,"31":0,"32":0},"safari":{"3.1":0,"3.2":0,"4":0.036885,"5":0.095901,"5.1":0.494259,"6":0.07377,"6.1":0.612291,"7":0.331965,"7.1":1.091796,"8":3.031947,"9":0},"android":{"2.1":0,"2.2":0,"2.3":0.0527968589497,"3":0,"4":0.155934908991,"4.1":0.532879925213,"4.2-4.3":1.05777892989,"4.4":1.85955448557,"4.4.3-4.4.4":0.806686891394,"40":null},"ios_saf":{"3.2":0,"4.0-4.1":0,"4.2-4.3":0,"5.0-5.1":0.0849210063959,"6.0-6.1":0.273124317868,"7.0-7.1":2.76337545137,"8":0.162956525787,"8.1-8.4":19.3229716986,"9":null},"op_mob":{"10":0,"11":0,"11.1":0,"11.5":0,"12":5.67748917749e-5,"12.1":8.51623376623e-5,"0":0.000766461038961},"ie":{"5.5":0,"6":0.007377,"7":0.029508,"8":1.217205,"9":1.667202,"10":1.497531,"11":12.666309},"bb":{"7":0.14885525,"10":null},"ie_mob":{"10":0.0639530483092,"11":0.206215951691},"and_uc":{"0":0.160003},"op_mini":{"5.0-8.0":0.104011601732},"and_chr":{"0":11.197397},"edge":{"0":null},"and_ff":{"0":0.099674}},"total":98.09213025}