{"id":"KZ","name":"Kazakhstan","month":"2015-06","access_date":"2015-07-23","data":{"chrome":{"4":0.03315,"5":0.01989,"6":0.00663,"7":0.00663,"8":0.02652,"9":0.01326,"10":0.03315,"11":0.07293,"12":0.07293,"13":0.04641,"14":0.01989,"15":0.03315,"16":0.07293,"17":0.21216,"18":0.04641,"19":0.00663,"20":0.01989,"21":0.01989,"22":0.12597,"23":0.01326,"24":0.04641,"25":0.0663,"26":0.07956,"27":0.08619,"28":0.76245,"29":0.04641,"30":0.02652,"31":0.16575,"32":0.05967,"33":0.07293,"34":0.03978,"35":0.11271,"36":0.27183,"37":0.35802,"38":0.08619,"39":0.25194,"40":0.13923,"41":0.37128,"42":0.71604,"43":25.69788,"44":0.11934,"45":1.38567,"46":0,"47":0},"firefox":{"2":0.00663,"3":0.01989,"3.5":0.01989,"3.6":0.09282,"4":0.01989,"5":0.00663,"6":0.00663,"7":0.00663,"8":0.00663,"9":0.01989,"10":0.02652,"11":0.01326,"12":0.04641,"13":0.01326,"14":0.01989,"15":0.01326,"16":0.01989,"17":0.01989,"18":0.01326,"19":0.01326,"20":0.01326,"21":0.02652,"22":0.01989,"23":0.01326,"24":0.03315,"25":0.01326,"26":0.02652,"27":0.01326,"28":0.04641,"29":0.01989,"30":0.03315,"31":0.28509,"32":0.15249,"33":0.05304,"34":0.05304,"35":0.09282,"36":0.10608,"37":0.17901,"38":6.4311,"39":0.05304,"40":0.01326,"41":0,"42":0},"opera":{"9":0,"9.5-9.6":0.00663,"10.0-10.1":0.00663,"10.5":0,"10.6":0.00663,"11":0.00663,"11.1":0.01326,"11.5":0.03315,"11.6":0.10608,"12":0.13923,"12.1":1.69065,"15":0.00663,"16":0.01989,"17":0.00663,"18":0.04641,"19":0.01326,"20":0.04641,"21":0.03315,"22":0.01989,"23":0.00663,"24":0.01989,"25":0.02652,"26":0.09282,"27":0.03978,"28":0.11271,"29":1.31274,"30":2.56581,"31":0.01989,"32":0},"safari":{"3.1":0,"3.2":0,"4":0.01989,"5":0.03978,"5.1":0.05967,"6":0.01989,"6.1":0.04641,"7":0.31824,"7.1":0.11271,"8":0.64974,"9":0},"android":{"2.1":0,"2.2":0,"2.3":0.0813766428375,"3":0,"4":0.240344968381,"4.1":0.821336348639,"4.2-4.3":1.63037157685,"4.4":2.86616105994,"4.4.3-4.4.4":1.24335940335,"40":null},"ios_saf":{"3.2":0,"4.0-4.1":0,"4.2-4.3":0,"5.0-5.1":0.0331500467005,"6.0-6.1":0.106617717766,"7.0-7.1":1.07872043858,"8":0.0636122517766,"8.1-8.4":7.54297954518,"9":null},"op_mob":{"10":0,"11":0,"11.1":0,"11.5":0,"12":0.0018855952381,"12.1":0.00282839285714,"0":0.0254555357143},"ie":{"5.5":0,"6":0.0340520408163,"7":0.0476728571429,"8":1.13733816327,"9":0.742334489796,"10":0.96026755102,"11":4.02495122449},"bb":{"7":0.0058975,"10":null},"ie_mob":{"10":0.100513913043,"11":0.324106086957},"and_uc":{"0":2.40618},"op_mini":{"5.0-8.0":3.45441047619},"and_chr":{"0":15.75212},"edge":{"0":null},"and_ff":{"0":0.1348}},"total":92.4728738265}