{"id":"LA","name":"Lao","month":"2015-06","access_date":"2015-07-23","data":{"chrome":{"4":0.003098,"5":0.009294,"6":0,"7":0.003098,"8":0.003098,"9":0.027882,"10":0.01549,"11":0.07745,"12":0.04647,"13":0.021686,"14":0.006196,"15":0.037176,"16":0.003098,"17":0.003098,"18":0.006196,"19":0.003098,"20":0.037176,"21":0.003098,"22":0.009294,"23":0.003098,"24":0.003098,"25":0.006196,"26":0.009294,"27":0.024784,"28":0.012392,"29":0.012392,"30":0.04647,"31":0.1549,"32":0.012392,"33":0.182782,"34":0.021686,"35":0.024784,"36":0.195174,"37":0.161096,"38":0.052666,"39":0.204468,"40":2.289422,"41":0.105332,"42":0.303604,"43":9.532546,"44":0.055764,"45":0.167292,"46":0,"47":0},"firefox":{"2":0,"3":0.024784,"3.5":0.03098,"3.6":0.037176,"4":0.024784,"5":0.012392,"6":0.024784,"7":0.01549,"8":0.034078,"9":0.009294,"10":0.024784,"11":0.018588,"12":0.086744,"13":0.049568,"14":0.03098,"15":0.024784,"16":0.034078,"17":0.01549,"18":0.018588,"19":0.012392,"20":0.018588,"21":0.024784,"22":0.021686,"23":0.021686,"24":0.027882,"25":0.01549,"26":0.034078,"27":0.018588,"28":0.01549,"29":0.052666,"30":0.068156,"31":0.130116,"32":0.105332,"33":0.114626,"34":0.080548,"35":0.210664,"36":0.114626,"37":0.238546,"38":4.55406,"39":0.687756,"40":0.006196,"41":0.006196,"42":0},"opera":{"9":0,"9.5-9.6":0,"10.0-10.1":0,"10.5":0,"10.6":0,"11":0.006196,"11.1":0,"11.5":0,"11.6":0,"12":0,"12.1":0.021686,"15":0,"16":0,"17":0,"18":0,"19":0,"20":0.003098,"21":0.003098,"22":0,"23":0,"24":0,"25":0.003098,"26":0,"27":0.003098,"28":0.012392,"29":0.188978,"30":0.27882,"31":0,"32":0},"safari":{"3.1":0,"3.2":0,"4":0.006196,"5":0.01549,"5.1":0.052666,"6":0.03098,"6.1":0.040274,"7":0.192076,"7.1":0.111528,"8":0.393446,"9":0},"android":{"2.1":0,"2.2":0,"2.3":0.223038599945,"3":0,"4":0.658741911465,"4.1":2.25113377619,"4.2-4.3":4.46855241518,"4.4":7.85562696783,"4.4.3-4.4.4":3.40782232939,"40":null},"ios_saf":{"3.2":0,"4.0-4.1":0,"4.2-4.3":0,"5.0-5.1":0.0660841937056,"6.0-6.1":0.212541055431,"7.0-7.1":2.15041538437,"8":0.126810209543,"8.1-8.4":15.036833157,"9":null},"op_mob":{"10":0,"11":0,"11.1":0,"11.5":0,"12":0.00475072727273,"12.1":0.00712609090909,"0":0.0641348181818},"ie":{"5.5":0,"6":0.0282607028862,"7":0.0188404685908,"8":0.973424210526,"9":0.55579382343,"10":0.383089528014,"11":1.73646318846},"bb":{"7":0.003451,"10":null},"ie_mob":{"10":0.743382077295,"11":2.39702792271},"and_uc":{"0":1.973972},"op_mini":{"5.0-8.0":8.70333236364},"and_chr":{"0":21.823356},"edge":{"0":null},"and_ff":{"0":0.20706}},"total":98.4393309219}