{"id":"LB","name":"Lebanon","month":"2015-06","access_date":"2015-07-23","data":{"chrome":{"4":0.014496,"5":0.014496,"6":0.028992,"7":0.014496,"8":0.04832,"9":0.019328,"10":0.028992,"11":0.07248,"12":0.028992,"13":0.02416,"14":0.028992,"15":0.043488,"16":0.014496,"17":0.009664,"18":0.014496,"19":0.004832,"20":0.009664,"21":0.009664,"22":0.02416,"23":0.009664,"24":0.009664,"25":0.02416,"26":0.028992,"27":0.260928,"28":0.019328,"29":0.009664,"30":0.033824,"31":0.062816,"32":0.028992,"33":0.173952,"34":0.04832,"35":0.091808,"36":0.21744,"37":0.178784,"38":0.106304,"39":0.347904,"40":0.19328,"41":0.159456,"42":0.541184,"43":20.159104,"44":0.101472,"45":0.173952,"46":0,"47":0},"firefox":{"2":0.004832,"3":0.014496,"3.5":0.004832,"3.6":0.028992,"4":0.009664,"5":0.004832,"6":0.014496,"7":0.004832,"8":0.014496,"9":0.009664,"10":0.02416,"11":0.02416,"12":0.043488,"13":0.014496,"14":0.014496,"15":0.009664,"16":0.028992,"17":0.009664,"18":0.014496,"19":0.014496,"20":0.004832,"21":0.019328,"22":0.02416,"23":0.014496,"24":0.009664,"25":0.014496,"26":0.053152,"27":0.014496,"28":0.019328,"29":0.038656,"30":0.033824,"31":0.111136,"32":0.07248,"33":0.067648,"34":0.067648,"35":0.101472,"36":0.130464,"37":0.227104,"38":6.011008,"39":0.299584,"40":0.004832,"41":0.009664,"42":0},"opera":{"9":0,"9.5-9.6":0,"10.0-10.1":0,"10.5":0,"10.6":0,"11":0,"11.1":0,"11.5":0,"11.6":0,"12":0.004832,"12.1":0.04832,"15":0.004832,"16":0,"17":0,"18":0,"19":0,"20":0,"21":0,"22":0.004832,"23":0,"24":0,"25":0,"26":0.004832,"27":0,"28":0.028992,"29":0.130464,"30":0.251264,"31":0.004832,"32":0},"safari":{"3.1":0.004832,"3.2":0,"4":0.019328,"5":0.067648,"5.1":0.280256,"6":0.130464,"6.1":0.159456,"7":0.309248,"7.1":0.401056,"8":1.294976,"9":0},"android":{"2.1":0,"2.2":0,"2.3":0.1805039978,"3":0,"4":0.53311645862,"4.1":1.82183104757,"4.2-4.3":3.61637660709,"4.4":6.35751871323,"4.4.3-4.4.4":2.75793317569,"40":null},"ios_saf":{"3.2":0,"4.0-4.1":0,"4.2-4.3":0,"5.0-5.1":0.0659278245685,"6.0-6.1":0.212038138477,"7.0-7.1":2.14532704812,"8":0.126510149848,"8.1-8.4":15.001252839,"9":null},"op_mob":{"10":0,"11":0,"11.1":0,"11.5":0,"12":0.00141504761905,"12.1":0.00212257142857,"0":0.0191031428571},"ie":{"5.5":0,"6":0.0387310601942,"7":0.0629379728155,"8":1.46693890485,"9":1.06510415534,"10":0.856924706796,"11":3.9892992},"bb":{"7":0.081396,"10":null},"ie_mob":{"10":0.0464870338164,"11":0.149896966184},"and_uc":{"0":1.669264},"op_mini":{"5.0-8.0":2.5923672381},"and_chr":{"0":19.675936},"edge":{"0":null},"and_ff":{"0":0.118864}},"total":98.899508}