{"id":"LC","name":"Saint Lucia","month":"2015-06","access_date":"2015-07-23","data":{"chrome":{"4":0.006827,"5":0,"6":0,"7":0,"8":0,"9":0,"10":0,"11":0.081924,"12":0.013654,"13":0,"14":0.006827,"15":0,"16":0,"17":0,"18":0.013654,"19":0,"20":0,"21":0.013654,"22":0.157021,"23":0,"24":0.006827,"25":0.006827,"26":0.027308,"27":0.040962,"28":0.027308,"29":0.006827,"30":0.382312,"31":0.20481,"32":0.095578,"33":0.095578,"34":0.047789,"35":0.505198,"36":0.368658,"37":0.320869,"38":0.163848,"39":1.167417,"40":0.197983,"41":0.266253,"42":0.518852,"43":28.652919,"44":0.245772,"45":0.669046,"46":0,"47":0},"firefox":{"2":0.034135,"3":0.06827,"3.5":0,"3.6":0.034135,"4":0,"5":0,"6":0.006827,"7":0,"8":0,"9":0,"10":0,"11":0.088751,"12":0.006827,"13":0.013654,"14":0,"15":0,"16":0.006827,"17":0,"18":0.348177,"19":0,"20":0,"21":0.020481,"22":0,"23":0,"24":0.006827,"25":0.013654,"26":0.013654,"27":0,"28":0.027308,"29":0.006827,"30":0.013654,"31":0.143367,"32":0.122886,"33":0.061443,"34":0.075097,"35":0.06827,"36":0.095578,"37":0.389139,"38":7.489219,"39":0.334523,"40":0.054616,"41":0.006827,"42":0},"opera":{"9":0,"9.5-9.6":0,"10.0-10.1":0,"10.5":0,"10.6":0,"11":0,"11.1":0,"11.5":0.006827,"11.6":0,"12":0.006827,"12.1":0.088751,"15":0,"16":0,"17":0,"18":0,"19":0,"20":0.006827,"21":0.006827,"22":0,"23":0,"24":0,"25":0.006827,"26":0,"27":0.006827,"28":0.027308,"29":0.518852,"30":0.914818,"31":0.013654,"32":0},"safari":{"3.1":0,"3.2":0,"4":0.006827,"5":0.06827,"5.1":0.238945,"6":0.013654,"6.1":0.075097,"7":0.225291,"7.1":0.300388,"8":1.317611,"9":0},"android":{"2.1":0,"2.2":0,"2.3":0.16379345532,"3":0,"4":0.483762065714,"4.1":1.6531711537,"4.2-4.3":3.28158283159,"4.4":5.76895786239,"4.4.3-4.4.4":2.50261163129,"40":null},"ios_saf":{"3.2":0,"4.0-4.1":0,"4.2-4.3":0,"5.0-5.1":0.0295005056853,"6.0-6.1":0.0948800047716,"7.0-7.1":0.959962401218,"8":0.0566090784772,"8.1-8.4":6.71256100985,"9":null},"op_mob":{"10":0,"11":0,"11.1":0,"11.5":0,"12":0.000559739177489,"12.1":0.000839608766234,"0":0.0075564788961},"ie":{"5.5":0,"6":0.00683209477612,"7":0.0136641895522,"8":0.560231771642,"9":0.464582444776,"10":0.772026709701,"11":7.33083769478},"bb":{"7":0.38631275,"10":null},"ie_mob":{"10":0.311705096618,"11":1.00508990338},"and_uc":{"0":0.494988},"op_mini":{"5.0-8.0":1.02544217316},"and_chr":{"0":14.409946},"edge":{"0":null},"and_ff":{"0":0.174515}},"total":96.3864246552}