{"id":"LK","name":"Sri Lanka","month":"2015-06","access_date":"2015-07-23","data":{"chrome":{"4":0.01548,"5":0.05031,"6":0.04257,"7":0.0387,"8":0.01548,"9":0.02709,"10":0.03096,"11":0.08901,"12":0.06192,"13":0.02322,"14":0.02322,"15":0.01548,"16":0.03483,"17":0.00774,"18":0.01548,"19":0.01161,"20":0.01161,"21":0.00774,"22":0.02709,"23":0.01161,"24":0.00774,"25":0.02322,"26":0.02709,"27":0.0387,"28":0.03096,"29":0.03096,"30":0.04644,"31":0.08127,"32":0.02709,"33":0.12384,"34":0.04257,"35":0.08901,"36":0.17028,"37":0.11997,"38":0.12384,"39":0.65016,"40":0.21672,"41":0.17415,"42":0.39087,"43":18.09999,"44":0.09288,"45":0.16254,"46":0,"47":0},"firefox":{"2":0.00774,"3":0.03096,"3.5":0.02709,"3.6":0.11223,"4":0.04257,"5":0.02709,"6":0.03483,"7":0.01548,"8":0.02709,"9":0.03096,"10":0.04644,"11":0.04644,"12":0.12384,"13":0.0774,"14":0.06966,"15":0.06966,"16":0.08514,"17":0.04257,"18":0.04644,"19":0.05031,"20":0.05805,"21":0.04644,"22":0.03096,"23":0.03483,"24":0.04257,"25":0.04257,"26":0.0387,"27":0.04257,"28":0.0387,"29":0.07353,"30":0.12384,"31":0.16254,"32":0.11223,"33":0.12771,"34":0.11997,"35":0.22059,"36":0.17802,"37":0.48375,"38":6.32358,"39":0.32508,"40":0.01548,"41":0.01161,"42":0},"opera":{"9":0,"9.5-9.6":0.00387,"10.0-10.1":0,"10.5":0,"10.6":0.00387,"11":0.00387,"11.1":0.00387,"11.5":0.00774,"11.6":0.01935,"12":0.01161,"12.1":0.08514,"15":0.02709,"16":0.01161,"17":0.00774,"18":0.00774,"19":0.00774,"20":0.01548,"21":0.00774,"22":0.01161,"23":0.00387,"24":0.00774,"25":0.00774,"26":0.01935,"27":0.01161,"28":0.04644,"29":0.50697,"30":0.65016,"31":0.00774,"32":0},"safari":{"3.1":0,"3.2":0,"4":0.00387,"5":0.01548,"5.1":0.04257,"6":0.01161,"6.1":0.01161,"7":0.05805,"7.1":0.0387,"8":0.19737,"9":0},"android":{"2.1":0,"2.2":0,"2.3":0.189163821831,"3":0,"4":0.558693148199,"4.1":1.9092348529,"4.2-4.3":3.78987517459,"4.4":6.66252577124,"4.4.3-4.4.4":2.89024723123,"40":null},"ios_saf":{"3.2":0,"4.0-4.1":0,"4.2-4.3":0,"5.0-5.1":0.0113168162437,"6.0-6.1":0.0363973279188,"7.0-7.1":0.368255317766,"8":0.0217160527919,"8.1-8.4":2.57503448528,"9":null},"op_mob":{"10":0,"11":0,"11.1":0,"11.5":0,"12":0.00981529761905,"12.1":0.0147229464286,"0":0.132506517857},"ie":{"5.5":0,"6":0.0703391364903,"7":0.0390772980501,"8":0.687760445682,"9":0.226648328691,"10":0.449388927577,"11":1.3286281337},"bb":{"7":0.0383125,"10":null},"ie_mob":{"10":0.650076135266,"11":2.09616386473},"and_uc":{"0":7.82801},"op_mini":{"5.0-8.0":17.9816252381},"and_chr":{"0":11.34098},"edge":{"0":null},"and_ff":{"0":0.20842}},"total":94.9905847702}