{"id":"LR","name":"Liberia","month":"2015-06","access_date":"2015-07-23","data":{"chrome":{"4":0.01074,"5":0,"6":0,"7":0,"8":0.002148,"9":0.015036,"10":0.01074,"11":0.03222,"12":0.017184,"13":0.002148,"14":0.004296,"15":0,"16":0.002148,"17":0,"18":0,"19":0.004296,"20":0.002148,"21":0.006444,"22":0.002148,"23":0.002148,"24":0.002148,"25":0.004296,"26":0.002148,"27":0,"28":0.002148,"29":0.019332,"30":0.023628,"31":0.015036,"32":0.002148,"33":0.281388,"34":0.004296,"35":0.049404,"36":0.113844,"37":0.030072,"38":0.109548,"39":0.208356,"40":0.083772,"41":0.038664,"42":0.143916,"43":5.849004,"44":0.02148,"45":0.049404,"46":0,"47":0},"firefox":{"2":0.004296,"3":0.146064,"3.5":0.008592,"3.6":0.057996,"4":0.060144,"5":0.01074,"6":0.012888,"7":0.01074,"8":0.002148,"9":0.015036,"10":0.070884,"11":0.04296,"12":0.13962,"13":0.002148,"14":0.040812,"15":0.04296,"16":0.040812,"17":0.027924,"18":0.019332,"19":0.019332,"20":0.034368,"21":0.049404,"22":0.045108,"23":0.004296,"24":0.03222,"25":0.019332,"26":0.01074,"27":0.008592,"28":0.01074,"29":0.066588,"30":0.08592,"31":0.055848,"32":0.047256,"33":0.081624,"34":0.0537,"35":0.165396,"36":0.070884,"37":0.264204,"38":2.478792,"39":0.315756,"40":0.002148,"41":0.004296,"42":0},"opera":{"9":0,"9.5-9.6":0,"10.0-10.1":0.002148,"10.5":0,"10.6":0.002148,"11":0.017184,"11.1":0.002148,"11.5":0.006444,"11.6":0.004296,"12":0,"12.1":0.206208,"15":0,"16":0,"17":0,"18":0.002148,"19":0.049404,"20":0.004296,"21":0,"22":0.002148,"23":0,"24":0.012888,"25":0.002148,"26":0,"27":0.01074,"28":0.030072,"29":0.212652,"30":0.272796,"31":0.01074,"32":0},"safari":{"3.1":0,"3.2":0,"4":0.002148,"5":0.002148,"5.1":0.03222,"6":0.023628,"6.1":0.004296,"7":0.017184,"7.1":0.06444,"8":0.305016,"9":0},"android":{"2.1":0,"2.2":0,"2.3":0.220218594446,"3":0,"4":0.650413058015,"4.1":2.22267139511,"4.2-4.3":4.41205393291,"4.4":7.75630375089,"4.4.3-4.4.4":3.36473526863,"40":null},"ios_saf":{"3.2":0,"4.0-4.1":0,"4.2-4.3":0,"5.0-5.1":0.0104185539086,"6.0-6.1":0.0335083220305,"7.0-7.1":0.339025375838,"8":0.019992360203,"8.1-8.4":2.37064338802,"9":null},"op_mob":{"10":0,"11":0,"11.1":0,"11.5":0,"12":0.0245502467532,"12.1":0.0368253701299,"0":0.331428331169},"ie":{"5.5":0.00215012989588,"6":0.019351169063,"7":0.0258015587506,"8":0.698792216163,"9":0.184911171046,"10":0.617087280119,"11":2.76506704611},"bb":{"7":0.009815,"10":null},"ie_mob":{"10":0.223042318841,"11":0.719197681159},"and_uc":{"0":8.197488},"op_mini":{"5.0-8.0":44.9760520519},"and_chr":{"0":4.61672},"edge":{"0":null},"and_ff":{"0":0.125632}},"total":98.1260995711}