{"id":"LS","name":"Lesotho","month":"2015-06","access_date":"2015-07-23","data":{"chrome":{"4":0,"5":0.00206,"6":0,"7":0,"8":0.00206,"9":0.00206,"10":0,"11":0.01442,"12":0.00206,"13":0,"14":0.00206,"15":0,"16":0.0412,"17":0,"18":0,"19":0,"20":0,"21":0.00412,"22":0.00824,"23":0.00206,"24":0.00206,"25":0.0103,"26":0.0206,"27":0.00206,"28":0,"29":0.00618,"30":0.00412,"31":0.07416,"32":0.00206,"33":0.01648,"34":0.05768,"35":0.02678,"36":0.15244,"37":0.01442,"38":0.02884,"39":0.25132,"40":0.0515,"41":0.0618,"42":0.1751,"43":5.17472,"44":0.00618,"45":0.1339,"46":0,"47":0},"firefox":{"2":0,"3":0.00824,"3.5":0.00618,"3.6":0.0515,"4":0.0206,"5":0.01236,"6":0.00206,"7":0.00824,"8":0.00618,"9":0.00206,"10":0.04532,"11":0.00618,"12":0.02266,"13":0.0103,"14":0.00412,"15":0.00412,"16":0.02266,"17":0.01854,"18":0.00412,"19":0.01648,"20":0.06386,"21":0.0206,"22":0.00824,"23":0.01442,"24":0,"25":0.01236,"26":0.01442,"27":0.01236,"28":0.02884,"29":0.01236,"30":0.06592,"31":0.0103,"32":0.01442,"33":0.06798,"34":0.01236,"35":0.04738,"36":0.0721,"37":0.2163,"38":2.03528,"39":0.2575,"40":0.00824,"41":0.0515,"42":0},"opera":{"9":0,"9.5-9.6":0.00206,"10.0-10.1":0,"10.5":0,"10.6":0,"11":0.00206,"11.1":0.00206,"11.5":0.00412,"11.6":0.00824,"12":0.00412,"12.1":0.03708,"15":0.02266,"16":0,"17":0,"18":0,"19":0,"20":0,"21":0,"22":0.00618,"23":0,"24":0.00412,"25":0.00206,"26":0.0103,"27":0.00618,"28":0.03502,"29":0.25132,"30":0.39552,"31":0.00206,"32":0},"safari":{"3.1":0,"3.2":0,"4":0.00824,"5":0.00206,"5.1":0.02678,"6":0.00412,"6.1":0.00824,"7":0.00824,"7.1":0.0309,"8":0.06798,"9":0},"android":{"2.1":0,"2.2":0,"2.3":0.0442782952983,"3":0,"4":0.1307754303,"4.1":0.446901864174,"4.2-4.3":0.887110497663,"4.4":1.55952274952,"4.4.3-4.4.4":0.676531163046,"40":null},"ios_saf":{"3.2":0,"4.0-4.1":0,"4.2-4.3":0,"5.0-5.1":0.00356912893401,"6.0-6.1":0.0114790903553,"7.0-7.1":0.116141384772,"8":0.00684886903553,"8.1-8.4":0.812121526904,"9":null},"op_mob":{"10":0,"11":0,"11.1":0,"11.5":0,"12":0.031717034632,"12.1":0.0475755519481,"0":0.428179967532},"ie":{"5.5":0,"6":0.0309,"7":0.03296,"8":1.30192,"9":0.618,"10":1.36372,"11":3.74096},"bb":{"7":0.25805,"10":null},"ie_mob":{"10":0.558216521739,"11":1.79996347826},"and_uc":{"0":5.3198},"op_mini":{"5.0-8.0":58.1056074459},"and_chr":{"0":6.29902},"edge":{"0":null},"and_ff":{"0":0.26202}},"total":95.51731}