{"id":"LT","name":"Lithuania","month":"2015-06","access_date":"2015-07-23","data":{"chrome":{"4":0.00895,"5":0,"6":0,"7":0,"8":0,"9":0,"10":0,"11":0.04475,"12":0.00895,"13":0.00895,"14":0,"15":0,"16":0,"17":0,"18":0.02685,"19":0,"20":0.00895,"21":0.00895,"22":0.02685,"23":0,"24":0.00895,"25":0.00895,"26":0.0358,"27":0.02685,"28":0.02685,"29":0.02685,"30":0.0358,"31":0.15215,"32":0.0537,"33":0.1074,"34":0.1253,"35":0.15215,"36":0.9487,"37":1.26195,"38":0.27745,"39":0.6802,"40":0.27745,"41":0.27745,"42":0.537,"43":37.63475,"44":0.18795,"45":0.2864,"46":0,"47":0},"firefox":{"2":0,"3":0.0179,"3.5":0.00895,"3.6":0.0537,"4":0.00895,"5":0.00895,"6":0.0179,"7":0.00895,"8":0.00895,"9":0.00895,"10":0.02685,"11":0.04475,"12":0.02685,"13":0.0179,"14":0.0179,"15":0.0179,"16":0.02685,"17":0.0179,"18":0.0179,"19":0.0179,"20":0.02685,"21":0.02685,"22":0.00895,"23":0.0179,"24":0.0358,"25":0.0179,"26":0.0358,"27":0.0179,"28":0.0358,"29":0.02685,"30":0.04475,"31":0.99345,"32":0.58175,"33":0.08055,"34":0.0895,"35":0.1969,"36":0.20585,"37":0.61755,"38":18.5981,"39":0.2864,"40":0.0179,"41":0.02685,"42":0},"opera":{"9":0,"9.5-9.6":0,"10.0-10.1":0,"10.5":0,"10.6":0.0179,"11":0,"11.1":0,"11.5":0.00895,"11.6":0.00895,"12":0.02685,"12.1":0.716,"15":0.00895,"16":0.00895,"17":0.06265,"18":0.0179,"19":0.00895,"20":0.0179,"21":0.00895,"22":0.00895,"23":0,"24":0.00895,"25":0.0179,"26":0.02685,"27":0.0179,"28":0.11635,"29":1.4678,"30":2.98035,"31":0.02685,"32":0},"safari":{"3.1":0,"3.2":0,"4":0.02685,"5":0.04475,"5.1":0.11635,"6":0.0179,"6.1":0.0716,"7":0.7518,"7.1":0.2327,"8":1.3246,"9":0},"android":{"2.1":0,"2.2":0,"2.3":0.0323688204564,"3":0,"4":0.0956009348364,"4.1":0.32669925763,"4.2-4.3":0.648505554028,"4.4":1.14005996701,"4.4.3-4.4.4":0.494565466043,"40":null},"ios_saf":{"3.2":0,"4.0-4.1":0,"4.2-4.3":0,"5.0-5.1":0.0106152436548,"6.0-6.1":0.0341409187817,"7.0-7.1":0.345425766497,"8":0.0203697918782,"8.1-8.4":2.41539827919,"9":null},"op_mob":{"10":0,"11":0,"11.1":0,"11.5":0,"12":0.000409090909091,"12.1":0.000613636363636,"0":0.00552272727273},"ie":{"5.5":0,"6":0.0270773672055,"7":0.0451289453426,"8":1.2906878368,"9":0.956733641263,"10":0.866475750577,"11":8.53839645881},"bb":{"7":0.0055125,"10":null},"ie_mob":{"10":0.124026811594,"11":0.399923188406},"and_uc":{"0":0.1449},"op_mini":{"5.0-8.0":0.749454545455},"and_chr":{"0":6.045},"edge":{"0":null},"and_ff":{"0":0.0819}},"total":98.6561625}