{"id":"LU","name":"Luxembourg","month":"2015-06","access_date":"2015-07-23","data":{"chrome":{"4":0,"5":0,"6":0,"7":0,"8":0,"9":0,"10":0.01613,"11":0.040325,"12":0.008065,"13":0,"14":0,"15":0,"16":0,"17":0,"18":0.008065,"19":0,"20":0,"21":0.024195,"22":0.024195,"23":0.01613,"24":0.008065,"25":0.008065,"26":0.01613,"27":0.024195,"28":0.01613,"29":0.01613,"30":0.024195,"31":0.250015,"32":0.072585,"33":0.04839,"34":0.03226,"35":0.09678,"36":0.46777,"37":0.51616,"38":0.120975,"39":0.201625,"40":0.217755,"41":0.169365,"42":0.572615,"43":21.057715,"44":0.088715,"45":0.08065,"46":0,"47":0},"firefox":{"2":0,"3":0.01613,"3.5":0.008065,"3.6":0.11291,"4":0.01613,"5":0.008065,"6":0.008065,"7":0.008065,"8":0,"9":0.008065,"10":0.056455,"11":0.01613,"12":0.040325,"13":0.008065,"14":0.008065,"15":0.008065,"16":0.09678,"17":0.056455,"18":0.008065,"19":0.024195,"20":0.01613,"21":0.024195,"22":0.06452,"23":0.024195,"24":0.088715,"25":0.03226,"26":0.04839,"27":0.056455,"28":0.06452,"29":0.33873,"30":0.137105,"31":1.266205,"32":0.250015,"33":0.120975,"34":0.217755,"35":0.185495,"36":0.25808,"37":0.88715,"38":15.75901,"39":0.169365,"40":0.01613,"41":0.008065,"42":0},"opera":{"9":0,"9.5-9.6":0,"10.0-10.1":0,"10.5":0,"10.6":0,"11":0,"11.1":0,"11.5":0,"11.6":0,"12":0.008065,"12.1":0.120975,"15":0,"16":0,"17":0,"18":0.008065,"19":0.008065,"20":0,"21":0,"22":0,"23":0,"24":0,"25":0,"26":0,"27":0,"28":0.008065,"29":0.217755,"30":0.38712,"31":0.008065,"32":0},"safari":{"3.1":0,"3.2":0,"4":0.056455,"5":0.201625,"5.1":1.03232,"6":0.153235,"6.1":0.588745,"7":0.653265,"7.1":1.201685,"8":4.45188,"9":0},"android":{"2.1":0,"2.2":0,"2.3":0.0338735839978,"3":0,"4":0.100045236459,"4.1":0.341886871048,"4.2-4.3":0.678653316607,"4.4":1.19305913871,"4.4.3-4.4.4":0.517556853176,"40":null},"ios_saf":{"3.2":0,"4.0-4.1":0,"4.2-4.3":0,"5.0-5.1":0.0586406989848,"6.0-6.1":0.188601167005,"7.0-7.1":1.90820004264,"8":0.112526746701,"8.1-8.4":13.3431363447,"9":null},"op_mob":{"10":0,"11":0,"11.1":0,"11.5":0,"12":4.71185064935e-5,"12.1":7.06777597403e-5,"0":0.000636099837662},"ie":{"5.5":0,"6":0.516625848375,"7":0.0403613944043,"8":3.01096002256,"9":2.32481631769,"10":1.55794982401,"11":10.437456593},"bb":{"7":0.01499625,"10":null},"ie_mob":{"10":0.0655002173913,"11":0.211204782609},"and_uc":{"0":0.106425},"op_mini":{"5.0-8.0":0.0863211038961},"and_chr":{"0":7.677685},"edge":{"0":null},"and_ff":{"0":0.14319}},"total":98.56075625}