{"id":"LY","name":"Libya","month":"2015-06","access_date":"2015-07-23","data":{"chrome":{"4":0.033817,"5":0.024155,"6":0.067634,"7":0.004831,"8":0.043479,"9":0.033817,"10":0.014493,"11":0.077296,"12":0.053141,"13":0.077296,"14":0.062803,"15":0.086958,"16":0.053141,"17":0.014493,"18":0.009662,"19":0.019324,"20":0.019324,"21":0.014493,"22":0.009662,"23":0.014493,"24":0.009662,"25":0.014493,"26":0.019324,"27":0.019324,"28":0.014493,"29":0.019324,"30":0.09662,"31":0.04831,"32":0.024155,"33":0.265705,"34":0.062803,"35":0.043479,"36":0.198071,"37":0.101451,"38":0.135268,"39":0.608706,"40":0.487931,"41":0.212564,"42":0.405804,"43":16.410907,"44":0.043479,"45":0.154592,"46":0,"47":0},"firefox":{"2":0.004831,"3":0.019324,"3.5":0.004831,"3.6":0.04831,"4":0.014493,"5":0.019324,"6":0.043479,"7":0.024155,"8":0.024155,"9":0.033817,"10":0.033817,"11":0.024155,"12":0.159423,"13":0.033817,"14":0.024155,"15":0.028986,"16":0.033817,"17":0.024155,"18":0.009662,"19":0.024155,"20":0.024155,"21":0.019324,"22":0.014493,"23":0.028986,"24":0.019324,"25":0.033817,"26":0.033817,"27":0.028986,"28":0.028986,"29":0.062803,"30":0.062803,"31":0.09662,"32":0.14493,"33":0.077296,"34":0.086958,"35":0.120775,"36":0.106282,"37":0.275367,"38":16.198343,"39":0.227057,"40":0.014493,"41":0.004831,"42":0},"opera":{"9":0,"9.5-9.6":0,"10.0-10.1":0,"10.5":0,"10.6":0,"11":0,"11.1":0.004831,"11.5":0.014493,"11.6":0.014493,"12":0.053141,"12.1":0.130437,"15":0.004831,"16":0,"17":0.004831,"18":0.019324,"19":0.004831,"20":0.033817,"21":0,"22":0.004831,"23":0,"24":0.004831,"25":0,"26":0.004831,"27":0.004831,"28":0.014493,"29":0.294691,"30":0.362325,"31":0.004831,"32":0},"safari":{"3.1":0,"3.2":0,"4":0,"5":0.004831,"5.1":0.019324,"6":0.009662,"6.1":0.009662,"7":0.082127,"7.1":0.024155,"8":0.115944,"9":0},"android":{"2.1":0,"2.2":0,"2.3":0.107182483365,"3":0,"4":0.316562218312,"4.1":1.08179529722,"4.2-4.3":2.14738859115,"4.4":3.77506676877,"4.4.3-4.4.4":1.63764864119,"40":null},"ios_saf":{"3.2":0,"4.0-4.1":0,"4.2-4.3":0,"5.0-5.1":0.0264624713706,"6.0-6.1":0.0851090295431,"7.0-7.1":0.861103122437,"8":0.0507793369543,"8.1-8.4":6.0212850397,"9":null},"op_mob":{"10":0,"11":0,"11.1":0,"11.5":0,"12":0.0135098863636,"12.1":0.0202648295455,"0":0.182383465909},"ie":{"5.5":0.00484432689655,"6":0.0193773075862,"7":0.0193773075862,"8":0.620073842759,"9":0.387546151724,"10":0.537720285517,"11":1.91835345103},"bb":{"7":0.00387675,"10":null},"ie_mob":{"10":0.0183536956522,"11":0.0591813043478},"and_uc":{"0":1.5507},"op_mini":{"5.0-8.0":24.7501118182},"and_chr":{"0":11.636887},"edge":{"0":null},"and_ff":{"0":0.175746}},"total":97.7491724231}