{"id":"MA","name":"Morocco","month":"2015-06","access_date":"2015-07-23","data":{"chrome":{"4":0.040128,"5":0.053504,"6":0.107008,"7":0.053504,"8":0.046816,"9":0.013376,"10":0.046816,"11":0.093632,"12":0.107008,"13":0.040128,"14":0.040128,"15":0.013376,"16":0.026752,"17":0.026752,"18":0.006688,"19":0.013376,"20":0.006688,"21":0.020064,"22":0.073568,"23":0.040128,"24":0.03344,"25":0.060192,"26":0.086944,"27":0.06688,"28":0.073568,"29":0.073568,"30":0.160512,"31":0.147136,"32":0.073568,"33":0.220704,"34":0.107008,"35":0.254144,"36":0.588544,"37":0.70224,"38":0.394592,"39":0.943008,"40":1.277408,"41":0.528352,"42":0.909568,"43":31.112576,"44":0.20064,"45":0.173888,"46":0,"47":0},"firefox":{"2":0.013376,"3":0.140448,"3.5":0.053504,"3.6":0.193952,"4":0.03344,"5":0.03344,"6":0.026752,"7":0.013376,"8":0.020064,"9":0.020064,"10":0.046816,"11":0.046816,"12":0.093632,"13":0.03344,"14":0.053504,"15":0.080256,"16":0.080256,"17":0.046816,"18":0.03344,"19":0.040128,"20":0.073568,"21":0.040128,"22":0.040128,"23":0.053504,"24":0.060192,"25":0.06688,"26":0.080256,"27":0.06688,"28":0.060192,"29":0.113696,"30":0.1672,"31":0.46816,"32":0.407968,"33":0.26752,"34":0.254144,"35":0.387904,"36":0.354464,"37":0.762432,"38":10.286144,"39":0.180576,"40":0.03344,"41":0.006688,"42":0},"opera":{"9":0,"9.5-9.6":0,"10.0-10.1":0,"10.5":0,"10.6":0,"11":0,"11.1":0,"11.5":0.006688,"11.6":0.020064,"12":0.006688,"12.1":0.093632,"15":0.006688,"16":0.006688,"17":0.006688,"18":0.006688,"19":0.006688,"20":0.013376,"21":0.006688,"22":0.006688,"23":0.006688,"24":0.006688,"25":0.020064,"26":0.026752,"27":0.026752,"28":0.060192,"29":0.628672,"30":1.150336,"31":0.006688,"32":0},"safari":{"3.1":0,"3.2":0,"4":0.03344,"5":0.060192,"5.1":0.10032,"6":0.046816,"6.1":0.046816,"7":0.381216,"7.1":0.107008,"8":0.555104,"9":0},"android":{"2.1":0,"2.2":0,"2.3":0.130988049491,"3":0,"4":0.386871681056,"4.1":1.32206542975,"4.2-4.3":2.62433034039,"4.4":4.61352095243,"4.4.3-4.4.4":2.00137554688,"40":null},"ios_saf":{"3.2":0,"4.0-4.1":0,"4.2-4.3":0,"5.0-5.1":0.0192151780711,"6.0-6.1":0.0618001673096,"7.0-7.1":0.625272281015,"8":0.036872368731,"8.1-8.4":4.37223200487,"9":null},"op_mob":{"10":0,"11":0,"11.1":0,"11.5":0,"12":0.00324031168831,"12.1":0.00486046753247,"0":0.0437442077922},"ie":{"5.5":0,"6":0.0783898726592,"7":0.114021632959,"8":0.99768928839,"9":0.342064898876,"10":0.292180434457,"11":1.96687316854},"bb":{"7":0.03312,"10":null},"ie_mob":{"10":0.177184,"11":0.571328},"and_uc":{"0":0.957168},"op_mini":{"5.0-8.0":5.93625101299},"and_chr":{"0":12.284912},"edge":{"0":null},"and_ff":{"0":0.145728}},"total":97.9878112959}