{"id":"MC","name":"Monaco","month":"2015-06","access_date":"2015-07-23","data":{"chrome":{"4":0,"5":0,"6":0,"7":0,"8":0,"9":0,"10":0,"11":0.01696,"12":0,"13":0.00848,"14":0,"15":0,"16":0,"17":0,"18":0,"19":0,"20":0,"21":0.05088,"22":0.00848,"23":0.0424,"24":0.00848,"25":0.0848,"26":0.13568,"27":0.00848,"28":0.01696,"29":0.00848,"30":0,"31":0.11872,"32":0.01696,"33":0.03392,"34":0.0424,"35":0.01696,"36":0.05936,"37":0.05088,"38":0.15264,"39":0.13568,"40":0.17808,"41":0.2544,"42":0.66144,"43":25.49936,"44":0.07632,"45":0.0424,"46":0,"47":0},"firefox":{"2":0,"3":0,"3.5":0.00848,"3.6":0.01696,"4":0,"5":0.00848,"6":0.00848,"7":0.00848,"8":0,"9":0.00848,"10":0.00848,"11":0,"12":0.05936,"13":0,"14":0,"15":0,"16":0.05088,"17":0,"18":0,"19":0,"20":0,"21":0.00848,"22":0.00848,"23":0.00848,"24":0.00848,"25":0.00848,"26":0.0424,"27":0.00848,"28":0,"29":0.00848,"30":0.00848,"31":0.17808,"32":0.03392,"33":0.09328,"34":0.03392,"35":0.16112,"36":0.0848,"37":0.35616,"38":11.236,"39":0.13568,"40":0,"41":0,"42":0},"opera":{"9":0.00848,"9.5-9.6":0,"10.0-10.1":0,"10.5":0,"10.6":0,"11":0,"11.1":0,"11.5":0,"11.6":0,"12":0,"12.1":0.03392,"15":0,"16":0,"17":0,"18":0,"19":0,"20":0,"21":0,"22":0,"23":0,"24":0,"25":0,"26":0,"27":0,"28":0,"29":0.06784,"30":0.11872,"31":0,"32":0},"safari":{"3.1":0,"3.2":0,"4":0.1696,"5":0.19504,"5.1":1.38224,"6":0.5512,"6.1":1.11936,"7":0.77168,"7.1":2.42528,"8":9.70112,"9":0.00848},"android":{"2.1":0,"2.2":0,"2.3":0.0122258564751,"3":0,"4":0.0361089249381,"4.1":0.123395853726,"4.2-4.3":0.244943612868,"4.4":0.430606037943,"4.4.3-4.4.4":0.18679971405,"40":null},"ios_saf":{"3.2":0,"4.0-4.1":0,"4.2-4.3":0,"5.0-5.1":0.0771514233503,"6.0-6.1":0.248135658883,"7.0-7.1":2.51054901929,"8":0.148047325888,"8.1-8.4":17.5550765726,"9":null},"op_mob":{"10":0,"11":0,"11.1":0,"11.5":0,"12":2.96103896104e-5,"12.1":4.44155844156e-5,"0":0.00039974025974},"ie":{"5.5":0,"6":0,"7":0.0340313957307,"8":1.46335001642,"9":1.53141280788,"10":1.34424013136,"11":11.1708056486},"bb":{"7":0.01748,"10":null},"ie_mob":{"10":0.138885410628,"11":0.447834589372},"and_uc":{"0":0.10488},"op_mini":{"5.0-8.0":0.0542462337662},"and_chr":{"0":3.55304},"edge":{"0":null},"and_ff":{"0":0.03344}},"total":98.351}