{"id":"MD","name":"Moldova","month":"2015-06","access_date":"2015-07-23","data":{"chrome":{"4":0.026583,"5":0.035444,"6":0.008861,"7":0.017722,"8":0.053166,"9":0.008861,"10":0.026583,"11":0.035444,"12":0.115193,"13":0.062027,"14":0.017722,"15":0.044305,"16":0.044305,"17":0.079749,"18":0.070888,"19":0.008861,"20":0.026583,"21":0.017722,"22":0.044305,"23":0.017722,"24":0.026583,"25":0.008861,"26":0.044305,"27":0.070888,"28":0.186081,"29":0.026583,"30":0.044305,"31":0.079749,"32":0.097471,"33":0.08861,"34":0.08861,"35":0.168359,"36":0.451911,"37":0.505077,"38":0.159498,"39":0.584826,"40":0.230386,"41":0.487355,"42":0.850656,"43":53.103973,"44":0.673436,"45":1.50637,"46":0,"47":0},"firefox":{"2":0.008861,"3":0.017722,"3.5":0.017722,"3.6":0.124054,"4":0.017722,"5":0.008861,"6":0.008861,"7":0.008861,"8":0,"9":0.008861,"10":0.044305,"11":0.017722,"12":0.026583,"13":0.008861,"14":0.008861,"15":0.026583,"16":0.044305,"17":0.044305,"18":0.008861,"19":0.008861,"20":0.026583,"21":0.053166,"22":0.008861,"23":0.017722,"24":0.106332,"25":0.017722,"26":0.035444,"27":0.017722,"28":0.062027,"29":0.115193,"30":0.062027,"31":0.903822,"32":0.283552,"33":0.097471,"34":0.062027,"35":0.115193,"36":0.17722,"37":0.256969,"38":7.815402,"39":0.097471,"40":0.008861,"41":0,"42":0},"opera":{"9":0,"9.5-9.6":0,"10.0-10.1":0,"10.5":0,"10.6":0.008861,"11":0.008861,"11.1":0.017722,"11.5":0.017722,"11.6":0.053166,"12":0.17722,"12.1":0.700019,"15":0,"16":0.026583,"17":0,"18":0.017722,"19":0.044305,"20":0.017722,"21":0.008861,"22":0.026583,"23":0.008861,"24":0.008861,"25":0.026583,"26":0.017722,"27":0.017722,"28":0.070888,"29":1.019015,"30":2.135501,"31":0.017722,"32":0},"safari":{"3.1":0,"3.2":0,"4":0.008861,"5":0.026583,"5.1":0.062027,"6":0.008861,"6.1":0.017722,"7":0.318996,"7.1":0.070888,"8":0.637992,"9":0},"android":{"2.1":0,"2.2":0,"2.3":0.0347718311795,"3":0,"4":0.102698199065,"4.1":0.350952900742,"4.2-4.3":0.696649594446,"4.4":1.22469624003,"4.4.3-4.4.4":0.531281234534,"40":null},"ios_saf":{"3.2":0,"4.0-4.1":0,"4.2-4.3":0,"5.0-5.1":0.0111480248731,"6.0-6.1":0.0358544583756,"7.0-7.1":0.36276275533,"8":0.0213921558376,"8.1-8.4":2.53662760558,"9":null},"op_mob":{"10":0,"11":0,"11.1":0,"11.5":0,"12":0.00097813474026,"12.1":0.00146720211039,"0":0.0132048189935},"ie":{"5.5":0,"6":0.0268668042705,"7":0.035822405694,"8":1.19109498932,"9":0.483602476868,"10":0.456735672598,"11":2.83892565125},"bb":{"7":0.0062645,"10":null},"ie_mob":{"10":0.11054352657,"11":0.35644647343},"and_uc":{"0":0.257414},"op_mini":{"5.0-8.0":1.79194284416},"and_chr":{"0":5.708548},"edge":{"0":null},"and_ff":{"0":0.04556}},"total":95.8819025}