{"id":"ME","name":"Montenegro","month":"2015-06","access_date":"2015-07-23","data":{"chrome":{"4":0.021735,"5":0.007245,"6":0.021735,"7":0,"8":0.02898,"9":0.01449,"10":0.13041,"11":0.094185,"12":0.050715,"13":0.007245,"14":0.021735,"15":0.007245,"16":0.04347,"17":0,"18":0.108675,"19":0,"20":0.007245,"21":0,"22":0.21735,"23":0.007245,"24":0.01449,"25":0.01449,"26":0.123165,"27":0.036225,"28":0.05796,"29":0.02898,"30":0.036225,"31":0.18837,"32":0.05796,"33":0.15939,"34":0.137655,"35":0.094185,"36":0.31878,"37":0.383985,"38":0.297045,"39":0.85491,"40":0.441945,"41":0.224595,"42":0.485415,"43":41.47038,"44":0.1449,"45":0.31878,"46":0,"47":0},"firefox":{"2":0.007245,"3":0.007245,"3.5":0.01449,"3.6":0.036225,"4":0.007245,"5":0,"6":0.007245,"7":0,"8":0.01449,"9":0.007245,"10":0.065205,"11":0.01449,"12":0.021735,"13":0.01449,"14":0.01449,"15":0.01449,"16":0.01449,"17":0.007245,"18":0.01449,"19":0.01449,"20":0.01449,"21":0.050715,"22":0.007245,"23":0.021735,"24":0.01449,"25":0.01449,"26":0.036225,"27":0.007245,"28":0.01449,"29":0.02898,"30":0.036225,"31":0.152145,"32":0.123165,"33":0.050715,"34":0.04347,"35":0.079695,"36":0.137655,"37":0.398475,"38":10.599435,"39":0.355005,"40":0.007245,"41":0.007245,"42":0},"opera":{"9":0,"9.5-9.6":0,"10.0-10.1":0.007245,"10.5":0,"10.6":0,"11":0,"11.1":0,"11.5":0.007245,"11.6":0.007245,"12":0.02898,"12.1":0.69552,"15":0.007245,"16":0,"17":0,"18":0.007245,"19":0.01449,"20":0.021735,"21":0.007245,"22":0.007245,"23":0,"24":0.01449,"25":0,"26":0.036225,"27":0.007245,"28":0.04347,"29":0.615825,"30":1.36206,"31":0.007245,"32":0},"safari":{"3.1":0,"3.2":0,"4":0,"5":0.036225,"5.1":0.05796,"6":0.007245,"6.1":0.02898,"7":0.08694,"7.1":0.079695,"8":0.326025,"9":0},"android":{"2.1":0,"2.2":0,"2.3":0.121352691779,"3":0,"4":0.358413764091,"4.1":1.22481554028,"4.2-4.3":2.43128706901,"4.4":4.27415469068,"4.4.3-4.4.4":1.85415624416,"40":null},"ios_saf":{"3.2":0,"4.0-4.1":0,"4.2-4.3":0,"5.0-5.1":0.0211999482234,"6.0-6.1":0.0681836172589,"7.0-7.1":0.689857774619,"8":0.0406809817259,"8.1-8.4":4.82384767817,"9":null},"op_mob":{"10":0,"11":0,"11.1":0,"11.5":0,"12":0.000876590909091,"12.1":0.00131488636364,"0":0.0118339772727},"ie":{"5.5":0,"6":0.03646125,"7":0.02187675,"8":0.76568625,"9":0.37190475,"10":0.2771055,"11":1.8814005},"bb":{"7":0.008265,"10":null},"ie_mob":{"10":0.127821352657,"11":0.412158647343},"and_uc":{"0":0.123975},"op_mini":{"5.0-8.0":1.60591454545},"and_chr":{"0":13.72656},"edge":{"0":null},"and_ff":{"0":0.074385}},"total":98.05372}