{"id":"MK","name":"Macedonia","month":"2015-06","access_date":"2015-07-23","data":{"chrome":{"4":0.016116,"5":0.008058,"6":0.008058,"7":0,"8":0.008058,"9":0.016116,"10":0.008058,"11":0.064464,"12":0.016116,"13":0.024174,"14":0.008058,"15":0.016116,"16":0.008058,"17":0,"18":0.024174,"19":0.008058,"20":0.008058,"21":0.008058,"22":0.12087,"23":0.016116,"24":0.024174,"25":0.008058,"26":0.056406,"27":0.024174,"28":0.032232,"29":0.04029,"30":0.088638,"31":0.112812,"32":0.072522,"33":0.217566,"34":0.104754,"35":0.169218,"36":0.48348,"37":0.499596,"38":0.394842,"39":0.88638,"40":0.386784,"41":0.346494,"42":0.580176,"43":48.847596,"44":0.354552,"45":0.427074,"46":0,"47":0},"firefox":{"2":0.04029,"3":0.048348,"3.5":0.024174,"3.6":0.338436,"4":0.008058,"5":0.032232,"6":0.04029,"7":0.024174,"8":0.008058,"9":0.008058,"10":0.024174,"11":0.016116,"12":0.024174,"13":0.016116,"14":0.016116,"15":0.008058,"16":0.024174,"17":0.08058,"18":0.024174,"19":0.024174,"20":0.032232,"21":0.024174,"22":0.024174,"23":0.024174,"24":0.024174,"25":0.008058,"26":0.04029,"27":0.016116,"28":0.032232,"29":0.064464,"30":0.048348,"31":0.273972,"32":0.169218,"33":0.064464,"34":0.16116,"35":0.177276,"36":0.12087,"37":0.507654,"38":12.908916,"39":0.338436,"40":0.008058,"41":0.008058,"42":0},"opera":{"9":0,"9.5-9.6":0.008058,"10.0-10.1":0,"10.5":0,"10.6":0,"11":0,"11.1":0,"11.5":0.008058,"11.6":0.016116,"12":0.008058,"12.1":0.249798,"15":0,"16":0,"17":0,"18":0.008058,"19":0.048348,"20":0,"21":0,"22":0.008058,"23":0,"24":0,"25":0,"26":0.016116,"27":0.008058,"28":0.04029,"29":0.556002,"30":1.023366,"31":0.008058,"32":0},"safari":{"3.1":0,"3.2":0,"4":0.008058,"5":0.016116,"5.1":0.064464,"6":0.008058,"6.1":0.016116,"7":0.193392,"7.1":0.032232,"8":0.298146,"9":0},"android":{"2.1":0,"2.2":0,"2.3":0.0699957003024,"3":0,"4":0.20673148694,"4.1":0.70646823096,"4.2-4.3":1.40235571652,"4.4":2.46531367693,"4.4.3-4.4.4":1.06946918834,"40":null},"ios_saf":{"3.2":0,"4.0-4.1":0,"4.2-4.3":0,"5.0-5.1":0.0144260633503,"6.0-6.1":0.0463973388832,"7.0-7.1":0.469431899289,"8":0.0276824458883,"8.1-8.4":3.28251425259,"9":null},"op_mob":{"10":0,"11":0,"11.1":0,"11.5":0,"12":0.000421397186147,"12.1":0.000632095779221,"0":0.00568886201299},"ie":{"5.5":0,"6":0.0405791626794,"7":0.0405791626794,"8":0.68984576555,"9":0.3165174689,"10":0.267822473684,"11":2.03707396651},"bb":{"7":0.0063115,"10":null},"ie_mob":{"10":0.0763102801932,"11":0.246061719807},"and_uc":{"0":0.100984},"op_mini":{"5.0-8.0":0.771999645022},"and_chr":{"0":11.710466},"edge":{"0":null},"and_ff":{"0":0.085448}},"total":99.2516455}