{"id":"ML","name":"Mali","month":"2015-06","access_date":"2015-07-23","data":{"chrome":{"4":0.003376,"5":0.003376,"6":0.001688,"7":0,"8":0.003376,"9":0.010128,"10":0.001688,"11":0.05064,"12":0.003376,"13":0.010128,"14":0.00844,"15":0.00844,"16":0.001688,"17":0,"18":0.001688,"19":0.001688,"20":0.001688,"21":0.005064,"22":0.001688,"23":0.001688,"24":0,"25":0.010128,"26":0.003376,"27":0.003376,"28":0.005064,"29":0.001688,"30":0.018568,"31":0.180616,"32":0.006752,"33":0.018568,"34":0.003376,"35":0.015192,"36":0.09284,"37":0.037136,"38":0.032072,"39":0.153608,"40":0.111408,"41":0.055704,"42":0.140104,"43":3.94148,"44":0.054016,"45":0.045576,"46":0,"47":0},"firefox":{"2":0.015192,"3":0.079336,"3.5":0.027008,"3.6":0.021944,"4":0.018568,"5":0.02532,"6":0.006752,"7":0.006752,"8":0.015192,"9":0.01688,"10":0.013504,"11":0.021944,"12":0.065832,"13":0.021944,"14":0.030384,"15":0.018568,"16":0.045576,"17":0.048952,"18":0.035448,"19":0.023632,"20":0.018568,"21":0.02532,"22":0.0844,"23":0.011816,"24":0.01688,"25":0.052328,"26":0.011816,"27":0.114784,"28":0.011816,"29":0.032072,"30":0.094528,"31":0.077648,"32":0.035448,"33":0.111408,"34":0.064144,"35":0.094528,"36":0.124912,"37":0.315656,"38":3.87396,"39":0.104656,"40":0.011816,"41":0.003376,"42":0},"opera":{"9":0,"9.5-9.6":0,"10.0-10.1":0.052328,"10.5":0,"10.6":0,"11":0.003376,"11.1":0,"11.5":0.001688,"11.6":0.006752,"12":0.003376,"12.1":0.021944,"15":0.001688,"16":0.001688,"17":0.003376,"18":0.001688,"19":0.011816,"20":0.003376,"21":0.001688,"22":0.001688,"23":0,"24":0.001688,"25":0,"26":0.001688,"27":0.005064,"28":0.011816,"29":0.106344,"30":0.123224,"31":0.001688,"32":0},"safari":{"3.1":0,"3.2":0,"4":0.00844,"5":0.020256,"5.1":0.030384,"6":0.05908,"6.1":0.020256,"7":0.060768,"7.1":0.035448,"8":0.205936,"9":0},"android":{"2.1":0,"2.2":0,"2.3":0.159212507011,"3":0,"4":0.47023228815,"4.1":1.60693553588,"4.2-4.3":3.18980406489,"4.4":5.60761260159,"4.4.3-4.4.4":2.43261900247,"40":null},"ios_saf":{"3.2":0,"4.0-4.1":0,"4.2-4.3":0,"5.0-5.1":0.00672463918782,"6.0-6.1":0.0216278936041,"7.0-7.1":0.218823394112,"8":0.0129040373604,"8.1-8.4":1.53012803574,"9":null},"op_mob":{"10":0,"11":0,"11.1":0,"11.5":0,"12":0.0124095281385,"12.1":0.0186142922078,"0":0.16752862987},"ie":{"5.5":0,"6":0.0321964306499,"7":0.0203345877789,"8":0.472779165858,"9":0.315186110572,"10":0.525310184287,"11":1.97923321048},"bb":{"7":0.043638,"10":null},"ie_mob":{"10":0.173146589372,"11":0.558309410628},"and_uc":{"0":30.67128},"op_mini":{"5.0-8.0":22.7342555498},"and_chr":{"0":6.678456},"edge":{"0":null},"and_ff":{"0":0.265984}},"total":91.6349416896}