{"id":"MM","name":"Myanmar","month":"2015-06","access_date":"2015-07-23","data":{"chrome":{"4":0,"5":0.002462,"6":0.002462,"7":0,"8":0.002462,"9":0,"10":0.002462,"11":0.081246,"12":0.014772,"13":0.002462,"14":0.002462,"15":0.004924,"16":0,"17":0.002462,"18":0.004924,"19":0.002462,"20":0.004924,"21":0.002462,"22":0.004924,"23":0.002462,"24":0.007386,"25":0.01231,"26":0.002462,"27":0.007386,"28":0.03693,"29":0.007386,"30":0.017234,"31":0.07386,"32":0.014772,"33":0.044316,"34":0.017234,"35":0.02462,"36":0.315136,"37":0.403768,"38":0.029544,"39":0.11079,"40":0.064012,"41":0.088632,"42":0.083708,"43":3.387712,"44":0.051702,"45":0.076322,"46":0,"47":0},"firefox":{"2":0.03693,"3":0.03693,"3.5":0.01231,"3.6":0.093556,"4":0.078784,"5":0.044316,"6":0.03693,"7":0.029544,"8":0.027082,"9":0.041854,"10":0.039392,"11":0.068936,"12":0.16003,"13":0.083708,"14":0.081246,"15":0.113252,"16":0.064012,"17":0.064012,"18":0.076322,"19":0.130486,"20":0.056626,"21":0.08617,"22":0.054164,"23":0.105866,"24":0.078784,"25":0.105866,"26":0.137872,"27":0.140334,"28":0.083708,"29":0.361914,"30":0.342218,"31":0.485014,"32":0.349604,"33":0.38161,"34":0.275744,"35":0.39392,"36":0.38161,"37":0.654892,"38":7.019162,"39":1.275316,"40":0.007386,"41":0.014772,"42":0},"opera":{"9":0,"9.5-9.6":0,"10.0-10.1":0,"10.5":0,"10.6":0,"11":0.002462,"11.1":0,"11.5":0,"11.6":0,"12":0,"12.1":0.007386,"15":0,"16":0,"17":0,"18":0.002462,"19":0.004924,"20":0,"21":0,"22":0,"23":0,"24":0,"25":0.002462,"26":0.002462,"27":0.002462,"28":0.007386,"29":0.04924,"30":0.108328,"31":0,"32":0},"safari":{"3.1":0,"3.2":0,"4":0,"5":0.022158,"5.1":0.017234,"6":0.009848,"6.1":0.014772,"7":0.44316,"7.1":0.054164,"8":0.450546,"9":0},"android":{"2.1":0,"2.2":0,"2.3":0.505099706901,"3":0,"4":1.49180611108,"4.1":5.09798308826,"4.2-4.3":10.1196138952,"4.4":17.7900815373,"4.4.3-4.4.4":7.71745366126,"40":null},"ios_saf":{"3.2":0,"4.0-4.1":0,"4.2-4.3":0,"5.0-5.1":0.0146404980711,"6.0-6.1":0.0470870073096,"7.0-7.1":0.476409721015,"8":0.028093928731,"8.1-8.4":3.33130684487,"9":null},"op_mob":{"10":0,"11":0,"11.1":0,"11.5":0,"12":0.00282675,"12.1":0.004240125,"0":0.038161125},"ie":{"5.5":0,"6":0.00247674251497,"7":0.00247674251497,"8":0.180802203593,"9":0.0941162155689,"10":0.113930155689,"11":0.84209245509},"bb":{"7":0.0018845,"10":null},"ie_mob":{"10":0.0160592173913,"11":0.0517827826087},"and_uc":{"0":6.188698},"op_mini":{"5.0-8.0":5.178606},"and_chr":{"0":17.939404},"edge":{"0":null},"and_ff":{"0":1.183466}},"total":98.791795015}