{"id":"MO","name":"Macao","month":"2015-06","access_date":"2015-07-23","data":{"chrome":{"4":0,"5":0,"6":0,"7":0,"8":0,"9":0,"10":0,"11":0.049448,"12":0.012362,"13":0,"14":0.006181,"15":0.006181,"16":0,"17":0.012362,"18":0.018543,"19":0,"20":0.018543,"21":0.043267,"22":0.037086,"23":0.006181,"24":0.012362,"25":0.037086,"26":0.037086,"27":0.055629,"28":0.030905,"29":0.030905,"30":0.086534,"31":2.218979,"32":0.024724,"33":0.166887,"34":0.098896,"35":0.173068,"36":0.407946,"37":0.395584,"38":0.290507,"39":0.772625,"40":0.67991,"41":0.6181,"42":1.600879,"43":22.721356,"44":0.098896,"45":0.117439,"46":0,"47":0},"firefox":{"2":0,"3":0,"3.5":0.006181,"3.6":0.018543,"4":0,"5":0.006181,"6":0,"7":0,"8":0,"9":0.018543,"10":0.006181,"11":0.006181,"12":0.012362,"13":0.006181,"14":0.012362,"15":0.006181,"16":0.018543,"17":0,"18":0,"19":0.006181,"20":0.012362,"21":0.006181,"22":0,"23":0.024724,"24":0.006181,"25":0.006181,"26":0.012362,"27":0.006181,"28":0,"29":0.006181,"30":0.012362,"31":0.18543,"32":0.135982,"33":0.024724,"34":0.074172,"35":0.055629,"36":0.067991,"37":0.166887,"38":5.13023,"39":0.098896,"40":0.006181,"41":0.006181,"42":0},"opera":{"9":0,"9.5-9.6":0,"10.0-10.1":0,"10.5":0,"10.6":0,"11":0,"11.1":0,"11.5":0,"11.6":0.006181,"12":0.006181,"12.1":0.055629,"15":0,"16":0,"17":0,"18":0,"19":0,"20":0,"21":0,"22":0,"23":0,"24":0,"25":0.006181,"26":0,"27":0,"28":0.043267,"29":0.074172,"30":0.12362,"31":0,"32":0},"safari":{"3.1":0,"3.2":0,"4":0.006181,"5":0.067991,"5.1":0.241059,"6":0.074172,"6.1":0.117439,"7":0.482118,"7.1":0.333774,"8":1.563793,"9":0},"android":{"2.1":0,"2.2":0,"2.3":0.082801211438,"3":0,"4":0.244552415177,"4.1":0.835714552653,"4.2-4.3":1.65891264311,"4.4":2.91633569123,"4.4.3-4.4.4":1.26512548639,"40":null},"ios_saf":{"3.2":0,"4.0-4.1":0,"4.2-4.3":0,"5.0-5.1":0.0850914580711,"6.0-6.1":0.27367252731,"7.0-7.1":2.76892204102,"8":0.163283608731,"8.1-8.4":19.3617563649,"9":null},"op_mob":{"10":0,"11":0,"11.1":0,"11.5":0,"12":0.000142592532468,"12.1":0.000213888798701,"0":0.00192499918831},"ie":{"5.5":0,"6":0.0443332148842,"7":0.145666277477,"8":2.33066043963,"9":1.67199553277,"10":1.13366363775,"11":7.52397989749},"bb":{"7":0.007638,"10":null},"ie_mob":{"10":0.0406806521739,"11":0.131174347826},"and_uc":{"0":1.115148},"op_mini":{"5.0-8.0":0.261229519481},"and_chr":{"0":13.865569},"edge":{"0":null},"and_ff":{"0":0.263511}},"total":98.450552}