{"id":"MQ","name":"Martinique","month":"2015-06","access_date":"2015-07-23","data":{"chrome":{"4":0.007555,"5":0,"6":0,"7":0,"8":0,"9":0,"10":0,"11":0.03022,"12":0.022665,"13":0,"14":0,"15":0.01511,"16":0,"17":0,"18":0.01511,"19":0,"20":0,"21":0.007555,"22":0.04533,"23":0.06044,"24":0.022665,"25":0.007555,"26":0.022665,"27":0.007555,"28":0.037775,"29":0.01511,"30":0.01511,"31":0.188875,"32":0.06044,"33":0.12088,"34":0.098215,"35":0.21154,"36":0.430635,"37":0.37775,"38":0.158655,"39":0.71017,"40":0.324865,"41":0.21154,"42":0.521295,"43":26.147855,"44":0.098215,"45":0.098215,"46":0,"47":0},"firefox":{"2":0,"3":0.007555,"3.5":0.01511,"3.6":0.037775,"4":0,"5":0.007555,"6":0.007555,"7":0,"8":0.007555,"9":0,"10":0.007555,"11":0.03022,"12":0.01511,"13":0,"14":0,"15":0.007555,"16":0.03022,"17":0.007555,"18":0.007555,"19":0.007555,"20":0.01511,"21":0.022665,"22":0,"23":0.03022,"24":0.022665,"25":0.052885,"26":0.022665,"27":0.01511,"28":0.04533,"29":0.03022,"30":0.01511,"31":0.27198,"32":0.1511,"33":0.09066,"34":0.083105,"35":0.052885,"36":0.1511,"37":0.37775,"38":11.279615,"39":0.098215,"40":0,"41":0,"42":0},"opera":{"9":0,"9.5-9.6":0,"10.0-10.1":0,"10.5":0,"10.6":0,"11":0,"11.1":0,"11.5":0,"11.6":0,"12":0.022665,"12.1":0.1511,"15":0,"16":0,"17":0,"18":0,"19":0,"20":0,"21":0,"22":0,"23":0,"24":0,"25":0.01511,"26":0,"27":0,"28":0.01511,"29":0.249315,"30":0.460855,"31":0.01511,"32":0},"safari":{"3.1":0.007555,"3.2":0.01511,"4":0.022665,"5":0.07555,"5.1":0.460855,"6":0.07555,"6.1":0.309755,"7":0.42308,"7.1":0.747945,"8":2.515815,"9":0},"android":{"2.1":0,"2.2":0,"2.3":0.112011689579,"3":0,"4":0.330825222711,"4.1":1.13053658785,"4.2-4.3":2.24414117611,"4.4":3.9451559039,"4.4.3-4.4.4":1.71143441985,"40":null},"ios_saf":{"3.2":0,"4.0-4.1":0,"4.2-4.3":0,"5.0-5.1":0.0257108116751,"6.0-6.1":0.0826915294416,"7.0-7.1":0.836643709645,"8":0.0493369629442,"8.1-8.4":5.85025198629,"9":null},"op_mob":{"10":0,"11":0,"11.1":0,"11.5":0,"12":0.000115105519481,"12.1":0.000172658279221,"0":0.00155392451299},"ie":{"5.5":0,"6":0.00756300741918,"7":0.0453780445151,"8":0.567225556439,"9":0.680670667727,"10":0.983190964494,"11":11.9873667594},"bb":{"7":0.00916875,"10":null},"ie_mob":{"10":0.0856576811594,"11":0.276202318841},"and_uc":{"0":0.041565},"op_mini":{"5.0-8.0":0.210873311688},"and_chr":{"0":18.966175},"edge":{"0":null},"and_ff":{"0":0.13692}},"total":99.01806875}