{"id":"MR","name":"Mauritania","month":"2015-06","access_date":"2015-07-23","data":{"chrome":{"4":0.03806,"5":0.049478,"6":0.117986,"7":0.068508,"8":0.049478,"9":0.24739,"10":0.053284,"11":0.064702,"12":0.13321,"13":0.045672,"14":0.053284,"15":0.041866,"16":0.022836,"17":0.102762,"18":0.011418,"19":0.007612,"20":0.003806,"21":0.007612,"22":0.003806,"23":0.068508,"24":0.003806,"25":0.01903,"26":0.030448,"27":0.022836,"28":0.041866,"29":0.034254,"30":0.026642,"31":0.243584,"32":0.041866,"33":0.163658,"34":0.026642,"35":0.087538,"36":0.487168,"37":0.129404,"38":0.11418,"39":0.296868,"40":0.601348,"41":0.220748,"42":0.490974,"43":15.482808,"44":0.175076,"45":0.03806,"46":0,"47":0},"firefox":{"2":0.007612,"3":0.072314,"3.5":0.03806,"3.6":0.079926,"4":0.026642,"5":0.030448,"6":0.003806,"7":0.003806,"8":0.022836,"9":0.022836,"10":0.015224,"11":0.060896,"12":0.091344,"13":0.034254,"14":0.068508,"15":0.030448,"16":0.072314,"17":0.053284,"18":0.091344,"19":0.015224,"20":0.479556,"21":0.144628,"22":0.034254,"23":0.030448,"24":0.079926,"25":0.03806,"26":0.087538,"27":0.053284,"28":0.03806,"29":0.1903,"30":0.216942,"31":0.140822,"32":0.251196,"33":0.369182,"34":0.125598,"35":0.220748,"36":0.163658,"37":0.445302,"38":5.568178,"39":0.281644,"40":0.011418,"41":0,"42":0},"opera":{"9":0,"9.5-9.6":0,"10.0-10.1":0,"10.5":0,"10.6":0,"11":0.003806,"11.1":0,"11.5":0.041866,"11.6":0.045672,"12":0.003806,"12.1":0.049478,"15":0.007612,"16":0.015224,"17":0.003806,"18":0.072314,"19":0.022836,"20":0.007612,"21":0.003806,"22":0.003806,"23":0,"24":0.003806,"25":0,"26":0,"27":0.003806,"28":0.022836,"29":0.338734,"30":0.372988,"31":0.007612,"32":0},"safari":{"3.1":0,"3.2":0,"4":0.003806,"5":0.003806,"5.1":0.045672,"6":0.003806,"6.1":0.060896,"7":0.087538,"7.1":0.07612,"8":0.308286,"9":0},"android":{"2.1":0,"2.2":0,"2.3":0.119172874347,"3":0,"4":0.351975698653,"4.1":1.20281459225,"4.2-4.3":2.38761468023,"4.4":4.19737949299,"4.4.3-4.4.4":1.82085066153,"40":null},"ios_saf":{"3.2":0,"4.0-4.1":0,"4.2-4.3":0,"5.0-5.1":0.0146160893401,"6.0-6.1":0.0470085035533,"7.0-7.1":0.475615447716,"8":0.0280470903553,"8.1-8.4":3.32575286904,"9":null},"op_mob":{"10":0,"11":0,"11.1":0,"11.5":0,"12":0.0193596017316,"12.1":0.0290394025974,"0":0.261354623377},"ie":{"5.5":0,"6":0.127936626506,"7":0.0155074698795,"8":0.752112289157,"9":0.248119518072,"10":0.290765060241,"11":2.08187783133},"bb":{"7":0.018582,"10":null},"ie_mob":{"10":0.0850403285024,"11":0.274211671498},"and_uc":{"0":3.46864},"op_mini":{"5.0-8.0":35.4667903723},"and_chr":{"0":8.242286},"edge":{"0":null},"and_ff":{"0":0.136268}},"total":96.8920447952}