{"id":"MS","name":"Montserrat","month":"2015-06","access_date":"2015-07-23","data":{"chrome":{"4":0,"5":0,"6":0,"7":0,"8":0,"9":0,"10":0,"11":0.154098,"12":0,"13":0,"14":0,"15":0,"16":0,"17":0,"18":0.222586,"19":0.136976,"20":0.008561,"21":0.077049,"22":0.068488,"23":0.025683,"24":0.051366,"25":0.008561,"26":0.008561,"27":0.034244,"28":0.042805,"29":0.008561,"30":0,"31":0.077049,"32":0.111293,"33":0.025683,"34":0.077049,"35":2.063201,"36":0.205464,"37":0.051366,"38":0.094171,"39":1.677956,"40":0.119854,"41":0.333879,"42":0.633514,"43":40.776043,"44":0.025683,"45":0.231147,"46":0,"47":0},"firefox":{"2":0,"3":0.025683,"3.5":0,"3.6":0.025683,"4":0,"5":0.017122,"6":0.025683,"7":0,"8":0,"9":0.077049,"10":0.034244,"11":0.188342,"12":0.059927,"13":0,"14":0.059927,"15":0.025683,"16":0.025683,"17":0.008561,"18":0.008561,"19":0,"20":0.025683,"21":0.094171,"22":0.025683,"23":0.034244,"24":0.025683,"25":0.034244,"26":0,"27":0.017122,"28":0.025683,"29":0.051366,"30":0,"31":0.042805,"32":0.025683,"33":0.042805,"34":0.077049,"35":0.034244,"36":0.034244,"37":0.136976,"38":8.595244,"39":0.008561,"40":0,"41":0,"42":0},"opera":{"9":0,"9.5-9.6":0.017122,"10.0-10.1":0,"10.5":0,"10.6":0,"11":0,"11.1":0.051366,"11.5":0.128415,"11.6":0.017122,"12":0.077049,"12.1":0.119854,"15":0,"16":0,"17":0.051366,"18":0,"19":0,"20":0,"21":0,"22":0,"23":0,"24":0,"25":0.008561,"26":0.017122,"27":0,"28":0,"29":0.051366,"30":0,"31":0,"32":0},"safari":{"3.1":0,"3.2":0,"4":0.008561,"5":0.179781,"5.1":0.068488,"6":0,"6.1":0.051366,"7":0.008561,"7.1":0.17122,"8":3.4244,"9":0},"android":{"2.1":0,"2.2":0,"2.3":0.0631427393456,"3":0,"4":0.186491346439,"4.1":0.637301136651,"4.2-4.3":1.26505744061,"4.4":2.22394601718,"4.4.3-4.4.4":0.964762319769,"40":null},"ios_saf":{"3.2":0,"4.0-4.1":0,"4.2-4.3":0,"5.0-5.1":0.016539751269,"6.0-6.1":0.0531954162437,"7.0-7.1":0.538212446701,"8":0.0317384416244,"8.1-8.4":3.76346394416,"9":null},"op_mob":{"10":0,"11":0,"11.1":0,"11.5":0,"12":2.49177489177e-5,"12.1":3.73766233766e-5,"0":0.00033638961039},"ie":{"5.5":0,"6":0,"7":0.0602834961333,"8":3.94426303272,"9":0.370312904819,"10":0.396148688876,"11":9.70564287745},"bb":{"7":0.117998,"10":null},"ie_mob":{"10":0.0531387246377,"11":0.171345275362},"and_uc":{"0":0.069072},"op_mini":{"5.0-8.0":0.0456493160173},"and_chr":{"0":9.920694},"edge":{"0":null},"and_ff":{"0":0.05756}},"total":96.372607}