{"id":"MU","name":"Mauritius","month":"2015-06","access_date":"2015-07-23","data":{"chrome":{"4":0.007446,"5":0,"6":0.007446,"7":0,"8":0,"9":0.007446,"10":0.007446,"11":0.029784,"12":0.007446,"13":0,"14":0.007446,"15":0.007446,"16":0,"17":0.007446,"18":0.044676,"19":0,"20":0.007446,"21":0,"22":0.07446,"23":0.022338,"24":0.007446,"25":0.014892,"26":0.081906,"27":0.014892,"28":0.022338,"29":0.022338,"30":0.022338,"31":0.134028,"32":0.089352,"33":0.11169,"34":0.215934,"35":3.194334,"36":1.295604,"37":2.375274,"38":0.126582,"39":0.662694,"40":0.22338,"41":0.171258,"42":0.29784,"43":22.509258,"44":0.14892,"45":0.506328,"46":0,"47":0},"firefox":{"2":0,"3":0.007446,"3.5":0.044676,"3.6":0.029784,"4":0.014892,"5":0.007446,"6":0.007446,"7":0.007446,"8":0.007446,"9":0.007446,"10":0.007446,"11":0.067014,"12":0.029784,"13":0.014892,"14":0.007446,"15":0.022338,"16":0.029784,"17":0.007446,"18":0.022338,"19":0.007446,"20":0.007446,"21":0.014892,"22":0.029784,"23":0.007446,"24":0.022338,"25":0.007446,"26":0.022338,"27":0.007446,"28":0.014892,"29":0.022338,"30":5.271768,"31":0.067014,"32":0.044676,"33":0.044676,"34":0.059568,"35":0.089352,"36":0.096798,"37":0.476544,"38":7.766178,"39":0.290394,"40":0.007446,"41":0.007446,"42":0},"opera":{"9":0,"9.5-9.6":0,"10.0-10.1":0,"10.5":0,"10.6":0,"11":0,"11.1":0,"11.5":0,"11.6":0,"12":0,"12.1":0.096798,"15":0.007446,"16":0.007446,"17":0,"18":0.007446,"19":0.007446,"20":0,"21":0,"22":0,"23":0,"24":0,"25":0,"26":0.007446,"27":0.007446,"28":0.059568,"29":0.320178,"30":0.63291,"31":0,"32":0},"safari":{"3.1":0,"3.2":0,"4":0.014892,"5":0.052122,"5.1":0.141474,"6":0.022338,"6.1":0.052122,"7":0.11169,"7.1":0.282948,"8":0.610572,"9":0},"android":{"2.1":0,"2.2":0,"2.3":0.0838401396756,"3":0,"4":0.247620877646,"4.1":0.846200479516,"4.2-4.3":1.67972744955,"4.4":2.9529277102,"4.4.3-4.4.4":1.28099934341,"40":null},"ios_saf":{"3.2":0,"4.0-4.1":0,"4.2-4.3":0,"5.0-5.1":0.017612097665,"6.0-6.1":0.0566443141117,"7.0-7.1":0.573107178071,"8":0.0337961874112,"8.1-8.4":4.00746622274,"9":null},"op_mob":{"10":0,"11":0,"11.1":0,"11.5":0,"12":0.00349378354978,"12.1":0.00524067532468,"0":0.0471660779221},"ie":{"5.5":0,"6":0.0223464326161,"7":0.0372440543601,"8":4.35755436014,"9":2.90503624009,"10":3.10615413364,"11":9.30356477916},"bb":{"7":0.0274555,"10":null},"ie_mob":{"10":0.177743594203,"11":0.573132405797},"and_uc":{"0":1.394484},"op_mini":{"5.0-8.0":6.4006114632},"and_chr":{"0":8.570552},"edge":{"0":null},"and_ff":{"0":0.08939}},"total":98.4584855}