{"id":"MV","name":"Maldives","month":"2015-06","access_date":"2015-07-23","data":{"chrome":{"4":0.004597,"5":0.009194,"6":0.004597,"7":0.004597,"8":0.004597,"9":0.004597,"10":0.032179,"11":0.082746,"12":0.101134,"13":0.004597,"14":0.018388,"15":0.004597,"16":0.050567,"17":0.009194,"18":0.013791,"19":0.022985,"20":0.022985,"21":0.009194,"22":0,"23":0.004597,"24":0.009194,"25":0.009194,"26":0.013791,"27":0.059761,"28":0.036776,"29":0.022985,"30":0.09194,"31":0.087343,"32":0.078149,"33":0.096537,"34":0.059761,"35":0.059761,"36":0.128716,"37":0.064358,"38":0.096537,"39":0.427521,"40":0.179283,"41":0.133313,"42":0.36776,"43":20.737067,"44":0.836654,"45":0.634386,"46":0,"47":0},"firefox":{"2":0,"3":0.018388,"3.5":0.013791,"3.6":0.041373,"4":0.027582,"5":0.027582,"6":0.124119,"7":0.004597,"8":0.027582,"9":0.018388,"10":0.032179,"11":0.064358,"12":0.04597,"13":0.04597,"14":0.027582,"15":0.055164,"16":1.117071,"17":0.04597,"18":0.013791,"19":0.027582,"20":0.027582,"21":0.022985,"22":0.022985,"23":0.050567,"24":0.018388,"25":0.032179,"26":0.013791,"27":0.032179,"28":0.073552,"29":0.055164,"30":0.04597,"31":0.036776,"32":0.073552,"33":0.119522,"34":0.105731,"35":0.151701,"36":0.174686,"37":0.845848,"38":7.414961,"39":0.974564,"40":0.022985,"41":0,"42":0},"opera":{"9":0,"9.5-9.6":0,"10.0-10.1":0,"10.5":0,"10.6":0,"11":0,"11.1":0,"11.5":0,"11.6":0,"12":0,"12.1":0.068955,"15":0.009194,"16":0.004597,"17":0,"18":0,"19":0,"20":0,"21":0,"22":0,"23":0,"24":0,"25":0,"26":0,"27":0.009194,"28":0.022985,"29":0.147104,"30":0.193074,"31":0,"32":0},"safari":{"3.1":0,"3.2":0,"4":0,"5":0.032179,"5.1":0.04597,"6":0.027582,"6.1":0.059761,"7":0.050567,"7.1":0.119522,"8":0.629789,"9":0},"android":{"2.1":0,"2.2":0,"2.3":0.113568521309,"3":0,"4":0.335423307121,"4.1":1.1462497267,"4.2-4.3":2.27533211878,"4.4":3.99998896563,"4.4.3-4.4.4":1.73522136046,"40":null},"ios_saf":{"3.2":0,"4.0-4.1":0,"4.2-4.3":0,"5.0-5.1":0.037904606802,"6.0-6.1":0.121909411066,"7.0-7.1":1.23343639431,"8":0.0727358671066,"8.1-8.4":8.62483472071,"9":null},"op_mob":{"10":0,"11":0,"11.1":0,"11.5":0,"12":0.00313128409091,"12.1":0.00469692613636,"0":0.0422723352273},"ie":{"5.5":0,"6":0,"7":0.004597,"8":0.335581,"9":0.257432,"10":0.418327,"11":1.599756},"bb":{"7":0.01215675,"10":null},"ie_mob":{"10":0.118944304348,"11":0.383534695652},"and_uc":{"0":4.695207},"op_mini":{"5.0-8.0":5.73651245455},"and_chr":{"0":26.01991},"edge":{"0":null},"and_ff":{"0":0.561912}},"total":98.04567575}