{"id":"MW","name":"Malawi","month":"2015-06","access_date":"2015-07-23","data":{"chrome":{"4":0.003094,"5":0.003094,"6":0.001547,"7":0,"8":0.001547,"9":0,"10":0.020111,"11":0.012376,"12":0.003094,"13":0.001547,"14":0.004641,"15":0,"16":0.021658,"17":0.003094,"18":0.006188,"19":0.010829,"20":0.003094,"21":0.003094,"22":0.001547,"23":0.003094,"24":0.003094,"25":0.006188,"26":0.010829,"27":0.006188,"28":0.010829,"29":0.003094,"30":0.004641,"31":0.069615,"32":0.003094,"33":0.044863,"34":0.007735,"35":0.035581,"36":0.035581,"37":0.010829,"38":0.020111,"39":0.120666,"40":0.068068,"41":0.072709,"42":0.136136,"43":3.587493,"44":0.018564,"45":0.044863,"46":0,"47":0},"firefox":{"2":0.007735,"3":0.006188,"3.5":0.009282,"3.6":0.023205,"4":0.018564,"5":0.01547,"6":0.012376,"7":0.007735,"8":0.012376,"9":0.009282,"10":0.029393,"11":0.020111,"12":0.055692,"13":0.017017,"14":0.021658,"15":0.024752,"16":0.026299,"17":0.021658,"18":0.018564,"19":0.018564,"20":0.037128,"21":0.04641,"22":0.024752,"23":0.01547,"24":0.029393,"25":0.010829,"26":0.021658,"27":0.01547,"28":0.01547,"29":0.063427,"30":0.126854,"31":0.07735,"32":0.055692,"33":0.09282,"34":0.097461,"35":0.119119,"36":0.114478,"37":0.323323,"38":2.173535,"39":0.292383,"40":0.013923,"41":0.006188,"42":0},"opera":{"9":0.001547,"9.5-9.6":0.003094,"10.0-10.1":0,"10.5":0,"10.6":0.006188,"11":0.024752,"11.1":0.001547,"11.5":0.009282,"11.6":0.024752,"12":0.023205,"12.1":0.111384,"15":0.004641,"16":0.001547,"17":0.004641,"18":0.004641,"19":0.003094,"20":0.007735,"21":0.003094,"22":0.007735,"23":0,"24":0.007735,"25":0.003094,"26":0.01547,"27":0.006188,"28":0.032487,"29":0.171717,"30":0.267631,"31":0.001547,"32":0},"safari":{"3.1":0.003094,"3.2":0.001547,"4":0.009282,"5":0.023205,"5.1":0.057239,"6":0.006188,"6.1":0.006188,"7":0.089726,"7.1":0.054145,"8":0.109837,"9":0},"android":{"2.1":0,"2.2":0,"2.3":0.0265910959582,"3":0,"4":0.0785364927138,"4.1":0.268384549904,"4.2-4.3":0.532749515535,"4.4":0.936563135551,"4.4.3-4.4.4":0.406287210338,"40":null},"ios_saf":{"3.2":0,"4.0-4.1":0,"4.2-4.3":0,"5.0-5.1":0.00378998700508,"6.0-6.1":0.012189417665,"7.0-7.1":0.123328225787,"8":0.0072726777665,"8.1-8.4":0.862375691777,"9":null},"op_mob":{"10":0,"11":0,"11.1":0,"11.5":0,"12":0.0357560070346,"12.1":0.0536340105519,"0":0.482706094968},"ie":{"5.5":0,"6":0.018564,"7":0.029393,"8":1.208207,"9":0.327964,"10":0.44863,"11":2.127125},"bb":{"7":0.32332725,"10":null},"ie_mob":{"10":0.490233164251,"11":1.58075183575},"and_uc":{"0":7.869743},"op_mini":{"5.0-8.0":65.5050048874},"and_chr":{"0":2.576625},"edge":{"0":null},"and_ff":{"0":0.059171}},"total":96.07757625}