{"id":"MX","name":"Mexico","month":"2015-06","access_date":"2015-07-23","data":{"chrome":{"4":0,"5":0,"6":0,"7":0,"8":0,"9":0,"10":0,"11":0.060048,"12":0.006672,"13":0.006672,"14":0,"15":0,"16":0,"17":0.006672,"18":0.020016,"19":0,"20":0,"21":0.013344,"22":0.106752,"23":0.006672,"24":0.006672,"25":0.013344,"26":0.03336,"27":0.03336,"28":0.026688,"29":0.020016,"30":0.020016,"31":0.080064,"32":0.053376,"33":0.073392,"34":0.10008,"35":0.220176,"36":0.480384,"37":0.60048,"38":0.240192,"39":0.473712,"40":0.30024,"41":0.260208,"42":0.553776,"43":33.740304,"44":0.146784,"45":0.060048,"46":0,"47":0},"firefox":{"2":0,"3":0.006672,"3.5":0.006672,"3.6":0.026688,"4":0.006672,"5":0.006672,"6":0.006672,"7":0.006672,"8":0,"9":0.006672,"10":0.006672,"11":0.006672,"12":0.020016,"13":0.006672,"14":0.006672,"15":0.006672,"16":0.020016,"17":0.006672,"18":0.006672,"19":0.013344,"20":0.013344,"21":0.03336,"22":0.006672,"23":0.020016,"24":0.013344,"25":0.006672,"26":0.013344,"27":0.013344,"28":0.013344,"29":0.020016,"30":0.03336,"31":0.340272,"32":0.226848,"33":0.053376,"34":0.053376,"35":0.113424,"36":0.080064,"37":0.23352,"38":5.63784,"39":0.03336,"40":0.006672,"41":0,"42":0},"opera":{"9":0,"9.5-9.6":0,"10.0-10.1":0,"10.5":0,"10.6":0,"11":0,"11.1":0,"11.5":0,"11.6":0,"12":0.006672,"12.1":0.040032,"15":0,"16":0,"17":0,"18":0,"19":0,"20":0.006672,"21":0,"22":0,"23":0,"24":0,"25":0.006672,"26":0.006672,"27":0.006672,"28":0.020016,"29":0.260208,"30":0.440352,"31":0.006672,"32":0},"safari":{"3.1":0,"3.2":0,"4":0.026688,"5":0.086736,"5.1":0.20016,"6":0.053376,"6.1":0.153456,"7":0.353616,"7.1":0.393648,"8":1.347744,"9":0},"android":{"2.1":0,"2.2":0,"2.3":0.111156548804,"3":0,"4":0.328299574374,"4.1":1.12190563211,"4.2-4.3":2.22700853011,"4.4":3.91503705032,"4.4.3-4.4.4":1.69836866428,"40":null},"ios_saf":{"3.2":0,"4.0-4.1":0,"4.2-4.3":0,"5.0-5.1":0.0355006473096,"6.0-6.1":0.114177757563,"7.0-7.1":1.15521025299,"8":0.0681228637563,"8.1-8.4":8.07783647838,"9":null},"op_mob":{"10":0,"11":0,"11.1":0,"11.5":0,"12":0.00140647619048,"12.1":0.00210971428571,"0":0.0189874285714},"ie":{"5.5":0,"6":0.040188476873,"7":0.0535846358306,"8":1.33291781629,"9":1.18556006775,"10":1.43338900847,"11":6.22921391531},"bb":{"7":0.05824,"10":null},"ie_mob":{"10":0.313539400966,"11":1.01100459903},"and_uc":{"0":0.362752},"op_mini":{"5.0-8.0":2.57666438095},"and_chr":{"0":16.94136},"edge":{"0":null},"and_ff":{"0":0.119808}},"total":98.8519739205}