{"id":"MY","name":"Malaysia","month":"2015-06","access_date":"2015-07-23","data":{"chrome":{"4":0.016827,"5":0.016827,"6":0.016827,"7":0.011218,"8":0.016827,"9":0.016827,"10":0.022436,"11":0.067308,"12":0.044872,"13":0.016827,"14":0.028045,"15":0.022436,"16":0.011218,"17":0.005609,"18":0.022436,"19":0.005609,"20":0.011218,"21":0.022436,"22":0.039263,"23":0.016827,"24":0.016827,"25":0.022436,"26":0.033654,"27":0.039263,"28":0.028045,"29":0.039263,"30":0.061699,"31":0.263623,"32":0.050481,"33":0.319713,"34":0.095353,"35":0.123398,"36":0.252405,"37":0.241187,"38":0.274841,"39":0.678689,"40":0.381412,"41":0.375803,"42":0.740388,"43":26.485698,"44":0.190706,"45":0.347758,"46":0,"47":0},"firefox":{"2":0.005609,"3":0.022436,"3.5":0.011218,"3.6":0.05609,"4":0.016827,"5":0.016827,"6":0.011218,"7":0.011218,"8":0.011218,"9":0.011218,"10":0.016827,"11":0.044872,"12":0.044872,"13":0.022436,"14":0.016827,"15":0.016827,"16":0.033654,"17":0.022436,"18":0.016827,"19":0.022436,"20":0.016827,"21":0.022436,"22":0.022436,"23":0.028045,"24":0.028045,"25":0.022436,"26":0.028045,"27":0.033654,"28":0.033654,"29":0.05609,"30":0.05609,"31":0.162661,"32":0.095353,"33":0.089744,"34":0.106571,"35":0.151443,"36":0.16827,"37":0.420675,"38":6.691537,"39":0.549682,"40":0.005609,"41":0.005609,"42":0},"opera":{"9":0,"9.5-9.6":0,"10.0-10.1":0,"10.5":0,"10.6":0,"11":0,"11.1":0,"11.5":0,"11.6":0.005609,"12":0.005609,"12.1":0.039263,"15":0,"16":0,"17":0,"18":0,"19":0,"20":0,"21":0,"22":0,"23":0,"24":0,"25":0.005609,"26":0.005609,"27":0.005609,"28":0.016827,"29":0.162661,"30":0.286059,"31":0,"32":0},"safari":{"3.1":0,"3.2":0,"4":0.016827,"5":0.050481,"5.1":0.123398,"6":0.028045,"6.1":0.067308,"7":0.129007,"7.1":0.173879,"8":0.712343,"9":0},"android":{"2.1":0,"2.2":0,"2.3":0.135420419027,"3":0,"4":0.399962632939,"4.1":1.36680143855,"4.2-4.3":2.71313234864,"4.4":4.7696331306,"4.4.3-4.4.4":2.06909803024,"40":null},"ios_saf":{"3.2":0,"4.0-4.1":0,"4.2-4.3":0,"5.0-5.1":0.031921064467,"6.0-6.1":0.102665045178,"7.0-7.1":1.03872869239,"8":0.0612539345178,"8.1-8.4":7.26333626345,"9":null},"op_mob":{"10":0,"11":0,"11.1":0,"11.5":0,"12":0.00262319480519,"12.1":0.00393479220779,"0":0.0354131298701},"ie":{"5.5":0,"6":0.051053563327,"7":0.0794166540643,"8":1.30470217391,"9":0.765803449905,"10":0.57860705104,"11":3.18801139887},"bb":{"7":0.0461055,"10":null},"ie_mob":{"10":0.0675620048309,"11":0.217852995169},"and_uc":{"0":4.799363},"op_mini":{"5.0-8.0":4.80569288312},"and_chr":{"0":19.843046},"edge":{"0":null},"and_ff":{"0":0.267851}},"total":98.5644747911}