{"id":"MZ","name":"Mozambique","month":"2015-06","access_date":"2015-07-23","data":{"chrome":{"4":0,"5":0.007452,"6":0.002484,"7":0,"8":0,"9":0,"10":0.009936,"11":0.027324,"12":0.002484,"13":0.004968,"14":0.007452,"15":0.009936,"16":0.004968,"17":0,"18":0.009936,"19":0.002484,"20":0.002484,"21":0.014904,"22":0.002484,"23":0.002484,"24":0.004968,"25":0.017388,"26":0.032292,"27":0.007452,"28":0.004968,"29":0.01242,"30":0.019872,"31":0.079488,"32":0.027324,"33":0.079488,"34":0.01242,"35":0.039744,"36":0.233496,"37":0.02484,"38":0.039744,"39":0.332856,"40":0.60858,"41":0.069552,"42":0.1863,"43":6.771384,"44":0.034776,"45":0.047196,"46":0,"47":0},"firefox":{"2":0.004968,"3":0.017388,"3.5":0.004968,"3.6":0.039744,"4":0.014904,"5":0.007452,"6":0.01242,"7":0.007452,"8":0.01242,"9":0.009936,"10":0.019872,"11":0.044712,"12":0.059616,"13":0.044712,"14":0.019872,"15":0.027324,"16":0.027324,"17":0.017388,"18":0.014904,"19":0.017388,"20":0.029808,"21":0.019872,"22":0.014904,"23":0.019872,"24":0.022356,"25":0.007452,"26":0.01242,"27":0.009936,"28":0.009936,"29":0.034776,"30":0.047196,"31":0.039744,"32":0.022356,"33":0.069552,"34":0.032292,"35":0.0621,"36":0.069552,"37":0.228528,"38":3.00564,"39":0.134136,"40":0.017388,"41":0.004968,"42":0},"opera":{"9":0,"9.5-9.6":0.002484,"10.0-10.1":0,"10.5":0,"10.6":0.007452,"11":0.017388,"11.1":0.004968,"11.5":0.009936,"11.6":0.029808,"12":0.03726,"12.1":0.084456,"15":0.007452,"16":0.004968,"17":0.007452,"18":0.004968,"19":0.007452,"20":0.014904,"21":0.004968,"22":0.017388,"23":0.002484,"24":0.002484,"25":0.002484,"26":0.009936,"27":0.019872,"28":0.057132,"29":0.628452,"30":0.789912,"31":0.004968,"32":0},"safari":{"3.1":0,"3.2":0,"4":0.002484,"5":0.017388,"5.1":0.052164,"6":0.014904,"6.1":0.027324,"7":0.027324,"7.1":0.072036,"8":0.218592,"9":0},"android":{"2.1":0,"2.2":0,"2.3":0.0820253670608,"3":0,"4":0.242260967831,"4.1":0.827883937311,"4.2-4.3":1.64336869123,"4.4":2.88900973055,"4.4.3-4.4.4":1.25327130602,"40":null},"ios_saf":{"3.2":0,"4.0-4.1":0,"4.2-4.3":0,"5.0-5.1":0.00604887269036,"6.0-6.1":0.0194544824365,"7.0-7.1":0.196833587005,"8":0.0116072962437,"8.1-8.4":1.37636376162,"9":null},"op_mob":{"10":0,"11":0,"11.1":0,"11.5":0,"12":0.0274691904762,"12.1":0.0412037857143,"0":0.370834071429},"ie":{"5.5":0,"6":0.0223886484118,"7":0.0248762760131,"8":1.29605398028,"9":0.417921437021,"10":0.711461493976,"11":4.28369472946},"bb":{"7":0.172868,"10":null},"ie_mob":{"10":0.313130357488,"11":1.00968564251},"and_uc":{"0":4.6975},"op_mini":{"5.0-8.0":50.3235569524},"and_chr":{"0":8.040932},"edge":{"0":null},"and_ff":{"0":0.127772}},"total":95.7805965652}