{"id":"NA","name":"Namibia","month":"2015-06","access_date":"2015-07-23","data":{"chrome":{"4":0,"5":0,"6":0,"7":0,"8":0,"9":0,"10":0,"11":0.02956,"12":0.003695,"13":0,"14":0,"15":0,"16":0.011085,"17":0,"18":0.01478,"19":0,"20":0.003695,"21":0.01478,"22":0.01478,"23":0.003695,"24":0.003695,"25":0.00739,"26":0.018475,"27":0.011085,"28":0.011085,"29":0.00739,"30":0.025865,"31":0.22909,"32":0.033255,"33":0.11824,"34":0.03695,"35":0.08129,"36":0.262345,"37":0.06651,"38":0.025865,"39":0.380585,"40":0.218005,"41":0.099765,"42":0.240175,"43":11.879425,"44":0.077595,"45":0.254955,"46":0,"47":0},"firefox":{"2":0.018475,"3":0.00739,"3.5":0.003695,"3.6":0.048035,"4":0.011085,"5":0.011085,"6":0.003695,"7":0.003695,"8":0.003695,"9":0.003695,"10":0.011085,"11":0.070205,"12":0.025865,"13":0.01478,"14":0.02217,"15":0.01478,"16":0.018475,"17":0.003695,"18":0.01478,"19":0.00739,"20":0.00739,"21":0.018475,"22":0.003695,"23":0.011085,"24":0.011085,"25":0.00739,"26":0.01478,"27":0.02217,"28":0.00739,"29":0.033255,"30":0.025865,"31":0.062815,"32":0.099765,"33":0.048035,"34":0.040645,"35":0.11824,"36":0.062815,"37":0.742695,"38":4.223385,"39":0.314075,"40":0.011085,"41":0.00739,"42":0},"opera":{"9":0,"9.5-9.6":0,"10.0-10.1":0,"10.5":0,"10.6":0,"11":0.003695,"11.1":0.003695,"11.5":0,"11.6":0.003695,"12":0.00739,"12.1":0.048035,"15":0.003695,"16":0,"17":0,"18":0.003695,"19":0,"20":0.003695,"21":0,"22":0.003695,"23":0,"24":0,"25":0.003695,"26":0.00739,"27":0.003695,"28":0.03695,"29":0.34733,"30":0.5173,"31":0.003695,"32":0},"safari":{"3.1":0.003695,"3.2":0.00739,"4":0.003695,"5":0.018475,"5.1":0.070205,"6":0.025865,"6.1":0.04434,"7":0.04434,"7.1":0.195835,"8":0.53947,"9":0},"android":{"2.1":0,"2.2":0,"2.3":0.0944955444047,"3":0,"4":0.279091491614,"4.1":0.953745727248,"4.2-4.3":1.89320724429,"4.4":3.32822097677,"4.4.3-4.4.4":1.44380401567,"40":null},"ios_saf":{"3.2":0,"4.0-4.1":0,"4.2-4.3":0,"5.0-5.1":0.0144716203046,"6.0-6.1":0.0465438598985,"7.0-7.1":0.470914347208,"8":0.0277698659898,"8.1-8.4":3.2928803066,"9":null},"op_mob":{"10":0,"11":0,"11.1":0,"11.5":0,"12":0.019423357684,"12.1":0.029135036526,"0":0.262215328734},"ie":{"5.5":0,"6":0.0259016879433,"7":0.0222014468085,"8":1.1174728227,"9":1.16557595745,"10":1.69471043972,"11":6.40511740426},"bb":{"7":0.2049125,"10":null},"ie_mob":{"10":0.553713019324,"11":1.78544198068},"and_uc":{"0":2.906605},"op_mini":{"5.0-8.0":35.5835912771},"and_chr":{"0":10.114505},"edge":{"0":null},"and_ff":{"0":0.08827}},"total":96.1749922589}