{"id":"NC","name":"New Caledonia","month":"2015-06","access_date":"2015-07-23","data":{"chrome":{"4":0,"5":0,"6":0,"7":0,"8":0.033852,"9":0,"10":0.016926,"11":0.033852,"12":0.008463,"13":0,"14":0,"15":0,"16":0,"17":0,"18":0.008463,"19":0,"20":0,"21":0.008463,"22":0.033852,"23":0.050778,"24":0.016926,"25":0.101556,"26":0.033852,"27":0.025389,"28":0.016926,"29":0.008463,"30":0.016926,"31":0.076167,"32":0.042315,"33":0.076167,"34":0.101556,"35":0.08463,"36":0.304668,"37":0.220038,"38":0.093093,"39":0.296205,"40":0.16926,"41":0.135408,"42":0.558558,"43":26.015262,"44":0.08463,"45":0.177723,"46":0,"47":0},"firefox":{"2":0,"3":0.008463,"3.5":0.016926,"3.6":0.025389,"4":0.008463,"5":0.008463,"6":0.008463,"7":0,"8":0,"9":0.008463,"10":0.025389,"11":0.025389,"12":0.016926,"13":0,"14":0.008463,"15":0.008463,"16":0.08463,"17":0.042315,"18":0.008463,"19":0.008463,"20":0.016926,"21":0.016926,"22":0.033852,"23":0.016926,"24":0.160797,"25":0.033852,"26":0.016926,"27":0.016926,"28":0.016926,"29":0.186186,"30":0.042315,"31":0.203112,"32":0.262353,"33":0.152334,"34":0.118482,"35":0.245427,"36":0.186186,"37":0.93093,"38":16.722888,"39":0.110019,"40":0,"41":0,"42":0},"opera":{"9":0,"9.5-9.6":0,"10.0-10.1":0,"10.5":0,"10.6":0,"11":0,"11.1":0,"11.5":0.008463,"11.6":0,"12":0.008463,"12.1":0.067704,"15":0,"16":0,"17":0,"18":0,"19":0,"20":0,"21":0,"22":0,"23":0,"24":0,"25":0,"26":0,"27":0,"28":0.008463,"29":0.203112,"30":0.321594,"31":0,"32":0},"safari":{"3.1":0.008463,"3.2":0,"4":0.008463,"5":0.304668,"5.1":1.43871,"6":0.211575,"6.1":0.787059,"7":0.59241,"7.1":1.531803,"8":3.520608,"9":0},"android":{"2.1":0,"2.2":0,"2.3":0.066348136926,"3":0,"4":0.195958450921,"4.1":0.669653288974,"4.2-4.3":1.32927720841,"4.4":2.33684310173,"4.4.3-4.4.4":1.01373781303,"40":null},"ios_saf":{"3.2":0,"4.0-4.1":0,"4.2-4.3":0,"5.0-5.1":0.0488095886294,"6.0-6.1":0.156982190457,"7.0-7.1":1.58829039756,"8":0.0936616430457,"8.1-8.4":11.1061601803,"9":null},"op_mob":{"10":0,"11":0,"11.1":0,"11.5":0,"12":0.000102300324675,"12.1":0.000153450487013,"0":0.00138105438312},"ie":{"5.5":0,"6":0.008463,"7":0.076167,"8":1.176357,"9":0.837837,"10":1.150968,"11":10.477194},"bb":{"7":0.00192125,"10":null},"ie_mob":{"10":0.04620652657,"11":0.14899247343},"and_uc":{"0":0.023055},"op_mini":{"5.0-8.0":0.187414194805},"and_chr":{"0":7.778475},"edge":{"0":null},"and_ff":{"0":0.106053}},"total":98.30180725}