{"id":"NE","name":"Niger","month":"2015-06","access_date":"2015-07-23","data":{"chrome":{"4":0,"5":0.015828,"6":0.001319,"7":0,"8":0.001319,"9":0.01319,"10":0.007914,"11":0.048803,"12":0.001319,"13":0.003957,"14":0,"15":0,"16":0,"17":0.002638,"18":0,"19":0.003957,"20":0.001319,"21":0.031656,"22":0.01319,"23":0.001319,"24":0,"25":0.001319,"26":0.007914,"27":0.001319,"28":0.003957,"29":0.005276,"30":0.010552,"31":0.399657,"32":0.005276,"33":0.011871,"34":0.018466,"35":0.01319,"36":0.043527,"37":0.006595,"38":0.063312,"39":0.085735,"40":0.042208,"41":0.021104,"42":0.191255,"43":2.211963,"44":0.022423,"45":0.05276,"46":0,"47":0},"firefox":{"2":0.005276,"3":0.054079,"3.5":0.003957,"3.6":0.050122,"4":0.011871,"5":0.007914,"6":0.003957,"7":0.007914,"8":0.023742,"9":0.005276,"10":0.011871,"11":0.014509,"12":0.076502,"13":0.011871,"14":0.023742,"15":0.031656,"16":0.015828,"17":0.025061,"18":0.007914,"19":0.061993,"20":0.03957,"21":0.051441,"22":0.011871,"23":0.014509,"24":0.018466,"25":0.034294,"26":0.023742,"27":0.014509,"28":0.01319,"29":0.139814,"30":0.098925,"31":0.071226,"32":0.036932,"33":0.089692,"34":0.051441,"35":0.113434,"36":0.055398,"37":0.273033,"38":2.227791,"39":0.071226,"40":0.002638,"41":0,"42":0},"opera":{"9":0,"9.5-9.6":0,"10.0-10.1":0.001319,"10.5":0.001319,"10.6":0.005276,"11":0.009233,"11.1":0.002638,"11.5":0.009233,"11.6":0.005276,"12":0.001319,"12.1":0.040889,"15":0.005276,"16":0.011871,"17":0.001319,"18":0.003957,"19":0.023742,"20":0.005276,"21":0.005276,"22":0.025061,"23":0,"24":0.010552,"25":0,"26":0.006595,"27":0.006595,"28":0.018466,"29":0.255886,"30":0.493306,"31":0,"32":0},"safari":{"3.1":0,"3.2":0,"4":0.001319,"5":0.002638,"5.1":0.018466,"6":0.007914,"6.1":0.010552,"7":0.006595,"7.1":0.025061,"8":0.051441,"9":0},"android":{"2.1":0,"2.2":0,"2.3":0.160919785538,"3":0,"4":0.475274715425,"4.1":1.62416713775,"4.2-4.3":3.22400919164,"4.4":5.66774453946,"4.4.3-4.4.4":2.45870463019,"40":null},"ios_saf":{"3.2":0,"4.0-4.1":0,"4.2-4.3":0,"5.0-5.1":0.00463745979695,"6.0-6.1":0.014915073401,"7.0-7.1":0.150905448528,"8":0.0088989093401,"8.1-8.4":1.05521010893,"9":null},"op_mob":{"10":0,"11":0,"11.1":0,"11.5":0,"12":0.0284340330087,"12.1":0.042651049513,"0":0.383859445617},"ie":{"5.5":0,"6":0.0292514216765,"7":0.0172849309907,"8":0.838983958086,"9":0.526525590178,"10":0.430793664691,"11":1.27509606308},"bb":{"7":0.02387275,"10":null},"ie_mob":{"10":0.203437347826,"11":0.655981652174},"and_uc":{"0":11.102999},"op_mini":{"5.0-8.0":52.0911484719},"and_chr":{"0":6.148594},"edge":{"0":null},"and_ff":{"0":0.60767}},"total":97.6012403787}