{"id":"NF","name":"Norfolk Island","month":"2015-06","access_date":"2015-07-23","data":{"chrome":{"4":0,"5":0,"6":0,"7":0,"8":0,"9":0,"10":0,"11":0,"12":0,"13":0,"14":0.251654,"15":0,"16":0.125827,"17":0,"18":3.416687,"19":1.771257,"20":0.125827,"21":2.526219,"22":0.377481,"23":0.125827,"24":0.629135,"25":0,"26":0,"27":0.629135,"28":0,"29":0,"30":0,"31":0.125827,"32":0.629135,"33":0.125827,"34":0.251654,"35":0.251654,"36":0.629135,"37":0.125827,"38":0.251654,"39":0.377481,"40":1.64543,"41":0.125827,"42":0.377481,"43":5.062117,"44":0,"45":0,"46":0,"47":0},"firefox":{"2":0,"3":0.629135,"3.5":0,"3.6":0.754962,"4":0.377481,"5":0.503308,"6":0.890468,"7":0,"8":0,"9":1.393776,"10":0.377481,"11":4.171649,"12":0.251654,"13":0.125827,"14":0.377481,"15":0.503308,"16":0,"17":0.251654,"18":0.503308,"19":0,"20":0,"21":1.267949,"22":0.503308,"23":0.890468,"24":1.016295,"25":0.754962,"26":0,"27":0.125827,"28":0.251654,"29":0.377481,"30":0,"31":0.251654,"32":0.251654,"33":0.629135,"34":0,"35":1.016295,"36":0.251654,"37":0,"38":3.794168,"39":0,"40":0,"41":0,"42":0},"opera":{"9":0,"9.5-9.6":0,"10.0-10.1":0,"10.5":0,"10.6":0,"11":0,"11.1":0.251654,"11.5":1.142122,"11.6":0,"12":1.016295,"12.1":0.754962,"15":0,"16":0,"17":0,"18":0,"19":0,"20":0,"21":0,"22":0,"23":0,"24":0,"25":0,"26":0,"27":0,"28":0,"29":0,"30":0,"31":0,"32":0},"safari":{"3.1":0,"3.2":0,"4":0,"5":2.022911,"5.1":0.754962,"6":0,"6.1":0,"7":0,"7.1":0,"8":0,"9":0},"android":{"2.1":0,"2.2":0,"2.3":0.0151806433874,"3":0,"4":0.0448358537256,"4.1":0.153218586747,"4.2-4.3":0.304142425076,"4.4":0.534676381633,"4.4.3-4.4.4":0.231946109431,"40":null},"ios_saf":{"3.2":0,"4.0-4.1":0,"4.2-4.3":0,"5.0-5.1":0.00910368659898,"6.0-6.1":0.029279424467,"7.0-7.1":0.296238882843,"8":0.0174692364467,"8.1-8.4":2.07145776964,"9":null},"op_mob":{"10":0,"11":0,"11.1":0,"11.5":0,"12":0,"12.1":0,"0":0},"ie":{"5.5":0,"6":0,"7":1.89488836107,"8":5.41544597181,"9":2.98211938792,"10":0.673047778523,"11":4.46282450067},"bb":{"7":0,"10":null},"ie_mob":{"10":0,"11":0},"and_uc":{"0":0},"op_mini":{"5.0-8.0":0},"and_chr":{"0":0},"edge":{"0":null},"and_ff":{"0":0.3852}},"total":67.916075}