{"id":"NG","name":"Nigeria","month":"2015-06","access_date":"2015-07-23","data":{"chrome":{"4":0.00606,"5":0.00404,"6":0.00808,"7":0.00202,"8":0.00202,"9":0.00606,"10":0.00404,"11":0.02424,"12":0.00404,"13":0.00404,"14":0.00404,"15":0.04646,"16":0.00404,"17":0.00202,"18":0.00202,"19":0.00404,"20":0.00202,"21":0.01414,"22":0.00808,"23":0.00606,"24":0.00404,"25":0.01212,"26":0.0606,"27":0.00606,"28":0.01414,"29":0.01212,"30":0.04242,"31":0.08686,"32":0.00808,"33":0.04646,"34":0.01414,"35":0.02626,"36":0.05656,"37":0.03232,"38":0.03838,"39":0.1818,"40":0.07676,"41":0.09292,"42":0.14746,"43":5.7368,"44":0.04242,"45":0.22826,"46":0,"47":0},"firefox":{"2":0.00404,"3":0.03232,"3.5":0.00404,"3.6":0.0606,"4":0.03636,"5":0.0101,"6":0.01414,"7":0.06666,"8":0.01414,"9":0.0101,"10":0.05454,"11":0.0606,"12":0.0606,"13":0.08282,"14":0.03434,"15":0.07272,"16":0.04444,"17":0.02626,"18":0.03838,"19":0.05656,"20":0.02626,"21":0.03838,"22":0.02424,"23":0.0202,"24":0.04242,"25":0.02424,"26":0.0303,"27":0.02828,"28":0.03434,"29":0.0909,"30":0.09494,"31":0.08484,"32":0.06868,"33":0.09696,"34":0.1212,"35":0.18988,"36":0.1717,"37":0.35754,"38":3.54106,"39":0.53732,"40":0.00808,"41":0.00404,"42":0},"opera":{"9":0.00202,"9.5-9.6":0.00606,"10.0-10.1":0.00404,"10.5":0,"10.6":0.00202,"11":0.00606,"11.1":0.00202,"11.5":0.0101,"11.6":0.00808,"12":0.01212,"12.1":0.10302,"15":0.00606,"16":0.00404,"17":0.00202,"18":0.0101,"19":0.01212,"20":0.00606,"21":0.00404,"22":0.00808,"23":0,"24":0.00202,"25":0.00606,"26":0.0101,"27":0.01414,"28":0.03232,"29":0.2121,"30":0.27674,"31":0.00404,"32":0},"safari":{"3.1":0,"3.2":0,"4":0.00404,"5":0.0101,"5.1":0.03838,"6":0.0101,"6.1":0.0202,"7":0.03434,"7.1":0.08282,"8":0.18382,"9":0},"android":{"2.1":0,"2.2":0,"2.3":0.0381284795161,"3":0,"4":0.112612020896,"4.1":0.384831630465,"4.2-4.3":0.763899653561,"4.4":1.34292051691,"4.4.3-4.4.4":0.582567698653,"40":null},"ios_saf":{"3.2":0,"4.0-4.1":0,"4.2-4.3":0,"5.0-5.1":0.00811190253807,"6.0-6.1":0.0260896324873,"7.0-7.1":0.263965693401,"8":0.0155660832487,"8.1-8.4":1.84578668832,"9":null},"op_mob":{"10":0,"11":0,"11.1":0,"11.5":0,"12":0.0314234090909,"12.1":0.0471351136364,"0":0.424216022727},"ie":{"5.5":0,"6":0.0143154007634,"7":0.0102252862595,"8":0.376290534351,"9":0.243361812977,"10":0.36402019084,"11":1.1268265458},"bb":{"7":0.97356,"10":null},"ie_mob":{"10":0.251235072464,"11":0.810104927536},"and_uc":{"0":8.64234},"op_mini":{"5.0-8.0":57.5676854545},"and_chr":{"0":3.74548},"edge":{"0":null},"and_ff":{"0":0.31122}},"total":95.017399771}