{"id":"NI","name":"Nicaragua","month":"2015-06","access_date":"2015-07-23","data":{"chrome":{"4":0.01812,"5":0.01208,"6":0.00604,"7":0.00604,"8":0,"9":0.00604,"10":0.00604,"11":0.07248,"12":0.01812,"13":0.01208,"14":0.01208,"15":0.00604,"16":0.00604,"17":0,"18":0.06644,"19":0.00604,"20":0.01208,"21":0.01812,"22":0.0302,"23":0.01812,"24":0.03624,"25":0.01812,"26":0.03624,"27":0.05436,"28":0.02416,"29":0.03624,"30":0.04228,"31":0.09664,"32":0.04832,"33":0.13288,"34":0.11476,"35":0.18724,"36":0.28388,"37":0.32012,"38":0.28388,"39":0.79124,"40":0.4228,"41":0.35636,"42":0.59192,"43":30.52012,"44":0.16308,"45":0.06644,"46":0,"47":0},"firefox":{"2":0.00604,"3":0.01812,"3.5":0.01812,"3.6":0.0604,"4":0.0302,"5":0.01208,"6":0.01812,"7":0.01208,"8":0.00604,"9":0.01812,"10":0.04832,"11":0.01812,"12":0.05436,"13":0.02416,"14":0.03624,"15":0.0302,"16":0.0302,"17":0.01812,"18":0.04832,"19":0.01812,"20":0.12684,"21":0.07248,"22":0.0302,"23":0.03624,"24":0.0302,"25":0.04832,"26":0.03624,"27":0.0604,"28":0.03624,"29":0.04832,"30":0.11476,"31":0.17516,"32":0.13892,"33":0.13892,"34":0.1208,"35":0.22952,"36":0.22348,"37":0.54964,"38":10.49752,"39":0.07852,"40":0.01812,"41":0,"42":0},"opera":{"9":0,"9.5-9.6":0.00604,"10.0-10.1":0.00604,"10.5":0,"10.6":0,"11":0.00604,"11.1":0.00604,"11.5":0.01812,"11.6":0.01208,"12":0.01208,"12.1":0.04832,"15":0,"16":0,"17":0,"18":0,"19":0,"20":0.00604,"21":0,"22":0,"23":0,"24":0.00604,"25":0.00604,"26":0.00604,"27":0.00604,"28":0.05436,"29":0.31408,"30":0.59796,"31":0.00604,"32":0},"safari":{"3.1":0,"3.2":0,"4":0.01812,"5":0.04228,"5.1":0.06644,"6":0.01812,"6.1":0.04228,"7":0.1812,"7.1":0.12684,"8":0.52548,"9":0},"android":{"2.1":0,"2.2":0,"2.3":0.103421798185,"3":0,"4":0.305455078361,"4.1":1.04383861424,"4.2-4.3":2.07204370085,"4.4":3.64261193841,"4.4.3-4.4.4":1.58018886995,"40":null},"ios_saf":{"3.2":0,"4.0-4.1":0,"4.2-4.3":0,"5.0-5.1":0.0137395086294,"6.0-6.1":0.0441892304569,"7.0-7.1":0.447091037563,"8":0.0263650030457,"8.1-8.4":3.1262952203,"9":null},"op_mob":{"10":0,"11":0,"11.1":0,"11.5":0,"12":0.00842785714286,"12.1":0.0126417857143,"0":0.113776071429},"ie":{"5.5":0.00610220391349,"6":0.0366132234809,"7":0.0732264469619,"8":1.02517025747,"9":0.500380720906,"10":1.20823637487,"11":3.00838652935},"bb":{"7":0.13266,"10":null},"ie_mob":{"10":0.282154782609,"11":0.909805217391},"and_uc":{"0":2.8512},"op_mini":{"5.0-8.0":15.4398342857},"and_chr":{"0":9.05552},"edge":{"0":null},"and_ff":{"0":0.14652}},"total":97.649895757}