{"id":"NO","name":"Norway","month":"2015-06","access_date":"2015-07-23","data":{"chrome":{"4":0,"5":0,"6":0,"7":0,"8":0.007788,"9":0,"10":0,"11":0.015576,"12":0.007788,"13":0,"14":0,"15":0,"16":0,"17":0,"18":0,"19":0,"20":0,"21":0.007788,"22":0.015576,"23":0,"24":0.007788,"25":0.007788,"26":0.015576,"27":0.015576,"28":0.015576,"29":0.015576,"30":0.015576,"31":0.101244,"32":0.054516,"33":0.07788,"34":0.062304,"35":0.171336,"36":0.15576,"37":0.1947,"38":0.163548,"39":0.482856,"40":0.225852,"41":0.358248,"42":0.848892,"43":27.95892,"44":0.140184,"45":0.132396,"46":0,"47":0},"firefox":{"2":0,"3":0,"3.5":0,"3.6":0.031152,"4":0.007788,"5":0,"6":0,"7":0.007788,"8":0,"9":0,"10":0.007788,"11":0,"12":0.007788,"13":0,"14":0.007788,"15":0,"16":0.023364,"17":0.007788,"18":0.007788,"19":0.015576,"20":0.007788,"21":0.031152,"22":0.007788,"23":0.015576,"24":0.007788,"25":0.007788,"26":0.015576,"27":0.007788,"28":0.023364,"29":0.015576,"30":0.101244,"31":0.140184,"32":0.062304,"33":0.046728,"34":0.054516,"35":0.093456,"36":0.070092,"37":0.319308,"38":8.473344,"39":0.07788,"40":0.007788,"41":0.007788,"42":0},"opera":{"9":0,"9.5-9.6":0,"10.0-10.1":0.420552,"10.5":0.015576,"10.6":0,"11":0,"11.1":0,"11.5":0,"11.6":0.023364,"12":0.007788,"12.1":0.358248,"15":0,"16":0,"17":0,"18":0,"19":0,"20":0.007788,"21":0,"22":0.007788,"23":0.007788,"24":0.007788,"25":0.007788,"26":0.007788,"27":0.007788,"28":0.031152,"29":0.763224,"30":0.957924,"31":0.007788,"32":0},"safari":{"3.1":0,"3.2":0,"4":0.023364,"5":0.070092,"5.1":0.288156,"6":0.062304,"6.1":0.295944,"7":0.412764,"7.1":1.277232,"8":3.325476,"9":0},"android":{"2.1":0,"2.2":0,"2.3":0.0342567060764,"3":0,"4":0.101176783063,"4.1":0.345753731097,"4.2-4.3":0.686329122903,"4.4":1.20655305472,"4.4.3-4.4.4":0.523410602145,"40":null},"ios_saf":{"3.2":0,"4.0-4.1":0,"4.2-4.3":0,"5.0-5.1":0.074069146802,"6.0-6.1":0.238222391066,"7.0-7.1":2.41025007431,"8":0.142132687107,"8.1-8.4":16.8537337007,"9":null},"op_mob":{"10":0,"11":0,"11.1":0,"11.5":0,"12":0.000100545454545,"12.1":0.000150818181818,"0":0.00135736363636},"ie":{"5.5":0,"6":0.0155834030418,"7":0.0233751045627,"8":0.529835703422,"9":1.68300752852,"10":1.3791311692,"11":12.7550153897},"bb":{"7":0.004424,"10":null},"ie_mob":{"10":0.0832545507246,"11":0.268453449275},"and_uc":{"0":0.026544},"op_mini":{"5.0-8.0":0.184199272727},"and_chr":{"0":10.076844},"edge":{"0":null},"and_ff":{"0":0.108388}},"total":99.1470482985}