{"id":"NR","name":"Nauru","month":"2015-06","access_date":"2015-07-23","data":{"chrome":{"4":0,"5":0,"6":0,"7":0,"8":0,"9":0,"10":0,"11":0.31824,"12":0,"13":0,"14":0,"15":0,"16":0,"17":0,"18":0,"19":0,"20":0,"21":0,"22":0,"23":0,"24":0,"25":0,"26":0,"27":0.03672,"28":0,"29":0.1224,"30":0,"31":0.74052,"32":0.01224,"33":0.01224,"34":0.02448,"35":0,"36":0,"37":0.01224,"38":0.1836,"39":0.26928,"40":0.11016,"41":1.30356,"42":0.58752,"43":16.21188,"44":0,"45":0,"46":0,"47":0},"firefox":{"2":0,"3":0,"3.5":0,"3.6":0.37944,"4":0,"5":0,"6":0.01224,"7":0,"8":0,"9":0,"10":0.07344,"11":0.09792,"12":0.11016,"13":0,"14":0.13464,"15":0.09792,"16":0,"17":0,"18":0.02448,"19":0.07344,"20":0,"21":0,"22":0,"23":0.1836,"24":0.01224,"25":0,"26":0,"27":0,"28":0.04896,"29":0.07344,"30":0.03672,"31":0,"32":0.13464,"33":0.01224,"34":0.22032,"35":0.78948,"36":0,"37":0.15912,"38":8.69652,"39":0.28152,"40":0,"41":0,"42":0},"opera":{"9":0,"9.5-9.6":0,"10.0-10.1":0,"10.5":0,"10.6":0,"11":0,"11.1":0,"11.5":0,"11.6":0,"12":0,"12.1":0,"15":0,"16":0,"17":0,"18":0,"19":0,"20":0,"21":0,"22":0,"23":0,"24":0,"25":0,"26":0,"27":0,"28":0,"29":0.23256,"30":0.40392,"31":0,"32":0},"safari":{"3.1":0,"3.2":0,"4":0,"5":0.13464,"5.1":0.02448,"6":0.03672,"6.1":0,"7":0.11016,"7.1":0.93636,"8":0.6426,"9":0},"android":{"2.1":0,"2.2":0,"2.3":0.140175034369,"3":0,"4":0.414005334067,"4.1":1.41478988177,"4.2-4.3":2.80839051416,"4.4":4.93709510586,"4.4.3-4.4.4":2.14174412978,"40":null},"ios_saf":{"3.2":0,"4.0-4.1":0,"4.2-4.3":0,"5.0-5.1":0.0186657299492,"6.0-6.1":0.0600330233503,"7.0-7.1":0.607392942132,"8":0.035818022335,"8.1-8.4":4.24721028223,"9":null},"op_mob":{"10":0,"11":0,"11.1":0,"11.5":0,"12":0.00528461038961,"12.1":0.00792691558442,"0":0.0713422402597},"ie":{"5.5":0,"6":0,"7":0,"8":1.54836,"9":1.20564,"10":4.81032,"11":14.70024},"bb":{"7":0,"10":null},"ie_mob":{"10":0.396772173913,"11":1.27938782609},"and_uc":{"0":2.66944},"op_mini":{"5.0-8.0":9.68140623377},"and_chr":{"0":11.97896},"edge":{"0":null},"and_ff":{"0":0.1552}},"total":99.4546}