{"id":"NU","name":"Niue","month":"2015-06","access_date":"2015-07-23","data":{"chrome":{"4":0,"5":0,"6":0,"7":0,"8":0,"9":0,"10":0,"11":0,"12":0.04608,"13":0.04608,"14":0.04608,"15":0,"16":0.027648,"17":0,"18":0.4608,"19":0.13824,"20":0.073728,"21":0.304128,"22":0.073728,"23":0.027648,"24":0.073728,"25":0,"26":0,"27":0.119808,"28":0.027648,"29":0.073728,"30":0,"31":0.073728,"32":0.09216,"33":0.073728,"34":0.027648,"35":0.073728,"36":0.18432,"37":0.073728,"38":0.258048,"39":0.04608,"40":0.119808,"41":0,"42":0.211968,"43":23.519232,"44":0.073728,"45":0.04608,"46":0,"47":0},"firefox":{"2":0,"3":0.09216,"3.5":0,"3.6":0.396288,"4":0.04608,"5":0.119808,"6":0.073728,"7":0.027648,"8":0,"9":0.073728,"10":0.09216,"11":0.672768,"12":0.258048,"13":0.027648,"14":0.073728,"15":0.04608,"16":0.027648,"17":0.119808,"18":0.073728,"19":0.04608,"20":0.258048,"21":0.27648,"22":0.2304,"23":0.09216,"24":0.18432,"25":0.304128,"26":0.027648,"27":0.119808,"28":0.211968,"29":0.258048,"30":0.027648,"31":0.119808,"32":4.405248,"33":0.027648,"34":0.073728,"35":0.13824,"36":0.13824,"37":0.6912,"38":11.0592,"39":0.36864,"40":0,"41":0,"42":0},"opera":{"9":0,"9.5-9.6":0,"10.0-10.1":0.027648,"10.5":0,"10.6":0,"11":0,"11.1":0.04608,"11.5":0.2304,"11.6":0,"12":0.211968,"12.1":0.304128,"15":0,"16":0,"17":0,"18":0,"19":0,"20":0,"21":0,"22":0,"23":0,"24":0,"25":0,"26":0,"27":0,"28":0,"29":0.027648,"30":0.41472,"31":0,"32":0},"safari":{"3.1":0,"3.2":0,"4":0.027648,"5":0.50688,"5.1":0.6912,"6":0.626688,"6.1":0,"7":0,"7.1":0.18432,"8":3.004416,"9":0},"android":{"2.1":0,"2.2":0,"2.3":0.0490008468518,"3":0,"4":0.1447234314,"4.1":0.49456668683,"4.2-4.3":0.981726268903,"4.4":1.7258554083,"4.4.3-4.4.4":0.748687357712,"40":null},"ios_saf":{"3.2":0,"4.0-4.1":0,"4.2-4.3":0,"5.0-5.1":0.0170854205076,"6.0-6.1":0.0549504064975,"7.0-7.1":0.55596881868,"8":0.0327855366497,"8.1-8.4":3.88762581766,"9":null},"op_mob":{"10":0,"11":0,"11.1":0,"11.5":0,"12":0,"12.1":0,"0":0},"ie":{"5.5":0,"6":0.04617,"7":0.23085,"8":1.366632,"9":0.9234,"10":1.043442,"11":20.028546},"bb":{"7":0,"10":null},"ie_mob":{"10":0.0174449468599,"11":0.0562510531401},"and_uc":{"0":0.122304},"op_mini":{"5.0-8.0":0},"and_chr":{"0":4.16144},"edge":{"0":null},"and_ff":{"0":0.024304}},"total":90.710304}