{"id":"NZ","name":"New Zealand","month":"2015-06","access_date":"2015-07-23","data":{"chrome":{"4":0,"5":0,"6":0,"7":0,"8":0,"9":0,"10":0,"11":0.023139,"12":0,"13":0,"14":0,"15":0,"16":0,"17":0,"18":0.007713,"19":0,"20":0.023139,"21":0.023139,"22":0.046278,"23":0.007713,"24":0.007713,"25":0.015426,"26":0.046278,"27":0.023139,"28":0.015426,"29":0.015426,"30":0.061704,"31":0.601614,"32":0.053991,"33":0.115695,"34":0.092556,"35":0.138834,"36":0.177399,"37":0.169686,"38":0.285381,"39":0.547623,"40":0.38565,"41":0.38565,"42":1.257219,"43":30.373794,"44":0.138834,"45":0.123408,"46":0,"47":0},"firefox":{"2":0,"3":0.007713,"3.5":0,"3.6":0.023139,"4":0.007713,"5":0,"6":0.007713,"7":0,"8":0,"9":0.007713,"10":0.007713,"11":0.007713,"12":0.015426,"13":0.007713,"14":0.007713,"15":0.007713,"16":0.023139,"17":0.007713,"18":0.007713,"19":0.007713,"20":0.023139,"21":0.015426,"22":0.007713,"23":0.007713,"24":0.023139,"25":0.015426,"26":0.015426,"27":0.023139,"28":0.023139,"29":0.015426,"30":0.023139,"31":0.169686,"32":0.061704,"33":0.053991,"34":0.061704,"35":0.100269,"36":0.084843,"37":0.254529,"38":8.198919,"39":0.123408,"40":0.007713,"41":0.007713,"42":0},"opera":{"9":0,"9.5-9.6":0,"10.0-10.1":0,"10.5":0,"10.6":0,"11":0,"11.1":0,"11.5":0,"11.6":0,"12":0.007713,"12.1":0.069417,"15":0,"16":0,"17":0,"18":0,"19":0,"20":0,"21":0,"22":0,"23":0,"24":0,"25":0,"26":0,"27":0,"28":0.015426,"29":0.107982,"30":0.169686,"31":0,"32":0},"safari":{"3.1":0,"3.2":0,"4":0.046278,"5":0.146547,"5.1":0.455067,"6":0.084843,"6.1":0.323946,"7":0.331659,"7.1":0.948699,"8":3.208608,"9":0},"android":{"2.1":0,"2.2":0,"2.3":0.0511387519934,"3":0,"4":0.151037709376,"4.1":0.516144613143,"4.2-4.3":1.02455894982,"4.4":1.80115441614,"4.4.3-4.4.4":0.781352559527,"40":null},"ios_saf":{"3.2":0,"4.0-4.1":0,"4.2-4.3":0,"5.0-5.1":0.0745296484264,"6.0-6.1":0.239703463858,"7.0-7.1":2.42523504609,"8":0.143016352386,"8.1-8.4":16.9585164892,"9":null},"op_mob":{"10":0,"11":0,"11.1":0,"11.5":0,"12":7.67283549784e-5,"12.1":0.000115092532468,"0":0.00103583279221},"ie":{"5.5":0,"6":0.00776728504399,"7":0.031069140176,"8":0.745659364223,"9":1.11848904633,"10":1.04081619589,"11":10.2994199683},"bb":{"7":0.00857625,"10":null},"ie_mob":{"10":0.101777024155,"11":0.328178975845},"and_uc":{"0":0.292736},"op_mini":{"5.0-8.0":0.14056634632},"and_chr":{"0":9.812885},"edge":{"0":null},"and_ff":{"0":0.121211}},"total":98.76776925}