{"id":"OM","name":"Oman","month":"2015-06","access_date":"2015-07-23","data":{"chrome":{"4":0.002782,"5":0.019474,"6":0.005564,"7":0.008346,"8":0.005564,"9":0.016692,"10":0.019474,"11":0.075114,"12":0.025038,"13":0.016692,"14":0.019474,"15":0.005564,"16":0.008346,"17":0.002782,"18":0.008346,"19":0.002782,"20":0.008346,"21":0.005564,"22":0.02782,"23":0.005564,"24":0.002782,"25":0.008346,"26":0.016692,"27":0.011128,"28":0.01391,"29":0.016692,"30":0.022256,"31":0.050076,"32":0.025038,"33":0.116844,"34":0.02782,"35":0.047294,"36":0.100152,"37":0.050076,"38":0.077896,"39":0.397826,"40":0.22256,"41":0.119626,"42":0.294892,"43":12.594114,"44":0.102934,"45":0.19474,"46":0,"47":0},"firefox":{"2":0,"3":0.008346,"3.5":0.002782,"3.6":0.01391,"4":0.005564,"5":0.002782,"6":0.011128,"7":0.002782,"8":0.005564,"9":0.008346,"10":0.011128,"11":0.04173,"12":0.025038,"13":0.005564,"14":0.011128,"15":0.011128,"16":0.01391,"17":0.002782,"18":0.008346,"19":0.005564,"20":0.002782,"21":0.008346,"22":0.005564,"23":0.008346,"24":0.008346,"25":0.002782,"26":0.005564,"27":0.008346,"28":0.008346,"29":0.01391,"30":0.011128,"31":0.019474,"32":0.019474,"33":0.019474,"34":0.022256,"35":0.047294,"36":0.04173,"37":0.1391,"38":2.214472,"39":0.164138,"40":0.002782,"41":0.002782,"42":0},"opera":{"9":0,"9.5-9.6":0,"10.0-10.1":0,"10.5":0,"10.6":0,"11":0,"11.1":0,"11.5":0,"11.6":0.002782,"12":0.005564,"12.1":0.019474,"15":0,"16":0.002782,"17":0,"18":0,"19":0,"20":0.002782,"21":0.005564,"22":0,"23":0,"24":0,"25":0,"26":0,"27":0,"28":0.005564,"29":0.11128,"30":0.169702,"31":0,"32":0},"safari":{"3.1":0,"3.2":0,"4":0.002782,"5":0.02782,"5.1":0.036166,"6":0.019474,"6.1":0.033384,"7":0.036166,"7.1":0.094588,"8":0.328276,"9":0},"android":{"2.1":0,"2.2":0,"2.3":0.292968943085,"3":0,"4":0.865280366786,"4.1":2.95694235579,"4.2-4.3":5.86959870855,"4.4":10.3186387047,"4.4.3-4.4.4":4.47629292109,"40":null},"ios_saf":{"3.2":0,"4.0-4.1":0,"4.2-4.3":0,"5.0-5.1":0.0222372554315,"6.0-6.1":0.0715198215228,"7.0-7.1":0.723612311878,"8":0.0426714901523,"8.1-8.4":5.05987712102,"9":null},"op_mob":{"10":0,"11":0,"11.1":0,"11.5":0,"12":0.000214821428571,"12.1":0.000322232142857,"0":0.00290008928571},"ie":{"5.5":0,"6":0.0139443626482,"7":0.0111554901186,"8":0.953794405138,"9":0.889650336957,"10":0.775306563241,"11":2.99803796937},"bb":{"7":0.061353,"10":null},"ie_mob":{"10":0.160609217391,"11":0.517882782609},"and_uc":{"0":13.230594},"op_mini":{"5.0-8.0":0.393552857143},"and_chr":{"0":23.719716},"edge":{"0":null},"and_ff":{"0":0.18045}},"total":93.2902541275}