{"id":"PE","name":"Peru","month":"2015-06","access_date":"2015-07-23","data":{"chrome":{"4":0.008275,"5":0.008275,"6":0,"7":0,"8":0.008275,"9":0.008275,"10":0.008275,"11":0.0662,"12":0.024825,"13":0.0331,"14":0.008275,"15":0.01655,"16":0.008275,"17":0.008275,"18":0.041375,"19":0.008275,"20":0.0331,"21":0.024825,"22":0.140675,"23":0.041375,"24":0.0331,"25":0.074475,"26":0.140675,"27":0.074475,"28":0.041375,"29":0.0993,"30":0.0993,"31":0.190325,"32":0.08275,"33":0.223425,"34":0.1986,"35":0.31445,"36":0.504775,"37":0.537875,"38":0.4634,"39":0.94335,"40":0.769575,"41":0.935075,"42":1.47295,"43":51.760125,"44":0.18205,"45":0.157225,"46":0,"47":0},"firefox":{"2":0,"3":0.041375,"3.5":0.008275,"3.6":0.041375,"4":0.008275,"5":0.008275,"6":0.008275,"7":0,"8":0.01655,"9":0.008275,"10":0.008275,"11":0.008275,"12":0.024825,"13":0.008275,"14":0.0331,"15":0.008275,"16":0.024825,"17":0.01655,"18":0.01655,"19":0.01655,"20":0.024825,"21":0.024825,"22":0.01655,"23":0.01655,"24":0.01655,"25":0.01655,"26":0.024825,"27":0.024825,"28":0.024825,"29":0.041375,"30":0.074475,"31":0.1655,"32":0.11585,"33":0.091025,"34":0.08275,"35":0.140675,"36":0.1324,"37":0.331,"38":5.11395,"39":0.041375,"40":0.008275,"41":0,"42":0},"opera":{"9":0,"9.5-9.6":0,"10.0-10.1":0,"10.5":0,"10.6":0,"11":0,"11.1":0,"11.5":0,"11.6":0,"12":0.008275,"12.1":0.024825,"15":0,"16":0,"17":0,"18":0,"19":0,"20":0,"21":0,"22":0,"23":0,"24":0,"25":0,"26":0,"27":0,"28":0.01655,"29":0.239975,"30":0.4303,"31":0,"32":0},"safari":{"3.1":0,"3.2":0,"4":0.01655,"5":0.01655,"5.1":0.04965,"6":0.024825,"6.1":0.0331,"7":0.1655,"7.1":0.11585,"8":0.4303,"9":0},"android":{"2.1":0,"2.2":0,"2.3":0.0438116442123,"3":0,"4":0.129397181743,"4.1":0.44219194391,"4.2-4.3":0.877761197415,"4.4":1.54308686417,"4.4.3-4.4.4":0.669401168546,"40":null},"ios_saf":{"3.2":0,"4.0-4.1":0,"4.2-4.3":0,"5.0-5.1":0.00930024111675,"6.0-6.1":0.0299115862944,"7.0-7.1":0.302634873096,"8":0.0178464086294,"8.1-8.4":2.11618189086,"9":null},"op_mob":{"10":0,"11":0,"11.1":0,"11.5":0,"12":0.00132362012987,"12.1":0.00198543019481,"0":0.0178688717532},"ie":{"5.5":0,"6":0.0502615473441,"7":0.0335076982294,"8":2.4544388953,"9":0.988477097768,"10":1.71726953426,"11":5.62929330254},"bb":{"7":0.0474375,"10":null},"ie_mob":{"10":0.228666666667,"11":0.737333333333},"and_uc":{"0":0.194925},"op_mini":{"5.0-8.0":2.42487207792},"and_chr":{"0":10.073675},"edge":{"0":null},"and_ff":{"0":0.143175}},"total":99.1285855754}