{"id":"PH","name":"Philippines","month":"2015-06","access_date":"2015-07-23","data":{"chrome":{"4":0.013778,"5":0.020667,"6":0.034445,"7":0.020667,"8":0.020667,"9":0.013778,"10":0.048223,"11":0.06889,"12":0.055112,"13":0.027556,"14":0.027556,"15":0.020667,"16":0.041334,"17":0.020667,"18":0.096446,"19":0.013778,"20":0.034445,"21":0.027556,"22":0.06889,"23":0.048223,"24":0.034445,"25":0.075779,"26":0.144669,"27":0.082668,"28":0.096446,"29":0.075779,"30":0.096446,"31":0.248004,"32":0.110224,"33":0.489119,"34":0.151558,"35":0.351339,"36":0.48223,"37":0.516675,"38":0.434007,"39":1.191797,"40":0.785346,"41":0.833569,"42":1.302021,"43":35.044343,"44":0.303116,"45":0.564898,"46":0,"47":0},"firefox":{"2":0,"3":0.013778,"3.5":0.006889,"3.6":0.055112,"4":0.020667,"5":0.013778,"6":0.013778,"7":0.006889,"8":0.013778,"9":0.027556,"10":0.027556,"11":0.034445,"12":0.062001,"13":0.034445,"14":0.027556,"15":0.027556,"16":0.041334,"17":0.034445,"18":0.027556,"19":0.027556,"20":0.048223,"21":0.034445,"22":0.034445,"23":0.034445,"24":0.055112,"25":0.027556,"26":0.048223,"27":0.048223,"28":0.034445,"29":0.103335,"30":0.13778,"31":0.282449,"32":0.199781,"33":0.179114,"34":0.151558,"35":0.261782,"36":0.227337,"37":0.516675,"38":5.92454,"39":0.523564,"40":0.013778,"41":0.013778,"42":0},"opera":{"9":0,"9.5-9.6":0,"10.0-10.1":0,"10.5":0,"10.6":0,"11":0,"11.1":0,"11.5":0,"11.6":0,"12":0,"12.1":0.027556,"15":0,"16":0.048223,"17":0,"18":0,"19":0,"20":0,"21":0,"22":0,"23":0,"24":0.006889,"25":0.006889,"26":0.006889,"27":0.006889,"28":0.020667,"29":0.20667,"30":0.337561,"31":0,"32":0},"safari":{"3.1":0,"3.2":0,"4":0.013778,"5":0.048223,"5.1":0.089557,"6":0.027556,"6.1":0.048223,"7":0.254893,"7.1":0.130891,"8":0.578676,"9":0},"android":{"2.1":0,"2.2":0,"2.3":0.0963830635139,"3":0,"4":0.284666257355,"4.1":0.972796501512,"4.2-4.3":1.93102347017,"4.4":3.39470115562,"4.4.3-4.4.4":1.47264355183,"40":null},"ios_saf":{"3.2":0,"4.0-4.1":0,"4.2-4.3":0,"5.0-5.1":0.0410239246701,"6.0-6.1":0.131941811777,"7.0-7.1":1.33494068386,"8":0.0787215851777,"8.1-8.4":9.33460599452,"9":null},"op_mob":{"10":0,"11":0,"11.1":0,"11.5":0,"12":0.00219015746753,"12.1":0.0032852362013,"0":0.0295671258117},"ie":{"5.5":0,"6":0.0554645287846,"7":0.0138661321962,"8":0.755704204691,"9":0.305054908316,"10":0.367452503198,"11":1.74713265672},"bb":{"7":0.040443,"10":null},"ie_mob":{"10":0.0832154927536,"11":0.268327507246},"and_uc":{"0":1.798158},"op_mini":{"5.0-8.0":4.01236848052},"and_chr":{"0":14.695618},"edge":{"0":null},"and_ff":{"0":0.149328}},"total":98.8157399339}