{"id":"PL","name":"Poland","month":"2015-06","access_date":"2015-07-23","data":{"chrome":{"4":0,"5":0,"6":0,"7":0,"8":0.004663,"9":0,"10":0.009326,"11":0.051293,"12":0.004663,"13":0,"14":0,"15":0,"16":0,"17":0,"18":0.018652,"19":0,"20":0,"21":0.009326,"22":0.023315,"23":0.004663,"24":0.004663,"25":0.004663,"26":0.027978,"27":0.009326,"28":0.023315,"29":0.009326,"30":0.018652,"31":0.097923,"32":0.032641,"33":0.051293,"34":0.102586,"35":0.167868,"36":0.144553,"37":0.18652,"38":0.13989,"39":0.27978,"40":0.163205,"41":0.153879,"42":0.387029,"43":18.544751,"44":0.041967,"45":0.055956,"46":0,"47":0},"firefox":{"2":0.004663,"3":0.004663,"3.5":0.004663,"3.6":0.023315,"4":0.004663,"5":0.004663,"6":0.004663,"7":0.004663,"8":0.004663,"9":0.004663,"10":0.009326,"11":0.013989,"12":0.027978,"13":0.009326,"14":0.009326,"15":0.009326,"16":0.013989,"17":0.023315,"18":0.013989,"19":0.009326,"20":0.013989,"21":0.013989,"22":0.009326,"23":0.009326,"24":0.018652,"25":0.009326,"26":0.018652,"27":0.018652,"28":0.027978,"29":0.023315,"30":0.032641,"31":0.149216,"32":0.097923,"33":0.060619,"34":0.074608,"35":0.135227,"36":0.13989,"37":0.354388,"38":12.468862,"39":0.065282,"40":0.009326,"41":0.004663,"42":0},"opera":{"9":0,"9.5-9.6":0,"10.0-10.1":0,"10.5":0,"10.6":0,"11":0,"11.1":0,"11.5":0.004663,"11.6":0.009326,"12":0.013989,"12.1":0.415007,"15":0.004663,"16":0.004663,"17":0.004663,"18":0.018652,"19":0.009326,"20":0.023315,"21":0.009326,"22":0.004663,"23":0.004663,"24":0.009326,"25":0.009326,"26":0.027978,"27":0.018652,"28":0.069945,"29":1.021197,"30":2.05172,"31":0.027978,"32":0},"safari":{"3.1":0,"3.2":0,"4":0.004663,"5":0.013989,"5.1":0.041967,"6":0.004663,"6.1":0.018652,"7":0.088597,"7.1":0.065282,"8":0.32641,"9":0},"android":{"2.1":0,"2.2":0,"2.3":0.204325406654,"3":0,"4":0.603472712675,"4.1":2.06226108111,"4.2-4.3":4.09363576354,"4.4":7.19653089249,"4.4.3-4.4.4":3.12190214352,"40":null},"ios_saf":{"3.2":0,"4.0-4.1":0,"4.2-4.3":0,"5.0-5.1":0.00357379807107,"6.0-6.1":0.0114941073096,"7.0-7.1":0.116293321015,"8":0.00685782873096,"8.1-8.4":0.813183944873,"9":null},"op_mob":{"10":0,"11":0,"11.1":0,"11.5":0,"12":0.00172990422078,"12.1":0.00259485633117,"0":0.0233537069805},"ie":{"5.5":0,"6":0.00936300793651,"7":0.0140445119048,"8":0.407290845238,"9":0.271527230159,"10":0.308979261905,"11":2.52801214286},"bb":{"7":0.0133425,"10":null},"ie_mob":{"10":0.730215043478,"11":2.35457095652},"and_uc":{"0":0.10674},"op_mini":{"5.0-8.0":3.16918453247},"and_chr":{"0":31.036362},"edge":{"0":null},"and_ff":{"0":0.277524}},"total":98.5503165}