{"id":"PM","name":"Saint Pierre and Miquelon","month":"2015-06","access_date":"2015-07-23","data":{"chrome":{"4":0,"5":0,"6":0,"7":0,"8":0,"9":0,"10":0,"11":0.14163,"12":0,"13":0,"14":0.018884,"15":0,"16":0.009442,"17":0,"18":0.113304,"19":0.04721,"20":0.009442,"21":0.018884,"22":0.028326,"23":0.018884,"24":0.028326,"25":0,"26":0,"27":0.028326,"28":0.028326,"29":0.037768,"30":0.009442,"31":0.018884,"32":0.151072,"33":0.084978,"34":0.084978,"35":0.04721,"36":0.4721,"37":0.23605,"38":0.160514,"39":0.321028,"40":0.151072,"41":0.066094,"42":0.679824,"43":35.870158,"44":0.028326,"45":0.009442,"46":0,"47":0},"firefox":{"2":0,"3":0.009442,"3.5":0,"3.6":0.066094,"4":0,"5":0.009442,"6":0.009442,"7":0,"8":0,"9":0.132188,"10":0.009442,"11":0.113304,"12":0.028326,"13":0,"14":0.009442,"15":0.009442,"16":0.151072,"17":0.018884,"18":0,"19":0,"20":0,"21":0.028326,"22":0.018884,"23":0.04721,"24":0.037768,"25":0.04721,"26":0,"27":0.028326,"28":0.009442,"29":0.037768,"30":0.009442,"31":0.453216,"32":0.018884,"33":0.075536,"34":0.113304,"35":0.132188,"36":0.18884,"37":0.339912,"38":18.525204,"39":0.018884,"40":0,"41":0,"42":0},"opera":{"9":0,"9.5-9.6":0,"10.0-10.1":0,"10.5":0,"10.6":0,"11":0.009442,"11.1":0.018884,"11.5":0.075536,"11.6":0,"12":0.028326,"12.1":0.075536,"15":0,"16":0,"17":0,"18":0,"19":0,"20":0.14163,"21":0,"22":0,"23":0,"24":0,"25":0.018884,"26":0,"27":0,"28":0,"29":0.132188,"30":0.358796,"31":0,"32":0},"safari":{"3.1":0,"3.2":0,"4":0.009442,"5":1.709002,"5.1":1.65235,"6":0.132188,"6.1":0.179398,"7":0.198282,"7.1":0.764802,"8":2.50213,"9":0},"android":{"2.1":0,"2.2":0,"2.3":0.0353442738521,"3":0,"4":0.104388901842,"4.1":0.356730577949,"4.2-4.3":0.708118416827,"4.4":1.24485820346,"4.4.3-4.4.4":0.540027626065,"40":null},"ios_saf":{"3.2":0,"4.0-4.1":0,"4.2-4.3":0,"5.0-5.1":0.0408212322843,"6.0-6.1":0.131289909239,"7.0-7.1":1.32834496406,"8":0.0783326349239,"8.1-8.4":9.28848525949,"9":null},"op_mob":{"10":0,"11":0,"11.1":0,"11.5":0,"12":0,"12.1":0,"0":0},"ie":{"5.5":0,"6":0,"7":0.0472782718727,"8":2.1937118149,"9":1.6736508243,"10":0.652440151844,"11":8.51008893709},"bb":{"7":0.0018135,"10":null},"ie_mob":{"10":0.045834173913,"11":0.147791826087},"and_uc":{"0":0},"op_mini":{"5.0-8.0":0},"and_chr":{"0":3.592426},"edge":{"0":null},"and_ff":{"0":0.017856}},"total":98.3632375}