{"id":"PR","name":"Puerto Rico","month":"2015-06","access_date":"2015-07-23","data":{"chrome":{"4":0,"5":0,"6":0,"7":0,"8":0,"9":0,"10":0,"11":0.072336,"12":0.006028,"13":0,"14":0,"15":0,"16":0,"17":0,"18":0.024112,"19":0,"20":0.018084,"21":0.036168,"22":0.012056,"23":0,"24":0.006028,"25":0.012056,"26":0.012056,"27":0.012056,"28":0.03014,"29":0.012056,"30":0.006028,"31":0.06028,"32":0.054252,"33":0.078364,"34":0.09042,"35":0.156728,"36":0.928312,"37":0.952424,"38":0.174812,"39":0.458128,"40":0.162756,"41":0.102476,"42":0.51238,"43":20.579592,"44":0.078364,"45":0.108504,"46":0,"47":0},"firefox":{"2":0,"3":0.006028,"3.5":0.006028,"3.6":0.042196,"4":0.006028,"5":0,"6":0.006028,"7":0,"8":0.006028,"9":0,"10":0.006028,"11":0.006028,"12":0.018084,"13":0.006028,"14":0.006028,"15":0,"16":0.018084,"17":0.006028,"18":0.006028,"19":0.006028,"20":0.012056,"21":0.012056,"22":0.006028,"23":0.006028,"24":0.012056,"25":0,"26":0.012056,"27":0.006028,"28":0.012056,"29":0.012056,"30":0.024112,"31":0.614856,"32":0.379764,"33":0.048224,"34":0.03014,"35":0.072336,"36":0.096448,"37":0.235092,"38":6.05814,"39":0.084392,"40":0.006028,"41":0.006028,"42":0},"opera":{"9":0,"9.5-9.6":0,"10.0-10.1":0,"10.5":0,"10.6":0,"11":0.006028,"11.1":0.006028,"11.5":0,"11.6":0,"12":0,"12.1":0.036168,"15":0,"16":0,"17":0,"18":0,"19":0,"20":0.006028,"21":0,"22":0,"23":0,"24":0,"25":0,"26":0.006028,"27":0,"28":0.012056,"29":0.229064,"30":0.409904,"31":0.018084,"32":0},"safari":{"3.1":0,"3.2":0,"4":0.048224,"5":0.126588,"5.1":0.343596,"6":0.042196,"6.1":0.259204,"7":0.675136,"7.1":0.440044,"8":2.061576,"9":0},"android":{"2.1":0,"2.2":0,"2.3":0.12142897333,"3":0,"4":0.358639060764,"4.1":1.22558545175,"4.2-4.3":2.43281536101,"4.4":4.27684139786,"4.4.3-4.4.4":1.85532175529,"40":null},"ios_saf":{"3.2":0,"4.0-4.1":0,"4.2-4.3":0,"5.0-5.1":0.0589497522843,"6.0-6.1":0.189595149239,"7.0-7.1":1.91825680406,"8":0.113119794924,"8.1-8.4":13.4134584995,"9":null},"op_mob":{"10":0,"11":0,"11.1":0,"11.5":0,"12":7.9525974026e-5,"12.1":0.000119288961039,"0":0.00107360064935},"ie":{"5.5":0,"6":0.0120680079681,"7":0.0422380278884,"8":0.730114482072,"9":0.796488525896,"10":1.01974667331,"11":9.50959027888},"bb":{"7":0.007944,"10":null},"ie_mob":{"10":0.258563768116,"11":0.833736231884},"and_uc":{"0":0.055608},"op_mini":{"5.0-8.0":0.145691584416},"and_chr":{"0":21.492688},"edge":{"0":null},"and_ff":{"0":0.142992}},"total":98.392381996}