{"id":"PS","name":"Palestinian Territory","month":"2015-06","access_date":"2015-07-23","data":{"chrome":{"4":0.023013,"5":0.015342,"6":0.015342,"7":0.015342,"8":0.007671,"9":0.015342,"10":0.038355,"11":0.122736,"12":0.061368,"13":0.038355,"14":0.038355,"15":0.061368,"16":0.038355,"17":0.007671,"18":0.015342,"19":0,"20":0.015342,"21":0.007671,"22":0.061368,"23":0.007671,"24":0.030684,"25":0.023013,"26":0.046026,"27":0.099723,"28":0.122736,"29":0.053697,"30":0.115065,"31":0.069039,"32":0.069039,"33":0.23013,"34":0.046026,"35":0.130407,"36":0.444918,"37":0.667377,"38":0.521628,"39":0.820797,"40":1.265715,"41":0.291498,"42":0.836139,"43":37.979121,"44":0.122736,"45":0.260814,"46":0,"47":0},"firefox":{"2":0,"3":0.007671,"3.5":0.030684,"3.6":0.092052,"4":0.015342,"5":0.007671,"6":0.007671,"7":0.007671,"8":0.007671,"9":0.015342,"10":0.038355,"11":0.023013,"12":0.184104,"13":0.030684,"14":0.084381,"15":0.046026,"16":0.046026,"17":0.030684,"18":0.046026,"19":0.038355,"20":0.023013,"21":0.030684,"22":0.069039,"23":0.038355,"24":0.030684,"25":0.038355,"26":0.053697,"27":0.053697,"28":0.038355,"29":0.092052,"30":0.107394,"31":0.299169,"32":0.260814,"33":0.161091,"34":0.191775,"35":0.291498,"36":0.352866,"37":0.705732,"38":11.974431,"39":0.38355,"40":0.015342,"41":0,"42":0},"opera":{"9":0,"9.5-9.6":0,"10.0-10.1":0,"10.5":0,"10.6":0,"11":0,"11.1":0.007671,"11.5":0,"11.6":0.007671,"12":0.015342,"12.1":4.456851,"15":0,"16":0,"17":0,"18":0.007671,"19":0,"20":0.007671,"21":0,"22":0,"23":0,"24":0,"25":0,"26":0.007671,"27":0,"28":0.023013,"29":0.337524,"30":0.621351,"31":0.015342,"32":0},"safari":{"3.1":0,"3.2":0,"4":0.007671,"5":0.030684,"5.1":0.023013,"6":0.007671,"6.1":0.015342,"7":0.253143,"7.1":0.069039,"8":0.329853,"9":0},"android":{"2.1":0,"2.2":0,"2.3":0.0841360439923,"3":0,"4":0.248494827605,"4.1":0.849187048666,"4.2-4.3":1.68565585812,"4.4":2.9633497355,"4.4.3-4.4.4":1.28552048611,"40":null},"ios_saf":{"3.2":0,"4.0-4.1":0,"4.2-4.3":0,"5.0-5.1":0.0156345096447,"6.0-6.1":0.0502839634518,"7.0-7.1":0.508755394924,"8":0.0300013563452,"8.1-8.4":3.55748477563,"9":null},"op_mob":{"10":0,"11":0,"11.1":0,"11.5":0,"12":0.00121365097403,"12.1":0.00182047646104,"0":0.0163842881494},"ie":{"5.5":0,"6":0.0234185154185,"7":0.0234185154185,"8":1.61587756388,"9":0.405920933921,"10":0.398114762115,"11":2.84925270925},"bb":{"7":0.0034935,"10":null},"ie_mob":{"10":0.045207352657,"11":0.145770647343},"and_uc":{"0":0.228242},"op_mini":{"5.0-8.0":2.22340858442},"and_chr":{"0":11.462049},"edge":{"0":null},"and_ff":{"0":0.123437}},"total":97.9130865}