{"id":"PW","name":"Palau","month":"2015-06","access_date":"2015-07-23","data":{"chrome":{"4":0,"5":0,"6":0,"7":0.007548,"8":2.105892,"9":0,"10":0.294372,"11":0.875568,"12":0.067932,"13":0,"14":0.052836,"15":0,"16":0,"17":0,"18":0.105672,"19":0.052836,"20":0.007548,"21":0.045288,"22":0.015096,"23":0.007548,"24":0.03774,"25":0,"26":0.052836,"27":0.015096,"28":0.022644,"29":0.030192,"30":0.11322,"31":0.203796,"32":0.030192,"33":1.305804,"34":0.022644,"35":0.015096,"36":0.181152,"37":0,"38":1.275612,"39":0.060384,"40":0.26418,"41":0.271728,"42":0.777444,"43":30.373152,"44":0.045288,"45":0.030192,"46":0,"47":0},"firefox":{"2":0,"3":0.007548,"3.5":0.007548,"3.6":0.098124,"4":0.022644,"5":0.015096,"6":0.022644,"7":0.007548,"8":0,"9":0.030192,"10":0.030192,"11":0.143412,"12":0.090576,"13":0.015096,"14":0.083028,"15":0.022644,"16":0.030192,"17":0.015096,"18":0.045288,"19":0,"20":0.060384,"21":0.045288,"22":0.052836,"23":0.158508,"24":0.045288,"25":0.030192,"26":0.015096,"27":0.007548,"28":0.030192,"29":0.07548,"30":0.135864,"31":0.784992,"32":0.007548,"33":0.279276,"34":0.030192,"35":0.22644,"36":0.211344,"37":0.9435,"38":7.291368,"39":2.053056,"40":0.083028,"41":0.007548,"42":0},"opera":{"9":0,"9.5-9.6":0,"10.0-10.1":0,"10.5":0,"10.6":0,"11":0,"11.1":0.045288,"11.5":0.052836,"11.6":0.007548,"12":0.045288,"12.1":0.060384,"15":0,"16":0.007548,"17":0,"18":0,"19":0,"20":0,"21":0,"22":0,"23":0,"24":0.007548,"25":0,"26":0,"27":0,"28":0.007548,"29":0.030192,"30":0.052836,"31":0,"32":0},"safari":{"3.1":0,"3.2":0,"4":0.03774,"5":0.135864,"5.1":0.15096,"6":0.422688,"6.1":0.060384,"7":0.098124,"7.1":0.158508,"8":0.701964,"9":0},"android":{"2.1":0,"2.2":0,"2.3":0.130082885895,"3":0,"4":0.384198290899,"4.1":1.31292959252,"4.2-4.3":2.60619549299,"4.4":4.58164024856,"4.4.3-4.4.4":1.98754548914,"40":null},"ios_saf":{"3.2":0,"4.0-4.1":0,"4.2-4.3":0,"5.0-5.1":0.025312026802,"6.0-6.1":0.081408951066,"7.0-7.1":0.823667034315,"8":0.0485717271066,"8.1-8.4":5.75951226071,"9":null},"op_mob":{"10":0,"11":0,"11.1":0,"11.5":0,"12":0.00133612770563,"12.1":0.00200419155844,"0":0.018037724026},"ie":{"5.5":0,"6":0.158825492238,"7":0.11344678017,"8":1.45211878618,"9":3.71349127091,"10":1.92103214422,"11":7.72950728893},"bb":{"7":0.007969,"10":null},"ie_mob":{"10":0.0313429565217,"11":0.101065043478},"and_uc":{"0":1.603608},"op_mini":{"5.0-8.0":2.44778595671},"and_chr":{"0":7.54932},"edge":{"0":null},"and_ff":{"0":0.08582}},"total":98.7893867626}