{"id":"PY","name":"Paraguay","month":"2015-06","access_date":"2015-07-23","data":{"chrome":{"4":0.005042,"5":0.005042,"6":0.005042,"7":0.005042,"8":0.005042,"9":0.005042,"10":0.02521,"11":0.060504,"12":0.02521,"13":0.005042,"14":0,"15":0.005042,"16":0.005042,"17":0.005042,"18":0.055462,"19":0.010084,"20":0.005042,"21":0.020168,"22":0.030252,"23":0.005042,"24":0.005042,"25":0.010084,"26":0.020168,"27":0.020168,"28":0.020168,"29":0.035294,"30":0.05042,"31":0.060504,"32":0.045378,"33":0.121008,"34":0.080672,"35":0.141176,"36":0.468906,"37":0.52941,"38":0.196638,"39":0.423528,"40":0.257142,"41":0.191596,"42":0.413444,"43":27.347808,"44":0.110924,"45":0.065546,"46":0,"47":0},"firefox":{"2":0.005042,"3":0.020168,"3.5":0.02521,"3.6":0.080672,"4":0.030252,"5":0.010084,"6":0.005042,"7":0.015126,"8":0.010084,"9":0.015126,"10":0.030252,"11":0.030252,"12":0.05042,"13":0.010084,"14":0.05042,"15":0.020168,"16":0.02521,"17":0.040336,"18":0.010084,"19":0.030252,"20":0.030252,"21":0.030252,"22":0.045378,"23":0.020168,"24":0.035294,"25":0.010084,"26":0.020168,"27":0.020168,"28":0.040336,"29":0.05042,"30":0.045378,"31":0.312604,"32":0.216806,"33":0.065546,"34":0.070588,"35":0.136134,"36":0.171428,"37":0.383192,"38":7.51258,"39":0.085714,"40":0.005042,"41":0,"42":0},"opera":{"9":0,"9.5-9.6":0,"10.0-10.1":0,"10.5":0,"10.6":0,"11":0,"11.1":0.005042,"11.5":0.005042,"11.6":0,"12":0,"12.1":0.020168,"15":0,"16":0,"17":0.010084,"18":0,"19":0,"20":0,"21":0,"22":0,"23":0,"24":0,"25":0,"26":0.020168,"27":0.005042,"28":0.015126,"29":0.191596,"30":0.35294,"31":0.005042,"32":0},"safari":{"3.1":0,"3.2":0,"4":0.010084,"5":0.035294,"5.1":0.030252,"6":0.005042,"6.1":0.015126,"7":0.383192,"7.1":0.065546,"8":0.544536,"9":0},"android":{"2.1":0,"2.2":0,"2.3":0.182758252406,"3":0,"4":0.539774373385,"4.1":1.84458329172,"4.2-4.3":3.66154033599,"4.4":6.43691565741,"4.4.3-4.4.4":2.79237608908,"40":null},"ios_saf":{"3.2":0,"4.0-4.1":0,"4.2-4.3":0,"5.0-5.1":0.0120831482234,"6.0-6.1":0.0388620172589,"7.0-7.1":0.393192174619,"8":0.0231865817259,"8.1-8.4":2.74940607817,"9":null},"op_mob":{"10":0,"11":0,"11.1":0,"11.5":0,"12":0.00544897077922,"12.1":0.00817345616883,"0":0.0735611055195},"ie":{"5.5":0,"6":0.131994304818,"7":0.0710738564405,"8":1.26917600787,"9":0.446749954769,"10":0.507670403147,"11":2.7261900649},"bb":{"7":0.104118,"10":null},"ie_mob":{"10":0.517572086957,"11":1.66890591304},"and_uc":{"0":1.075886},"op_mini":{"5.0-8.0":9.98251446753},"and_chr":{"0":18.39854},"edge":{"0":null},"and_ff":{"0":0.17353}},"total":98.2793385919}