{"id":"QA","name":"Qatar","month":"2015-06","access_date":"2015-07-23","data":{"chrome":{"4":0.004825,"5":0.004825,"6":0.004825,"7":0.004825,"8":0.004825,"9":0.004825,"10":0.014475,"11":0.0386,"12":0.0193,"13":0.004825,"14":0.014475,"15":0.004825,"16":0,"17":0,"18":0.004825,"19":0.00965,"20":0.004825,"21":0.004825,"22":0.082025,"23":0.004825,"24":0,"25":0.00965,"26":0.02895,"27":0.0193,"28":0.024125,"29":0.0193,"30":0.043425,"31":0.082025,"32":0.024125,"33":0.18335,"34":0.043425,"35":0.12545,"36":0.197825,"37":0.168875,"38":0.1544,"39":0.68515,"40":0.31845,"41":0.188175,"42":0.361875,"43":23.029725,"44":0.120625,"45":0.332925,"46":0,"47":0},"firefox":{"2":0,"3":0.00965,"3.5":0,"3.6":0.014475,"4":0.004825,"5":0,"6":0.004825,"7":0.004825,"8":0,"9":0,"10":0.00965,"11":0.00965,"12":0.00965,"13":0.004825,"14":0.004825,"15":0.00965,"16":0.00965,"17":0.043425,"18":0.004825,"19":0.004825,"20":0.004825,"21":0.004825,"22":0.004825,"23":0.00965,"24":0.00965,"25":0.004825,"26":0.00965,"27":0.00965,"28":0.004825,"29":0.014475,"30":0.014475,"31":0.091675,"32":0.0579,"33":0.024125,"34":0.033775,"35":0.04825,"36":0.072375,"37":0.130275,"38":3.02045,"39":0.207475,"40":0.004825,"41":0.004825,"42":0},"opera":{"9":0,"9.5-9.6":0,"10.0-10.1":0,"10.5":0,"10.6":0,"11":0,"11.1":0,"11.5":0,"11.6":0,"12":0,"12.1":0.02895,"15":0,"16":0,"17":0,"18":0.004825,"19":0,"20":0.00965,"21":0.004825,"22":0,"23":0,"24":0,"25":0.004825,"26":0.004825,"27":0.004825,"28":0.014475,"29":0.26055,"30":0.43425,"31":0.004825,"32":0},"safari":{"3.1":0,"3.2":0,"4":0.004825,"5":0.02895,"5.1":0.1158,"6":0.0386,"6.1":0.072375,"7":0.188175,"7.1":0.26055,"8":0.969825,"9":0},"android":{"2.1":0,"2.2":0,"2.3":0.0971661671707,"3":0,"4":0.2869791449,"4.1":0.980700384933,"4.2-4.3":1.94671286087,"4.4":3.42228279489,"4.4.3-4.4.4":1.48460864724,"40":null},"ios_saf":{"3.2":0,"4.0-4.1":0,"4.2-4.3":0,"5.0-5.1":0.0392421624365,"6.0-6.1":0.126211279188,"7.0-7.1":1.27696117766,"8":0.0753025279188,"8.1-8.4":8.92918285279,"9":null},"op_mob":{"10":0,"11":0,"11.1":0,"11.5":0,"12":0.00580787337662,"12.1":0.00871181006494,"0":0.0784062905844},"ie":{"5.5":0,"6":0.00970415816327,"7":0.0194083163265,"8":1.02864076531,"9":1.07230947704,"10":0.839409681122,"11":6.52119428571},"bb":{"7":0.08409375,"10":null},"ie_mob":{"10":0.165375,"11":0.53325},"and_uc":{"0":11.70585},"op_mini":{"5.0-8.0":10.640024026},"and_chr":{"0":14.202525},"edge":{"0":null},"and_ff":{"0":0.087975}},"total":98.4587354337}