{"id":"RE","name":"Reunion","month":"2015-06","access_date":"2015-07-23","data":{"chrome":{"4":0.007394,"5":0.007394,"6":0,"7":0.007394,"8":0.007394,"9":0,"10":0,"11":0.051758,"12":0.014788,"13":0,"14":0.007394,"15":0,"16":0.014788,"17":0,"18":0.014788,"19":0,"20":0.007394,"21":0.014788,"22":0.059152,"23":0.066546,"24":0.029576,"25":0.022182,"26":0.029576,"27":0.014788,"28":0.081334,"29":0.07394,"30":0.162668,"31":0.155274,"32":0.059152,"33":0.088728,"34":0.155274,"35":0.214426,"36":0.414064,"37":0.384488,"38":0.266184,"39":0.569338,"40":0.266184,"41":0.170062,"42":0.421458,"43":23.135826,"44":0.118304,"45":0.059152,"46":0,"47":0},"firefox":{"2":0,"3":0.014788,"3.5":0.014788,"3.6":0.118304,"4":0.059152,"5":0.007394,"6":0.03697,"7":0.044364,"8":0.014788,"9":0.014788,"10":0.022182,"11":0.066546,"12":0.044364,"13":0.022182,"14":0.07394,"15":0.133092,"16":0.199638,"17":0.029576,"18":0.066546,"19":0.014788,"20":0.07394,"21":0.03697,"22":0.022182,"23":0.377094,"24":0.288366,"25":0.088728,"26":0.059152,"27":0.022182,"28":0.07394,"29":0.07394,"30":0.118304,"31":0.325336,"32":0.613702,"33":0.199638,"34":0.317942,"35":0.244002,"36":0.236608,"37":0.879886,"38":17.841722,"39":0.103516,"40":0.022182,"41":0.007394,"42":0},"opera":{"9":0,"9.5-9.6":0,"10.0-10.1":0,"10.5":0,"10.6":0,"11":0,"11.1":0,"11.5":0,"11.6":0,"12":0.007394,"12.1":0.066546,"15":0,"16":0,"17":0,"18":0,"19":0,"20":0.007394,"21":0.007394,"22":0,"23":0,"24":0,"25":0,"26":0,"27":0,"28":0.007394,"29":0.207032,"30":0.40667,"31":0.007394,"32":0},"safari":{"3.1":0,"3.2":0,"4":0.044364,"5":0.33273,"5.1":0.687642,"6":0.103516,"6.1":0.399276,"7":0.451034,"7.1":0.81334,"8":2.159048,"9":0},"android":{"2.1":0,"2.2":0,"2.3":0.0889072587297,"3":0,"4":0.262586554853,"4.1":0.89734302997,"4.2-4.3":1.7812465906,"4.4":3.13139635689,"4.4.3-4.4.4":1.35842020896,"40":null},"ios_saf":{"3.2":0,"4.0-4.1":0,"4.2-4.3":0,"5.0-5.1":0.0295821047716,"6.0-6.1":0.0951424450761,"7.0-7.1":0.962617679594,"8":0.0567656605076,"8.1-8.4":6.73112811005,"9":null},"op_mob":{"10":0,"11":0,"11.1":0,"11.5":0,"12":0.000270753246753,"12.1":0.00040612987013,"0":0.00365516883117},"ie":{"5.5":0,"6":0.0148937229669,"7":0.0148937229669,"8":0.543620888293,"9":0.320215043789,"10":0.595748918677,"11":6.84366570331},"bb":{"7":0.0045605,"10":null},"ie_mob":{"10":0.158537961353,"11":0.511204038647},"and_uc":{"0":0.067756},"op_mini":{"5.0-8.0":0.496019948052},"and_chr":{"0":16.990434},"edge":{"0":null},"and_ff":{"0":0.231934}},"total":98.0989865}