{"id":"RS","name":"Serbia","month":"2015-06","access_date":"2015-07-23","data":{"chrome":{"4":0.017238,"5":0.008619,"6":0.008619,"7":0.008619,"8":0.008619,"9":0.008619,"10":0.025857,"11":0.077571,"12":0.034476,"13":0.008619,"14":0.017238,"15":0.008619,"16":0.017238,"17":0.008619,"18":0.068952,"19":0,"20":0.008619,"21":0.008619,"22":0.094809,"23":0.008619,"24":0.017238,"25":0.017238,"26":0.094809,"27":0.034476,"28":0.025857,"29":0.025857,"30":0.068952,"31":0.120666,"32":0.051714,"33":0.155142,"34":0.275808,"35":0.129285,"36":0.327522,"37":0.361998,"38":0.293046,"39":0.723996,"40":0.379236,"41":0.25857,"42":0.568854,"43":45.327321,"44":0.206856,"45":0.361998,"46":0,"47":0},"firefox":{"2":0.008619,"3":0.025857,"3.5":0.017238,"3.6":0.094809,"4":0.017238,"5":0.008619,"6":0.008619,"7":0.008619,"8":0.017238,"9":0.017238,"10":0.025857,"11":0.025857,"12":0.051714,"13":0.017238,"14":0.017238,"15":0.025857,"16":0.034476,"17":0.017238,"18":0.034476,"19":0.025857,"20":0.025857,"21":0.017238,"22":0.017238,"23":0.025857,"24":0.034476,"25":0.017238,"26":0.060333,"27":0.034476,"28":0.043095,"29":0.043095,"30":0.068952,"31":0.267189,"32":0.155142,"33":0.120666,"34":0.120666,"35":0.198237,"36":0.206856,"37":0.680901,"38":17.987853,"39":0.542997,"40":0.025857,"41":0.017238,"42":0},"opera":{"9":0,"9.5-9.6":0,"10.0-10.1":0,"10.5":0,"10.6":0.008619,"11":0.008619,"11.1":0,"11.5":0,"11.6":0.034476,"12":0.034476,"12.1":0.715377,"15":0.017238,"16":0.008619,"17":0.008619,"18":0.017238,"19":0.017238,"20":0.034476,"21":0.008619,"22":0.008619,"23":0.008619,"24":0.008619,"25":0.008619,"26":0.051714,"27":0.017238,"28":0.060333,"29":1.137708,"30":2.551224,"31":0.017238,"32":0},"safari":{"3.1":0,"3.2":0,"4":0.008619,"5":0.025857,"5.1":0.068952,"6":0.008619,"6.1":0.025857,"7":0.137904,"7.1":0.068952,"8":0.361998,"9":0},"android":{"2.1":0,"2.2":0,"2.3":0.0530767668408,"3":0,"4":0.156761613693,"4.1":0.535705042068,"4.2-4.3":1.06338685194,"4.4":1.86941310187,"4.4.3-4.4.4":0.810963623591,"40":null},"ios_saf":{"3.2":0,"4.0-4.1":0,"4.2-4.3":0,"5.0-5.1":0.00740084893401,"6.0-6.1":0.0238027303553,"7.0-7.1":0.240827624772,"8":0.0142016290355,"8.1-8.4":1.6839931669,"9":null},"op_mob":{"10":0,"11":0,"11.1":0,"11.5":0,"12":0.000721886363636,"12.1":0.00108282954545,"0":0.00974546590909},"ie":{"5.5":0,"6":0.0432929862175,"7":0.0432929862175,"8":1.02171447473,"9":1.61915768453,"10":0.34634388974,"11":2.58026197856},"bb":{"7":0.008286,"10":null},"ie_mob":{"10":0.165413111111,"11":0.533372888889},"and_uc":{"0":0.09667},"op_mini":{"5.0-8.0":1.32249581818},"and_chr":{"0":7.871415},"edge":{"0":null},"and_ff":{"0":0.062145}},"total":99.161234}