{"id":"RU","name":"Russian Federation","month":"2015-06","access_date":"2015-07-23","data":{"chrome":{"4":0.017582,"5":0.017582,"6":0.008791,"7":0.008791,"8":0.017582,"9":0.008791,"10":0.008791,"11":0.052746,"12":0.035164,"13":0.052746,"14":0.017582,"15":0.035164,"16":0.026373,"17":0.105492,"18":0.035164,"19":0.008791,"20":0.017582,"21":0.061537,"22":0.061537,"23":0.017582,"24":0.131865,"25":0.017582,"26":0.061537,"27":0.131865,"28":0.316476,"29":0.070328,"30":0.061537,"31":2.19775,"32":0.061537,"33":0.193402,"34":0.061537,"35":0.158238,"36":0.430759,"37":0.624161,"38":0.158238,"39":0.316476,"40":0.237357,"41":0.518669,"42":0.729653,"43":27.093862,"44":0.131865,"45":0.958219,"46":0,"47":0},"firefox":{"2":0.008791,"3":0.035164,"3.5":0.026373,"3.6":0.096701,"4":0.035164,"5":0.017582,"6":0.008791,"7":0.017582,"8":0.035164,"9":0.026373,"10":0.026373,"11":0.035164,"12":0.070328,"13":0.035164,"14":0.026373,"15":0.043955,"16":0.035164,"17":0.026373,"18":0.017582,"19":0.035164,"20":0.043955,"21":0.105492,"22":0.043955,"23":0.043955,"24":0.131865,"25":1.14283,"26":0.114283,"27":0.035164,"28":0.061537,"29":0.043955,"30":0.043955,"31":0.501087,"32":0.307685,"33":0.08791,"34":0.123074,"35":0.193402,"36":0.202193,"37":0.386804,"38":9.239341,"39":0.079119,"40":0.017582,"41":0.008791,"42":0},"opera":{"9":0,"9.5-9.6":0.017582,"10.0-10.1":0.043955,"10.5":0.008791,"10.6":0.017582,"11":0.017582,"11.1":0.026373,"11.5":0.061537,"11.6":0.184611,"12":0.210984,"12.1":3.375744,"15":0.017582,"16":0.061537,"17":0.052746,"18":0.457132,"19":0.070328,"20":0.061537,"21":0.052746,"22":0.043955,"23":0.017582,"24":0.026373,"25":0.035164,"26":0.052746,"27":0.043955,"28":0.26373,"29":2.118631,"30":3.876831,"31":0.035164,"32":0.008791},"safari":{"3.1":0,"3.2":0,"4":0.026373,"5":0.061537,"5.1":0.114283,"6":0.026373,"6.1":0.070328,"7":0.457132,"7.1":0.254939,"8":1.05492,"9":0},"android":{"2.1":0,"2.2":0,"2.3":0.0318174698928,"3":0,"4":0.0939725273577,"4.1":0.321134463569,"4.2-4.3":0.637459309596,"4.4":1.12064088727,"4.4.3-4.4.4":0.486141342315,"40":null},"ios_saf":{"3.2":0,"4.0-4.1":0,"4.2-4.3":0,"5.0-5.1":0.0203241713706,"6.0-6.1":0.0653669295431,"7.0-7.1":0.661359522437,"8":0.0390004369543,"8.1-8.4":4.6245729397,"9":null},"op_mob":{"10":0,"11":0,"11.1":0,"11.5":0,"12":0.00128881493506,"12.1":0.0019332224026,"0":0.0173990016234},"ie":{"5.5":0,"6":0.0627624121212,"7":0.0627624121212,"8":1.66768695065,"9":1.43456941991,"10":1.13868947706,"11":5.97139521039},"bb":{"7":0.0139035,"10":null},"ie_mob":{"10":0.0964454927536,"11":0.310987507246},"and_uc":{"0":0.685503},"op_mini":{"5.0-8.0":2.36110896104},"and_chr":{"0":4.898602},"edge":{"0":null},"and_ff":{"0":0.059241}},"total":89.1087663823}