{"id":"RW","name":"Rwanda","month":"2015-06","access_date":"2015-07-23","data":{"chrome":{"4":0.003062,"5":0.01531,"6":0.006124,"7":0,"8":0.003062,"9":0.006124,"10":0.01531,"11":0.021434,"12":0.006124,"13":0.003062,"14":0.009186,"15":0.009186,"16":0.012248,"17":0,"18":0.003062,"19":0.003062,"20":0.003062,"21":0.003062,"22":0.003062,"23":0.01531,"24":0.003062,"25":0.04593,"26":0.021434,"27":0.012248,"28":0.006124,"29":0.009186,"30":0.055116,"31":0.06124,"32":0.012248,"33":0.055116,"34":0.018372,"35":0.03062,"36":0.125542,"37":0.039806,"38":0.027558,"39":0.385812,"40":0.18372,"41":0.104108,"42":0.195968,"43":9.103326,"44":0.048992,"45":0.982902,"46":0,"47":0},"firefox":{"2":0.009186,"3":0.042868,"3.5":0.009186,"3.6":0.104108,"4":0.048992,"5":0.024496,"6":0.042868,"7":0.018372,"8":0.027558,"9":0.033682,"10":0.067364,"11":0.146976,"12":0.128604,"13":0.03062,"14":0.134728,"15":0.073488,"16":0.097984,"17":0.033682,"18":0.039806,"19":0.036744,"20":0.13779,"21":0.067364,"22":0.042868,"23":0.039806,"24":0.039806,"25":0.01531,"26":0.018372,"27":0.039806,"28":0.018372,"29":0.208216,"30":0.116356,"31":0.125542,"32":0.058178,"33":0.07655,"34":0.116356,"35":0.177596,"36":0.162286,"37":1.828014,"38":7.45597,"39":0.79612,"40":0.009186,"41":0.003062,"42":0},"opera":{"9":0,"9.5-9.6":0,"10.0-10.1":0.006124,"10.5":0,"10.6":0.003062,"11":0.009186,"11.1":0.003062,"11.5":0.009186,"11.6":0.042868,"12":0.009186,"12.1":0.09186,"15":0.003062,"16":0,"17":0.006124,"18":0.003062,"19":0.009186,"20":0.003062,"21":0,"22":0,"23":0,"24":0.009186,"25":0.003062,"26":0.006124,"27":0.006124,"28":0.027558,"29":0.324572,"30":0.486858,"31":0.003062,"32":0},"safari":{"3.1":0,"3.2":0,"4":0.003062,"5":0.03062,"5.1":0.058178,"6":0.018372,"6.1":0.058178,"7":0.06124,"7.1":0.12248,"8":0.364378,"9":0},"android":{"2.1":0,"2.2":0,"2.3":0.0288819070663,"3":0,"4":0.0853023766841,"4.1":0.291505759692,"4.2-4.3":0.578645649711,"4.4":1.01724763376,"4.4.3-4.4.4":0.441288673082,"40":null},"ios_saf":{"3.2":0,"4.0-4.1":0,"4.2-4.3":0,"5.0-5.1":0.0046588822335,"6.0-6.1":0.0149839725888,"7.0-7.1":0.151602546193,"8":0.00894001725888,"8.1-8.4":1.06008458173,"9":null},"op_mob":{"10":0,"11":0,"11.1":0,"11.5":0,"12":0.0326288733766,"12.1":0.0489433100649,"0":0.440489790584},"ie":{"5.5":0,"6":0.00619810781078,"7":0.00929716171617,"8":0.514442948295,"9":0.20143850385,"10":0.322301606161,"11":1.76026261826},"bb":{"7":0.055504,"10":null},"ie_mob":{"10":0.103466695652,"11":0.333627304348},"and_uc":{"0":2.338106},"op_mini":{"5.0-8.0":59.776096026},"and_chr":{"0":2.78202},"edge":{"0":null},"and_ff":{"0":0.13876}},"total":98.7023289461}