{"id":"SA","name":"Saudi Arabia","month":"2015-06","access_date":"2015-07-23","data":{"chrome":{"4":0.004589,"5":0.009178,"6":0.004589,"7":0.004589,"8":0.004589,"9":0.009178,"10":0.013767,"11":0.041301,"12":0.018356,"13":0.009178,"14":0.013767,"15":0.009178,"16":0.009178,"17":0.036712,"18":0.004589,"19":0.146848,"20":0.004589,"21":0.004589,"22":0.027534,"23":0.004589,"24":0.41301,"25":0.018356,"26":0.018356,"27":0.013767,"28":0.013767,"29":0.018356,"30":0.18356,"31":0.059657,"32":0.022945,"33":0.302874,"34":0.041301,"35":0.339586,"36":0.197327,"37":0.151437,"38":0.156026,"39":0.523146,"40":0.926978,"41":0.178971,"42":0.477256,"43":19.907082,"44":0.142259,"45":0.289107,"46":0,"47":0},"firefox":{"2":0.13767,"3":0.018356,"3.5":0.004589,"3.6":0.013767,"4":0.004589,"5":0.004589,"6":0.009178,"7":0,"8":0,"9":0.009178,"10":0.009178,"11":0.013767,"12":0.018356,"13":0.004589,"14":0.009178,"15":0.146848,"16":0.009178,"17":0.009178,"18":0.142259,"19":0.013767,"20":0.004589,"21":0.146848,"22":0.004589,"23":0.146848,"24":0.004589,"25":0.284518,"26":0.009178,"27":0.009178,"28":0.009178,"29":0.022945,"30":0.022945,"31":0.078013,"32":0.050479,"33":0.027534,"34":0.036712,"35":0.059657,"36":0.064246,"37":0.160615,"38":3.092986,"39":0.192738,"40":0.004589,"41":0,"42":0},"opera":{"9":0,"9.5-9.6":0,"10.0-10.1":0.133081,"10.5":0,"10.6":0,"11":0,"11.1":0,"11.5":0,"11.6":0.004589,"12":0.004589,"12.1":0.027534,"15":0,"16":0,"17":0.004589,"18":0.004589,"19":0.009178,"20":0.009178,"21":0,"22":0.004589,"23":0.004589,"24":0,"25":0.004589,"26":0.009178,"27":0.009178,"28":0.032123,"29":0.04589,"30":0.032123,"31":0,"32":0},"safari":{"3.1":0,"3.2":0,"4":0.004589,"5":0.146848,"5.1":0.073424,"6":0.022945,"6.1":0.032123,"7":0.114725,"7.1":0.133081,"8":0.569036,"9":0},"android":{"2.1":0,"2.2":0,"2.3":0.150336654385,"3":0,"4":0.444017560627,"4.1":1.51735134891,"4.2-4.3":3.01197738961,"4.4":5.29499681551,"4.4.3-4.4.4":2.29700423096,"40":null},"ios_saf":{"3.2":0,"4.0-4.1":0,"4.2-4.3":0,"5.0-5.1":0.059323155533,"6.0-6.1":0.190796094822,"7.0-7.1":1.93040754761,"8":0.113836325482,"8.1-8.4":13.4984228765,"9":null},"op_mob":{"10":0,"11":0,"11.1":0,"11.5":0,"12":0.000158113636364,"12.1":0.000237170454545,"0":0.00213453409091},"ie":{"5.5":0,"6":0.00922934545455,"7":0.0138440181818,"8":1.31056705455,"9":1.04753070909,"10":0.881402490909,"11":3.33640838182},"bb":{"7":0.1542135,"10":null},"ie_mob":{"10":0.0614815072464,"11":0.198246492754},"and_uc":{"0":8.868629},"op_mini":{"5.0-8.0":0.289664181818},"and_chr":{"0":21.941179},"edge":{"0":null},"and_ff":{"0":0.113631}},"total":97.9605825}