{"id":"SB","name":"Solomon Islands","month":"2015-06","access_date":"2015-07-23","data":{"chrome":{"4":0.003577,"5":0,"6":0,"7":0,"8":0.007154,"9":0.003577,"10":0,"11":0.046501,"12":0,"13":0.003577,"14":0,"15":0,"16":0,"17":0,"18":0,"19":0,"20":0,"21":0,"22":0.007154,"23":0,"24":0.003577,"25":0.003577,"26":0,"27":0.007154,"28":0.007154,"29":0.010731,"30":0,"31":0.114464,"32":0.010731,"33":0.085848,"34":0.003577,"35":0.021462,"36":0.525819,"37":0.651014,"38":0.114464,"39":0.118041,"40":0.060809,"41":0.03577,"42":0.175273,"43":9.056964,"44":0.046501,"45":0.232505,"46":0,"47":0},"firefox":{"2":0.007154,"3":0.014308,"3.5":0.003577,"3.6":0.003577,"4":0.025039,"5":0.118041,"6":0.010731,"7":0.003577,"8":0.028616,"9":0.03577,"10":0.007154,"11":0.017885,"12":0.039347,"13":0.003577,"14":0.003577,"15":0.025039,"16":0.021462,"17":0.007154,"18":0.007154,"19":0.032193,"20":0.032193,"21":0.085848,"22":0.014308,"23":0.010731,"24":0.017885,"25":0.007154,"26":0.007154,"27":0.03577,"28":0.053655,"29":0.053655,"30":0.064386,"31":0.382739,"32":1.198295,"33":0.057232,"34":0.075117,"35":0.468587,"36":0.078694,"37":0.157388,"38":3.11199,"39":0.211043,"40":0,"41":0.025039,"42":0},"opera":{"9":0,"9.5-9.6":0,"10.0-10.1":0,"10.5":0,"10.6":0,"11":0,"11.1":0,"11.5":0.003577,"11.6":0,"12":0,"12.1":0.060809,"15":0,"16":0,"17":0,"18":0,"19":0.007154,"20":0,"21":0.003577,"22":0.032193,"23":0,"24":0,"25":0,"26":0,"27":0.010731,"28":0.010731,"29":0.168119,"30":0.304045,"31":0,"32":0},"safari":{"3.1":0.003577,"3.2":0,"4":0.017885,"5":0.042924,"5.1":0.17885,"6":0.153811,"6.1":0.046501,"7":0.525819,"7.1":0.089425,"8":0.776209,"9":0},"android":{"2.1":0,"2.2":0,"2.3":0.062555742645,"3":0,"4":0.18475765851,"4.1":0.631376565301,"4.2-4.3":1.25329702997,"4.4":2.20327144735,"4.4.3-4.4.4":0.955793556228,"40":null},"ios_saf":{"3.2":0,"4.0-4.1":0,"4.2-4.3":0,"5.0-5.1":0.0144594009137,"6.0-6.1":0.0465045596954,"7.0-7.1":0.470516721624,"8":0.0277464179695,"8.1-8.4":3.2900998998,"9":null},"op_mob":{"10":0,"11":0,"11.1":0,"11.5":0,"12":0.0184383198052,"12.1":0.0276574797078,"0":0.24891731737},"ie":{"5.5":0,"6":0.017885,"7":0.021462,"8":0.976521,"9":0.518665,"10":1.437954,"11":7.840784},"bb":{"7":0,"10":null},"ie_mob":{"10":0.31320657971,"11":1.00993142029},"and_uc":{"0":12.499158},"op_mini":{"5.0-8.0":33.7790018831},"and_chr":{"0":6.420613},"edge":{"0":null},"and_ff":{"0":0.044961}},"total":94.672242}