{"id":"SC","name":"Seychelles","month":"2015-06","access_date":"2015-07-23","data":{"chrome":{"4":0.011394,"5":0.005697,"6":0.005697,"7":0.005697,"8":0.011394,"9":0.005697,"10":0,"11":0.034182,"12":0.068364,"13":0.039879,"14":0,"15":0.011394,"16":0.005697,"17":0,"18":0.005697,"19":0.028485,"20":0.017091,"21":0,"22":0.022788,"23":0.011394,"24":0.091152,"25":0.011394,"26":0.028485,"27":0.05697,"28":0.142425,"29":0.045576,"30":0.039879,"31":0.142425,"32":0.074061,"33":0.28485,"34":0.039879,"35":0.096849,"36":0.216486,"37":0.034182,"38":0.074061,"39":0.957096,"40":0.273456,"41":0.296244,"42":0.387396,"43":18.338643,"44":0.17091,"45":0.689337,"46":0,"47":0},"firefox":{"2":0.005697,"3":0.011394,"3.5":0.011394,"3.6":0.034182,"4":0.045576,"5":0.017091,"6":0.011394,"7":0,"8":0.005697,"9":0,"10":0.011394,"11":0.216486,"12":0.039879,"13":0.022788,"14":0.062667,"15":0.005697,"16":0.022788,"17":0.022788,"18":0.028485,"19":0.022788,"20":0.022788,"21":0.079758,"22":0.028485,"23":0.022788,"24":0.188001,"25":0.039879,"26":0.017091,"27":0.062667,"28":0.039879,"29":0.074061,"30":0.051273,"31":0.136728,"32":0.153819,"33":0.085455,"34":0.062667,"35":0.267759,"36":0.125334,"37":0.51273,"38":8.989866,"39":0.632367,"40":0.005697,"41":0.028485,"42":0},"opera":{"9":0,"9.5-9.6":0,"10.0-10.1":0,"10.5":0,"10.6":0,"11":0,"11.1":0.017091,"11.5":0.011394,"11.6":0,"12":0.005697,"12.1":0.273456,"15":0,"16":0,"17":0,"18":0.005697,"19":0.011394,"20":0.028485,"21":0,"22":0,"23":0,"24":0.005697,"25":0.005697,"26":0,"27":0,"28":0.005697,"29":0.319032,"30":0.598185,"31":0,"32":0},"safari":{"3.1":0,"3.2":0,"4":0.005697,"5":0.028485,"5.1":0.096849,"6":0.05697,"6.1":0.404487,"7":0.096849,"7.1":0.199395,"8":1.042551,"9":0},"android":{"2.1":0,"2.2":0,"2.3":0.121471725048,"3":0,"4":0.358765327468,"4.1":1.22601694583,"4.2-4.3":2.43367188672,"4.4":4.27834715315,"4.4.3-4.4.4":1.85597496178,"40":null},"ios_saf":{"3.2":0,"4.0-4.1":0,"4.2-4.3":0,"5.0-5.1":0.0275221363452,"6.0-6.1":0.0885171412183,"7.0-7.1":0.895585193503,"8":0.0528127481218,"8.1-8.4":6.26240178081,"9":null},"op_mob":{"10":0,"11":0,"11.1":0,"11.5":0,"12":0.00492702813853,"12.1":0.00739054220779,"0":0.0665148798701},"ie":{"5.5":0.00570795050457,"6":0.102743109082,"7":0.0513715545411,"8":1.96924292407,"9":0.998891338299,"10":1.28999681403,"11":7.42604360644},"bb":{"7":0.16243825,"10":null},"ie_mob":{"10":0.275017826087,"11":0.886792173913},"and_uc":{"0":6.303895},"op_mini":{"5.0-8.0":9.02631554978},"and_chr":{"0":12.26235},"edge":{"0":null},"and_ff":{"0":0.275392}},"total":96.942987547}