{"id":"SD","name":"Sudan","month":"2015-06","access_date":"2015-07-23","data":{"chrome":{"4":0.02139,"5":0.039928,"6":0.009982,"7":0.00713,"8":0.022816,"9":0.062744,"10":0.03565,"11":0.067022,"12":0.025668,"13":0.012834,"14":0.012834,"15":0.011408,"16":0.015686,"17":0.025668,"18":0.024242,"19":0.03565,"20":0.027094,"21":0.01426,"22":0.088412,"23":0.065596,"24":0.02852,"25":0.055614,"26":0.089838,"27":0.07843,"28":0.09982,"29":0.098394,"30":0.074152,"31":0.17112,"32":0.0713,"33":0.17112,"34":0.074152,"35":0.08556,"36":0.116932,"37":0.0713,"38":0.086986,"39":0.330832,"40":0.496248,"41":0.188232,"42":0.2852,"43":0.899806,"44":0.011408,"45":0.011408,"46":0,"47":0},"firefox":{"2":0.002852,"3":0.02139,"3.5":0.00713,"3.6":0.074152,"4":0.027094,"5":0.02139,"6":0.01426,"7":0.01426,"8":0.019964,"9":0.02852,"10":0.031372,"11":0.031372,"12":0.061318,"13":0.029946,"14":0.031372,"15":0.038502,"16":0.044206,"17":0.031372,"18":0.041354,"19":0.03565,"20":0.03565,"21":0.031372,"22":0.024242,"23":0.045632,"24":0.019964,"25":0.039928,"26":0.04278,"27":0.03565,"28":0.027094,"29":0.072726,"30":0.09982,"31":0.086986,"32":0.06417,"33":0.152582,"34":0.115506,"35":0.15686,"36":0.12834,"37":0.298034,"38":3.26554,"39":0.290904,"40":0.005704,"41":0.002852,"42":0},"opera":{"9":0,"9.5-9.6":0.001426,"10.0-10.1":0.002852,"10.5":0.001426,"10.6":0.008556,"11":0.005704,"11.1":0.002852,"11.5":0.104098,"11.6":0.034224,"12":0.02139,"12.1":0.12121,"15":0.002852,"16":0.00713,"17":0.002852,"18":0.008556,"19":0.008556,"20":0.009982,"21":0.00713,"22":0.008556,"23":0.005704,"24":0.00713,"25":0.00713,"26":0.012834,"27":0.011408,"28":0.02852,"29":0.126914,"30":0.268088,"31":0.004278,"32":0},"safari":{"3.1":0,"3.2":0,"4":0.001426,"5":0.004278,"5.1":0.02139,"6":0.001426,"6.1":0.001426,"7":0.008556,"7.1":0.008556,"8":0.027094,"9":0},"android":{"2.1":0,"2.2":0,"2.3":0.104470681331,"3":0,"4":0.308552942535,"4.1":1.05442501622,"4.2-4.3":2.09305795271,"4.4":3.6795545785,"4.4.3-4.4.4":1.5962148287,"40":null},"ios_saf":{"3.2":0,"4.0-4.1":0,"4.2-4.3":0,"5.0-5.1":0.00692252345178,"6.0-6.1":0.0222643321827,"7.0-7.1":0.225262655025,"8":0.0132837612183,"8.1-8.4":1.57515472812,"9":null},"op_mob":{"10":0,"11":0,"11.1":0,"11.5":0,"12":0.0327046136364,"12.1":0.0490569204545,"0":0.441512284091},"ie":{"5.5":0,"6":0.0244824165289,"7":0.0244824165289,"8":0.455084919008,"9":0.171376915702,"10":0.198739616529,"11":0.854004294215},"bb":{"7":0.004287,"10":null},"ie_mob":{"10":0.0466806666667,"11":0.150521333333},"and_uc":{"0":5.881764},"op_mini":{"5.0-8.0":59.9148521818},"and_chr":{"0":7.551818},"edge":{"0":null},"and_ff":{"0":0.145758}},"total":97.4039975785}