{"id":"SE","name":"Sweden","month":"2015-06","access_date":"2015-07-23","data":{"chrome":{"4":0,"5":0,"6":0,"7":0,"8":0,"9":0,"10":0,"11":0.021795,"12":0.007265,"13":0,"14":0,"15":0,"16":0,"17":0,"18":0.007265,"19":0,"20":0,"21":0.007265,"22":0.02906,"23":0.007265,"24":0.007265,"25":0.007265,"26":0.01453,"27":0.007265,"28":0.01453,"29":0.01453,"30":0.007265,"31":0.13077,"32":0.02906,"33":0.065385,"34":0.065385,"35":0.138035,"36":0.167095,"37":0.239745,"38":0.167095,"39":0.36325,"40":0.20342,"41":0.26154,"42":0.75556,"43":26.85144,"44":0.11624,"45":0.094445,"46":0,"47":0},"firefox":{"2":0,"3":0,"3.5":0.007265,"3.6":0.01453,"4":0.007265,"5":0.007265,"6":0.007265,"7":0,"8":0,"9":0,"10":0.007265,"11":0.007265,"12":0.01453,"13":0.007265,"14":0.007265,"15":0.007265,"16":0.04359,"17":0.021795,"18":0.007265,"19":0.007265,"20":0.021795,"21":0.01453,"22":0.007265,"23":0.007265,"24":0.021795,"25":0.007265,"26":0.021795,"27":0.01453,"28":0.036325,"29":0.01453,"30":0.021795,"31":0.210685,"32":0.094445,"33":0.05812,"34":0.10171,"35":0.10171,"36":0.08718,"37":0.283335,"38":9.466295,"39":0.07265,"40":0.01453,"41":0.007265,"42":0},"opera":{"9":0,"9.5-9.6":0,"10.0-10.1":0,"10.5":0,"10.6":0,"11":0,"11.1":0,"11.5":0,"11.6":0.007265,"12":0.007265,"12.1":0.094445,"15":0,"16":0,"17":0,"18":0.007265,"19":0,"20":0,"21":0,"22":0,"23":0,"24":0,"25":0,"26":0,"27":0,"28":0.021795,"29":0.18889,"30":0.399575,"31":0.007265,"32":0},"safari":{"3.1":0,"3.2":0,"4":0.02906,"5":0.094445,"5.1":0.37778,"6":0.08718,"6.1":0.341455,"7":0.34872,"7.1":0.922655,"8":2.971385,"9":0},"android":{"2.1":0,"2.2":0,"2.3":0.0414506048941,"3":0,"4":0.122423879571,"4.1":0.418361919164,"4.2-4.3":0.830458049216,"4.4":1.45992886307,"4.4.3-4.4.4":0.63332668408,"40":null},"ios_saf":{"3.2":0,"4.0-4.1":0,"4.2-4.3":0,"5.0-5.1":0.082552615736,"6.0-6.1":0.265507061421,"7.0-7.1":2.68630673909,"8":0.158411776142,"8.1-8.4":18.7840668076,"9":null},"op_mob":{"10":0,"11":0,"11.1":0,"11.5":0,"12":6.6599025974e-5,"12.1":9.9898538961e-5,"0":0.000899086850649},"ie":{"5.5":0,"6":0.00727222526106,"7":0.0218166757832,"8":0.552689119841,"9":1.30900054699,"10":1.26536719543,"11":11.4682992367},"bb":{"7":0.00341875,"10":null},"ie_mob":{"10":0.0751001932367,"11":0.242159806763},"and_uc":{"0":0.051965},"op_mini":{"5.0-8.0":0.122009415584},"and_chr":{"0":11.60044},"edge":{"0":null},"and_ff":{"0":0.14222}},"total":98.91426875}