{"id":"SG","name":"Singapore","month":"2015-06","access_date":"2015-07-23","data":{"chrome":{"4":0,"5":0,"6":0,"7":0,"8":0,"9":0,"10":0,"11":0.051246,"12":0.005694,"13":0,"14":0,"15":0,"16":0,"17":0,"18":0.005694,"19":0.011388,"20":0.005694,"21":0.017082,"22":0.02847,"23":0.011388,"24":0.011388,"25":0.011388,"26":0.022776,"27":0.02847,"28":0.034164,"29":0.045552,"30":0.02847,"31":0.25623,"32":0.039858,"33":0.096798,"34":0.14235,"35":0.130962,"36":0.466908,"37":0.592176,"38":0.148044,"39":0.375804,"40":0.267618,"41":0.296088,"42":0.717444,"43":23.242908,"44":0.11388,"45":0.108186,"46":0,"47":0},"firefox":{"2":0.005694,"3":0.005694,"3.5":0,"3.6":0.022776,"4":0.011388,"5":0.005694,"6":0.005694,"7":0,"8":0,"9":0,"10":0.017082,"11":0.011388,"12":0.011388,"13":0.005694,"14":0.005694,"15":0.005694,"16":0.022776,"17":0.005694,"18":0.011388,"19":0.005694,"20":0.005694,"21":0.02847,"22":0.011388,"23":0.011388,"24":0.022776,"25":0.011388,"26":0.017082,"27":0.011388,"28":0.017082,"29":0.022776,"30":0.022776,"31":0.506766,"32":0.250536,"33":0.034164,"34":0.05694,"35":0.079716,"36":0.079716,"37":0.22776,"38":5.83635,"39":0.119574,"40":0.005694,"41":0.005694,"42":0},"opera":{"9":0,"9.5-9.6":0,"10.0-10.1":0,"10.5":0,"10.6":0,"11":0,"11.1":0,"11.5":0,"11.6":0,"12":0.005694,"12.1":0.045552,"15":0,"16":0,"17":0,"18":0,"19":0,"20":0,"21":0,"22":0,"23":0,"24":0.005694,"25":0,"26":0,"27":0,"28":0.011388,"29":0.108186,"30":0.204984,"31":0,"32":0},"safari":{"3.1":0,"3.2":0,"4":0.02847,"5":0.091104,"5.1":0.267618,"6":0.062634,"6.1":0.193596,"7":0.529542,"7.1":0.466908,"8":2.123862,"9":0},"android":{"2.1":0,"2.2":0,"2.3":0.0676736766566,"3":0,"4":0.199873417102,"4.1":0.683031992301,"4.2-4.3":1.35583424278,"4.4":2.3835298441,"4.4.3-4.4.4":1.03399082706,"40":null},"ios_saf":{"3.2":0,"4.0-4.1":0,"4.2-4.3":0,"5.0-5.1":0.0794769766497,"6.0-6.1":0.255615141117,"7.0-7.1":2.58622378071,"8":0.152509874112,"8.1-8.4":18.0842342274,"9":null},"op_mob":{"10":0,"11":0,"11.1":0,"11.5":0,"12":0.000191067099567,"12.1":0.000286600649351,"0":0.00257940584416},"ie":{"5.5":0,"6":0.0115163556669,"7":0.0403072448341,"8":1.07677925485,"9":0.909792097683,"10":0.731288584847,"11":6.42612646212},"bb":{"7":0.0441365,"10":null},"ie_mob":{"10":0.0489261449275,"11":0.157761855072},"and_uc":{"0":1.903252},"op_mini":{"5.0-8.0":0.350034926407},"and_chr":{"0":21.098434},"edge":{"0":null},"and_ff":{"0":0.34448}},"total":99.0317865}