{"id":"SH","name":"Saint Helena","month":"2015-06","access_date":"2015-07-23","data":{"chrome":{"4":0,"5":0,"6":0,"7":0,"8":0,"9":0,"10":0,"11":0.018574,"12":0.037148,"13":0,"14":0,"15":0,"16":1.263032,"17":0.241462,"18":1.002996,"19":0.622229,"20":0.083583,"21":0.139305,"22":0.065009,"23":0.120731,"24":0.204314,"25":0,"26":0,"27":0.157879,"28":0,"29":0.083583,"30":0,"31":0.139305,"32":0,"33":0,"34":0.120731,"35":0.157879,"36":0.863691,"37":0.640803,"38":0.037148,"39":0.139305,"40":0.575794,"41":0.157879,"42":0.845117,"43":15.434994,"44":0,"45":0,"46":0,"47":0},"firefox":{"2":0,"3":0.102157,"3.5":0,"3.6":0.204314,"4":1.355902,"5":1.160875,"6":1.402337,"7":0,"8":0,"9":0.157879,"10":0.120731,"11":0.585081,"12":0.139305,"13":0,"14":0.102157,"15":0.139305,"16":0.018574,"17":0.037148,"18":0,"19":0.102157,"20":0.501498,"21":0.102157,"22":0.102157,"23":0.157879,"24":0.139305,"25":0.120731,"26":0,"27":0.037148,"28":0.083583,"29":7.503896,"30":0.222888,"31":0.919413,"32":0.696525,"33":0,"34":0.863691,"35":0.157879,"36":0,"37":0.055722,"38":4.076993,"39":0.343619,"40":0,"41":0,"42":0},"opera":{"9":0,"9.5-9.6":0,"10.0-10.1":0,"10.5":0,"10.6":0,"11":0,"11.1":0.055722,"11.5":0.260036,"11.6":0,"12":0.102157,"12.1":0.343619,"15":0,"16":0,"17":0,"18":0,"19":0,"20":0,"21":0,"22":0,"23":0,"24":0,"25":0,"26":0,"27":0,"28":0,"29":0,"30":0.065009,"31":0,"32":0},"safari":{"3.1":0,"3.2":0,"4":0,"5":0.27861,"5.1":1.30018,"6":0.139305,"6.1":0,"7":1.820252,"7.1":0.139305,"8":0.585081,"9":0},"android":{"2.1":0,"2.2":0,"2.3":0.0225563907066,"3":0,"4":0.0666200376684,"4.1":0.227662175969,"4.2-4.3":0.451914664971,"4.4":0.794457063376,"4.4.3-4.4.4":0.344640667308,"40":null},"ios_saf":{"3.2":0,"4.0-4.1":0,"4.2-4.3":0,"5.0-5.1":0.017635266802,"6.0-6.1":0.056718831066,"7.0-7.1":0.573861114315,"8":0.0338406471066,"8.1-8.4":4.01273814071,"9":null},"op_mob":{"10":0,"11":0,"11.1":0,"11.5":0,"12":2.93225108225e-5,"12.1":4.39837662338e-5,"0":0.000395853896104},"ie":{"5.5":0,"6":2.34601668,"7":1.75951251,"8":4.22655386,"9":10.20331064,"10":4.50584156,"11":11.40424775},"bb":{"7":0,"10":null},"ie_mob":{"10":0.094178,"11":0.303676},"and_uc":{"0":0},"op_mini":{"5.0-8.0":0.0537188398268},"and_chr":{"0":3.560257},"edge":{"0":null},"and_ff":{"0":0.054188}},"total":95.069388}