{"id":"SI","name":"Slovenia","month":"2015-06","access_date":"2015-07-23","data":{"chrome":{"4":0,"5":0,"6":0,"7":0,"8":0,"9":0,"10":0,"11":0.052308,"12":0.008718,"13":0.008718,"14":0,"15":0,"16":0,"17":0,"18":0.017436,"19":0,"20":0,"21":0,"22":0.026154,"23":0.008718,"24":0.008718,"25":0.008718,"26":0.026154,"27":0.008718,"28":0.008718,"29":0.017436,"30":0.026154,"31":0.113334,"32":0.069744,"33":0.078462,"34":0.183078,"35":0.095898,"36":0.540516,"37":0.636414,"38":0.200514,"39":0.4359,"40":0.226668,"41":0.21795,"42":0.488208,"43":35.91816,"44":0.165642,"45":0.235386,"46":0,"47":0},"firefox":{"2":0,"3":0.026154,"3.5":0.04359,"3.6":0.034872,"4":0.008718,"5":0.008718,"6":0.008718,"7":0.008718,"8":0.008718,"9":0.017436,"10":0.026154,"11":0.034872,"12":0.034872,"13":0.008718,"14":0.008718,"15":0.008718,"16":0.026154,"17":0.122052,"18":0.008718,"19":0.017436,"20":0.034872,"21":0.017436,"22":0.008718,"23":0.026154,"24":0.026154,"25":0.017436,"26":0.04359,"27":0.017436,"28":0.04359,"29":0.034872,"30":0.04359,"31":0.531798,"32":0.313848,"33":0.095898,"34":0.113334,"35":0.17436,"36":0.17436,"37":0.714876,"38":21.890898,"39":0.148206,"40":0.04359,"41":0.017436,"42":0},"opera":{"9":0,"9.5-9.6":0,"10.0-10.1":0,"10.5":0,"10.6":0,"11":0.008718,"11.1":0,"11.5":0,"11.6":0.008718,"12":0.017436,"12.1":0.235386,"15":0,"16":0,"17":0,"18":0,"19":0,"20":0,"21":0.008718,"22":0,"23":0,"24":0,"25":0,"26":0,"27":0,"28":0.008718,"29":0.340002,"30":0.61026,"31":0.008718,"32":0},"safari":{"3.1":0,"3.2":0,"4":0.017436,"5":0.069744,"5.1":0.191796,"6":0.034872,"6.1":0.270258,"7":0.287694,"7.1":0.39231,"8":1.429752,"9":0},"android":{"2.1":0,"2.2":0,"2.3":0.0437831273027,"3":0,"4":0.129312957382,"4.1":0.441904122079,"4.2-4.3":0.877189864449,"4.4":1.54208247209,"4.4.3-4.4.4":0.668965456695,"40":null},"ios_saf":{"3.2":0,"4.0-4.1":0,"4.2-4.3":0,"5.0-5.1":0.0172991264975,"6.0-6.1":0.0556377311675,"7.0-7.1":0.562922927107,"8":0.0331956211168,"8.1-8.4":3.93625259411,"9":null},"op_mob":{"10":0,"11":0,"11.1":0,"11.5":0,"12":9.57337662338e-5,"12.1":0.000143600649351,"0":0.00129240584416},"ie":{"5.5":0,"6":0.034918496,"7":0.061107368,"8":1.22214736,"9":1.283254728,"10":0.995177136,"11":9.497830912},"bb":{"7":0.007051,"10":null},"ie_mob":{"10":0.117138879227,"11":0.377713120773},"and_uc":{"0":0.048716},"op_mini":{"5.0-8.0":0.17538425974},"and_chr":{"0":8.174338},"edge":{"0":null},"and_ff":{"0":0.09615}},"total":99.168589}