{"id":"SM","name":"San Marino","month":"2015-06","access_date":"2015-07-23","data":{"chrome":{"4":0,"5":0,"6":0,"7":0,"8":0,"9":0,"10":0.00893,"11":0.00893,"12":0,"13":0,"14":0,"15":0,"16":0,"17":0,"18":0,"19":0,"20":0,"21":0.00893,"22":0.01786,"23":0,"24":0,"25":0,"26":0.00893,"27":0,"28":0.00893,"29":0.16967,"30":0.01786,"31":0.08037,"32":0.0893,"33":0.01786,"34":0.05358,"35":0.10716,"36":0.66082,"37":0.13395,"38":0.27683,"39":0.22325,"40":0.12502,"41":0.25897,"42":0.77691,"43":30.06731,"44":0.05358,"45":0.04465,"46":0,"47":0},"firefox":{"2":0,"3":0,"3.5":0,"3.6":0.03572,"4":0,"5":0,"6":0.00893,"7":0.00893,"8":0,"9":0,"10":0.01786,"11":0,"12":1.44666,"13":0,"14":0,"15":0,"16":0.10716,"17":0,"18":0.01786,"19":0,"20":0.00893,"21":0.03572,"22":0,"23":0.00893,"24":0.03572,"25":0,"26":0.01786,"27":0,"28":0.03572,"29":0.01786,"30":0.08037,"31":0.03572,"32":0.03572,"33":0.10716,"34":0.05358,"35":0.10716,"36":0.04465,"37":0.39292,"38":22.26249,"39":0.0893,"40":0,"41":0,"42":0},"opera":{"9":0,"9.5-9.6":0,"10.0-10.1":0,"10.5":0,"10.6":0,"11":0,"11.1":0,"11.5":0,"11.6":0,"12":0.01786,"12.1":0.02679,"15":0,"16":0,"17":0,"18":0,"19":0,"20":0,"21":0,"22":0,"23":0.00893,"24":0,"25":0,"26":0,"27":0,"28":0,"29":0.16967,"30":0.21432,"31":0.00893,"32":0},"safari":{"3.1":0,"3.2":0,"4":0.06251,"5":0.1786,"5.1":1.00016,"6":0.02679,"6.1":0.34827,"7":0.14288,"7.1":0.78584,"8":4.9115,"9":0},"android":{"2.1":0,"2.2":0,"2.3":0.0251804784163,"3":0,"4":0.0743702502062,"4.1":0.254147154248,"4.2-4.3":0.504487957108,"4.4":0.886879873522,"4.4.3-4.4.4":0.3847342865,"40":null},"ios_saf":{"3.2":0,"4.0-4.1":0,"4.2-4.3":0,"5.0-5.1":0.0310011543147,"6.0-6.1":0.0997064152284,"7.0-7.1":1.00879431878,"8":0.0594887015228,"8.1-8.4":7.05401941015,"9":null},"op_mob":{"10":0,"11":0,"11.1":0,"11.5":0,"12":3.06872294372e-5,"12.1":4.60308441558e-5,"0":0.000414277597403},"ie":{"5.5":0,"6":0.0893,"7":0.08037,"8":3.36661,"9":1.41094,"10":1.00909,"11":10.37666},"bb":{"7":0.02461,"10":null},"ie_mob":{"10":0.117017681159,"11":0.377322318841},"and_uc":{"0":0},"op_mini":{"5.0-8.0":0.056219004329},"and_chr":{"0":5.48376},"edge":{"0":null},"and_ff":{"0":0.03959}},"total":98.95037}