{"id":"SN","name":"Senegal","month":"2015-06","access_date":"2015-07-23","data":{"chrome":{"4":0.01319,"5":0.02638,"6":0.032975,"7":0.019785,"8":0.032975,"9":0.02638,"10":0.03957,"11":0.178065,"12":0.06595,"13":0.046165,"14":0.019785,"15":0.01319,"16":0.01319,"17":0.019785,"18":0.01319,"19":0.006595,"20":0.006595,"21":0.01319,"22":0.01319,"23":0.019785,"24":0.046165,"25":0.03957,"26":0.032975,"27":0.032975,"28":0.03957,"29":0.07914,"30":0.323155,"31":0.323155,"32":0.21104,"33":0.151685,"34":0.072545,"35":0.34294,"36":0.428675,"37":0.217635,"38":0.21104,"39":1.13434,"40":0.389105,"41":0.362725,"42":0.67269,"43":23.43863,"44":0.178065,"45":0.244015,"46":0,"47":0},"firefox":{"2":0,"3":0.06595,"3.5":0.03957,"3.6":0.164875,"4":0.032975,"5":0.01319,"6":0.019785,"7":0.01319,"8":0.01319,"9":0.006595,"10":0.05276,"11":0.059355,"12":0.14509,"13":0.03957,"14":0.032975,"15":0.05276,"16":0.05276,"17":0.032975,"18":0.10552,"19":0.29018,"20":0.046165,"21":0.824375,"22":0.09233,"23":0.296775,"24":0.43527,"25":0.032975,"26":0.112115,"27":0.204445,"28":0.31656,"29":0.35613,"30":0.17147,"31":0.824375,"32":0.48803,"33":0.5276,"34":0.31656,"35":0.863945,"36":0.507815,"37":1.10796,"38":10.86856,"39":0.25061,"40":0.032975,"41":0.006595,"42":0},"opera":{"9":0,"9.5-9.6":0,"10.0-10.1":0,"10.5":0,"10.6":0,"11":0.006595,"11.1":0,"11.5":0.006595,"11.6":0.02638,"12":0.019785,"12.1":0.112115,"15":0.019785,"16":0.006595,"17":0.006595,"18":0.046165,"19":0.019785,"20":0.01319,"21":0.01319,"22":0.006595,"23":0.006595,"24":0,"25":0.006595,"26":0.02638,"27":0.02638,"28":0.072545,"29":0.85735,"30":1.299215,"31":0.01319,"32":0},"safari":{"3.1":0,"3.2":0,"4":0.046165,"5":0.10552,"5.1":0.17147,"6":0.05276,"6.1":0.22423,"7":0.19785,"7.1":0.349535,"8":0.89692,"9":0},"android":{"2.1":0,"2.2":0,"2.3":0.0988854577949,"3":0,"4":0.292057049766,"4.1":0.998053225186,"4.2-4.3":1.98115864861,"4.4":3.48283781001,"4.4.3-4.4.4":1.51087780863,"40":null},"ios_saf":{"3.2":0,"4.0-4.1":0,"4.2-4.3":0,"5.0-5.1":0.0130404152284,"6.0-6.1":0.0419407949239,"7.0-7.1":0.424342160406,"8":0.0250234994924,"8.1-8.4":2.96722312995,"9":null},"op_mob":{"10":0,"11":0,"11.1":0,"11.5":0,"12":0.00831350649351,"12.1":0.0124702597403,"0":0.112232337662},"ie":{"5.5":0,"6":0.0331814624329,"7":0.112816972272,"8":1.04853421288,"9":0.424722719141,"10":1.37371254472,"11":4.37331674866},"bb":{"7":0.08086875,"10":null},"ie_mob":{"10":0.186189347826,"11":0.600365652174},"and_uc":{"0":1.692285},"op_mini":{"5.0-8.0":15.2303438961},"and_chr":{"0":5.49636},"edge":{"0":null},"and_ff":{"0":0.412005}},"total":97.1978934101}