{"id":"SO","name":"Somalia","month":"2015-06","access_date":"2015-07-23","data":{"chrome":{"4":0,"5":0.003622,"6":0.003622,"7":0.003622,"8":0.07244,"9":0.27165,"10":0.01811,"11":0.07244,"12":0.028976,"13":0.003622,"14":0.003622,"15":0.007244,"16":0.010866,"17":0.003622,"18":0.010866,"19":0.003622,"20":0.007244,"21":0.014488,"22":0.003622,"23":0.021732,"24":0.007244,"25":0.025354,"26":0.12677,"27":0.003622,"28":0.057952,"29":0.014488,"30":0.061574,"31":0.047086,"32":0.01811,"33":0.300626,"34":0.021732,"35":0.076062,"36":0.239052,"37":0.061574,"38":0.112282,"39":0.517946,"40":2.039186,"41":0.195588,"42":0.376688,"43":16.193962,"44":0.23543,"45":0.63385,"46":0,"47":0},"firefox":{"2":0,"3":0.003622,"3.5":0.014488,"3.6":0.061574,"4":0.03622,"5":0.007244,"6":0.007244,"7":0.003622,"8":0.010866,"9":0.01811,"10":0.01811,"11":0.130392,"12":0.086928,"13":0.01811,"14":0.021732,"15":0.076062,"16":0.050708,"17":0.010866,"18":0.014488,"19":0.083306,"20":0.021732,"21":0.010866,"22":0.032598,"23":0.068818,"24":0.01811,"25":0.010866,"26":0.043464,"27":0.01811,"28":0.032598,"29":0.152124,"30":0.083306,"31":0.07244,"32":0.061574,"33":0.12677,"34":0.19921,"35":0.195588,"36":0.297004,"37":0.275272,"38":4.197898,"39":0.583142,"40":0.003622,"41":0,"42":0},"opera":{"9":0,"9.5-9.6":0,"10.0-10.1":0,"10.5":0,"10.6":0.01811,"11":0.010866,"11.1":0,"11.5":0.007244,"11.6":0.007244,"12":0.007244,"12.1":0.01811,"15":0,"16":0,"17":0.003622,"18":0.003622,"19":0.014488,"20":0.007244,"21":0.003622,"22":0.003622,"23":0,"24":0,"25":0,"26":0.003622,"27":0.007244,"28":0.007244,"29":0.278894,"30":0.34409,"31":0,"32":0},"safari":{"3.1":0,"3.2":0,"4":0,"5":0.003622,"5.1":0.09055,"6":0.003622,"6.1":0.01811,"7":0.025354,"7.1":0.068818,"8":0.28976,"9":0},"android":{"2.1":0,"2.2":0,"2.3":0.168757182843,"3":0,"4":0.498422377234,"4.1":1.70327017102,"4.2-4.3":3.38103053533,"4.4":5.94378496316,"4.4.3-4.4.4":2.57845277042,"40":null},"ios_saf":{"3.2":0,"4.0-4.1":0,"4.2-4.3":0,"5.0-5.1":0.0085907764467,"6.0-6.1":0.0276297945178,"7.0-7.1":0.279548509239,"8":0.0164850034518,"8.1-8.4":1.95474991635,"9":null},"op_mob":{"10":0,"11":0,"11.1":0,"11.5":0,"12":0.0123591006494,"12.1":0.018538650974,"0":0.166847858766},"ie":{"5.5":0,"6":0.007244,"7":0.007244,"8":0.34409,"9":0.228186,"10":0.840304,"11":1.811},"bb":{"7":0.035079,"10":null},"ie_mob":{"10":0.178152637681,"11":0.574451362319},"and_uc":{"0":14.70129},"op_mini":{"5.0-8.0":22.6418723896},"and_chr":{"0":9.422184},"edge":{"0":null},"and_ff":{"0":0.146694}},"total":98.052241}