{"id":"SR","name":"Suriname","month":"2015-06","access_date":"2015-07-23","data":{"chrome":{"4":0,"5":0,"6":0,"7":0,"8":0.006442,"9":0,"10":0,"11":0.186818,"12":0.006442,"13":0,"14":0,"15":0,"16":0.006442,"17":0,"18":0.019326,"19":0,"20":0.012884,"21":0.012884,"22":0.122398,"23":0,"24":0,"25":0.006442,"26":0.038652,"27":0.019326,"28":0.019326,"29":0.025768,"30":0.025768,"31":0.219028,"32":0.025768,"33":0.083746,"34":0.051536,"35":0.12884,"36":0.25768,"37":0.148166,"38":0.12884,"39":0.663526,"40":0.231912,"41":0.109514,"42":0.48315,"43":21.496954,"44":0.057978,"45":0.277006,"46":0,"47":0},"firefox":{"2":0,"3":0.006442,"3.5":0.006442,"3.6":0.006442,"4":0,"5":0.006442,"6":0,"7":0,"8":0,"9":0,"10":0.006442,"11":0.025768,"12":0.006442,"13":0,"14":0.006442,"15":0.03221,"16":0.006442,"17":0,"18":0.006442,"19":0.006442,"20":0.006442,"21":0.012884,"22":0.006442,"23":0.006442,"24":0,"25":0.006442,"26":0.006442,"27":0.012884,"28":0.006442,"29":0.019326,"30":0.006442,"31":0.070862,"32":0.045094,"33":0.025768,"34":0.09663,"35":0.06442,"36":0.083746,"37":0.12884,"38":6.364696,"39":0.212586,"40":0.006442,"41":0.012884,"42":0},"opera":{"9":0,"9.5-9.6":0,"10.0-10.1":0,"10.5":0,"10.6":0,"11":0,"11.1":0,"11.5":0,"11.6":0,"12":0,"12.1":0.03221,"15":0,"16":0,"17":0,"18":0,"19":0,"20":0.019326,"21":0,"22":0,"23":0,"24":0,"25":0,"26":0.012884,"27":0.025768,"28":0.006442,"29":0.334984,"30":0.444498,"31":0.006442,"32":0},"safari":{"3.1":0,"3.2":0,"4":0.006442,"5":0.012884,"5.1":0.06442,"6":0.006442,"6.1":0.06442,"7":0.083746,"7.1":0.135282,"8":0.54757,"9":0},"android":{"2.1":0,"2.2":0,"2.3":0.177468720374,"3":0,"4":0.524151802035,"4.1":1.79119592191,"4.2-4.3":3.55556517679,"4.4":6.25061341875,"4.4.3-4.4.4":2.71155696013,"40":null},"ios_saf":{"3.2":0,"4.0-4.1":0,"4.2-4.3":0,"5.0-5.1":0.0255945039594,"6.0-6.1":0.0823174586802,"7.0-7.1":0.832858993706,"8":0.049113777868,"8.1-8.4":5.82378726579,"9":null},"op_mob":{"10":0,"11":0,"11.1":0,"11.5":0,"12":0.000695042207792,"12.1":0.00104256331169,"0":0.00938306980519},"ie":{"5.5":0,"6":0.0193424897611,"7":0.0580274692833,"8":0.941334501706,"9":0.799489576792,"10":1.01225696416,"11":19.8389469983},"bb":{"7":0.5879595,"10":null},"ie_mob":{"10":0.101067826087,"11":0.325892173913},"and_uc":{"0":0.789876},"op_mini":{"5.0-8.0":1.27331732468},"and_chr":{"0":15.589694},"edge":{"0":null},"and_ff":{"0":0.131646}},"total":97.3050715}