{"id":"ST","name":"Sao Tome and Principe","month":"2015-06","access_date":"2015-07-23","data":{"chrome":{"4":0,"5":0,"6":0,"7":0,"8":0,"9":0,"10":0.028604,"11":0.078661,"12":0,"13":0,"14":0.135869,"15":0,"16":0.121567,"17":0,"18":0.021453,"19":0,"20":0,"21":0,"22":0.050057,"23":0.007151,"24":0,"25":0.014302,"26":0.150171,"27":0,"28":0,"29":0.014302,"30":0.035755,"31":0.085812,"32":0.057208,"33":0.57208,"34":0.014302,"35":0.300342,"36":1.380143,"37":0.14302,"38":0.092963,"39":1.816354,"40":9.460773,"41":0.271738,"42":1.151311,"43":25.049953,"44":0.200228,"45":0.100114,"46":0,"47":0},"firefox":{"2":0,"3":0,"3.5":0,"3.6":0.007151,"4":0,"5":0,"6":0.007151,"7":0,"8":0,"9":0,"10":0,"11":0.014302,"12":0,"13":0,"14":0,"15":0.014302,"16":0,"17":0,"18":0.014302,"19":0,"20":0.007151,"21":0.035755,"22":0.021453,"23":0.021453,"24":0,"25":0,"26":0.014302,"27":0,"28":0.035755,"29":0.014302,"30":0.092963,"31":0.014302,"32":0.014302,"33":0.042906,"34":0.021453,"35":0.14302,"36":0.042906,"37":0.729402,"38":6.064048,"39":0.057208,"40":0,"41":0,"42":0},"opera":{"9":0,"9.5-9.6":0,"10.0-10.1":0,"10.5":0,"10.6":0,"11":0,"11.1":0,"11.5":0.007151,"11.6":0,"12":0,"12.1":0.014302,"15":0,"16":0,"17":0,"18":0.007151,"19":0,"20":0,"21":0,"22":0,"23":0,"24":0,"25":0,"26":0.021453,"27":0,"28":0.007151,"29":0.28604,"30":1.029744,"31":0.021453,"32":0},"safari":{"3.1":0,"3.2":0,"4":0,"5":0.028604,"5.1":0.092963,"6":0,"6.1":0.235983,"7":0.014302,"7.1":0.035755,"8":0.278889,"9":0},"android":{"2.1":0,"2.2":0,"2.3":0.0996150153973,"3":0,"4":0.294211789662,"4.1":1.00541666703,"4.2-4.3":1.99577525034,"4.4":3.50853350742,"4.4.3-4.4.4":1.52202477014,"40":null},"ios_saf":{"3.2":0,"4.0-4.1":0,"4.2-4.3":0,"5.0-5.1":0.00818497847716,"6.0-6.1":0.0263246605076,"7.0-7.1":0.266343623959,"8":0.0157063100508,"8.1-8.4":1.86241442701,"9":null},"op_mob":{"10":0,"11":0,"11.1":0,"11.5":0,"12":0.004564875,"12.1":0.0068473125,"0":0.0616258125},"ie":{"5.5":0,"6":0,"7":0.0574631650312,"8":3.11737670294,"9":0.323230303301,"10":1.7885410116,"11":10.724063174},"bb":{"7":0.008547,"10":null},"ie_mob":{"10":0.0721609033816,"11":0.232682096618},"and_uc":{"0":7.290591},"op_mini":{"5.0-8.0":8.362851},"and_chr":{"0":4.558088},"edge":{"0":null},"and_ff":{"0":0.133903}},"total":98.2121493568}