{"id":"SV","name":"El Salvador","month":"2015-06","access_date":"2015-07-23","data":{"chrome":{"4":0.006026,"5":0,"6":0,"7":0,"8":0,"9":0,"10":0,"11":0.036156,"12":0.012052,"13":0.006026,"14":0,"15":0,"16":0.006026,"17":0.006026,"18":0.012052,"19":0.006026,"20":0.006026,"21":0.012052,"22":0.048208,"23":0.006026,"24":0.018078,"25":0.012052,"26":0.042182,"27":0.03013,"28":0.024104,"29":0.024104,"30":0.03013,"31":0.084364,"32":0.042182,"33":0.084364,"34":0.072312,"35":0.15065,"36":0.21091,"37":0.259118,"38":0.228988,"39":0.506184,"40":0.33143,"41":0.228988,"42":0.470028,"43":29.250204,"44":0.078338,"45":0.048208,"46":0,"47":0},"firefox":{"2":0.012052,"3":0.03013,"3.5":0.066286,"3.6":0.072312,"4":0.018078,"5":0.006026,"6":0.012052,"7":0.012052,"8":0.018078,"9":0.012052,"10":0.03013,"11":0.03013,"12":0.054234,"13":0.024104,"14":0.018078,"15":0.024104,"16":0.018078,"17":0.03013,"18":0.024104,"19":0.024104,"20":0.03013,"21":0.042182,"22":0.018078,"23":0.036156,"24":0.024104,"25":0.072312,"26":0.048208,"27":0.024104,"28":0.054234,"29":0.036156,"30":0.102442,"31":0.132572,"32":0.138598,"33":0.162702,"34":0.138598,"35":0.198858,"36":0.21091,"37":0.403742,"38":9.406586,"39":0.066286,"40":0.006026,"41":0,"42":0},"opera":{"9":0,"9.5-9.6":0,"10.0-10.1":0,"10.5":0,"10.6":0,"11":0,"11.1":0,"11.5":0,"11.6":0,"12":0,"12.1":0.03013,"15":0,"16":0,"17":0,"18":0,"19":0,"20":0.006026,"21":0,"22":0.006026,"23":0,"24":0,"25":0.006026,"26":0.006026,"27":0.006026,"28":0.018078,"29":0.27117,"30":0.494132,"31":0.006026,"32":0},"safari":{"3.1":0,"3.2":0,"4":0.018078,"5":0.048208,"5.1":0.054234,"6":0.042182,"6.1":0.042182,"7":0.084364,"7.1":0.132572,"8":0.524262,"9":0},"android":{"2.1":0,"2.2":0,"2.3":0.185609186692,"3":0,"4":0.548194574649,"4.1":1.87335783778,"4.2-4.3":3.71865847292,"4.4":6.53732821501,"4.4.3-4.4.4":2.83593571295,"40":null},"ios_saf":{"3.2":0,"4.0-4.1":0,"4.2-4.3":0,"5.0-5.1":0.0215259463959,"6.0-6.1":0.069232097868,"7.0-7.1":0.700465931371,"8":0.0413065457868,"8.1-8.4":4.89802547858,"9":null},"op_mob":{"10":0,"11":0,"11.1":0,"11.5":0,"12":0.00143648917749,"12.1":0.00215473376623,"0":0.0193926038961},"ie":{"5.5":0,"6":0.0422526566164,"7":0.0543248442211,"8":1.50902345059,"9":0.953702820771,"10":0.899377976549,"11":3.70616159464},"bb":{"7":0.2056545,"10":null},"ie_mob":{"10":0.222006454106,"11":0.715857545894},"and_uc":{"0":1.239888},"op_mini":{"5.0-8.0":2.63164817316},"and_chr":{"0":18.480272},"edge":{"0":null},"and_ff":{"0":0.194726}},"total":98.3823158434}