{"id":"SZ","name":"Swaziland","month":"2015-06","access_date":"2015-07-23","data":{"chrome":{"4":0,"5":0,"6":0,"7":0,"8":0,"9":0.005392,"10":0,"11":0.043136,"12":0.021568,"13":0.002696,"14":0,"15":0,"16":0,"17":0,"18":0.005392,"19":0,"20":0.005392,"21":0.005392,"22":0.002696,"23":0,"24":0,"25":0.118624,"26":0.010784,"27":0,"28":0.010784,"29":0.016176,"30":0.01348,"31":0.016176,"32":0.04044,"33":0.032352,"34":0.005392,"35":0.035048,"36":0.099752,"37":0.018872,"38":0.018872,"39":0.150976,"40":0.088968,"41":0.140192,"42":0.331608,"43":7.888496,"44":0.024264,"45":0.072792,"46":0,"47":0},"firefox":{"2":0,"3":0.016176,"3.5":0.008088,"3.6":0.005392,"4":0.002696,"5":0.008088,"6":0,"7":0,"8":0.002696,"9":0.005392,"10":0.035048,"11":0.002696,"12":0.029656,"13":0.018872,"14":0.005392,"15":0.048528,"16":0.01348,"17":0.005392,"18":0.005392,"19":0.01348,"20":0.002696,"21":0.105144,"22":0.016176,"23":0.016176,"24":0,"25":0.008088,"26":0.051224,"27":0.01348,"28":0.024264,"29":0.01348,"30":0.008088,"31":0.490672,"32":0.016176,"33":0.045832,"34":0.035048,"35":0.099752,"36":0.1348,"37":0.2022,"38":3.529064,"39":0.439448,"40":0,"41":0,"42":0},"opera":{"9":0,"9.5-9.6":0,"10.0-10.1":0.002696,"10.5":0,"10.6":0,"11":0.005392,"11.1":0,"11.5":0.01348,"11.6":0.008088,"12":0.002696,"12.1":0.10784,"15":0,"16":0,"17":0.005392,"18":0.008088,"19":0.002696,"20":0.002696,"21":0,"22":0,"23":0,"24":0.005392,"25":0.002696,"26":0.005392,"27":0.002696,"28":0.010784,"29":0.218376,"30":0.307344,"31":0,"32":0},"safari":{"3.1":0,"3.2":0.002696,"4":0.005392,"5":0.008088,"5.1":0.075488,"6":0.018872,"6.1":0.029656,"7":0.045832,"7.1":0.072792,"8":0.1348,"9":0},"android":{"2.1":0,"2.2":0,"2.3":0.0527091800935,"3":0,"4":0.155675950509,"4.1":0.531994980478,"4.2-4.3":1.0560222942,"4.4":1.85646635469,"4.4.3-4.4.4":0.805347240033,"40":null},"ios_saf":{"3.2":0,"4.0-4.1":0,"4.2-4.3":0,"5.0-5.1":0.00944531492386,"6.0-6.1":0.0303781750254,"7.0-7.1":0.307355653198,"8":0.0181247935025,"8.1-8.4":2.14919206335,"9":null},"op_mob":{"10":0,"11":0,"11.1":0,"11.5":0,"12":0.0300539047619,"12.1":0.0450808571429,"0":0.405727714286},"ie":{"5.5":0,"6":0.048766299544,"7":0.0379293440898,"8":1.72849439495,"9":0.780260792704,"10":1.08369554542,"11":4.04489362329},"bb":{"7":0.124168,"10":null},"ie_mob":{"10":0.639717487923,"11":2.06276251208},"and_uc":{"0":2.614832},"op_mini":{"5.0-8.0":55.0587535238},"and_chr":{"0":4.771504},"edge":{"0":null},"and_ff":{"0":0.087648}},"total":96.346344}