{"id":"TJ","name":"Tajikistan","month":"2015-06","access_date":"2015-07-23","data":{"chrome":{"4":0.00571,"5":0.031405,"6":0.01142,"7":0.002855,"8":0.0571,"9":0.002855,"10":0.019985,"11":0.12562,"12":0.1713,"13":0.00571,"14":0.002855,"15":0.05139,"16":0.03426,"17":0.11991,"18":0.008565,"19":0,"20":0.01713,"21":0.00571,"22":0.002855,"23":0.014275,"24":0.008565,"25":0.014275,"26":0.00571,"27":0.01713,"28":0.14846,"29":0.008565,"30":0.01713,"31":0.225545,"32":0.019985,"33":0.03426,"34":0.008565,"35":0.04568,"36":0.351165,"37":0.453945,"38":0.07994,"39":0.21127,"40":0.12562,"41":0.236965,"42":0.248385,"43":9.54712,"44":0.02855,"45":0.294065,"46":0,"47":0},"firefox":{"2":0,"3":0,"3.5":0.008565,"3.6":0.037115,"4":0.00571,"5":0.01142,"6":0.002855,"7":0,"8":0.00571,"9":0.031405,"10":0.00571,"11":0.00571,"12":0.01713,"13":0.025695,"14":0.008565,"15":0.025695,"16":0.01142,"17":0.01142,"18":0.002855,"19":0.008565,"20":0.00571,"21":0.00571,"22":0.008565,"23":0.02284,"24":0.00571,"25":0.014275,"26":0.02284,"27":0.02284,"28":0.002855,"29":0.008565,"30":0.031405,"31":0.334035,"32":0.17701,"33":0.03997,"34":0.008565,"35":0.111345,"36":0.04568,"37":0.094215,"38":1.487455,"39":0.008565,"40":0.01713,"41":0.002855,"42":0},"opera":{"9":0,"9.5-9.6":0.00571,"10.0-10.1":0.002855,"10.5":0.008565,"10.6":0.01142,"11":0.01713,"11.1":0.02284,"11.5":0.01713,"11.6":0.048535,"12":0.082795,"12.1":0.705185,"15":0.00571,"16":0.025695,"17":0.00571,"18":0.031405,"19":0.0571,"20":0.042825,"21":0.042825,"22":0.03997,"23":0.014275,"24":0.01142,"25":0.065665,"26":0.10278,"27":0.04568,"28":0.11991,"29":0.75943,"30":0.807965,"31":0.008565,"32":0.002855},"safari":{"3.1":0,"3.2":0,"4":0,"5":0.008565,"5.1":0.04568,"6":0,"6.1":0.008565,"7":0.37115,"7.1":0.04568,"8":0.356875,"9":0},"android":{"2.1":0,"2.2":0,"2.3":0.113761956283,"3":0,"4":0.335994615067,"4.1":1.14820207039,"4.2-4.3":2.27920756599,"4.4":4.00680192535,"4.4.3-4.4.4":1.73817686692,"40":null},"ios_saf":{"3.2":0,"4.0-4.1":0,"4.2-4.3":0,"5.0-5.1":0.0138250406091,"6.0-6.1":0.044464319797,"7.0-7.1":0.449874294416,"8":0.0265291319797,"8.1-8.4":3.1457572132,"9":null},"op_mob":{"10":0,"11":0,"11.1":0,"11.5":0,"12":0.0209246428571,"12.1":0.0313869642857,"0":0.282482678571},"ie":{"5.5":0,"6":0.0208324749422,"7":0.0148803392444,"8":0.678543469545,"9":0.261893970702,"10":0.407721295297,"11":2.47013631457},"bb":{"7":0.00893125,"10":null},"ie_mob":{"10":0.143762922705,"11":0.463562077295},"and_uc":{"0":5.908915},"op_mini":{"5.0-8.0":38.3339457143},"and_chr":{"0":9.680725},"edge":{"0":null},"and_ff":{"0":0.050015}},"total":91.5552091143}