{"id":"TK","name":"Tokelau","month":"2015-06","access_date":"2015-07-23","data":{"chrome":{"4":0,"5":0,"6":0,"7":0,"8":0,"9":0,"10":0,"11":0,"12":0,"13":0,"14":0.446355,"15":0,"16":0.089271,"17":0,"18":1.339065,"19":1.249794,"20":0.089271,"21":0.357084,"22":0.267813,"23":0.089271,"24":0.624897,"25":0,"26":0,"27":0.178542,"28":0.178542,"29":0.089271,"30":0,"31":0,"32":0,"33":0.089271,"34":0.357084,"35":0.178542,"36":0.267813,"37":15.919995,"38":0.178542,"39":0,"40":2.410317,"41":1.428336,"42":0.178542,"43":13.509678,"44":0,"45":0,"46":0,"47":0},"firefox":{"2":0,"3":0.446355,"3.5":0,"3.6":0.178542,"4":0,"5":0.357084,"6":0.446355,"7":0.178542,"8":0,"9":0.803439,"10":0.178542,"11":1.606878,"12":0,"13":0,"14":0.267813,"15":0.357084,"16":0,"17":0.89271,"18":0,"19":0.089271,"20":1.160523,"21":0.624897,"22":0,"23":0.267813,"24":0.446355,"25":0.535626,"26":0,"27":0.089271,"28":0.714168,"29":0.714168,"30":0,"31":0.089271,"32":0.089271,"33":0,"34":0.803439,"35":0.624897,"36":0,"37":0,"38":3.491488,"39":0,"40":0,"41":0,"42":0},"opera":{"9":0,"9.5-9.6":0,"10.0-10.1":0.089271,"10.5":0,"10.6":0,"11":0,"11.1":0.267813,"11.5":0.981981,"11.6":0.089271,"12":0.446355,"12.1":2.231775,"15":0,"16":0,"17":0,"18":0,"19":0,"20":0,"21":0,"22":0,"23":0,"24":0,"25":0,"26":0,"27":0,"28":0,"29":0,"30":0.089271,"31":0,"32":0},"safari":{"3.1":0,"3.2":0,"4":0,"5":1.071252,"5.1":0.178542,"6":0,"6.1":0,"7":0,"7.1":0,"8":0,"9":0},"android":{"2.1":0,"2.2":0,"2.3":0.00424731701952,"3":0,"4":0.0125444014297,"4.1":0.0428682694528,"4.2-4.3":0.085094502612,"4.4":0.14959445642,"4.4.3-4.4.4":0.0648950530657,"40":null},"ios_saf":{"3.2":0,"4.0-4.1":0,"4.2-4.3":0,"5.0-5.1":0.00302340335025,"6.0-6.1":0.00972391888325,"7.0-7.1":0.0983831792893,"8":0.00580166588832,"8.1-8.4":0.687946832589,"9":null},"op_mob":{"10":0,"11":0,"11.1":0,"11.5":0,"12":0,"12.1":0,"0":0},"ie":{"5.5":0,"6":0,"7":0.803439,"8":22.357426,"9":2.77732,"10":0.446355,"11":0.178542},"bb":{"7":0,"10":null},"ie_mob":{"10":0,"11":0},"and_uc":{"0":0},"op_mini":{"5.0-8.0":0},"and_chr":{"0":0.179982},"edge":{"0":null},"and_ff":{"0":0}},"total":88.323816}