{"id":"TL","name":"Timor-Leste","month":"2015-06","access_date":"2015-07-23","data":{"chrome":{"4":0.02863,"5":0.002045,"6":0.00818,"7":0.01227,"8":0,"9":0.002045,"10":0.002045,"11":0.030675,"12":0,"13":0.01227,"14":0.00409,"15":0.006135,"16":0.0818,"17":0.002045,"18":0,"19":0,"20":0.002045,"21":0,"22":0.002045,"23":0.00409,"24":0.002045,"25":0.014315,"26":0.00409,"27":0.014315,"28":0.00409,"29":0.002045,"30":0.030675,"31":0.01227,"32":0.002045,"33":0.014315,"34":0.02454,"35":0.010225,"36":0.075665,"37":0.01636,"38":0.02454,"39":0.13497,"40":0.13497,"41":0.374235,"42":0.087935,"43":4.93254,"44":0.01227,"45":0.042945,"46":0,"47":0},"firefox":{"2":0.006135,"3":0.04499,"3.5":0.182005,"3.6":0.149285,"4":0.11043,"5":0.08589,"6":0.03272,"7":0.07771,"8":0.07771,"9":0.038855,"10":0.182005,"11":0.17996,"12":0.19223,"13":0.03272,"14":0.06953,"15":0.042945,"16":0.2045,"17":0.02045,"18":0.071575,"19":0.03272,"20":0.055215,"21":0.15951,"22":0.02454,"23":0.026585,"24":0.0818,"25":0.03272,"26":0.051125,"27":0.01636,"28":0.308795,"29":0.100205,"30":0.141105,"31":0.071575,"32":0.14315,"33":0.11043,"34":0.096115,"35":0.108385,"36":0.132925,"37":0.505115,"38":3.73826,"39":0.40082,"40":0.00409,"41":0,"42":0},"opera":{"9":0,"9.5-9.6":0,"10.0-10.1":0.00818,"10.5":0,"10.6":0,"11":0,"11.1":0.002045,"11.5":0,"11.6":0.01636,"12":0.00409,"12.1":0.03272,"15":0.006135,"16":0,"17":0,"18":0.002045,"19":0.10634,"20":0.00409,"21":0,"22":0.002045,"23":0,"24":0,"25":0,"26":0.006135,"27":0.006135,"28":0.00409,"29":0.09816,"30":0.218815,"31":0,"32":0},"safari":{"3.1":0,"3.2":0.010225,"4":0.002045,"5":0.018405,"5.1":0.038855,"6":0.067485,"6.1":0.030675,"7":0.030675,"7.1":0.05726,"8":0.304705,"9":0},"android":{"2.1":0,"2.2":0,"2.3":0.0572659623316,"3":0,"4":0.169134353863,"4.1":0.577986689579,"4.2-4.3":1.14731689648,"4.4":2.01696046398,"4.4.3-4.4.4":0.874970633764,"40":null},"ios_saf":{"3.2":0,"4.0-4.1":0,"4.2-4.3":0,"5.0-5.1":0.00746053350254,"6.0-6.1":0.0239946888325,"7.0-7.1":0.242769792893,"8":0.0143161588832,"8.1-8.4":1.69757382589,"9":null},"op_mob":{"10":0,"11":0,"11.1":0,"11.5":0,"12":0.0332491450216,"12.1":0.0498737175325,"0":0.448863457792},"ie":{"5.5":0,"6":0.00409,"7":0.0818,"8":1.04295,"9":0.80982,"10":0.30675,"11":1.14111},"bb":{"7":0.01392125,"10":null},"ie_mob":{"10":0.11863326087,"11":0.38253173913},"and_uc":{"0":6.451505},"op_mini":{"5.0-8.0":60.9124336797},"and_chr":{"0":3.88924},"edge":{"0":null},"and_ff":{"0":0.167055}},"total":98.07629125}