{"id":"TM","name":"Turkmenistan","month":"2015-06","access_date":"2015-07-23","data":{"chrome":{"4":0.006633,"5":0.02211,"6":0.002211,"7":0,"8":0.258687,"9":0.04422,"10":0.004422,"11":0.289641,"12":0.075174,"13":0.011055,"14":0.004422,"15":0.028743,"16":0.039798,"17":0.02211,"18":0.017688,"19":0.004422,"20":0.013266,"21":0.002211,"22":0.011055,"23":0.008844,"24":0.004422,"25":0.004422,"26":0.037587,"27":0.026532,"28":0.042009,"29":0.013266,"30":0.035376,"31":0.165825,"32":0.013266,"33":0.064119,"34":0.004422,"35":0.013266,"36":0.015477,"37":0.046431,"38":0.039798,"39":0.06633,"40":0.059697,"41":0.130449,"42":0.161403,"43":8.507928,"44":0.026532,"45":0.15477,"46":0,"47":0},"firefox":{"2":0.075174,"3":0.002211,"3.5":0.008844,"3.6":0.316173,"4":0.008844,"5":0.017688,"6":0.008844,"7":0.004422,"8":0.002211,"9":0.008844,"10":0.008844,"11":0.006633,"12":0.013266,"13":0.026532,"14":0.013266,"15":0.02211,"16":0.008844,"17":0.008844,"18":0.002211,"19":0.008844,"20":0.004422,"21":0.008844,"22":0.002211,"23":0.006633,"24":0.02211,"25":0.028743,"26":0.004422,"27":0.013266,"28":0.002211,"29":0.048642,"30":0.017688,"31":0.028743,"32":0.086229,"33":0.019899,"34":0.084018,"35":0.101706,"36":0.075174,"37":0.123816,"38":0.968418,"39":0.004422,"40":0,"41":0,"42":0},"opera":{"9":0,"9.5-9.6":0.013266,"10.0-10.1":0.02211,"10.5":0.004422,"10.6":0.013266,"11":0.013266,"11.1":0.037587,"11.5":0.02211,"11.6":0.061908,"12":0.084018,"12.1":0.218889,"15":0.008844,"16":0.013266,"17":0.013266,"18":0.030954,"19":0.013266,"20":0.008844,"21":0,"22":0.002211,"23":0.008844,"24":0.006633,"25":0.128238,"26":0.017688,"27":0.019899,"28":0.028743,"29":0.030954,"30":0.02211,"31":0,"32":0},"safari":{"3.1":0.002211,"3.2":0,"4":0.006633,"5":0.015477,"5.1":0.002211,"6":0.002211,"6.1":0.004422,"7":0.033165,"7.1":0.030954,"8":0.121605,"9":0},"android":{"2.1":0,"2.2":0,"2.3":0.27168880231,"3":0,"4":0.802429718449,"4.1":2.74216140005,"4.2-4.3":5.44325356255,"4.4":9.56913235111,"4.4.3-4.4.4":4.15115216552,"40":null},"ios_saf":{"3.2":0,"4.0-4.1":0,"4.2-4.3":0,"5.0-5.1":0.0598281585787,"6.0-6.1":0.192420293807,"7.0-7.1":1.9468406197,"8":0.114805385381,"8.1-8.4":13.6133315425,"9":null},"op_mob":{"10":0,"11":0,"11.1":0,"11.5":0,"12":0.000682801948052,"12.1":0.00102420292208,"0":0.0092178262987},"ie":{"5.5":0,"6":0.00887618340611,"7":0.0110952292576,"8":0.896494524017,"9":0.439371078603,"10":0.656837572052,"11":1.02741822926},"bb":{"7":0.023367,"10":null},"ie_mob":{"10":0.0755946908213,"11":0.243754309179},"and_uc":{"0":4.914859},"op_mini":{"5.0-8.0":1.25089316883},"and_chr":{"0":32.802364},"edge":{"0":null},"and_ff":{"0":0.124624}},"total":95.1813138166}