{"id":"TN","name":"Tunisia","month":"2015-06","access_date":"2015-07-23","data":{"chrome":{"4":0.04671,"5":0.03114,"6":0.054495,"7":0.04671,"8":0.07785,"9":0.038925,"10":0.10899,"11":0.17127,"12":0.101205,"13":0.085635,"14":0.038925,"15":0.070065,"16":0.04671,"17":0.01557,"18":0.04671,"19":0.01557,"20":0.01557,"21":0.023355,"22":0.023355,"23":0.07785,"24":0.03114,"25":0.038925,"26":0.07785,"27":0.07785,"28":0.054495,"29":0.070065,"30":0.21798,"31":0.1557,"32":0.09342,"33":0.21798,"34":0.10899,"35":0.179055,"36":0.692865,"37":0.85635,"38":0.381465,"39":1.0899,"40":0.90306,"41":0.381465,"42":0.832995,"43":45.363195,"44":0.350325,"45":0.20241,"46":0,"47":0},"firefox":{"2":0.007785,"3":0.085635,"3.5":0.054495,"3.6":0.132345,"4":0.038925,"5":0.01557,"6":0.007785,"7":0.007785,"8":0.01557,"9":0.023355,"10":0.023355,"11":0.023355,"12":0.101205,"13":0.023355,"14":0.023355,"15":0.038925,"16":0.04671,"17":0.023355,"18":0.023355,"19":0.01557,"20":0.01557,"21":0.132345,"22":0.01557,"23":0.01557,"24":0.023355,"25":0.01557,"26":0.023355,"27":0.01557,"28":0.01557,"29":0.038925,"30":0.06228,"31":0.52938,"32":0.350325,"33":0.101205,"34":0.10899,"35":0.1557,"36":0.1557,"37":0.397035,"38":8.166465,"39":0.14013,"40":0.01557,"41":0.007785,"42":0},"opera":{"9":0,"9.5-9.6":0,"10.0-10.1":0,"10.5":0,"10.6":0,"11":0,"11.1":0,"11.5":0,"11.6":0.007785,"12":0.007785,"12.1":0.054495,"15":0,"16":0.007785,"17":0,"18":0,"19":0,"20":0.007785,"21":0,"22":0.007785,"23":0,"24":0.007785,"25":0.007785,"26":0.023355,"27":0.023355,"28":0.06228,"29":0.49824,"30":0.879705,"31":0.007785,"32":0},"safari":{"3.1":0,"3.2":0,"4":0.01557,"5":0.038925,"5.1":0.06228,"6":0.023355,"6.1":0.03114,"7":0.506025,"7.1":0.07785,"8":0.412605,"9":0},"android":{"2.1":0,"2.2":0,"2.3":0.0861280423426,"3":0,"4":0.25437817157,"4.1":0.869292334341,"4.2-4.3":1.72556531345,"4.4":3.03350977042,"4.4.3-4.4.4":1.31595636789,"40":null},"ios_saf":{"3.2":0,"4.0-4.1":0,"4.2-4.3":0,"5.0-5.1":0.0153383030457,"6.0-6.1":0.0493312989848,"7.0-7.1":0.499116672081,"8":0.0294329598985,"8.1-8.4":3.49008576599,"9":null},"op_mob":{"10":0,"11":0,"11.1":0,"11.5":0,"12":0.0019608982684,"12.1":0.0029413474026,"0":0.0264721266234},"ie":{"5.5":0,"6":0.0401806451613,"7":0.112505806452,"8":1.49472,"9":0.763432258065,"10":0.385734193548,"11":2.43494709677},"bb":{"7":0.0365475,"10":null},"ie_mob":{"10":0.198718671498,"11":0.640766328502},"and_uc":{"0":0.6645},"op_mini":{"5.0-8.0":3.59236562771},"and_chr":{"0":8.878195},"edge":{"0":null},"and_ff":{"0":0.148405}},"total":98.3098325}