{"id":"TO","name":"Tonga","month":"2015-06","access_date":"2015-07-23","data":{"chrome":{"4":0.055888,"5":0,"6":0,"7":0.007984,"8":0,"9":0,"10":0,"11":0.023952,"12":0,"13":0,"14":0,"15":0,"16":0.007984,"17":0.007984,"18":0,"19":0,"20":0.063872,"21":0,"22":0.015968,"23":0,"24":0.015968,"25":1.101792,"26":0.007984,"27":0.015968,"28":0.007984,"29":0.031936,"30":0.015968,"31":0.031936,"32":0.007984,"33":0.111776,"34":0.007984,"35":0.087824,"36":4.774432,"37":5.94808,"38":0.071856,"39":1.053888,"40":0.335328,"41":0.335328,"42":0.487024,"43":15.105728,"44":0.111776,"45":1.181632,"46":0,"47":0},"firefox":{"2":0.007984,"3":0,"3.5":0,"3.6":0.031936,"4":0.015968,"5":0.391216,"6":0.023952,"7":0.007984,"8":0,"9":0,"10":0,"11":0.055888,"12":0.143712,"13":0.055888,"14":0.063872,"15":0.063872,"16":0.055888,"17":0.015968,"18":0.015968,"19":0.015968,"20":0,"21":0.023952,"22":0,"23":0.023952,"24":0,"25":0.07984,"26":0.015968,"27":0.023952,"28":0.015968,"29":0.07984,"30":0.055888,"31":4.534912,"32":2.946096,"33":0.111776,"34":0.207584,"35":0.694608,"36":0.31936,"37":0.63872,"38":8.207552,"39":1.285424,"40":0.007984,"41":0,"42":0},"opera":{"9":0,"9.5-9.6":0,"10.0-10.1":0,"10.5":0,"10.6":0,"11":0,"11.1":0.015968,"11.5":0.015968,"11.6":0.015968,"12":0,"12.1":0.015968,"15":0,"16":0,"17":0,"18":0,"19":0,"20":0,"21":0,"22":0,"23":0,"24":0,"25":0,"26":0,"27":0,"28":0,"29":0.111776,"30":0.071856,"31":0,"32":0},"safari":{"3.1":0,"3.2":0,"4":0,"5":0.031936,"5.1":0.3992,"6":0.055888,"6.1":0.015968,"7":5.373232,"7.1":0.311376,"8":2.786416,"9":0},"android":{"2.1":0,"2.2":0,"2.3":0.0807114610943,"3":0,"4":0.238380361837,"4.1":0.814622653836,"4.2-4.3":1.61704473797,"4.4":2.84273274017,"4.4.3-4.4.4":1.23319604509,"40":null},"ios_saf":{"3.2":0,"4.0-4.1":0,"4.2-4.3":0,"5.0-5.1":0.0205729315736,"6.0-6.1":0.0661669961421,"7.0-7.1":0.669454313909,"8":0.0394777876142,"8.1-8.4":4.68117597076,"9":null},"op_mob":{"10":0,"11":0,"11.1":0,"11.5":0,"12":0.00117381818182,"12.1":0.00176072727273,"0":0.0158465454545},"ie":{"5.5":0,"6":0.0159858413408,"7":0.0159858413408,"8":0.863235432402,"9":0.767320384358,"10":0.767320384358,"11":11.8774801162},"bb":{"7":0.000504,"10":null},"ie_mob":{"10":0.490579478261,"11":1.58186852174},"and_uc":{"0":0.667296},"op_mini":{"5.0-8.0":2.15043490909},"and_chr":{"0":6.12648},"edge":{"0":null},"and_ff":{"0":0.084672}},"total":98.226248}