{"id":"TR","name":"Turkey","month":"2015-06","access_date":"2015-07-23","data":{"chrome":{"4":0.011548,"5":0.005774,"6":0.005774,"7":0.005774,"8":0.005774,"9":0.005774,"10":0.011548,"11":0.08661,"12":0.02887,"13":0.023096,"14":0.011548,"15":0.034644,"16":0.011548,"17":0.005774,"18":0.011548,"19":0,"20":0,"21":0.005774,"22":0.213638,"23":0.023096,"24":0.011548,"25":0.040418,"26":0.103932,"27":0.023096,"28":0.040418,"29":0.02887,"30":0.08661,"31":0.075062,"32":0.051966,"33":0.103932,"34":0.080836,"35":0.23096,"36":0.196316,"37":0.294474,"38":0.34644,"39":0.542756,"40":0.438824,"41":0.877648,"42":0.762168,"43":34.9327,"44":0.046192,"45":0.05774,"46":0,"47":0},"firefox":{"2":0,"3":0.005774,"3.5":0.005774,"3.6":0.011548,"4":0.011548,"5":0.005774,"6":0.005774,"7":0,"8":0,"9":0.005774,"10":0.005774,"11":0.005774,"12":0.005774,"13":0.005774,"14":0.005774,"15":0.005774,"16":0.005774,"17":0.005774,"18":0.005774,"19":0.011548,"20":0.005774,"21":0.005774,"22":0.005774,"23":0.005774,"24":0.005774,"25":0.005774,"26":0.011548,"27":0.011548,"28":0.011548,"29":0.011548,"30":0.023096,"31":0.080836,"32":0.063514,"33":0.040418,"34":0.046192,"35":0.063514,"36":0.098158,"37":0.121254,"38":2.644492,"39":0.034644,"40":0,"41":0,"42":0},"opera":{"9":0,"9.5-9.6":0,"10.0-10.1":0,"10.5":0,"10.6":0,"11":0,"11.1":0,"11.5":0,"11.6":0.005774,"12":0.005774,"12.1":0.02887,"15":0,"16":0,"17":0,"18":0,"19":0,"20":0,"21":0,"22":0,"23":0,"24":0,"25":0,"26":0.005774,"27":0.005774,"28":0.011548,"29":0.184768,"30":0.306022,"31":0,"32":0},"safari":{"3.1":0,"3.2":0,"4":0.005774,"5":0.011548,"5.1":0.023096,"6":0.005774,"6.1":0.017322,"7":0.05774,"7.1":0.046192,"8":0.190542,"9":0},"android":{"2.1":0,"2.2":0,"2.3":0.136201276327,"3":0,"4":0.402268885895,"4.1":1.37468264944,"4.2-4.3":2.72877673385,"4.4":4.79713565109,"4.4.3-4.4.4":2.08102880341,"40":null},"ios_saf":{"3.2":0,"4.0-4.1":0,"4.2-4.3":0,"5.0-5.1":0.0281256946193,"6.0-6.1":0.0904583151269,"7.0-7.1":0.91522530599,"8":0.0539709275127,"8.1-8.4":6.39973575675,"9":null},"op_mob":{"10":0,"11":0,"11.1":0,"11.5":0,"12":0.000608287878788,"12.1":0.000912431818182,"0":0.00821188636364},"ie":{"5.5":0,"6":0.0115750023383,"7":0.0347250070148,"8":1.23273774903,"9":0.67135013562,"10":0.821825166017,"11":4.64157593765},"bb":{"7":0.010565,"10":null},"ie_mob":{"10":0.243086869565,"11":0.783831130435},"and_uc":{"0":0.198622},"op_mini":{"5.0-8.0":1.11438339394},"and_chr":{"0":24.327244},"edge":{"0":null},"and_ff":{"0":0.080294}},"total":97.3949019977}