{"id":"TT","name":"Trinidad and Tobago","month":"2015-06","access_date":"2015-07-23","data":{"chrome":{"4":0,"5":0,"6":0.007521,"7":0,"8":0.007521,"9":0,"10":0.007521,"11":0.060168,"12":0.022563,"13":0,"14":0.007521,"15":0.007521,"16":0.007521,"17":0.007521,"18":0.045126,"19":0.015042,"20":0.007521,"21":0.007521,"22":0.195546,"23":0,"24":0.015042,"25":0.015042,"26":0.052647,"27":0.022563,"28":0.030084,"29":0.030084,"30":0.022563,"31":0.195546,"32":0.090252,"33":0.120336,"34":0.112815,"35":0.15042,"36":0.383571,"37":0.270756,"38":0.203067,"39":1.240965,"40":0.278277,"41":0.218109,"42":1.165755,"43":34.874877,"44":0.15042,"45":0.473823,"46":0,"47":0},"firefox":{"2":0.007521,"3":0,"3.5":0.007521,"3.6":0.022563,"4":0,"5":0.007521,"6":0.007521,"7":0,"8":0.015042,"9":0,"10":0.007521,"11":0.022563,"12":0.015042,"13":0.007521,"14":0.007521,"15":0.007521,"16":0.022563,"17":0.007521,"18":0.007521,"19":0.007521,"20":0,"21":0.007521,"22":0.007521,"23":0.007521,"24":0.007521,"25":0.007521,"26":0.015042,"27":0.007521,"28":0.007521,"29":0.007521,"30":0.037605,"31":0.135378,"32":0.067689,"33":0.052647,"34":0.060168,"35":0.060168,"36":0.067689,"37":0.631764,"38":7.29537,"39":0.263235,"40":0.007521,"41":0.007521,"42":0},"opera":{"9":0,"9.5-9.6":0,"10.0-10.1":0,"10.5":0,"10.6":0,"11":0,"11.1":0,"11.5":0,"11.6":0,"12":0.007521,"12.1":0.097773,"15":0,"16":0,"17":0,"18":0,"19":0,"20":0,"21":0,"22":0,"23":0,"24":0,"25":0,"26":0,"27":0.015042,"28":0.007521,"29":0.240672,"30":0.406134,"31":0.015042,"32":0},"safari":{"3.1":0,"3.2":0,"4":0.030084,"5":0.060168,"5.1":0.157941,"6":0.030084,"6.1":0.180504,"7":0.180504,"7.1":0.315882,"8":1.060461,"9":0},"android":{"2.1":0,"2.2":0,"2.3":0.114039877921,"3":0,"4":0.336815453396,"4.1":1.15100713995,"4.2-4.3":2.2847756937,"4.4":4.016590584,"4.4.3-4.4.4":1.74242325103,"40":null},"ios_saf":{"3.2":0,"4.0-4.1":0,"4.2-4.3":0,"5.0-5.1":0.0334780620305,"6.0-6.1":0.10767268599,"7.0-7.1":1.08939423472,"8":0.064241686599,"8.1-8.4":7.61761633066,"9":null},"op_mob":{"10":0,"11":0,"11.1":0,"11.5":0,"12":0.000169022727273,"12.1":0.000253534090909,"0":0.00228180681818},"ie":{"5.5":0,"6":0.0150737788732,"7":0.0376844471831,"8":0.791373390845,"9":0.798910280282,"10":0.934574290141,"11":8.12476681268},"bb":{"7":0.12456975,"10":null},"ie_mob":{"10":0.2405947343,"11":0.7757952657},"and_uc":{"0":0.230547},"op_mini":{"5.0-8.0":0.309649636364},"and_chr":{"0":14.475959},"edge":{"0":null},"and_ff":{"0":0.106597}},"total":97.79780475}