{"id":"TV","name":"Tuvalu","month":"2015-06","access_date":"2015-07-23","data":{"chrome":{"4":0,"5":0,"6":0,"7":0,"8":0,"9":0,"10":0,"11":0,"12":0,"13":0,"14":0,"15":0,"16":0,"17":0,"18":0,"19":0,"20":0,"21":0,"22":0,"23":0,"24":0,"25":0.045155,"26":0,"27":0.045155,"28":0,"29":0,"30":0,"31":0,"32":0,"33":0.776666,"34":0,"35":0,"36":0.144496,"37":0.099341,"38":0.144496,"39":0.144496,"40":0.198682,"41":0.099341,"42":2.239688,"43":42.454731,"44":0.144496,"45":1.752014,"46":0,"47":0},"firefox":{"2":0,"3":0,"3.5":0,"3.6":0.243837,"4":0.045155,"5":0,"6":0,"7":0,"8":0,"9":0.045155,"10":0,"11":0,"12":0.776666,"13":0,"14":0,"15":0,"16":0,"17":0,"18":0,"19":0,"20":0,"21":0.099341,"22":0,"23":0.045155,"24":0,"25":0,"26":0,"27":0,"28":0,"29":0,"30":0.288992,"31":0.045155,"32":0,"33":0.388333,"34":0,"35":0.099341,"36":0.243837,"37":0.099341,"38":18.739325,"39":0.587015,"40":0,"41":0,"42":0},"opera":{"9":0,"9.5-9.6":0,"10.0-10.1":0,"10.5":0,"10.6":0,"11":0,"11.1":0,"11.5":0,"11.6":0,"12":0,"12.1":0,"15":0,"16":0,"17":0,"18":0,"19":0,"20":0,"21":0,"22":0,"23":0,"24":0,"25":0,"26":0,"27":0,"28":0,"29":0.045155,"30":0,"31":0,"32":0},"safari":{"3.1":0,"3.2":0,"4":0,"5":0,"5.1":0,"6":0,"6.1":0.921162,"7":0,"7.1":0.442519,"8":0.198682,"9":0},"android":{"2.1":0,"2.2":0,"2.3":0.0290433846577,"3":0,"4":0.0857792988727,"4.1":0.293135556778,"4.2-4.3":0.581880834479,"4.4":1.02293502475,"4.4.3-4.4.4":0.443755900467,"40":null},"ios_saf":{"3.2":0,"4.0-4.1":0,"4.2-4.3":0,"5.0-5.1":0.00756296152284,"6.0-6.1":0.0243241194924,"7.0-7.1":0.246102856041,"8":0.0145127099492,"8.1-8.4":1.72088035299,"9":null},"op_mob":{"10":0,"11":0,"11.1":0,"11.5":0,"12":0.000106443181818,"12.1":0.000159664772727,"0":0.00143698295455},"ie":{"5.5":0,"6":0,"7":0.045155,"8":0.63217,"9":1.020503,"10":6.375886,"11":8.471078},"bb":{"7":0,"10":null},"ie_mob":{"10":0,"11":0},"and_uc":{"0":0},"op_mini":{"5.0-8.0":0.195003909091},"and_chr":{"0":6.526476},"edge":{"0":null},"and_ff":{"0":0.049419}},"total":99.43023}