{"id":"TW","name":"Taiwan","month":"2015-06","access_date":"2015-07-23","data":{"chrome":{"4":0,"5":0,"6":0,"7":0,"8":0.005528,"9":0,"10":0,"11":0.24876,"12":0.005528,"13":0,"14":0,"15":0,"16":0,"17":0.005528,"18":0.011056,"19":0,"20":0.005528,"21":0.011056,"22":0.011056,"23":0.005528,"24":0.011056,"25":0.011056,"26":0.016584,"27":0.049752,"28":0.02764,"29":0.033168,"30":0.044224,"31":0.281928,"32":0.033168,"33":0.33168,"34":0.066336,"35":0.099504,"36":0.287456,"37":0.35932,"38":0.187952,"39":0.315096,"40":0.342736,"41":0.342736,"42":0.71864,"43":22.476848,"44":0.071864,"45":0.088448,"46":0,"47":0},"firefox":{"2":0,"3":0.011056,"3.5":0,"3.6":0.011056,"4":0.005528,"5":0.005528,"6":0.005528,"7":0,"8":0.005528,"9":0,"10":0,"11":0.005528,"12":0.011056,"13":0,"14":0.005528,"15":0.005528,"16":0.005528,"17":0.005528,"18":0.005528,"19":0.005528,"20":0.005528,"21":0.011056,"22":0.005528,"23":0.011056,"24":0.005528,"25":0.005528,"26":0.011056,"27":0.011056,"28":0.016584,"29":0.011056,"30":0.011056,"31":0.204536,"32":0.143728,"33":0.033168,"34":0.049752,"35":0.05528,"36":0.05528,"37":0.105032,"38":3.56556,"39":0.033168,"40":0.005528,"41":0,"42":0},"opera":{"9":0,"9.5-9.6":0,"10.0-10.1":0,"10.5":0,"10.6":0,"11":0,"11.1":0,"11.5":0,"11.6":0,"12":0.005528,"12.1":0.038696,"15":0,"16":0,"17":0,"18":0,"19":0,"20":0,"21":0,"22":0,"23":0,"24":0,"25":0,"26":0,"27":0.005528,"28":0.011056,"29":0.060808,"30":0.11056,"31":0.005528,"32":0},"safari":{"3.1":0,"3.2":0,"4":0.022112,"5":0.038696,"5.1":0.066336,"6":0.022112,"6.1":0.044224,"7":0.24876,"7.1":0.160312,"8":0.740752,"9":0},"android":{"2.1":0,"2.2":0,"2.3":0.150163235634,"3":0,"4":0.44350537036,"4.1":1.51560102942,"4.2-4.3":3.00850296508,"4.4":5.28888884575,"4.4.3-4.4.4":2.29435455375,"40":null},"ios_saf":{"3.2":0,"4.0-4.1":0,"4.2-4.3":0,"5.0-5.1":0.0401119366497,"6.0-6.1":0.129008661117,"7.0-7.1":1.30526410071,"8":0.0769715541117,"8.1-8.4":9.12709174741,"9":null},"op_mob":{"10":0,"11":0,"11.1":0,"11.5":0,"12":5.32380952381e-5,"12.1":7.98571428571e-5,"0":0.000718714285714},"ie":{"5.5":0,"6":0.112334152642,"7":0.0842506144814,"8":3.82497789746,"9":1.23567567906,"10":0.93799017456,"11":8.1554594818},"bb":{"7":0.002236,"10":null},"ie_mob":{"10":0.0444607536232,"11":0.143363246377},"and_uc":{"0":0.205712},"op_mini":{"5.0-8.0":0.0975321904762},"and_chr":{"0":28.54484},"edge":{"0":null},"and_ff":{"0":0.129688}},"total":99.436644}