{"id":"TZ","name":"Tanzania","month":"2015-06","access_date":"2015-07-23","data":{"chrome":{"4":0.00295,"5":0.00295,"6":0.00295,"7":0.001475,"8":0.001475,"9":0.004425,"10":0.007375,"11":0.033925,"12":0.00295,"13":0.004425,"14":0.001475,"15":0.00295,"16":0.013275,"17":0,"18":0.004425,"19":0.001475,"20":0.00295,"21":0.0118,"22":0.00295,"23":0.007375,"24":0.00295,"25":0.0118,"26":0.02065,"27":0.00295,"28":0.001475,"29":0.0059,"30":0.0059,"31":0.0472,"32":0.004425,"33":0.033925,"34":0.00885,"35":0.019175,"36":0.063425,"37":0.030975,"38":0.016225,"39":0.1416,"40":0.0885,"41":0.042775,"42":0.1121,"43":3.54885,"44":0.0236,"45":0.118,"46":0,"47":0},"firefox":{"2":0.0059,"3":0.013275,"3.5":0.007375,"3.6":0.036875,"4":0.02655,"5":0.0118,"6":0.01475,"7":0.013275,"8":0.02065,"9":0.02065,"10":0.03245,"11":0.05015,"12":0.06195,"13":0.04425,"14":0.03835,"15":0.045725,"16":0.05015,"17":0.0295,"18":0.025075,"19":0.02655,"20":0.02655,"21":0.03245,"22":0.013275,"23":0.039825,"24":0.016225,"25":0.016225,"26":0.02065,"27":0.022125,"28":0.02655,"29":0.078175,"30":0.066375,"31":0.0708,"32":0.066375,"33":0.0708,"34":0.063425,"35":0.09735,"36":0.10915,"37":0.249275,"38":2.980975,"39":0.370225,"40":0.0059,"41":0.00295,"42":0},"opera":{"9":0,"9.5-9.6":0.001475,"10.0-10.1":0.007375,"10.5":0.001475,"10.6":0.0059,"11":0.004425,"11.1":0.004425,"11.5":0.004425,"11.6":0.019175,"12":0.010325,"12.1":0.05015,"15":0.013275,"16":0.00295,"17":0.007375,"18":0.00295,"19":0.007375,"20":0.0059,"21":0.0059,"22":0.004425,"23":0.001475,"24":0.00295,"25":0.004425,"26":0.010325,"27":0.010325,"28":0.054575,"29":0.47495,"30":0.538375,"31":0.00295,"32":0},"safari":{"3.1":0,"3.2":0,"4":0.004425,"5":0.0177,"5.1":0.0472,"6":0.0177,"6.1":0.01475,"7":0.0531,"7.1":0.039825,"8":0.1534,"9":0},"android":{"2.1":0,"2.2":0,"2.3":0.100456193291,"3":0,"4":0.29669619879,"4.1":1.01390669508,"4.2-4.3":2.01262815164,"4.4":3.53816057534,"4.4.3-4.4.4":1.53487718587,"40":null},"ios_saf":{"3.2":0,"4.0-4.1":0,"4.2-4.3":0,"5.0-5.1":0.0052185964467,"6.0-6.1":0.0167841345178,"7.0-7.1":0.169815949239,"8":0.0100140634518,"8.1-8.4":1.18744225635,"9":null},"op_mob":{"10":0,"11":0,"11.1":0,"11.5":0,"12":0.0327160714286,"12.1":0.0490741071429,"0":0.441666964286},"ie":{"5.5":0,"6":0.0194493017711,"7":0.0074805006812,"8":0.502689645777,"9":0.17504371594,"10":0.299220027248,"11":1.18341520777},"bb":{"7":0.0468875,"10":null},"ie_mob":{"10":0.187673550725,"11":0.605151449275},"and_uc":{"0":5.7629},"op_mini":{"5.0-8.0":59.9358428571},"and_chr":{"0":5.76605},"edge":{"0":null},"and_ff":{"0":0.332475}},"total":96.3272108992}