{"id":"UA","name":"Ukraine","month":"2015-06","access_date":"2015-07-23","data":{"chrome":{"4":0.017886,"5":0.017886,"6":0.008943,"7":0.008943,"8":0.026829,"9":0.017886,"10":0.008943,"11":0.053658,"12":0.053658,"13":0.071544,"14":0.017886,"15":0.017886,"16":0.026829,"17":0.053658,"18":0.026829,"19":0.026829,"20":0.017886,"21":0.026829,"22":0.080487,"23":0.026829,"24":0.044715,"25":0.026829,"26":0.053658,"27":0.107316,"28":0.160974,"29":0.035772,"30":0.035772,"31":0.125202,"32":0.026829,"33":0.080487,"34":0.08943,"35":0.152031,"36":0.751212,"37":1.099989,"38":0.152031,"39":0.482922,"40":0.688611,"41":0.563409,"42":0.778041,"43":31.971225,"44":0.187803,"45":1.323564,"46":0,"47":0},"firefox":{"2":0.017886,"3":0.026829,"3.5":0.098373,"3.6":0.143088,"4":0.026829,"5":0.008943,"6":0.017886,"7":0.008943,"8":0.008943,"9":0.017886,"10":0.035772,"11":0.026829,"12":0.062601,"13":0.017886,"14":0.017886,"15":0.035772,"16":0.071544,"17":0.035772,"18":0.026829,"19":0.035772,"20":0.044715,"21":0.035772,"22":0.026829,"23":0.107316,"24":0.107316,"25":0.044715,"26":0.062601,"27":0.035772,"28":0.08943,"29":0.026829,"30":0.071544,"31":1.108932,"32":0.509751,"33":0.134145,"34":0.143088,"35":0.241461,"36":0.232518,"37":0.456093,"38":12.627516,"39":0.196746,"40":0.044715,"41":0.008943,"42":0},"opera":{"9":0,"9.5-9.6":0.017886,"10.0-10.1":0.026829,"10.5":0.008943,"10.6":0.026829,"11":0.026829,"11.1":0.026829,"11.5":0.071544,"11.6":0.241461,"12":0.286176,"12.1":4.149552,"15":0.017886,"16":0.035772,"17":0.008943,"18":0.044715,"19":0.160974,"20":0.062601,"21":0.035772,"22":0.053658,"23":0.017886,"24":0.035772,"25":0.044715,"26":0.071544,"27":0.080487,"28":0.232518,"29":2.942247,"30":5.732463,"31":0.062601,"32":0.008943},"safari":{"3.1":0,"3.2":0,"4":0.017886,"5":0.035772,"5.1":0.08943,"6":0.026829,"6.1":0.044715,"7":0.661782,"7.1":0.125202,"8":1.091046,"9":0},"android":{"2.1":0,"2.2":0,"2.3":0.02632148584,"3":0,"4":0.0777402023646,"4.1":0.26566336871,"4.2-4.3":0.527347908166,"4.4":0.927067216387,"4.4.3-4.4.4":0.402167818532,"40":null},"ios_saf":{"3.2":0,"4.0-4.1":0,"4.2-4.3":0,"5.0-5.1":0.0121233674112,"6.0-6.1":0.0389913708629,"7.0-7.1":0.394500928731,"8":0.0232637590863,"8.1-8.4":2.75855757391,"9":null},"op_mob":{"10":0,"11":0,"11.1":0,"11.5":0,"12":0.00187491666667,"12.1":0.002812375,"0":0.025311375},"ie":{"5.5":0,"6":0.090825526658,"7":0.0726604213264,"8":1.96183137581,"9":0.599448475943,"10":0.635778686606,"11":3.56944319766},"bb":{"7":0.006342,"10":null},"ie_mob":{"10":0.0462884299517,"11":0.149256570048},"and_uc":{"0":0.672252},"op_mini":{"5.0-8.0":3.43484733333},"and_chr":{"0":3.594603},"edge":{"0":null},"and_ff":{"0":0.066591}},"total":93.653910684}