{"id":"UG","name":"Uganda","month":"2015-06","access_date":"2015-07-23","data":{"chrome":{"4":0.003235,"5":0.00647,"6":0.003235,"7":0.00647,"8":0.00647,"9":0.003235,"10":0.00647,"11":0.048525,"12":0.003235,"13":0.01294,"14":0.003235,"15":0.003235,"16":0.003235,"17":0,"18":0.003235,"19":0.00647,"20":0.00647,"21":0.00647,"22":0.00647,"23":0.009705,"24":0.009705,"25":0.016175,"26":0.016175,"27":0.00647,"28":0.022645,"29":0.01294,"30":0.022645,"31":0.0647,"32":0.03235,"33":0.02588,"34":0.016175,"35":0.03882,"36":0.07764,"37":0.04529,"38":0.03882,"39":0.184395,"40":0.1941,"41":0.09705,"42":0.274975,"43":8.57275,"44":0.05176,"45":0.533775,"46":0,"47":0},"firefox":{"2":0.016175,"3":0.016175,"3.5":0.01941,"3.6":0.16822,"4":0.05176,"5":0.03882,"6":0.035585,"7":0.035585,"8":0.042055,"9":0.074405,"10":0.074405,"11":0.09058,"12":0.16822,"13":0.14881,"14":0.1294,"15":0.12293,"16":0.11646,"17":0.14234,"18":0.07117,"19":0.10352,"20":0.13587,"21":0.14881,"22":0.05823,"23":0.048525,"24":0.10999,"25":0.074405,"26":0.100285,"27":0.07117,"28":0.093815,"29":0.216745,"30":0.274975,"31":0.25233,"32":0.18763,"33":0.274975,"34":0.281445,"35":0.37526,"36":0.313795,"37":0.85404,"38":8.524225,"39":1.303705,"40":0.022645,"41":0.01941,"42":0},"opera":{"9":0,"9.5-9.6":0.003235,"10.0-10.1":0.003235,"10.5":0,"10.6":0,"11":0.00647,"11.1":0.003235,"11.5":0.009705,"11.6":0.016175,"12":0.00647,"12.1":0.0647,"15":0.003235,"16":0.003235,"17":0.00647,"18":0.00647,"19":0.003235,"20":0.00647,"21":0.009705,"22":0.003235,"23":0,"24":0.003235,"25":0.003235,"26":0.009705,"27":0.01294,"28":0.035585,"29":0.23292,"30":0.33644,"31":0.009705,"32":0},"safari":{"3.1":0,"3.2":0,"4":0.00647,"5":0.022645,"5.1":0.080875,"6":0.02588,"6.1":0.029115,"7":0.074405,"7.1":0.07764,"8":0.229685,"9":0},"android":{"2.1":0,"2.2":0,"2.3":0.0569120428925,"3":0,"4":0.168089056915,"4.1":0.57441457245,"4.2-4.3":1.14022616167,"4.4":2.00449509211,"4.4.3-4.4.4":0.869563073962,"40":null},"ios_saf":{"3.2":0,"4.0-4.1":0,"4.2-4.3":0,"5.0-5.1":0.00578033908629,"6.0-6.1":0.0185908203046,"7.0-7.1":0.188095358376,"8":0.0110920020305,"8.1-8.4":1.3152614802,"9":null},"op_mob":{"10":0,"11":0,"11.1":0,"11.5":0,"12":0.0278580357143,"12.1":0.0417870535714,"0":0.376083482143},"ie":{"5.5":0.00324767384917,"6":0.0324767384917,"7":0.0227337169442,"8":0.74046963761,"9":0.353996449559,"10":0.516380142018,"11":1.64332296768},"bb":{"7":0.04904625,"10":null},"ie_mob":{"10":0.296254710145,"11":0.955270289855},"and_uc":{"0":4.27548},"op_mini":{"5.0-8.0":51.0359214286},"and_chr":{"0":4.248065},"edge":{"0":null},"and_ff":{"0":0.223245}},"total":98.4522685762}