{"id":"VA","name":"Holy See (Vatican City State)","month":"2015-06","access_date":"2015-07-23","data":{"chrome":{"4":0,"5":0,"6":0,"7":0,"8":0,"9":0,"10":0,"11":0.019266,"12":0,"13":0,"14":0,"15":0,"16":0,"17":0,"18":0.269724,"19":0,"20":0,"21":0,"22":0.009633,"23":0,"24":0,"25":0,"26":0.250458,"27":0,"28":0,"29":0.009633,"30":0,"31":0.009633,"32":0.077064,"33":0.009633,"34":0.009633,"35":0.125229,"36":0.510549,"37":0.077064,"38":0.038532,"39":0.134862,"40":0.019266,"41":0.211926,"42":0.308256,"43":30.045327,"44":0.510549,"45":0.009633,"46":0,"47":0},"firefox":{"2":0,"3":0.028899,"3.5":0,"3.6":0.048165,"4":0,"5":0,"6":0,"7":0,"8":0.057798,"9":0,"10":0,"11":0.009633,"12":0,"13":0.028899,"14":0,"15":0.077064,"16":0.028899,"17":0.048165,"18":0,"19":0.115596,"20":0,"21":0,"22":0,"23":0,"24":0.038532,"25":0,"26":0,"27":0,"28":0,"29":0.009633,"30":0.231192,"31":0,"32":0.009633,"33":0.038532,"34":0,"35":0.134862,"36":0.539448,"37":0.240825,"38":19.911411,"39":0.038532,"40":0,"41":0,"42":0},"opera":{"9":0,"9.5-9.6":0,"10.0-10.1":0,"10.5":0,"10.6":0,"11":0,"11.1":0,"11.5":0,"11.6":0,"12":0,"12.1":0.09633,"15":0,"16":0,"17":0,"18":0,"19":0,"20":0,"21":0,"22":0,"23":0,"24":0,"25":0,"26":0,"27":0,"28":0,"29":0.057798,"30":0.057798,"31":0,"32":0},"safari":{"3.1":0,"3.2":0,"4":0.317889,"5":0.260091,"5.1":0.587613,"6":0.240825,"6.1":0.019266,"7":0.009633,"7.1":1.088529,"8":1.705041,"9":0},"android":{"2.1":0,"2.2":0,"2.3":0.0191878130327,"3":0,"4":0.056670982678,"4.1":0.193663043167,"4.2-4.3":0.384425602969,"4.4":0.675812624141,"4.4.3-4.4.4":0.293171934012,"40":null},"ios_saf":{"3.2":0,"4.0-4.1":0,"4.2-4.3":0,"5.0-5.1":0.0248614419289,"6.0-6.1":0.0799597726904,"7.0-7.1":0.809004758985,"8":0.047707091269,"8.1-8.4":5.65698593513,"9":null},"op_mob":{"10":0,"11":0,"11.1":0,"11.5":0,"12":5.16341991342e-6,"12.1":7.74512987013e-6,"0":6.97061688312e-5},"ie":{"5.5":0,"6":0.009633,"7":0.028899,"8":3.602742,"9":0.789906,"10":0.57798,"11":24.891672},"bb":{"7":0.0023855,"10":null},"ie_mob":{"10":0.00972993236715,"11":0.0313740676329},"and_uc":{"0":0},"op_mini":{"5.0-8.0":0.00945938528139},"and_chr":{"0":1.354121},"edge":{"0":null},"and_ff":{"0":0.012845}},"total":98.2946815}