{"id":"VC","name":"Saint Vincent and the Grenadines","month":"2015-06","access_date":"2015-07-23","data":{"chrome":{"4":0,"5":0,"6":0,"7":0,"8":0,"9":0,"10":0,"11":0.023745,"12":0.007915,"13":0,"14":0.023745,"15":0,"16":0,"17":0,"18":0.023745,"19":0.007915,"20":0.007915,"21":0,"22":0.213705,"23":0,"24":0.023745,"25":0.007915,"26":0.007915,"27":0.023745,"28":0.007915,"29":0.007915,"30":0.023745,"31":0.055405,"32":0.01583,"33":0.102895,"34":0.03166,"35":0.134555,"36":2.524885,"37":1.2664,"38":0.09498,"39":1.25057,"40":0.546135,"41":0.134555,"42":1.575085,"43":35.66499,"44":0.4749,"45":1.638405,"46":0,"47":0},"firefox":{"2":0,"3":0.007915,"3.5":0,"3.6":0.071235,"4":0.007915,"5":0.007915,"6":0,"7":0.007915,"8":0.01583,"9":0,"10":0.04749,"11":0.03166,"12":0.01583,"13":0.007915,"14":0.06332,"15":0.023745,"16":0.07915,"17":0,"18":0,"19":0,"20":0.007915,"21":0.007915,"22":0,"23":0.007915,"24":0.023745,"25":0.007915,"26":0.06332,"27":0,"28":0.01583,"29":0.007915,"30":0.007915,"31":0.894395,"32":0.593625,"33":0.12664,"34":0.01583,"35":0.07915,"36":0.06332,"37":0.419495,"38":6.4903,"39":0.356175,"40":0,"41":0,"42":0},"opera":{"9":0,"9.5-9.6":0,"10.0-10.1":0,"10.5":0,"10.6":0,"11":0,"11.1":0,"11.5":0.007915,"11.6":0,"12":0.007915,"12.1":0.12664,"15":0,"16":0,"17":0,"18":0,"19":0,"20":0,"21":0,"22":0,"23":0.007915,"24":0.023745,"25":0,"26":0,"27":0.01583,"28":0.01583,"29":0.387835,"30":0.672775,"31":0.03166,"32":0},"safari":{"3.1":0,"3.2":0,"4":0.12664,"5":0.04749,"5.1":0.18996,"6":0.023745,"6.1":0.087065,"7":0.56988,"7.1":0.197875,"8":1.07644,"9":0},"android":{"2.1":0,"2.2":0,"2.3":0.119473909816,"3":0,"4":0.352864803409,"4.1":1.20585295023,"4.2-4.3":2.39364589084,"4.4":4.20798224223,"4.4.3-4.4.4":1.82545020346,"40":null},"ios_saf":{"3.2":0,"4.0-4.1":0,"4.2-4.3":0,"5.0-5.1":0.0182339005076,"6.0-6.1":0.0586441664975,"7.0-7.1":0.59334097868,"8":0.0349893766497,"8.1-8.4":4.14895157766,"9":null},"op_mob":{"10":0,"11":0,"11.1":0,"11.5":0,"12":0.000541558441558,"12.1":0.000812337662338,"0":0.00731103896104},"ie":{"5.5":0,"6":0,"7":0.007915,"8":0.466985,"9":0.261195,"10":0.9498,"11":7.891255},"bb":{"7":0.439935,"10":null},"ie_mob":{"10":0.110555362319,"11":0.356484637681},"and_uc":{"0":0.56295},"op_mini":{"5.0-8.0":0.992135064935},"and_chr":{"0":10.18043},"edge":{"0":null},"and_ff":{"0":0.114675}},"total":96.419545}