{"id":"VE","name":"Venezuela","month":"2015-06","access_date":"2015-07-23","data":{"chrome":{"4":0.015972,"5":0.007986,"6":0.263538,"7":0.007986,"8":0.023958,"9":0.007986,"10":0.015972,"11":0.07986,"12":0.023958,"13":0.03993,"14":0.007986,"15":0.007986,"16":0.007986,"17":0.007986,"18":0.031944,"19":0,"20":0.095832,"21":0.023958,"22":0.023958,"23":0.015972,"24":0.03993,"25":0.023958,"26":0.031944,"27":0.055902,"28":0.023958,"29":0.031944,"30":0.087846,"31":0.127776,"32":0.071874,"33":0.095832,"34":0.143748,"35":0.231594,"36":0.415272,"37":0.487146,"38":0.343398,"39":0.694782,"40":0.367356,"41":0.335412,"42":0.75867,"43":42.637254,"44":0.167706,"45":0.303468,"46":0,"47":0},"firefox":{"2":0.03993,"3":0.055902,"3.5":0.031944,"3.6":0.894432,"4":0.031944,"5":0.015972,"6":0.023958,"7":0.015972,"8":2.27601,"9":0.015972,"10":0.031944,"11":0.031944,"12":0.071874,"13":0.03993,"14":0.063888,"15":0.023958,"16":0.03993,"17":0.015972,"18":0.031944,"19":0.023958,"20":0.047916,"21":0.031944,"22":0.023958,"23":0.23958,"24":0.031944,"25":0.047916,"26":0.127776,"27":0.175692,"28":0.047916,"29":0.07986,"30":0.111804,"31":0.27951,"32":0.215622,"33":0.151734,"34":0.127776,"35":0.207636,"36":0.183678,"37":0.551034,"38":11.93907,"39":0.11979,"40":0.031944,"41":0.007986,"42":0},"opera":{"9":0,"9.5-9.6":0,"10.0-10.1":0,"10.5":0,"10.6":0,"11":0,"11.1":0,"11.5":0,"11.6":0,"12":0.007986,"12.1":0.03993,"15":0,"16":0,"17":0,"18":0,"19":0,"20":0,"21":0,"22":0,"23":0,"24":0,"25":0,"26":0.007986,"27":0.007986,"28":0.031944,"29":0.335412,"30":0.574992,"31":0.007986,"32":0},"safari":{"3.1":0,"3.2":0,"4":0.023958,"5":0.047916,"5.1":0.071874,"6":0.015972,"6.1":0.047916,"7":0.207636,"7.1":0.095832,"8":0.3993,"9":0},"android":{"2.1":0,"2.2":0,"2.3":0.0946544564201,"3":0,"4":0.279560836404,"4.1":0.955349629915,"4.2-4.3":1.89639102805,"4.4":3.33381800577,"4.4.3-4.4.4":1.44623204344,"40":null},"ios_saf":{"3.2":0,"4.0-4.1":0,"4.2-4.3":0,"5.0-5.1":0.0103401214213,"6.0-6.1":0.0332560661929,"7.0-7.1":0.336473140305,"8":0.0198418546193,"8.1-8.4":2.35279681746,"9":null},"op_mob":{"10":0,"11":0,"11.1":0,"11.5":0,"12":0.00109745562771,"12.1":0.00164618344156,"0":0.014815650974},"ie":{"5.5":0,"6":0.0569770384615,"7":0.113954076923,"8":1.55465919231,"9":0.577909961538,"10":0.545351653846,"11":3.47559934615},"bb":{"7":0.305121,"10":null},"ie_mob":{"10":0.121092966184,"11":0.390463033816},"and_uc":{"0":0.27189},"op_mini":{"5.0-8.0":2.01053870996},"and_chr":{"0":9.076464},"edge":{"0":null},"and_ff":{"0":0.227582}},"total":98.1754902692}