{"id":"VG","name":"British Virgin Islands","month":"2015-06","access_date":"2015-07-23","data":{"chrome":{"4":0,"5":0,"6":0,"7":0,"8":0,"9":0,"10":0,"11":0.047971,"12":0.013706,"13":0,"14":0.013706,"15":0,"16":0,"17":0.006853,"18":0.054824,"19":0.047971,"20":0.006853,"21":0.027412,"22":0.034265,"23":0.006853,"24":0.020559,"25":0.006853,"26":0.006853,"27":0.020559,"28":0.013706,"29":0.116501,"30":0.054824,"31":0.541387,"32":0.034265,"33":0.041118,"34":0.041118,"35":0.280973,"36":0.075383,"37":0.191884,"38":0.102795,"39":0.438592,"40":0.109648,"41":0.13706,"42":1.199275,"43":22.587488,"44":0.034265,"45":0.109648,"46":0,"47":0},"firefox":{"2":0,"3":0.020559,"3.5":0.006853,"3.6":0.082236,"4":0,"5":0.020559,"6":0.013706,"7":0.006853,"8":0,"9":0.020559,"10":0.006853,"11":0.075383,"12":0.034265,"13":0,"14":0.006853,"15":0.006853,"16":0.013706,"17":0.006853,"18":0.006853,"19":0.006853,"20":0.006853,"21":0.034265,"22":0.006853,"23":0.143913,"24":0.020559,"25":0.047971,"26":0.020559,"27":0.006853,"28":0.013706,"29":0.013706,"30":0.034265,"31":0.006853,"32":0.041118,"33":0.034265,"34":0.171325,"35":0.157619,"36":0.061677,"37":0.226149,"38":5.454988,"39":0.233002,"40":0,"41":0,"42":0},"opera":{"9":0,"9.5-9.6":0.006853,"10.0-10.1":0,"10.5":0,"10.6":0,"11":0,"11.1":0.006853,"11.5":0.027412,"11.6":0,"12":0.020559,"12.1":0.034265,"15":0,"16":0,"17":0,"18":0,"19":0,"20":0.013706,"21":0,"22":0,"23":0,"24":0,"25":0,"26":0,"27":0,"28":0,"29":0.095942,"30":0.082236,"31":0,"32":0},"safari":{"3.1":0,"3.2":0,"4":0.041118,"5":0.109648,"5.1":0.27412,"6":0.651035,"6.1":0.20559,"7":0.082236,"7.1":0.657888,"8":1.569337,"9":0.027412},"android":{"2.1":0,"2.2":0,"2.3":0.0995858482266,"3":0,"4":0.294125644762,"4.1":1.0051222821,"4.2-4.3":1.99519088947,"4.4":3.50750621254,"4.4.3-4.4.4":1.5215791229,"40":null},"ios_saf":{"3.2":0,"4.0-4.1":0,"4.2-4.3":0,"5.0-5.1":0.0543575151269,"6.0-6.1":0.174825521624,"7.0-7.1":1.76882292467,"8":0.104307664162,"8.1-8.4":12.3685383744,"9":null},"op_mob":{"10":0,"11":0,"11.1":0,"11.5":0,"12":0.000372939935065,"12.1":0.000559409902597,"0":0.00503468912338},"ie":{"5.5":0,"6":0.0571083333333,"7":0.0713854166667,"8":3.11240416667,"9":2.60556770833,"10":1.77035833333,"11":11.9142260417},"bb":{"7":0.05428575,"10":null},"ie_mob":{"10":0.175806318841,"11":0.566885681159},"and_uc":{"0":0.355611},"op_mini":{"5.0-8.0":0.683225961039},"and_chr":{"0":16.191665},"edge":{"0":null},"and_ff":{"0":0.12588}},"total":97.98801275}