{"id":"VI","name":"Virgin Islands (US)","month":"2015-06","access_date":"2015-07-23","data":{"chrome":{"4":0.007327,"5":0,"6":0.007327,"7":0,"8":0,"9":0,"10":0,"11":0.043962,"12":0.007327,"13":0,"14":0,"15":0,"16":0.007327,"17":0,"18":0,"19":0,"20":0.007327,"21":0.021981,"22":0.051289,"23":0.007327,"24":0.007327,"25":0,"26":0.014654,"27":0.007327,"28":0.021981,"29":0.007327,"30":0.014654,"31":0.036635,"32":0.014654,"33":0.087924,"34":0.102578,"35":0.095251,"36":0.168521,"37":0.205156,"38":0.109905,"39":0.388331,"40":0.168521,"41":0.095251,"42":0.564179,"43":23.277879,"44":0.058616,"45":0.087924,"46":0,"47":0},"firefox":{"2":0,"3":0.007327,"3.5":0.007327,"3.6":0.021981,"4":0.021981,"5":0.007327,"6":0.007327,"7":0,"8":0,"9":0,"10":0.007327,"11":0.007327,"12":0.014654,"13":0.007327,"14":0,"15":0.007327,"16":0.021981,"17":0.036635,"18":0,"19":0,"20":0,"21":0.021981,"22":0.007327,"23":0.007327,"24":0.007327,"25":0,"26":0.014654,"27":0.007327,"28":0.021981,"29":0.014654,"30":0.058616,"31":0.07327,"32":0.029308,"33":0.043962,"34":0.109905,"35":0.080597,"36":0.07327,"37":0.300407,"38":7.847217,"39":0.087924,"40":0,"41":0,"42":0},"opera":{"9":0,"9.5-9.6":0,"10.0-10.1":0,"10.5":0,"10.6":0,"11":0,"11.1":0,"11.5":0,"11.6":0,"12":0,"12.1":0.014654,"15":0,"16":0,"17":0,"18":0,"19":0,"20":0.007327,"21":0,"22":0,"23":0,"24":0,"25":0,"26":0,"27":0,"28":0,"29":0.139213,"30":0.161194,"31":0,"32":0},"safari":{"3.1":0,"3.2":0,"4":0.058616,"5":0.080597,"5.1":0.674084,"6":0.139213,"6.1":0.505563,"7":0.307734,"7.1":0.886567,"8":2.088195,"9":0},"android":{"2.1":0,"2.2":0,"2.3":0.0564918086335,"3":0,"4":0.166847899918,"4.1":0.570173138301,"4.2-4.3":1.13180681716,"4.4":1.98969405059,"4.4.3-4.4.4":0.8631422854,"40":null},"ios_saf":{"3.2":0,"4.0-4.1":0,"4.2-4.3":0,"5.0-5.1":0.0746372714721,"6.0-6.1":0.240049602843,"7.0-7.1":2.42873715817,"8":0.143222872284,"8.1-8.4":16.9830050952,"9":null},"op_mob":{"10":0,"11":0,"11.1":0,"11.5":0,"12":7.23214285714e-6,"12.1":1.08482142857e-5,"0":9.76339285714e-5},"ie":{"5.5":0,"6":0,"7":0.183306449587,"8":1.45911933872,"9":0.784551604234,"10":1.07784192357,"11":16.9228514259},"bb":{"7":0.0093555,"10":null},"ie_mob":{"10":0.165777652174,"11":0.534548347826},"and_uc":{"0":0.048114},"op_mini":{"5.0-8.0":0.0132492857143},"and_chr":{"0":11.372895},"edge":{"0":null},"and_ff":{"0":0.120285}},"total":97.081467242}