{"id":"VN","name":"Viet Nam","month":"2015-06","access_date":"2015-07-23","data":{"chrome":{"4":0,"5":0,"6":0.007393,"7":0.007393,"8":0,"9":0.007393,"10":0.044358,"11":0.051751,"12":0.036965,"13":0.014786,"14":0.014786,"15":0.014786,"16":0.007393,"17":0.007393,"18":0.014786,"19":0.014786,"20":0.014786,"21":0.022179,"22":0.051751,"23":0.036965,"24":0.022179,"25":0.044358,"26":0.036965,"27":0.044358,"28":0.088716,"29":0.125681,"30":0.066537,"31":0.184825,"32":0.125681,"33":0.110895,"34":0.14786,"35":0.303113,"36":1.530351,"37":2.262258,"38":0.303113,"39":0.532296,"40":0.317899,"41":0.606226,"42":0.746693,"43":24.855266,"44":0.236576,"45":0.110895,"46":0,"47":0},"firefox":{"2":0,"3":0.051751,"3.5":0.014786,"3.6":0.07393,"4":0.036965,"5":0.036965,"6":0.022179,"7":0.014786,"8":0.007393,"9":0.022179,"10":0.022179,"11":0.029572,"12":0.103502,"13":0.029572,"14":0.029572,"15":0.029572,"16":0.022179,"17":0.029572,"18":0.014786,"19":0.022179,"20":0.029572,"21":0.022179,"22":0.036965,"23":0.022179,"24":0.036965,"25":0.036965,"26":0.029572,"27":0.029572,"28":0.029572,"29":0.051751,"30":0.059144,"31":1.500779,"32":1.020234,"33":0.162646,"34":0.110895,"35":0.207004,"36":0.184825,"37":0.384436,"38":7.001171,"39":0.229183,"40":0.014786,"41":0.007393,"42":0},"opera":{"9":0,"9.5-9.6":0.007393,"10.0-10.1":0,"10.5":0,"10.6":0,"11":0,"11.1":0,"11.5":0,"11.6":0.007393,"12":0,"12.1":0.029572,"15":0,"16":0,"17":0,"18":0,"19":0,"20":0,"21":0,"22":0,"23":0.007393,"24":0.007393,"25":0.007393,"26":0.007393,"27":0,"28":0.014786,"29":0.140467,"30":0.236576,"31":0.007393,"32":0},"safari":{"3.1":0,"3.2":0,"4":0.051751,"5":0.051751,"5.1":0.022179,"6":0.014786,"6.1":0.014786,"7":1.604281,"7.1":0.07393,"8":1.145915,"9":0},"android":{"2.1":0,"2.2":0,"2.3":0.0429392656035,"3":0,"4":0.126820621666,"4.1":0.433387006324,"4.2-4.3":0.860283193429,"4.4":1.51236087806,"4.4.3-4.4.4":0.656072034919,"40":null},"ios_saf":{"3.2":0,"4.0-4.1":0,"4.2-4.3":0,"5.0-5.1":0.0437491005076,"6.0-6.1":0.140706566497,"7.0-7.1":1.42361937868,"8":0.0839509766497,"8.1-8.4":9.95469397766,"9":null},"op_mob":{"10":0,"11":0,"11.1":0,"11.5":0,"12":0.00167310714286,"12.1":0.00250966071429,"0":0.0225869464286},"ie":{"5.5":0,"6":0.0479522252964,"7":0.0479522252964,"8":3.08492649407,"9":0.719283379447,"10":0.735267454545,"11":3.43657614625},"bb":{"7":0.033891,"10":null},"ie_mob":{"10":0.868282130435,"11":2.79976686957},"and_uc":{"0":1.882254},"op_mini":{"5.0-8.0":3.06513228571},"and_chr":{"0":5.775752},"edge":{"0":null},"and_ff":{"0":0.039105}},"total":86.2878229249}