{"id":"VU","name":"Vanuatu","month":"2015-06","access_date":"2015-07-23","data":{"chrome":{"4":0.062152,"5":0,"6":0,"7":0,"8":0,"9":0,"10":0.007769,"11":0.023307,"12":0.007769,"13":0,"14":0.023307,"15":0,"16":0.007769,"17":0,"18":0.031076,"19":0.015538,"20":0.007769,"21":0.015538,"22":0.007769,"23":0,"24":0.031076,"25":0.046614,"26":0.007769,"27":0.023307,"28":0.007769,"29":0.015538,"30":0,"31":0.085459,"32":0.062152,"33":0.139842,"34":0.031076,"35":0.07769,"36":1.406189,"37":2.152013,"38":0.217532,"39":0.839052,"40":0.15538,"41":0.07769,"42":0.396219,"43":21.628896,"44":0.139842,"45":1.180888,"46":0,"47":0},"firefox":{"2":0,"3":0.007769,"3.5":0,"3.6":0.054383,"4":0.023307,"5":0.007769,"6":0.062152,"7":0,"8":0,"9":0.007769,"10":0.07769,"11":0.023307,"12":0.069921,"13":0.007769,"14":0.031076,"15":0.062152,"16":0.07769,"17":0.201994,"18":0.170918,"19":0.007769,"20":0.046614,"21":0.116535,"22":0.038845,"23":0.015538,"24":0.015538,"25":0.031076,"26":0.015538,"27":0.031076,"28":0.007769,"29":0.217532,"30":0.093228,"31":1.429496,"32":0.893435,"33":0.085459,"34":0.217532,"35":0.256377,"36":0.046614,"37":0.7769,"38":10.472612,"39":1.312961,"40":0,"41":0,"42":0},"opera":{"9":0,"9.5-9.6":0,"10.0-10.1":0,"10.5":0,"10.6":0,"11":0,"11.1":0,"11.5":0.007769,"11.6":0,"12":0.007769,"12.1":0.015538,"15":0,"16":0,"17":0,"18":0,"19":0,"20":0,"21":0,"22":0,"23":0,"24":0,"25":0,"26":0,"27":0.031076,"28":0,"29":0.062152,"30":1.025508,"31":0,"32":0},"safari":{"3.1":0,"3.2":0,"4":0.007769,"5":0.132073,"5.1":0.217532,"6":0.124304,"6.1":0.194225,"7":2.781302,"7.1":0.334067,"8":2.113168,"9":0},"android":{"2.1":0,"2.2":0,"2.3":0.178833654111,"3":0,"4":0.528183117954,"4.1":1.80497222986,"4.2-4.3":3.58291146549,"4.4":6.29868765466,"4.4.3-4.4.4":2.73241187792,"40":null},"ios_saf":{"3.2":0,"4.0-4.1":0,"4.2-4.3":0,"5.0-5.1":0.0296871096447,"6.0-6.1":0.0954801634518,"7.0-7.1":0.966034594924,"8":0.0569671563452,"8.1-8.4":6.75502097563,"9":null},"op_mob":{"10":0,"11":0,"11.1":0,"11.5":0,"12":0.000178673160173,"12.1":0.00026800974026,"0":0.00241208766234},"ie":{"5.5":0.00779641078629,"6":0.0311856431452,"7":0.0389820539315,"8":1.74639601613,"9":2.17519860937,"10":1.52030010333,"11":9.94822016331},"bb":{"7":0.0011155,"10":null},"ie_mob":{"10":0.277786444444,"11":0.895719555556},"and_uc":{"0":0.885707},"op_mini":{"5.0-8.0":0.327329229437},"and_chr":{"0":4.734002},"edge":{"0":null},"and_ff":{"0":0.060237}},"total":98.6821425}