{"id":"WF","name":"Wallis and Futuna","month":"2015-06","access_date":"2015-07-23","data":{"chrome":{"4":0,"5":0,"6":0,"7":0,"8":0,"9":0,"10":0,"11":0.018842,"12":0,"13":0.065947,"14":0,"15":0,"16":0,"17":0,"18":0,"19":0,"20":0,"21":0,"22":0.018842,"23":0.018842,"24":0,"25":0,"26":0,"27":0,"28":0,"29":0,"30":0,"31":0,"32":0,"33":0.103631,"34":0.084789,"35":0.018842,"36":0.037684,"37":0,"38":0.273209,"39":0.169578,"40":0.207262,"41":0.433366,"42":0.122473,"43":26.708535,"44":0.018842,"45":2.034936,"46":0,"47":0},"firefox":{"2":0,"3":0,"3.5":0.103631,"3.6":0.480471,"4":0,"5":0.037684,"6":0,"7":0,"8":0,"9":0,"10":0,"11":0,"12":0,"13":0,"14":0.103631,"15":0,"16":0.18842,"17":0.065947,"18":0,"19":0.018842,"20":0,"21":0,"22":0,"23":1.724043,"24":0.018842,"25":0,"26":0,"27":0,"28":0,"29":0.207262,"30":0.037684,"31":1.761727,"32":0.037684,"33":0.141315,"34":0,"35":0.273209,"36":0.244946,"37":0.687733,"38":26.783903,"39":0.084789,"40":0,"41":0,"42":0},"opera":{"9":0,"9.5-9.6":0,"10.0-10.1":0,"10.5":0,"10.6":0,"11":0,"11.1":0,"11.5":0,"11.6":0,"12":0,"12.1":0.018842,"15":0,"16":0,"17":0,"18":0,"19":0,"20":0,"21":0,"22":0,"23":0,"24":0,"25":0,"26":0,"27":0,"28":0,"29":0.414524,"30":0.065947,"31":0,"32":0},"safari":{"3.1":0,"3.2":0,"4":0.244946,"5":0,"5.1":0.414524,"6":0.037684,"6.1":0.103631,"7":0.122473,"7.1":0.310893,"8":3.67419,"9":0},"android":{"2.1":0,"2.2":0,"2.3":0.111181637064,"3":0,"4":0.328373672257,"4.1":1.1221588485,"4.2-4.3":2.22751117047,"4.4":3.91592068216,"4.4.3-4.4.4":1.69875198955,"40":null},"ios_saf":{"3.2":0,"4.0-4.1":0,"4.2-4.3":0,"5.0-5.1":0.0428293856853,"6.0-6.1":0.137748564772,"7.0-7.1":1.39369136122,"8":0.0821861184772,"8.1-8.4":9.74542156985,"9":null},"op_mob":{"10":0,"11":0,"11.1":0,"11.5":0,"12":0,"12.1":0,"0":0},"ie":{"5.5":0,"6":0.103631,"7":0.018842,"8":0.621786,"9":0.602944,"10":0.998626,"11":4.663395},"bb":{"7":0,"10":null},"ie_mob":{"10":0,"11":0},"and_uc":{"0":0},"op_mini":{"5.0-8.0":0},"and_chr":{"0":2.46328},"edge":{"0":null},"and_ff":{"0":0}},"total":99.023316}