{"id":"WS","name":"Samoa","month":"2015-06","access_date":"2015-07-23","data":{"chrome":{"4":0,"5":0,"6":0,"7":0,"8":0,"9":0,"10":0,"11":0.012628,"12":0.06314,"13":0,"14":0.044198,"15":0,"16":0,"17":0,"18":0.012628,"19":0,"20":0.006314,"21":0,"22":0,"23":0,"24":0,"25":0,"26":0,"27":0.145222,"28":0.006314,"29":0,"30":0,"31":0.037884,"32":0.037884,"33":0.03157,"34":0.770308,"35":0.006314,"36":0.606144,"37":0.814506,"38":0.050512,"39":0.25256,"40":0.037884,"41":0.082082,"42":0.183106,"43":12.451208,"44":0.03157,"45":0.037884,"46":0,"47":0},"firefox":{"2":0,"3":0.06314,"3.5":0,"3.6":0.113652,"4":1.742664,"5":0,"6":7.273728,"7":0,"8":0.050512,"9":0.012628,"10":0.454608,"11":0.101024,"12":0.088396,"13":0,"14":0.044198,"15":0.239932,"16":0.12628,"17":0.012628,"18":0.12628,"19":0.233618,"20":0.006314,"21":0.03157,"22":0.037884,"23":0,"24":0.416724,"25":0.164164,"26":0.012628,"27":0,"28":4.969118,"29":0.107338,"30":0.334642,"31":0.795564,"32":0.385154,"33":1.477476,"34":0.044198,"35":0.25256,"36":0.366212,"37":1.471162,"38":8.946938,"39":0.732424,"40":0,"41":0,"42":0},"opera":{"9":0,"9.5-9.6":0,"10.0-10.1":0,"10.5":0,"10.6":0,"11":0,"11.1":0,"11.5":0,"11.6":0,"12":0,"12.1":0,"15":0,"16":0,"17":0,"18":0,"19":0,"20":0,"21":0,"22":0,"23":0,"24":0,"25":0,"26":0,"27":0.006314,"28":0.012628,"29":0.082082,"30":0.056826,"31":0,"32":0},"safari":{"3.1":0,"3.2":0,"4":0,"5":0.03157,"5.1":0.056826,"6":0,"6.1":0.082082,"7":1.054438,"7.1":0.101024,"8":0.675598,"9":0},"android":{"2.1":0,"2.2":0,"2.3":0.0824561237283,"3":0,"4":0.24353320264,"4.1":0.832231574374,"4.2-4.3":1.65199885098,"4.4":2.90418138108,"4.4.3-4.4.4":1.2598528672,"40":null},"ios_saf":{"3.2":0,"4.0-4.1":0,"4.2-4.3":0,"5.0-5.1":0.0131903985787,"6.0-6.1":0.0424231738071,"7.0-7.1":0.429222699695,"8":0.0253113053807,"8.1-8.4":3.00135042254,"9":null},"op_mob":{"10":0,"11":0,"11.1":0,"11.5":0,"12":0.0102581699134,"12.1":0.0153872548701,"0":0.138485293831},"ie":{"5.5":0,"6":0.0254192051696,"7":0.0254192051696,"8":1.97634320194,"9":1.95727879806,"10":1.03583261066,"11":6.77421817771},"bb":{"7":0.014744,"10":null},"ie_mob":{"10":0.0680574492754,"11":0.219450550725},"and_uc":{"0":2.900882},"op_mini":{"5.0-8.0":18.7929672814},"and_chr":{"0":4.867536},"edge":{"0":null},"and_ff":{"0":0.095836}},"total":98.5204731987}