{"id":"YE","name":"Yemen","month":"2015-06","access_date":"2015-07-23","data":{"chrome":{"4":0.008604,"5":0.04302,"6":0.034416,"7":0.002868,"8":0.025812,"9":0.002868,"10":0.025812,"11":0.123324,"12":0.04302,"13":0.037284,"14":0.04302,"15":0.045888,"16":0.020076,"17":0.034416,"18":0.054492,"19":0.02868,"20":0.022944,"21":0.005736,"22":0.131928,"23":0.040152,"24":0.083172,"25":0.051624,"26":0.126192,"27":0.220836,"28":0.11472,"29":0.060228,"30":0.123324,"31":0.163476,"32":0.126192,"33":0.298272,"34":0.174948,"35":0.137664,"36":0.266724,"37":0.3585,"38":0.238044,"39":0.794436,"40":0.762888,"41":0.478956,"42":0.5019,"43":7.87266,"44":0.017208,"45":0.022944,"46":0,"47":0},"firefox":{"2":0.005736,"3":0.037284,"3.5":0.017208,"3.6":0.054492,"4":0.022944,"5":0.01434,"6":0.160608,"7":0.02868,"8":0.037284,"9":0.048756,"10":0.060228,"11":0.08604,"12":0.246648,"13":0.048756,"14":0.034416,"15":0.074568,"16":0.083172,"17":0.091776,"18":0.123324,"19":0.074568,"20":0.060228,"21":0.111852,"22":0.077436,"23":0.074568,"24":0.05736,"25":0.054492,"26":0.212232,"27":0.123324,"28":0.146268,"29":0.140532,"30":0.223704,"31":0.355632,"32":0.249516,"33":0.295404,"34":0.4302,"35":0.771492,"36":0.496164,"37":0.696924,"38":3.530508,"39":0.063096,"40":0.002868,"41":0.002868,"42":0},"opera":{"9":0,"9.5-9.6":0,"10.0-10.1":0,"10.5":0,"10.6":0,"11":0.002868,"11.1":0.011472,"11.5":0.002868,"11.6":0.017208,"12":0.02868,"12.1":0.083172,"15":0.002868,"16":0.002868,"17":0,"18":0.01434,"19":0.008604,"20":0.002868,"21":0.002868,"22":0.008604,"23":0,"24":0.020076,"25":0.011472,"26":0.025812,"27":0.01434,"28":0.02868,"29":0.341292,"30":0.312612,"31":0.005736,"32":0},"safari":{"3.1":0,"3.2":0,"4":0.005736,"5":0.022944,"5.1":0.01434,"6":0.002868,"6.1":0,"7":0.031548,"7.1":0.025812,"8":0.048756,"9":0},"android":{"2.1":0,"2.2":0,"2.3":0.196670153423,"3":0,"4":0.580863011273,"4.1":1.98499643222,"4.2-4.3":3.94026365521,"4.4":6.92690575254,"4.4.3-4.4.4":3.00493699533,"40":null},"ios_saf":{"3.2":0,"4.0-4.1":0,"4.2-4.3":0,"5.0-5.1":0.0281073336041,"6.0-6.1":0.090399262132,"7.0-7.1":0.914627828629,"8":0.0539356942132,"8.1-8.4":6.39555788142,"9":null},"op_mob":{"10":0,"11":0,"11.1":0,"11.5":0,"12":0.0132258463203,"12.1":0.0198387694805,"0":0.178548925325},"ie":{"5.5":0,"6":0.0321643907638,"7":0.0175442131439,"8":0.508782181172,"9":0.143277740675,"10":0.219302664298,"11":0.695920454707},"bb":{"7":0.028528,"10":null},"ie_mob":{"10":0.0489592850242,"11":0.157868714976},"and_uc":{"0":13.023032},"op_mini":{"5.0-8.0":24.2297504589},"and_chr":{"0":10.504868},"edge":{"0":null},"and_ff":{"0":0.46358}},"total":98.8005316448}