{"id":"YT","name":"Mayotte","month":"2015-06","access_date":"2015-07-23","data":{"chrome":{"4":0,"5":0,"6":0,"7":0,"8":0,"9":0,"10":0.015422,"11":0.138798,"12":0,"13":0,"14":0,"15":0,"16":0,"17":0,"18":0.161931,"19":0,"20":0.007711,"21":0,"22":0.023133,"23":0.084821,"24":0.053977,"25":0,"26":0.015422,"27":0.046266,"28":0.053977,"29":0.015422,"30":0.092532,"31":0.100243,"32":0.038555,"33":0.053977,"34":0.15422,"35":0.269885,"36":0.447238,"37":0.107954,"38":0.131087,"39":1.102673,"40":0.470371,"41":0.208197,"42":0.709412,"43":30.088322,"44":0.208197,"45":0.07711,"46":0,"47":0},"firefox":{"2":0.015422,"3":0.015422,"3.5":0,"3.6":0.023133,"4":0.007711,"5":0.007711,"6":0,"7":0,"8":0.030844,"9":0.007711,"10":0.007711,"11":0.007711,"12":0.023133,"13":0.015422,"14":0.053977,"15":0.038555,"16":0.061688,"17":0.007711,"18":0,"19":0.015422,"20":0.007711,"21":0,"22":0,"23":0.007711,"24":0.07711,"25":0.007711,"26":0.269885,"27":0.023133,"28":0.053977,"29":0.053977,"30":0.123376,"31":0.069399,"32":0.038555,"33":0.069399,"34":0.15422,"35":0.138798,"36":0.115665,"37":0.747967,"38":17.27264,"39":0.262174,"40":0.015422,"41":0,"42":0},"opera":{"9":0,"9.5-9.6":0,"10.0-10.1":0,"10.5":0,"10.6":0,"11":0,"11.1":0,"11.5":0,"11.6":0.015422,"12":0,"12.1":0.100243,"15":0.007711,"16":0,"17":0,"18":0,"19":0,"20":0.007711,"21":0,"22":0,"23":0.007711,"24":0,"25":0,"26":0.007711,"27":0,"28":0.092532,"29":0.678568,"30":0.956164,"31":0.007711,"32":0},"safari":{"3.1":0,"3.2":0,"4":0.007711,"5":0.177353,"5.1":0.532059,"6":0.007711,"6.1":0.262174,"7":0.192775,"7.1":0.747967,"8":1.935461,"9":0},"android":{"2.1":0,"2.2":0,"2.3":0.0783153667858,"3":0,"4":0.231303525158,"4.1":0.790438818257,"4.2-4.3":1.56903926712,"4.4":2.7583400697,"4.4.3-4.4.4":1.19658595298,"40":null},"ios_saf":{"3.2":0,"4.0-4.1":0,"4.2-4.3":0,"5.0-5.1":0.016798011269,"6.0-6.1":0.0540260362437,"7.0-7.1":0.546616366701,"8":0.0322340216244,"8.1-8.4":3.82222856416,"9":null},"op_mob":{"10":0,"11":0,"11.1":0,"11.5":0,"12":0.00103054545455,"12.1":0.00154581818182,"0":0.0139123636364},"ie":{"5.5":0,"6":0.092532,"7":0.030844,"8":0.747967,"9":0.740256,"10":0.663146,"11":6.184222},"bb":{"7":0.02231775,"10":null},"ie_mob":{"10":0.188560521739,"11":0.608011478261},"and_uc":{"0":0.178542},"op_mini":{"5.0-8.0":1.88795927273},"and_chr":{"0":14.125718},"edge":{"0":null},"and_ff":{"0":0.276969}},"total":97.32912175}