{"id":"ZA","name":"South Africa","month":"2015-06","access_date":"2015-07-23","data":{"chrome":{"4":0,"5":0,"6":0,"7":0,"8":0,"9":0,"10":0,"11":0.031545,"12":0.00701,"13":0.003505,"14":0.003505,"15":0.003505,"16":0.003505,"17":0,"18":0.02103,"19":0.003505,"20":0.003505,"21":0.01402,"22":0.01402,"23":0.003505,"24":0.003505,"25":0.00701,"26":0.073605,"27":0.010515,"28":0.017525,"29":0.01402,"30":0.010515,"31":0.059585,"32":0.01402,"33":0.045565,"34":0.038555,"35":0.080615,"36":0.1402,"37":0.080615,"38":0.073605,"39":0.269885,"40":0.1402,"41":0.157725,"42":0.25236,"43":11.675155,"44":0.052575,"45":0.07711,"46":0,"47":0},"firefox":{"2":0.003505,"3":0.010515,"3.5":0.003505,"3.6":0.017525,"4":0.003505,"5":0.003505,"6":0.003505,"7":0.003505,"8":0.003505,"9":0.003505,"10":0.00701,"11":0.02103,"12":0.024535,"13":0.00701,"14":0.01402,"15":0.00701,"16":0.02103,"17":0.00701,"18":0.00701,"19":0.045565,"20":0.017525,"21":0.01402,"22":0.010515,"23":0.00701,"24":0.010515,"25":0.010515,"26":0.017525,"27":0.024535,"28":0.01402,"29":0.024535,"30":0.04907,"31":0.0701,"32":0.031545,"33":0.038555,"34":0.066595,"35":0.07711,"36":0.0701,"37":0.16824,"38":3.494485,"39":0.143705,"40":0.00701,"41":0.003505,"42":0},"opera":{"9":0,"9.5-9.6":0,"10.0-10.1":0,"10.5":0,"10.6":0,"11":0,"11.1":0,"11.5":0.003505,"11.6":0.01402,"12":0.003505,"12.1":0.05608,"15":0,"16":0.003505,"17":0,"18":0.003505,"19":0,"20":0.003505,"21":0,"22":0.003505,"23":0,"24":0.003505,"25":0.003505,"26":0.00701,"27":0.010515,"28":0.031545,"29":0.18927,"30":0.21731,"31":0,"32":0},"safari":{"3.1":0,"3.2":0,"4":0.00701,"5":0.02804,"5.1":0.08412,"6":0.02804,"6.1":0.06309,"7":0.080615,"7.1":0.19628,"8":0.592345,"9":0},"android":{"2.1":0,"2.2":0,"2.3":0.0776836321144,"3":0,"4":0.229437704152,"4.1":0.784062705527,"4.2-4.3":1.55638253643,"4.4":2.73608978691,"4.4.3-4.4.4":1.18693363486,"40":null},"ios_saf":{"3.2":0,"4.0-4.1":0,"4.2-4.3":0,"5.0-5.1":0.0235061751269,"6.0-6.1":0.0756009416244,"7.0-7.1":0.76490364467,"8":0.0451064441624,"8.1-8.4":5.34860779442,"9":null},"op_mob":{"10":0,"11":0,"11.1":0,"11.5":0,"12":0.0153975081169,"12.1":0.0230962621753,"0":0.207866359578},"ie":{"5.5":0,"6":0.0280704451683,"7":0.0526320846906,"8":1.30527570033,"9":1.22457317047,"10":1.46668076004,"11":5.61058022801},"bb":{"7":2.071905,"10":null},"ie_mob":{"10":0.493525869565,"11":1.59136913043},"and_uc":{"0":2.136855},"op_mini":{"5.0-8.0":28.2082348701},"and_chr":{"0":14.23612},"edge":{"0":null},"and_ff":{"0":0.123405}},"total":91.2519023887}