{"id":"AD","name":"Andorra","month":"2016-01","access_date":"2016-02-03","data":{"firefox":{"2":0,"3":0,"3.5":0,"3.6":0.006546,"4":0,"5":0,"6":0,"7":0,"8":0,"9":0.006546,"10":0,"11":0.006546,"12":0.013092,"13":0,"14":0.006546,"15":0.006546,"16":0.006546,"17":0.006546,"18":0,"19":0.006546,"20":0,"21":0.03273,"22":0.006546,"23":0.006546,"24":0.006546,"25":0.006546,"26":0.006546,"27":0.006546,"28":0.006546,"29":0.006546,"30":0.013092,"31":0.013092,"32":0.026184,"33":0.006546,"34":0.006546,"35":0.013092,"36":0.013092,"37":0.209472,"38":0.085098,"39":0.078552,"40":0.06546,"41":0.111282,"42":0.222564,"43":7.2006,"44":0.55641,"45":0.013092,"46":0.006546,"47":0},"chrome":{"4":0,"5":0,"6":0,"7":0,"8":0,"9":0,"10":0,"11":0.03273,"12":0,"13":0,"14":0,"15":0,"16":0,"17":0,"18":0,"19":0,"20":0,"21":0.006546,"22":0.026184,"23":0,"24":0.006546,"25":0.006546,"26":0,"27":0.013092,"28":0.006546,"29":0.03273,"30":0.006546,"31":0.06546,"32":0.03273,"33":0.045822,"34":0.29457,"35":0.026184,"36":0.058914,"37":0.03273,"38":0.013092,"39":0.03273,"40":0.026184,"41":0.072006,"42":0.019638,"43":0.137466,"44":0.183288,"45":0.209472,"46":0.288024,"47":24.920622,"48":2.382744,"49":0.039276,"50":0,"51":0},"opera":{"9":0,"9.5-9.6":0,"10.0-10.1":0,"10.5":0,"10.6":0,"11":0,"11.1":0,"11.5":0,"11.6":0,"12":0.013092,"12.1":0.03273,"15":0,"16":0,"17":0,"18":0,"19":0,"20":0,"21":0,"22":0,"23":0,"24":0,"25":0,"26":0,"27":0,"28":0.058914,"29":0,"30":0,"31":0,"32":0,"33":0.006546,"34":0.379668,"35":0,"36":0},"safari":{"3.1":0,"3.2":0,"4":0.013092,"5":0.091644,"5.1":0.772428,"6":0.019638,"6.1":0.222564,"7":0.124374,"7.1":0.09819,"8":0.733152,"9":4.621476,"9.1":0},"android":{"2.1":0,"2.2":0,"2.3":0.0352157517535,"3":0,"4":0.146365468225,"4.1":0.500723970244,"4.2-4.3":1.11479864145,"4.4":2.21859236047,"4.4.3-4.4.4":1.16211980786,"47":null},"ios_saf":{"3.2":0,"4.0-4.1":0,"4.2-4.3":0,"5.0-5.1":0,"6.0-6.1":0,"7.0-7.1":0.820323192541,"8":0.0575291589575,"8.1-8.4":2.34378055012,"9.0-9.2":17.4611650984,"9.3":null},"op_mob":{"10":0,"11":0,"11.1":0,"11.5":0,"12":4.89685362517e-6,"12.1":4.89685362517e-6,"0":0.000259533242134},"ie":{"5.5":0,"6":0,"7":0.0459127366337,"8":0.380419817822,"9":0.682132087129,"10":0.308271231683,"11":5.20125716436},"bb":{"7":0.0094985,"10":null},"ie_mob":{"10":0.0517229243697,"11":0.22805107563},"edge":{"12":0.255294,"13":1.217556,"14":0},"and_uc":{"0":0.048356},"op_mini":{"5.0-8.0":0.0653566730506},"and_chr":{"0":19.234312},"and_ff":{"0":0.024178}},"total":98.6104055376}