{"id":"AF","name":"Afghanistan","month":"2016-01","access_date":"2016-02-03","data":{"firefox":{"2":0.011109,"3":0.055545,"3.5":0.014812,"3.6":0.03703,"4":0.055545,"5":0.007406,"6":0.018515,"7":0.007406,"8":0.014812,"9":0.029624,"10":0.048139,"11":0.033327,"12":0.077763,"13":0.03703,"14":0.040733,"15":0.025921,"16":0.011109,"17":0.044436,"18":0.03703,"19":0.033327,"20":0.025921,"21":0.025921,"22":0.03703,"23":0.022218,"24":0.099981,"25":0.040733,"26":0.022218,"27":0.022218,"28":0.014812,"29":0.125902,"30":0.085169,"31":0.140714,"32":0.051842,"33":0.137011,"34":0.081466,"35":0.085169,"36":0.048139,"37":0.077763,"38":0.214774,"39":0.159229,"40":0.177744,"41":0.314755,"42":0.459172,"43":3.947398,"44":0.681352,"45":0.007406,"46":0,"47":0},"chrome":{"4":0.014812,"5":0.003703,"6":0.003703,"7":0,"8":0.033327,"9":0.003703,"10":0.029624,"11":0.059248,"12":0.03703,"13":0,"14":0.007406,"15":0.029624,"16":0.025921,"17":0.003703,"18":0.007406,"19":0.011109,"20":0.011109,"21":0.029624,"22":0.003703,"23":0.022218,"24":0.051842,"25":0.033327,"26":0.014812,"27":0.018515,"28":0.022218,"29":0.018515,"30":0.044436,"31":0.166635,"32":0.011109,"33":0.051842,"34":0.033327,"35":0.014812,"36":0.048139,"37":0.025921,"38":0.055545,"39":0.103684,"40":0.062951,"41":0.03703,"42":0.151823,"43":0.25921,"44":0.251804,"45":0.374003,"46":0.240695,"47":11.949581,"48":1.029434,"49":0.159229,"50":0.007406,"51":0},"opera":{"9":0,"9.5-9.6":0,"10.0-10.1":0.003703,"10.5":0,"10.6":0.007406,"11":0.003703,"11.1":0.003703,"11.5":0,"11.6":0.011109,"12":0.007406,"12.1":0.066654,"15":0.003703,"16":0.007406,"17":0.029624,"18":0.011109,"19":0.003703,"20":0.007406,"21":0.003703,"22":0.011109,"23":0,"24":0,"25":0.003703,"26":0.011109,"27":0.003703,"28":0.007406,"29":0.018515,"30":0.014812,"31":0.007406,"32":0.011109,"33":0.096278,"34":0.714679,"35":0.081466,"36":0.003703},"safari":{"3.1":0,"3.2":0,"4":0,"5":0.007406,"5.1":0.051842,"6":0.003703,"6.1":0.018515,"7":0.018515,"7.1":0.03703,"8":0.118496,"9":0.433251,"9.1":0},"android":{"2.1":0,"2.2":0,"2.3":0.0817916803401,"3":0,"4":0.339946671413,"4.1":1.16297545484,"4.2-4.3":2.58921788077,"4.4":5.15287586142,"4.4.3-4.4.4":2.69912545122,"47":null},"ios_saf":{"3.2":0,"4.0-4.1":0,"4.2-4.3":0,"5.0-5.1":0,"6.0-6.1":0,"7.0-7.1":0.338164375193,"8":0.0237154237148,"8.1-8.4":0.966183929123,"9.0-9.2":7.19807027197,"9.3":null},"op_mob":{"10":0,"11":0,"11.1":0,"11.5":0,"12":0.000568538987688,"12.1":0.000568538987688,"0":0.0301325663475},"ie":{"5.5":0,"6":0.062951,"7":0.081466,"8":0.770224,"9":0.473984,"10":0.644322,"11":3.791872},"bb":{"7":0.01731675,"10":null},"ie_mob":{"10":0.0605358655462,"11":0.266908134454},"edge":{"12":0.240695,"13":0.155526,"14":0},"and_uc":{"0":9.558846},"op_mini":{"5.0-8.0":7.58810035568},"and_chr":{"0":26.887263},"and_ff":{"0":0.151128}},"total":96.50006275}