{"id":"AI","name":"Anguilla","month":"2016-01","access_date":"2016-02-03","data":{"firefox":{"2":0,"3":0,"3.5":0,"3.6":0.007023,"4":0,"5":0,"6":0.007023,"7":0.007023,"8":0,"9":0,"10":0,"11":0,"12":0,"13":0,"14":0,"15":0.014046,"16":0,"17":0,"18":0,"19":0,"20":0.014046,"21":0,"22":0,"23":0,"24":0,"25":0,"26":0,"27":0.014046,"28":0,"29":0.007023,"30":0.007023,"31":0,"32":0,"33":0.035115,"34":0,"35":0.007023,"36":0.021069,"37":0,"38":0.035115,"39":0.007023,"40":0.14046,"41":0.063207,"42":0.154506,"43":6.088941,"44":0.203667,"45":0,"46":0,"47":0},"chrome":{"4":0,"5":0,"6":0,"7":0,"8":0,"9":0,"10":0,"11":0.042138,"12":0.007023,"13":0,"14":0,"15":0,"16":0,"17":0,"18":0.07023,"19":0,"20":0,"21":0,"22":0.021069,"23":0,"24":0,"25":0,"26":0.042138,"27":0,"28":0,"29":0,"30":0.014046,"31":0.035115,"32":0.133437,"33":0.028092,"34":0.014046,"35":0.014046,"36":0.147483,"37":0.021069,"38":0.456495,"39":0.084276,"40":0.007023,"41":0.007023,"42":0.098322,"43":0.056184,"44":0.224736,"45":0.252828,"46":0.238782,"47":22.059243,"48":1.952394,"49":0.126414,"50":0,"51":0},"opera":{"9":0,"9.5-9.6":0,"10.0-10.1":0,"10.5":0,"10.6":0,"11":0,"11.1":0,"11.5":0,"11.6":0,"12":0,"12.1":0.014046,"15":0,"16":0,"17":0,"18":0,"19":0,"20":0,"21":0,"22":0,"23":0,"24":0,"25":0.007023,"26":0,"27":0.007023,"28":0,"29":0.077253,"30":0.014046,"31":0.007023,"32":0,"33":0.007023,"34":0.786576,"35":0,"36":0},"safari":{"3.1":0,"3.2":0,"4":0.028092,"5":0.021069,"5.1":0.28092,"6":0.063207,"6.1":0.786576,"7":0.021069,"7.1":0.056184,"8":0.681231,"9":4.628157,"9.1":0},"android":{"2.1":0,"2.2":0,"2.3":0.0470695583422,"3":0,"4":0.19563285186,"4.1":0.669270282678,"4.2-4.3":1.49004570627,"4.4":2.96538217556,"4.4.3-4.4.4":1.55329542529,"47":null},"ios_saf":{"3.2":0,"4.0-4.1":0,"4.2-4.3":0,"5.0-5.1":0,"6.0-6.1":0,"7.0-7.1":0.624488799835,"8":0.04379531843,"8.1-8.4":1.78425371381,"9.0-9.2":13.2926901679,"9.3":null},"op_mob":{"10":0,"11":0,"11.1":0,"11.5":0,"12":6.88623305559e-6,"12.1":6.88623305559e-6,"0":0.000364970351946},"ie":{"5.5":0,"6":0,"7":0.007023,"8":0.154506,"9":0.224736,"10":0.330081,"11":9.474027},"bb":{"7":0.163735,"10":null},"ie_mob":{"10":0.117228756303,"11":0.516872243697},"edge":{"12":1.657428,"13":2.696832,"14":0},"and_uc":{"0":0.145873},"op_mini":{"5.0-8.0":0.0919082571819},"and_chr":{"0":19.656014},"and_ff":{"0":0.011908}},"total":98.388024}