{"id":"AL","name":"Albania","month":"2016-01","access_date":"2016-02-03","data":{"firefox":{"2":0.005493,"3":0.071409,"3.5":0.005493,"3.6":0.032958,"4":0.016479,"5":0,"6":0.010986,"7":0.010986,"8":0,"9":0.005493,"10":0.010986,"11":0.016479,"12":0.021972,"13":0.005493,"14":0.032958,"15":0.005493,"16":0.010986,"17":0.010986,"18":0.016479,"19":0.010986,"20":0.016479,"21":0.016479,"22":0.021972,"23":0.016479,"24":0.065916,"25":0.010986,"26":0.016479,"27":0.010986,"28":0.016479,"29":0.043944,"30":0.032958,"31":0.05493,"32":0.060423,"33":0.043944,"34":0.049437,"35":0.060423,"36":0.093381,"37":0.071409,"38":0.098874,"39":0.087888,"40":0.115353,"41":0.153804,"42":0.192255,"43":5.05356,"44":0.280143,"45":0.005493,"46":0,"47":0},"chrome":{"4":0.005493,"5":0.016479,"6":0.010986,"7":0,"8":0.021972,"9":0.005493,"10":0.016479,"11":0.065916,"12":0.016479,"13":0.005493,"14":0.010986,"15":0.005493,"16":0.016479,"17":0,"18":0.010986,"19":0,"20":0,"21":0.005493,"22":0.071409,"23":0.010986,"24":0.005493,"25":0.005493,"26":0.021972,"27":0.010986,"28":0.016479,"29":0.027465,"30":0.027465,"31":0.049437,"32":0.010986,"33":0.082395,"34":0.060423,"35":0.05493,"36":0.065916,"37":0.05493,"38":0.065916,"39":0.186762,"40":0.098874,"41":0.082395,"42":0.131832,"43":0.263664,"44":0.406482,"45":0.543807,"46":0.527328,"47":33.183213,"48":2.7465,"49":0.170283,"50":0.005493,"51":0},"opera":{"9":0,"9.5-9.6":0,"10.0-10.1":0,"10.5":0,"10.6":0,"11":0,"11.1":0,"11.5":0,"11.6":0,"12":0.005493,"12.1":0.071409,"15":0,"16":0,"17":0,"18":0,"19":0,"20":0,"21":0,"22":0,"23":0,"24":0,"25":0,"26":0.005493,"27":0,"28":0.021972,"29":0.005493,"30":0.005493,"31":0.016479,"32":0.021972,"33":0.027465,"34":0.637188,"35":0.005493,"36":0},"safari":{"3.1":0,"3.2":0,"4":0.005493,"5":0.010986,"5.1":0.032958,"6":0.005493,"6.1":0.027465,"7":0.016479,"7.1":0.016479,"8":0.071409,"9":0.27465,"9.1":0},"android":{"2.1":0,"2.2":0,"2.3":0.0567011162593,"3":0,"4":0.235664014453,"4.1":0.806218996812,"4.2-4.3":1.79494471158,"4.4":3.57217032434,"4.4.3-4.4.4":1.87113683656,"47":null},"ios_saf":{"3.2":0,"4.0-4.1":0,"4.2-4.3":0,"5.0-5.1":0,"6.0-6.1":0,"7.0-7.1":0.542070758731,"8":0.038015351911,"8.1-8.4":1.54877359637,"9.0-9.2":11.538363293,"9.3":null},"op_mob":{"10":0,"11":0,"11.1":0,"11.5":0,"12":0.000187656211914,"12.1":0.000187656211914,"0":0.00994577923144},"ie":{"5.5":0,"6":0.0112676923077,"7":0.0169015384615,"8":0.377467692308,"9":0.174649230769,"10":0.135212307692,"11":1.25634769231},"bb":{"7":0.09802725,"10":null},"ie_mob":{"10":0.260800016807,"11":1.14989098319},"edge":{"12":0.098874,"13":0.236199,"14":0},"and_uc":{"0":0.603938},"op_mini":{"5.0-8.0":2.50458490834},"and_chr":{"0":21.767577},"and_ff":{"0":0.027042}},"total":98.2146514038}