{"id":"as","name":"Asia","month":"2016-01","access_date":"2016-02-03","data":{"firefox":{"2":null,"3":0.074273,"3.5":0.008738,"3.6":0.026214,"4":0.013107,"5":0.008738,"6":0.013107,"7":0.008738,"8":0.04369,"9":0.008738,"10":0.013107,"11":0.021845,"12":0.034952,"13":0.017476,"14":0.021845,"15":0.017476,"16":0.021845,"17":0.017476,"18":0.017476,"19":0.013107,"20":0.017476,"21":0.04369,"22":0.013107,"23":0.017476,"24":0.021845,"25":0.021845,"26":0.017476,"27":0.017476,"28":0.021845,"29":0.039321,"30":0.034952,"31":0.052428,"32":0.030583,"33":0.04369,"34":0.04369,"35":0.052428,"36":0.056797,"37":0.08738,"38":0.13107,"39":0.104856,"40":0.100487,"41":0.122332,"42":0.192236,"43":3.150049,"44":0.533018,"45":0.017476,"46":null,"47":null},"chrome":{"4":0.013107,"5":0.008738,"6":0.013107,"7":0.004369,"8":0.008738,"9":0.004369,"10":0.017476,"11":0.048059,"12":0.021845,"13":0.013107,"14":0.013107,"15":0.013107,"16":0.008738,"17":0.008738,"18":0.013107,"19":0.004369,"20":0.008738,"21":0.013107,"22":0.074273,"23":0.013107,"24":0.008738,"25":0.017476,"26":0.039321,"27":0.026214,"28":0.026214,"29":0.026214,"30":0.030583,"31":0.795158,"32":0.026214,"33":0.100487,"34":0.056797,"35":0.052428,"36":0.052428,"37":0.04369,"38":0.069904,"39":0.166022,"40":0.078642,"41":0.122332,"42":0.205343,"43":0.410686,"44":0.397579,"45":0.74273,"46":0.581077,"47":20.695953,"48":2.062168,"49":0.205343,"50":0.008738,"51":null},"opera":{"9":null,"9.5-9.6":null,"10.0-10.1":0,"10.5":null,"10.6":null,"11":null,"11.1":null,"11.5":null,"11.6":0.008738,"12":0.013107,"12.1":0.04369,"15":null,"16":null,"17":null,"18":null,"19":null,"20":null,"21":null,"22":null,"23":null,"24":null,"25":null,"26":null,"27":null,"28":0.052428,"29":0.004369,"30":0.013107,"31":0.008738,"32":0.013107,"33":0.021845,"34":0.476221,"35":0.004369,"36":null},"safari":{"3.1":null,"3.2":null,"4":0.004369,"5":0.017476,"5.1":0.039321,"6":0.008738,"6.1":0.021845,"7":0.026214,"7.1":0.017476,"8":0.113594,"9":0.397579,"9.1":null},"android":{"2.1":0,"2.2":0,"2.3":0.0412469253985,"3":0,"4":0.171432533688,"4.1":0.58647972051,"4.2-4.3":1.30572298215,"4.4":2.59855630011,"4.4.3-4.4.4":1.36114853815,"47":null},"ios_saf":{"3.2":0,"4.0-4.1":0,"4.2-4.3":0,"5.0-5.1":0,"6.0-6.1":0,"7.0-7.1":0.21552047749,"8":0.0151144230967,"8.1-8.4":0.61577279283,"9.0-9.2":4.58750730658,"9.3":null},"op_mob":{"10":0,"11":0,"11.1":0,"11.5":0,"12":0.000471012386519,"12.1":0.000471012386519,"0":0.0249636564855},"ie":{"5.5":null,"6":0.0502799083333,"7":0.031996305303,"8":0.987314563636,"9":0.73591502197,"10":0.854758441667,"11":3.33675755303},"bb":{"7":0.09150375,"10":null},"ie_mob":{"10":0.12908712605,"11":0.56915687395},"edge":{"12":0.152915,"13":0.240295,"14":null},"and_uc":{"0":17.591244},"op_mini":{"5.0-8.0":6.28644531874},"and_chr":{"0":20.545531},"and_ff":{"0":0.039417}},"total":97.2321175439}