{"id":"AM","name":"Armenia","month":"2016-01","access_date":"2016-02-03","data":{"firefox":{"2":0,"3":0.017208,"3.5":0.017208,"3.6":0.051624,"4":0.008604,"5":0,"6":0.008604,"7":0,"8":0,"9":0.008604,"10":0.008604,"11":0.008604,"12":0.017208,"13":0.008604,"14":0.008604,"15":0,"16":0.008604,"17":0,"18":0.008604,"19":0,"20":0.008604,"21":0.077436,"22":0.017208,"23":0.017208,"24":0.04302,"25":0.017208,"26":0.008604,"27":0.008604,"28":0.025812,"29":0.017208,"30":0.025812,"31":0.034416,"32":0.017208,"33":0.008604,"34":0.008604,"35":0.017208,"36":0.017208,"37":0.094644,"38":0.08604,"39":0.077436,"40":0.04302,"41":0.12906,"42":0.25812,"43":14.084748,"44":0.765756,"45":0.008604,"46":0,"47":0},"chrome":{"4":0.025812,"5":0.025812,"6":0.008604,"7":0.008604,"8":0.008604,"9":0.008604,"10":0.025812,"11":0.04302,"12":0.094644,"13":0.04302,"14":0.008604,"15":0.017208,"16":0.025812,"17":0.04302,"18":0.08604,"19":0.008604,"20":0.008604,"21":0.008604,"22":0.068832,"23":0.025812,"24":0.094644,"25":0.025812,"26":0.068832,"27":0.103248,"28":0.051624,"29":0.025812,"30":0.034416,"31":0.034416,"32":0.017208,"33":0.025812,"34":0.060228,"35":0.051624,"36":0.051624,"37":0.068832,"38":0.077436,"39":0.154872,"40":0.094644,"41":0.197892,"42":0.08604,"43":0.369972,"44":0.404388,"45":0.808776,"46":0.456012,"47":44.921484,"48":5.386104,"49":0.77436,"50":0.034416,"51":0},"opera":{"9":0,"9.5-9.6":0,"10.0-10.1":0,"10.5":0,"10.6":0,"11":0,"11.1":0,"11.5":0.008604,"11.6":0.017208,"12":0.034416,"12.1":0.197892,"15":0,"16":0.017208,"17":0,"18":0.008604,"19":0.008604,"20":0.008604,"21":0.008604,"22":0,"23":0,"24":0,"25":0.008604,"26":0,"27":0.008604,"28":0.137664,"29":0.034416,"30":0.025812,"31":0.025812,"32":0.163476,"33":0.04302,"34":2.460744,"35":0.025812,"36":0.008604},"safari":{"3.1":0,"3.2":0,"4":0.008604,"5":0.025812,"5.1":0.04302,"6":0.008604,"6.1":0.017208,"7":0.017208,"7.1":0.008604,"8":0.094644,"9":0.335556,"9.1":0},"android":{"2.1":0,"2.2":0,"2.3":0.0156893449522,"3":0,"4":0.0652088399575,"4.1":0.223082873539,"4.2-4.3":0.496665826142,"4.4":0.988428731987,"4.4.3-4.4.4":0.517748383422,"47":null},"ios_saf":{"3.2":0,"4.0-4.1":0,"4.2-4.3":0,"5.0-5.1":0,"6.0-6.1":0,"7.0-7.1":0.23155653858,"8":0.0162390299784,"8.1-8.4":0.66159011023,"9.0-9.2":4.92884632121,"9.3":null},"op_mob":{"10":0,"11":0,"11.1":0,"11.5":0,"12":6.28121875389e-5,"12.1":6.28121875389e-5,"0":0.00332904593956},"ie":{"5.5":0,"6":0.0178299759036,"7":0.0178299759036,"8":0.312024578313,"9":0.0980648674699,"10":0.187214746988,"11":0.846923855422},"bb":{"7":0.013611,"10":null},"ie_mob":{"10":0.0717473613445,"11":0.316340638655},"edge":{"12":0.068832,"13":0.240912,"14":0},"and_uc":{"0":0.464868},"op_mini":{"5.0-8.0":0.838333329685},"and_chr":{"0":7.828784},"and_ff":{"0":0.02792}},"total":94.483607}