{"id":"AO","name":"Angola","month":"2016-01","access_date":"2016-02-03","data":{"firefox":{"2":0.003289,"3":0.023023,"3.5":0.009867,"3.6":0.023023,"4":0.023023,"5":0.019734,"6":0.026312,"7":0.009867,"8":0.009867,"9":0.019734,"10":0.026312,"11":0.039468,"12":0.03289,"13":0.019734,"14":0.023023,"15":0.023023,"16":0.023023,"17":0.023023,"18":0.006578,"19":0.016445,"20":0.016445,"21":0.055913,"22":0.016445,"23":0.016445,"24":0.006578,"25":0.023023,"26":0.019734,"27":0.006578,"28":0.009867,"29":0.03289,"30":0.036179,"31":0.039468,"32":0.036179,"33":0.029601,"34":0.026312,"35":0.03289,"36":0.039468,"37":0.03289,"38":0.082225,"39":0.049335,"40":0.085514,"41":0.085514,"42":0.190762,"43":2.756182,"44":0.184184,"45":0.003289,"46":0,"47":0},"chrome":{"4":0.006578,"5":0.003289,"6":0.003289,"7":0.003289,"8":0,"9":0,"10":0.003289,"11":0.075647,"12":0.006578,"13":0.006578,"14":0.003289,"15":0.003289,"16":0.003289,"17":0.006578,"18":0.009867,"19":0.003289,"20":0.003289,"21":0.016445,"22":0.009867,"23":0.013156,"24":0.006578,"25":0.019734,"26":0.019734,"27":0.026312,"28":0.016445,"29":0.026312,"30":0.013156,"31":0.171028,"32":0.029601,"33":0.046046,"34":0.023023,"35":0.019734,"36":0.144716,"37":0.052624,"38":0.019734,"39":0.046046,"40":0.06578,"41":0.06578,"42":0.144716,"43":0.595309,"44":0.115115,"45":0.292721,"46":0.207207,"47":10.468887,"48":0.95381,"49":0.052624,"50":0.003289,"51":0},"opera":{"9":0,"9.5-9.6":0.003289,"10.0-10.1":0.003289,"10.5":0.003289,"10.6":0.006578,"11":0.006578,"11.1":0.019734,"11.5":0.023023,"11.6":0.026312,"12":0.026312,"12.1":0.101959,"15":0.006578,"16":0.003289,"17":0,"18":0.006578,"19":0.003289,"20":0.006578,"21":0.013156,"22":0.003289,"23":0,"24":0,"25":0,"26":0,"27":0.003289,"28":0.023023,"29":0.016445,"30":0.03289,"31":0.006578,"32":0.023023,"33":0.03289,"34":0.713713,"35":0.013156,"36":0},"safari":{"3.1":0,"3.2":0,"4":0.006578,"5":0.03289,"5.1":0.072358,"6":0.029601,"6.1":0.049335,"7":0.055913,"7.1":0.055913,"8":0.200629,"9":0.950521,"9.1":0.003289},"android":{"2.1":0,"2.2":0,"2.3":0.0558136110521,"3":0,"4":0.231975320935,"4.1":0.793599782147,"4.2-4.3":1.76684962487,"4.4":3.51625749628,"4.4.3-4.4.4":1.84184916472,"47":null},"ios_saf":{"3.2":0,"4.0-4.1":0,"4.2-4.3":0,"5.0-5.1":0,"6.0-6.1":0,"7.0-7.1":0.232319677037,"8":0.0162925487792,"8.1-8.4":0.663770505821,"9.0-9.2":4.94509026836,"9.3":null},"op_mob":{"10":0,"11":0,"11.1":0,"11.5":0,"12":0.00280424822783,"12.1":0.00280424822783,"0":0.148625156075},"ie":{"5.5":0.003330655837,"6":0.00666131167401,"7":0.019983935022,"8":0.472953128855,"9":0.316412304515,"10":0.875962485132,"11":4.31986062059},"bb":{"7":0.060399,"10":null},"ie_mob":{"10":0.168733714286,"11":0.743962285714},"edge":{"12":0.266409,"13":0.463749,"14":0},"and_uc":{"0":3.456165},"op_mini":{"5.0-8.0":37.4273663475},"and_chr":{"0":14.076464},"and_ff":{"0":0.046977}},"total":97.6707194416}