{"id":"AT","name":"Austria","month":"2016-01","access_date":"2016-02-03","data":{"firefox":{"2":0.007609,"3":0.007609,"3.5":0.007609,"3.6":0.022827,"4":0.007609,"5":0.007609,"6":0.007609,"7":0.007609,"8":0.007609,"9":0.007609,"10":0.015218,"11":0.007609,"12":0.045654,"13":0.007609,"14":0.007609,"15":0.015218,"16":0.030436,"17":0.007609,"18":0.007609,"19":0.007609,"20":0.015218,"21":0.030436,"22":0.007609,"23":0.015218,"24":0.022827,"25":0.015218,"26":0.015218,"27":0.015218,"28":0.030436,"29":0.030436,"30":0.038045,"31":0.114135,"32":0.045654,"33":0.060872,"34":0.07609,"35":0.07609,"36":0.053263,"37":0.098917,"38":0.623938,"39":0.235879,"40":0.235879,"41":0.334796,"42":0.707637,"43":15.803893,"44":0.829381,"45":0.030436,"46":0.015218,"47":0},"chrome":{"4":0.007609,"5":0,"6":0,"7":0,"8":0,"9":0,"10":0,"11":0.038045,"12":0.007609,"13":0.007609,"14":0,"15":0,"16":0,"17":0,"18":0.007609,"19":0,"20":0,"21":0.015218,"22":0.083699,"23":0.007609,"24":0.007609,"25":0.007609,"26":0.038045,"27":0.007609,"28":0.007609,"29":0.007609,"30":0.007609,"31":0.07609,"32":0.015218,"33":0.045654,"34":0.045654,"35":0.045654,"36":0.167398,"37":0.045654,"38":0.053263,"39":0.07609,"40":0.045654,"41":0.068481,"42":0.045654,"43":0.098917,"44":0.136962,"45":0.213052,"46":0.342405,"47":21.366072,"48":2.191392,"49":0.07609,"50":0.015218,"51":0},"opera":{"9":0,"9.5-9.6":0,"10.0-10.1":0,"10.5":0,"10.6":0,"11":0,"11.1":0,"11.5":0.007609,"11.6":0.007609,"12":0.007609,"12.1":0.205443,"15":0,"16":0,"17":0,"18":0,"19":0,"20":0,"21":0,"22":0,"23":0,"24":0,"25":0.007609,"26":0,"27":0,"28":0.022827,"29":0.007609,"30":0.007609,"31":0.007609,"32":0.007609,"33":0.015218,"34":1.202222,"35":0.022827,"36":0.007609},"safari":{"3.1":0,"3.2":0,"4":0.030436,"5":0.106526,"5.1":0.365232,"6":0.045654,"6.1":0.243488,"7":0.136962,"7.1":0.114135,"8":0.7609,"9":3.621884,"9.1":0.015218},"android":{"2.1":0,"2.2":0,"2.3":0.0266248501594,"3":0,"4":0.110659533475,"4.1":0.378572088204,"4.2-4.3":0.842842912859,"4.4":1.67736556004,"4.4.3-4.4.4":0.87862005526,"47":null},"ios_saf":{"3.2":0,"4.0-4.1":0,"4.2-4.3":0,"5.0-5.1":0,"6.0-6.1":0,"7.0-7.1":0.480328252807,"8":0.0336853579891,"8.1-8.4":1.37236643659,"9.0-9.2":10.2241299526,"9.3":null},"op_mob":{"10":0,"11":0,"11.1":0,"11.5":0,"12":1.12398706629e-5,"12.1":1.12398706629e-5,"0":0.000595713145131},"ie":{"5.5":0,"6":0.0152440582192,"7":0.0381101455479,"8":0.533542037671,"9":0.838423202055,"10":0.853667260274,"11":10.9833439469},"bb":{"7":0.016737,"10":null},"ie_mob":{"10":0.0910589243697,"11":0.40148707563},"edge":{"12":0.692419,"13":1.506582,"14":0},"and_uc":{"0":0.083685},"op_mini":{"5.0-8.0":0.150014807114},"and_chr":{"0":13.787827},"and_ff":{"0":0.057384}},"total":98.3035146507}