{"id":"AX","name":"Aland Islands","month":"2016-01","access_date":"2016-02-03","data":{"firefox":{"2":0,"3":0.007816,"3.5":0,"3.6":0,"4":0,"5":0,"6":0.007816,"7":0,"8":0,"9":0,"10":0,"11":0.007816,"12":0.023448,"13":0,"14":0,"15":0.007816,"16":0.007816,"17":0,"18":0,"19":0,"20":0.015632,"21":0,"22":0,"23":0,"24":0,"25":0,"26":0.007816,"27":0,"28":0.007816,"29":0.015632,"30":0.023448,"31":0.007816,"32":0.007816,"33":0.015632,"34":0.007816,"35":0.015632,"36":0.007816,"37":0.03908,"38":0.257928,"39":0.11724,"40":0.070344,"41":0.03908,"42":0.437696,"43":7.93324,"44":0.46896,"45":0,"46":0,"47":0},"chrome":{"4":0,"5":0,"6":0,"7":0,"8":0,"9":0,"10":0,"11":0,"12":0,"13":0,"14":0,"15":0,"16":0,"17":0,"18":0.007816,"19":0,"20":0,"21":0,"22":0.046896,"23":0,"24":0,"25":0,"26":0,"27":0,"28":0,"29":0,"30":0,"31":0.031264,"32":0.023448,"33":0.007816,"34":0.03908,"35":0,"36":0.023448,"37":0.015632,"38":0.007816,"39":0.023448,"40":0.046896,"41":0.007816,"42":0.015632,"43":0.109424,"44":0.062528,"45":0.187584,"46":0.132872,"47":28.895752,"48":2.30572,"49":0.265744,"50":0.07816,"51":0},"opera":{"9":0,"9.5-9.6":0,"10.0-10.1":0,"10.5":0,"10.6":0,"11":0,"11.1":0,"11.5":0,"11.6":0,"12":0,"12.1":0.15632,"15":0,"16":0,"17":0,"18":0,"19":0,"20":0,"21":0,"22":0,"23":0,"24":0,"25":0,"26":0,"27":0,"28":0,"29":0,"30":0,"31":0,"32":0,"33":0,"34":0.304824,"35":0.007816,"36":0},"safari":{"3.1":0,"3.2":0,"4":0,"5":0.054712,"5.1":0.242296,"6":0.015632,"6.1":0.179768,"7":0.031264,"7.1":0.085976,"8":1.430328,"9":4.314432,"9.1":0},"android":{"2.1":0,"2.2":0,"2.3":0.0163938482465,"3":0,"4":0.0681369317747,"4.1":0.233100029756,"4.2-4.3":0.518967758555,"4.4":1.03281243953,"4.4.3-4.4.4":0.540996992136,"47":null},"ios_saf":{"3.2":0,"4.0-4.1":0,"4.2-4.3":0,"5.0-5.1":0,"6.0-6.1":0,"7.0-7.1":1.06282020398,"8":0.0745354428763,"8.1-8.4":3.03662915422,"9.0-9.2":22.6228871989,"9.3":null},"op_mob":{"10":0,"11":0,"11.1":0,"11.5":0,"12":2.77040169133e-6,"12.1":2.77040169133e-6,"0":0.000146831289641},"ie":{"5.5":0,"6":0,"7":0,"8":0.500224,"9":0.562752,"10":0.594016,"11":8.105192},"bb":{"7":0,"10":null},"ie_mob":{"10":0.184924235294,"11":0.815347764706},"edge":{"12":0.656544,"13":1.617912,"14":0},"and_uc":{"0":0.25116},"op_mini":{"5.0-8.0":0.036975627907},"and_chr":{"0":8.254992},"and_ff":{"0":0.01092}},"total":99.51552}