{"id":"BB","name":"Barbados","month":"2016-01","access_date":"2016-02-03","data":{"firefox":{"2":0,"3":0.015128,"3.5":0,"3.6":0.015128,"4":0.007564,"5":0.015128,"6":0.007564,"7":0.007564,"8":0,"9":0.015128,"10":0.007564,"11":0.007564,"12":0,"13":0.007564,"14":0,"15":0,"16":0.015128,"17":0,"18":0.015128,"19":0.007564,"20":0,"21":0.007564,"22":0,"23":0.007564,"24":0,"25":0.007564,"26":0.007564,"27":0.007564,"28":0,"29":0.007564,"30":0.007564,"31":0.007564,"32":0,"33":0.022692,"34":0.015128,"35":0.015128,"36":0.007564,"37":0.022692,"38":0.15128,"39":0.136152,"40":0.083204,"41":0.083204,"42":0.173972,"43":6.557988,"44":0.521916,"45":0.015128,"46":0.007564,"47":0},"chrome":{"4":0,"5":0,"6":0,"7":0.007564,"8":0,"9":0,"10":0,"11":0.052948,"12":0.007564,"13":0,"14":0,"15":0,"16":0.007564,"17":0,"18":0.007564,"19":0,"20":0,"21":0.007564,"22":0.385764,"23":0,"24":0,"25":0,"26":0.007564,"27":0.007564,"28":0.015128,"29":0.03782,"30":0,"31":0.07564,"32":0.03782,"33":0.015128,"34":0.052948,"35":0.03782,"36":0.03782,"37":0.030256,"38":0.07564,"39":0.090768,"40":0.030256,"41":0.07564,"42":0.121024,"43":0.45384,"44":0.242048,"45":0.400892,"46":0.317688,"47":29.696264,"48":3.29034,"49":0.22692,"50":0.015128,"51":0},"opera":{"9":0,"9.5-9.6":0,"10.0-10.1":0,"10.5":0,"10.6":0,"11":0.007564,"11.1":0,"11.5":0,"11.6":0,"12":0,"12.1":0.07564,"15":0,"16":0,"17":0,"18":0,"19":0.007564,"20":0,"21":0,"22":0,"23":0,"24":0,"25":0,"26":0.022692,"27":0.022692,"28":0,"29":0.083204,"30":0,"31":0,"32":0.007564,"33":0.022692,"34":1.043832,"35":0.007564,"36":0.007564},"safari":{"3.1":0,"3.2":0,"4":0.052948,"5":0.052948,"5.1":0.128588,"6":0.030256,"6.1":0.07564,"7":0.045384,"7.1":0.07564,"8":0.559736,"9":1.951512,"9.1":0.007564},"android":{"2.1":0,"2.2":0,"2.3":0.0571390911796,"3":0,"4":0.237484347715,"4.1":0.81244645271,"4.2-4.3":1.80880935515,"4.4":3.59976274431,"4.4.3-4.4.4":1.88559000893,"47":null},"ios_saf":{"3.2":0,"4.0-4.1":0,"4.2-4.3":0,"5.0-5.1":0,"6.0-6.1":0,"7.0-7.1":0.423671657567,"8":0.0297120383229,"8.1-8.4":1.21049045019,"9.0-9.2":9.01815385392,"9.3":null},"op_mob":{"10":0,"11":0,"11.1":0,"11.5":0,"12":1.58138539983e-5,"12.1":1.58138539983e-5,"0":0.000838134261908},"ie":{"5.5":0,"6":0,"7":0.0309492635025,"8":0.56482405892,"9":0.433289689034,"10":0.495188216039,"11":7.90753682488},"bb":{"7":0.142506,"10":null},"ie_mob":{"10":0.149066823529,"11":0.657249176471},"edge":{"12":0.824476,"13":1.785104,"14":0},"and_uc":{"0":0.418992},"op_mini":{"5.0-8.0":0.21106223803},"and_chr":{"0":16.244924},"and_ff":{"0":0.02436}},"total":97.1487740524}