{"id":"BE","name":"Belgium","month":"2016-01","access_date":"2016-02-03","data":{"firefox":{"2":0,"3":0.008001,"3.5":0,"3.6":0.016002,"4":0,"5":0,"6":0.008001,"7":0,"8":0,"9":0.008001,"10":0.008001,"11":0.008001,"12":0.016002,"13":0.008001,"14":0.008001,"15":0.008001,"16":0.032004,"17":0.016002,"18":0,"19":0.008001,"20":0.016002,"21":0.016002,"22":0.008001,"23":0.008001,"24":0.016002,"25":0.008001,"26":0.008001,"27":0.008001,"28":0.024003,"29":0.016002,"30":0.024003,"31":0.144018,"32":0.024003,"33":0.032004,"34":0.032004,"35":0.08001,"36":0.056007,"37":0.072009,"38":0.296037,"39":0.120015,"40":0.104013,"41":0.136017,"42":0.32004,"43":8.913114,"44":0.464058,"45":0.016002,"46":0,"47":0},"chrome":{"4":0,"5":0,"6":0,"7":0,"8":0,"9":0,"10":0,"11":0.024003,"12":0,"13":0,"14":0,"15":0,"16":0,"17":0,"18":0.008001,"19":0,"20":0,"21":0.008001,"22":0.024003,"23":0.008001,"24":0,"25":0,"26":0.008001,"27":0.008001,"28":0.008001,"29":0.008001,"30":0.008001,"31":0.072009,"32":0.024003,"33":0.032004,"34":0.056007,"35":0.064008,"36":0.112014,"37":0.064008,"38":0.08001,"39":0.152019,"40":0.072009,"41":0.168021,"42":0.192024,"43":0.168021,"44":0.176022,"45":0.200025,"46":0.336042,"47":28.387548,"48":2.840355,"49":0.056007,"50":0.008001,"51":0},"opera":{"9":0,"9.5-9.6":0,"10.0-10.1":0,"10.5":0,"10.6":0,"11":0,"11.1":0,"11.5":0,"11.6":0.008001,"12":0.008001,"12.1":0.056007,"15":0,"16":0,"17":0,"18":0,"19":0,"20":0,"21":0,"22":0,"23":0,"24":0,"25":0,"26":0,"27":0,"28":0.024003,"29":0,"30":0.008001,"31":0.008001,"32":0.008001,"33":0.008001,"34":0.608076,"35":0.008001,"36":0},"safari":{"3.1":0,"3.2":0,"4":0.040005,"5":0.136017,"5.1":0.368046,"6":0.056007,"6.1":0.280035,"7":0.16002,"7.1":0.120015,"8":0.784098,"9":4.024503,"9.1":0.008001},"android":{"2.1":0,"2.2":0,"2.3":0.0203575974495,"3":0,"4":0.0846112643996,"4.1":0.289459588735,"4.2-4.3":0.644445194261,"4.4":1.28252863932,"4.4.3-4.4.4":0.671800715834,"47":null},"ios_saf":{"3.2":0,"4.0-4.1":0,"4.2-4.3":0,"5.0-5.1":0,"6.0-6.1":0,"7.0-7.1":0.587753207994,"8":0.041219056145,"8.1-8.4":1.67929487998,"9.0-9.2":12.5107468559,"9.3":null},"op_mob":{"10":0,"11":0,"11.1":0,"11.5":0,"12":8.94963313021e-6,"12.1":8.94963313021e-6,"0":0.000474330555901},"ie":{"5.5":0,"6":0.00801807790822,"7":0.0320723116329,"8":0.505138908218,"9":1.0744224397,"10":0.793789712914,"11":12.580364238},"bb":{"7":0.0129935,"10":null},"ie_mob":{"10":0.157064285714,"11":0.692510714286},"edge":{"12":0.888111,"13":2.016252,"14":0},"and_uc":{"0":0.045977},"op_mini":{"5.0-8.0":0.119447770178},"and_chr":{"0":10.863636},"and_ff":{"0":0.023988}},"total":98.8328951884}