{"id":"BH","name":"Bahrain","month":"2016-01","access_date":"2016-02-03","data":{"firefox":{"2":0.004433,"3":0.017732,"3.5":0.008866,"3.6":0.022165,"4":0.017732,"5":0.031031,"6":0.013299,"7":0.008866,"8":0.004433,"9":0.004433,"10":0.013299,"11":0.008866,"12":0.008866,"13":0.013299,"14":0.053196,"15":0.008866,"16":0.017732,"17":0.004433,"18":0.013299,"19":0.008866,"20":0.013299,"21":0.452166,"22":0.070928,"23":0.070928,"24":0.066495,"25":0.093093,"26":0,"27":0.062062,"28":0.057629,"29":0.075361,"30":0.013299,"31":0.093093,"32":0.008866,"33":0.031031,"34":0.066495,"35":0.013299,"36":0.039897,"37":0.390104,"38":0.066495,"39":0.066495,"40":0.026598,"41":0.053196,"42":0.146289,"43":2.48248,"44":0.230516,"45":0.008866,"46":0,"47":0},"chrome":{"4":0.017732,"5":0.004433,"6":0.004433,"7":0.004433,"8":0,"9":0.004433,"10":0.008866,"11":0.022165,"12":0.008866,"13":0.008866,"14":0.008866,"15":0.004433,"16":0.013299,"17":0.004433,"18":0.004433,"19":0.004433,"20":0.008866,"21":0.008866,"22":0.017732,"23":0.017732,"24":0.017732,"25":0.004433,"26":0.017732,"27":0.181753,"28":0.079794,"29":0.141856,"30":0.053196,"31":0.093093,"32":0.08866,"33":0.097526,"34":0.079794,"35":0.124124,"36":0.190619,"37":0.150722,"38":0.053196,"39":0.04433,"40":0.057629,"41":0.780208,"42":0.062062,"43":0.301444,"44":0.106392,"45":0.150722,"46":0.195052,"47":15.892305,"48":1.396395,"49":0.168454,"50":0.008866,"51":0},"opera":{"9":0,"9.5-9.6":0.004433,"10.0-10.1":0.004433,"10.5":0,"10.6":0,"11":0.008866,"11.1":0.008866,"11.5":0.04433,"11.6":0.075361,"12":0.150722,"12.1":0.172887,"15":0,"16":0,"17":0,"18":0,"19":0,"20":0.004433,"21":0,"22":0,"23":0,"24":0,"25":0,"26":0,"27":0,"28":0.66495,"29":0.004433,"30":0.008866,"31":0,"32":0.008866,"33":0.008866,"34":0.456599,"35":0.008866,"36":0},"safari":{"3.1":0,"3.2":0,"4":0.004433,"5":0.070928,"5.1":0.146289,"6":0.039897,"6.1":0.062062,"7":0.084227,"7.1":0.031031,"8":0.478764,"9":1.157013,"9.1":0.004433},"android":{"2.1":0,"2.2":0,"2.3":0.0489459689692,"3":0,"4":0.203431683528,"4.1":0.695950496281,"4.2-4.3":1.54944583018,"4.4":3.08359604506,"4.4.3-4.4.4":1.61521697598,"47":null},"ios_saf":{"3.2":0,"4.0-4.1":0,"4.2-4.3":0,"5.0-5.1":0,"6.0-6.1":0,"7.0-7.1":0.388753621098,"8":0.0272632409601,"8.1-8.4":1.11072463171,"9.0-9.2":8.27489850623,"9.3":null},"op_mob":{"10":0,"11":0,"11.1":0,"11.5":0,"12":0.000281223156324,"12.1":0.000281223156324,"0":0.0149048272852},"ie":{"5.5":0.00443734607843,"6":0.031061422549,"7":0.0221867303922,"8":1.22470751765,"9":0.683351296078,"10":1.35339055392,"11":5.72861378725},"bb":{"7":0.07932975,"10":null},"ie_mob":{"10":0.119386420168,"11":0.526385579832},"edge":{"12":0.279279,"13":0.407836,"14":0},"and_uc":{"0":12.436678},"op_mini":{"5.0-8.0":3.7533917264},"and_chr":{"0":25.11429},"and_ff":{"0":0.11134}},"total":98.3023144039}