{"id":"BI","name":"Burundi","month":"2016-01","access_date":"2016-02-03","data":{"firefox":{"2":0.007098,"3":0.063882,"3.5":0,"3.6":0.042588,"4":0.004732,"5":0.002366,"6":0.005915,"7":0.017745,"8":0.004732,"9":0.005915,"10":0.022477,"11":0.052052,"12":0.083993,"13":0.034307,"14":0.004732,"15":0.008281,"16":0.027209,"17":0.015379,"18":0.002366,"19":0.005915,"20":0.030758,"21":0.003549,"22":0.015379,"23":0.009464,"24":0.015379,"25":0.009464,"26":0.010647,"27":0.003549,"28":0.036673,"29":0.02366,"30":0.028392,"31":0.111202,"32":0.030758,"33":0.05915,"34":0.057967,"35":0.061516,"36":0.026026,"37":0.061516,"38":0.018928,"39":0.054418,"40":0.037856,"41":0.069797,"42":0.229502,"43":3.05214,"44":0.357266,"45":0.004732,"46":0.001183,"47":0},"chrome":{"4":0,"5":0,"6":0,"7":0,"8":0.054418,"9":0.001183,"10":0.001183,"11":0.004732,"12":0.015379,"13":0,"14":0,"15":0,"16":0.001183,"17":0,"18":0.001183,"19":0,"20":0,"21":0,"22":0.001183,"23":0.002366,"24":0,"25":0.008281,"26":0.004732,"27":0,"28":0,"29":0.001183,"30":0.001183,"31":0.048503,"32":0.001183,"33":0.007098,"34":0.007098,"35":0.003549,"36":0.026026,"37":0.04732,"38":0,"39":0.003549,"40":0.003549,"41":0.002366,"42":0.026026,"43":0.042588,"44":0.061516,"45":0.09464,"46":0.040222,"47":2.797795,"48":0.257894,"49":0.024843,"50":0.002366,"51":0},"opera":{"9":0,"9.5-9.6":0,"10.0-10.1":0.004732,"10.5":0.001183,"10.6":0,"11":0.003549,"11.1":0,"11.5":0,"11.6":0.005915,"12":0,"12.1":0.013013,"15":0.001183,"16":0,"17":0.001183,"18":0.002366,"19":0,"20":0.002366,"21":0.009464,"22":0,"23":0,"24":0,"25":0,"26":0,"27":0,"28":0.007098,"29":0.002366,"30":0.015379,"31":0,"32":0.021294,"33":0.037856,"34":0.548912,"35":0.002366,"36":0.001183},"safari":{"3.1":0,"3.2":0,"4":0.001183,"5":0.001183,"5.1":0.013013,"6":0.008281,"6.1":0.034307,"7":0.015379,"7.1":0.003549,"8":0.026026,"9":0.101738,"9.1":0},"android":{"2.1":0,"2.2":0,"2.3":0.0188678121148,"3":0,"4":0.078419344102,"4.1":0.268276703507,"4.2-4.3":0.597284177258,"4.4":1.18867216323,"4.4.3-4.4.4":0.622637799787,"47":null},"ios_saf":{"3.2":0,"4.0-4.1":0,"4.2-4.3":0,"5.0-5.1":0,"6.0-6.1":0,"7.0-7.1":0.0405755969919,"8":0.00284556134748,"8.1-8.4":0.11593027712,"9.0-9.2":0.863680564541,"9.3":null},"op_mob":{"10":0,"11":0,"11.1":0,"11.5":0,"12":0.00559086178336,"12.1":0.00559086178336,"0":0.296315674518},"ie":{"5.5":0,"6":0.00714243192488,"7":0.00714243192488,"8":0.230938632238,"9":0.107136478873,"10":0.179751203443,"11":0.985655605634},"bb":{"7":0.02865525,"10":null},"ie_mob":{"10":0.0945419495798,"11":0.41684405042},"edge":{"12":0.068614,"13":0.049686,"14":0},"and_uc":{"0":5.069775},"op_mini":{"5.0-8.0":74.6193686019},"and_chr":{"0":3.47706},"and_ff":{"0":0.017634}},"total":98.779575034}