{"id":"BJ","name":"Benin","month":"2016-01","access_date":"2016-02-03","data":{"firefox":{"2":0.002117,"3":0.196881,"3.5":0.010585,"3.6":0.025404,"4":0.019053,"5":0.004234,"6":0.004234,"7":0.016936,"8":0.006351,"9":0.019053,"10":0.004234,"11":0.061393,"12":0.065627,"13":0.010585,"14":0.035989,"15":0.071978,"16":0.038106,"17":0.016936,"18":0.010585,"19":0.025404,"20":0.029638,"21":0.023287,"22":0.02117,"23":0.012702,"24":0.029638,"25":0.029638,"26":0.025404,"27":0.027521,"28":0.033872,"29":0.059276,"30":0.086797,"31":0.099499,"32":0.103733,"33":0.050808,"34":0.031755,"35":0.186296,"36":0.046574,"37":0.061393,"38":0.088914,"39":0.10585,"40":0.103733,"41":0.122786,"42":0.302731,"43":3.971492,"44":0.328135,"45":0.02117,"46":0.002117,"47":0},"chrome":{"4":0.014819,"5":0.004234,"6":0.050808,"7":0.006351,"8":0.008468,"9":0.004234,"10":0.027521,"11":0.046574,"12":0.06351,"13":0.016936,"14":0.027521,"15":0.025404,"16":0.019053,"17":0.002117,"18":0.004234,"19":0.002117,"20":0,"21":0.006351,"22":0.008468,"23":0.012702,"24":0.002117,"25":0.029638,"26":0.027521,"27":0.038106,"28":0.014819,"29":0.025404,"30":0.010585,"31":0.052925,"32":0.006351,"33":0.143956,"34":0.035989,"35":0.012702,"36":0.038106,"37":0.027521,"38":0.02117,"39":0.071978,"40":0.06351,"41":0.035989,"42":0.110084,"43":0.093148,"44":0.213817,"45":0.209583,"46":0.201115,"47":7.015738,"48":0.662621,"49":0.029638,"50":0.004234,"51":0},"opera":{"9":0,"9.5-9.6":0,"10.0-10.1":0,"10.5":0.002117,"10.6":0,"11":0.002117,"11.1":0.004234,"11.5":0.004234,"11.6":0.008468,"12":0.002117,"12.1":0.071978,"15":0.004234,"16":0.002117,"17":0.002117,"18":0.006351,"19":0.006351,"20":0.012702,"21":0.006351,"22":0,"23":0.002117,"24":0.002117,"25":0.004234,"26":0,"27":0.002117,"28":0.008468,"29":0.019053,"30":0.006351,"31":0.002117,"32":0.008468,"33":0.04234,"34":0.641451,"35":0.019053,"36":0},"safari":{"3.1":0,"3.2":0,"4":0.004234,"5":0.006351,"5.1":0.033872,"6":0.002117,"6.1":0.006351,"7":0.116435,"7.1":0.012702,"8":0.029638,"9":0.152424,"9.1":0},"android":{"2.1":0,"2.2":0,"2.3":0.0343755902232,"3":0,"4":0.142873546865,"4.1":0.488777923486,"4.2-4.3":1.088202278,"4.4":2.16566218406,"4.4.3-4.4.4":1.13439447736,"47":null},"ios_saf":{"3.2":0,"4.0-4.1":0,"4.2-4.3":0,"5.0-5.1":0,"6.0-6.1":0,"7.0-7.1":0.0397085041722,"8":0.00278475224065,"8.1-8.4":0.113452869064,"9.0-9.2":0.845223874524,"9.3":null},"op_mob":{"10":0,"11":0,"11.1":0,"11.5":0,"12":0.00429217144634,"12.1":0.00429217144634,"0":0.227485086656},"ie":{"5.5":0,"6":0.0127228571429,"7":0.00424095238095,"8":0.271420952381,"9":0.08906,"10":0.218409047619,"11":0.678552380952},"bb":{"7":0.07291775,"10":null},"ie_mob":{"10":0.250666151261,"11":1.10520984874},"edge":{"12":0.080446,"13":0.059276,"14":0},"and_uc":{"0":7.96183},"op_mini":{"5.0-8.0":57.2861815705},"and_chr":{"0":6.216264},"and_ff":{"0":0.070947}},"total":98.1285689405}