{"id":"BR","name":"Brazil","month":"2016-01","access_date":"2016-02-03","data":{"firefox":{"2":0,"3":0.007069,"3.5":0,"3.6":0.014138,"4":0.007069,"5":0,"6":0.021207,"7":0,"8":0,"9":0,"10":0.007069,"11":0.007069,"12":0.014138,"13":0.007069,"14":0.007069,"15":0.007069,"16":0.014138,"17":0.014138,"18":0.007069,"19":0.007069,"20":0.014138,"21":0.042414,"22":0.014138,"23":0.021207,"24":0.028276,"25":0.014138,"26":0.007069,"27":0.014138,"28":0.014138,"29":0.021207,"30":0.021207,"31":0.106035,"32":0.014138,"33":0.028276,"34":0.021207,"35":0.028276,"36":0.035345,"37":0.07069,"38":0.183794,"39":0.091897,"40":0.084828,"41":0.120173,"42":0.233277,"43":5.605717,"44":0.332243,"45":0.014138,"46":0.007069,"47":0},"chrome":{"4":0,"5":0,"6":0,"7":0,"8":0,"9":0,"10":0,"11":0.014138,"12":0.007069,"13":0,"14":0,"15":0,"16":0,"17":0,"18":0.014138,"19":0,"20":0,"21":0.007069,"22":0.035345,"23":0.007069,"24":0.007069,"25":0.021207,"26":0.021207,"27":0.021207,"28":0.014138,"29":0.028276,"30":0.007069,"31":0.049483,"32":0.056552,"33":0.148449,"34":0.056552,"35":0.07069,"36":0.219139,"37":0.091897,"38":0.077759,"39":0.113104,"40":0.120173,"41":0.127242,"42":0.190863,"43":0.940177,"44":0.367588,"45":0.466554,"46":0.784659,"47":43.149176,"48":4.290883,"49":0.183794,"50":0.021207,"51":0},"opera":{"9":0,"9.5-9.6":0,"10.0-10.1":0,"10.5":0,"10.6":0,"11":0,"11.1":0,"11.5":0,"11.6":0.007069,"12":0.014138,"12.1":0.042414,"15":0,"16":0,"17":0,"18":0,"19":0,"20":0,"21":0,"22":0,"23":0,"24":0,"25":0,"26":0,"27":0,"28":0.056552,"29":0.007069,"30":0.007069,"31":0.014138,"32":0.035345,"33":0.035345,"34":0.615003,"35":0.007069,"36":0},"safari":{"3.1":0,"3.2":0,"4":0.007069,"5":0.021207,"5.1":0.049483,"6":0.007069,"6.1":0.035345,"7":0.035345,"7.1":0.035345,"8":0.190863,"9":0.742245,"9.1":0.007069},"android":{"2.1":0,"2.2":0,"2.3":0.0307180004251,"3":0,"4":0.127671689267,"4.1":0.436771568544,"4.2-4.3":0.972416700956,"4.4":1.93523402678,"4.4.3-4.4.4":1.01369401403,"47":null},"ios_saf":{"3.2":0,"4.0-4.1":0,"4.2-4.3":0,"5.0-5.1":0,"6.0-6.1":0,"7.0-7.1":0.170662087669,"8":0.0119685100443,"8.1-8.4":0.487605964768,"9.0-9.2":3.63266443752,"9.3":null},"op_mob":{"10":0,"11":0,"11.1":0,"11.5":0,"12":6.23306802636e-5,"12.1":6.23306802636e-5,"0":0.00330352605397},"ie":{"5.5":0,"6":0.0145249890511,"7":0.0145249890511,"8":0.522899605839,"9":0.413962187956,"10":0.384912209854,"11":2.59997304015},"bb":{"7":0.0102585,"10":null},"ie_mob":{"10":0.269849042017,"11":1.18978895798},"edge":{"12":0.296898,"13":0.537244,"14":0},"and_uc":{"0":1.072746},"op_mini":{"5.0-8.0":0.831906812585},"and_chr":{"0":20.766519},"and_ff":{"0":0.020517}},"total":98.8031055219}