{"id":"BS","name":"Bahamas","month":"2016-01","access_date":"2016-02-03","data":{"firefox":{"2":0,"3":0,"3.5":0,"3.6":0.00686,"4":0,"5":0,"6":0,"7":0,"8":0.00686,"9":0,"10":0,"11":0,"12":0.02744,"13":0.01372,"14":0,"15":0.00686,"16":0.04116,"17":0.00686,"18":0,"19":0,"20":0,"21":0.00686,"22":0,"23":0,"24":0.00686,"25":0,"26":0.01372,"27":0,"28":0.00686,"29":0,"30":0.00686,"31":0.0343,"32":0.00686,"33":0.00686,"34":0.02058,"35":0.00686,"36":0.01372,"37":0.02744,"38":0.06174,"39":0.04802,"40":0.0686,"41":0.04802,"42":0.16464,"43":3.97194,"44":0.2401,"45":0.00686,"46":0,"47":0},"chrome":{"4":0,"5":0,"6":0,"7":0,"8":0,"9":0,"10":0,"11":0.04116,"12":0.00686,"13":0,"14":0,"15":0,"16":0,"17":0,"18":0.00686,"19":0,"20":0.00686,"21":0.04116,"22":0.02058,"23":0,"24":0,"25":0.00686,"26":0.00686,"27":0.01372,"28":0.00686,"29":0.00686,"30":0.00686,"31":0.06174,"32":0.00686,"33":0.06174,"34":0.02744,"35":0.04116,"36":0.0343,"37":0.04802,"38":0.04116,"39":0.07546,"40":0.0343,"41":0.05488,"42":0.12348,"43":0.15778,"44":0.11662,"45":0.4116,"46":0.3087,"47":25.25852,"48":1.8522,"49":0.0686,"50":0.00686,"51":0},"opera":{"9":0,"9.5-9.6":0,"10.0-10.1":0.00686,"10.5":0,"10.6":0,"11":0,"11.1":0,"11.5":0,"11.6":0,"12":0,"12.1":0.02744,"15":0,"16":0,"17":0,"18":0,"19":0,"20":0,"21":0,"22":0,"23":0,"24":0,"25":0,"26":0,"27":0.00686,"28":0.01372,"29":0.04116,"30":0.10976,"31":0,"32":0.00686,"33":0.02058,"34":0.42532,"35":0,"36":0},"safari":{"3.1":0,"3.2":0,"4":0.06174,"5":0.04802,"5.1":0.31556,"6":0.04802,"6.1":0.26754,"7":0.09604,"7.1":0.09604,"8":0.52822,"9":2.38042,"9.1":0.00686},"android":{"2.1":0,"2.2":0,"2.3":0.0448590350691,"3":0,"4":0.186445364506,"4.1":0.637839404888,"4.2-4.3":1.42006882891,"4.4":2.82611920935,"4.4.3-4.4.4":1.48034815728,"47":null},"ios_saf":{"3.2":0,"4.0-4.1":0,"4.2-4.3":0,"5.0-5.1":0,"6.0-6.1":0,"7.0-7.1":0.595638271351,"8":0.0417720346142,"8.1-8.4":1.70182363243,"9.0-9.2":12.6785860616,"9.3":null},"op_mob":{"10":0,"11":0,"11.1":0,"11.5":0,"12":1.05434647432e-5,"12.1":1.05434647432e-5,"0":0.000558803631389},"ie":{"5.5":0,"6":0.0068677733711,"7":0.0549421869688,"8":0.611231830028,"9":0.542554096317,"10":0.920281631728,"11":9.9582713881},"bb":{"7":0.085565,"10":null},"ie_mob":{"10":0.173570756303,"11":0.765289243697},"edge":{"12":0.90552,"13":2.27752,"14":0},"and_uc":{"0":0.25434},"op_mini":{"5.0-8.0":0.140720109439},"and_chr":{"0":21.59134},"and_ff":{"0":0.02198}},"total":98.2714739065}