{"id":"BY","name":"Belarus","month":"2016-01","access_date":"2016-02-03","data":{"firefox":{"2":0.008252,"3":0.024756,"3.5":0.033008,"3.6":0.090772,"4":0.04126,"5":0.008252,"6":0.024756,"7":0.033008,"8":0.008252,"9":0.008252,"10":0.016504,"11":0.016504,"12":0.024756,"13":0.008252,"14":0.008252,"15":0.008252,"16":0.008252,"17":0.008252,"18":0.008252,"19":0.016504,"20":0.016504,"21":0.016504,"22":0.008252,"23":0.016504,"24":0.016504,"25":0.016504,"26":0.016504,"27":0.024756,"28":0.024756,"29":0.016504,"30":0.024756,"31":0.033008,"32":0.024756,"33":0.04126,"34":0.057764,"35":0.049512,"36":0.049512,"37":0.090772,"38":0.156788,"39":0.090772,"40":0.12378,"41":0.181544,"42":0.313576,"43":7.567084,"44":0.404348,"45":0.024756,"46":0,"47":0.008252},"chrome":{"4":0.016504,"5":0.008252,"6":0.016504,"7":0.008252,"8":0.024756,"9":0.008252,"10":0.016504,"11":0.04126,"12":0.033008,"13":0.066016,"14":0.016504,"15":0.024756,"16":0.024756,"17":0.024756,"18":0.049512,"19":0.008252,"20":0.008252,"21":0.024756,"22":0.115528,"23":0.016504,"24":0.04126,"25":0.024756,"26":0.090772,"27":0.04126,"28":0.04126,"29":0.04126,"30":0.016504,"31":0.099024,"32":0.024756,"33":0.057764,"34":0.08252,"35":0.049512,"36":0.066016,"37":0.057764,"38":0.057764,"39":0.090772,"40":0.189796,"41":0.107276,"42":0.099024,"43":0.363088,"44":0.404348,"45":0.627152,"46":0.561136,"47":32.14154,"48":3.036736,"49":0.569388,"50":0.024756,"51":0},"opera":{"9":0,"9.5-9.6":0.016504,"10.0-10.1":0.024756,"10.5":0.008252,"10.6":0.016504,"11":0.024756,"11.1":0.016504,"11.5":0.033008,"11.6":0.16504,"12":0.2063,"12.1":2.665396,"15":0.016504,"16":0.057764,"17":0.024756,"18":0.049512,"19":0.033008,"20":0.057764,"21":0.024756,"22":0.033008,"23":0.016504,"24":0.033008,"25":0.049512,"26":0.049512,"27":0.049512,"28":0.099024,"29":0.066016,"30":0.189796,"31":0.12378,"32":0.140284,"33":0.24756,"34":12.658568,"35":0.08252,"36":0.024756},"safari":{"3.1":0,"3.2":0,"4":0.016504,"5":0.033008,"5.1":0.057764,"6":0.016504,"6.1":0.04126,"7":0.024756,"7.1":0.016504,"8":0.140284,"9":0.759184,"9.1":0.008252},"android":{"2.1":0,"2.2":0,"2.3":0.0259637594049,"3":0,"4":0.107911875027,"4.1":0.369172204038,"4.2-4.3":0.821915258661,"4.4":1.63571684251,"4.4.3-4.4.4":0.856804060361,"47":null},"ios_saf":{"3.2":0,"4.0-4.1":0,"4.2-4.3":0,"5.0-5.1":0,"6.0-6.1":0,"7.0-7.1":0.157131084784,"8":0.0110195825693,"8.1-8.4":0.448945956526,"9.0-9.2":3.34464737612,"9.3":null},"op_mob":{"10":0,"11":0,"11.1":0,"11.5":0,"12":0.000159256908345,"12.1":0.000159256908345,"0":0.00844061614227},"ie":{"5.5":0,"6":0.0686754123223,"7":0.0429221327014,"8":0.970040199052,"9":0.274701649289,"10":0.30903935545,"11":1.82848285308},"bb":{"7":0.003933,"10":null},"ie_mob":{"10":0.127324907563,"11":0.561387092437},"edge":{"12":0.173292,"13":0.255812,"14":0},"and_uc":{"0":0.632776},"op_mini":{"5.0-8.0":2.12554887004},"and_chr":{"0":11.081208},"and_ff":{"0":0.015732}},"total":94.0572946019}