{"id":"CD","name":"Congo, Democratic Republic of the","month":"2016-01","access_date":"2016-02-03","data":{"firefox":{"2":0.000294,"3":0.034104,"3.5":0.001764,"3.6":0.003234,"4":0.002646,"5":0.000882,"6":0.000588,"7":0.001176,"8":0.000882,"9":0.000882,"10":0.001176,"11":0.00294,"12":0.003234,"13":0.002352,"14":0.004998,"15":0.002352,"16":0.002352,"17":0.002058,"18":0.000882,"19":0.002646,"20":0.003822,"21":0.003528,"22":0.001176,"23":0.001764,"24":0.00294,"25":0.001764,"26":0.001764,"27":0.00294,"28":0.00441,"29":0.004998,"30":0.006762,"31":0.003822,"32":0.004116,"33":0.004116,"34":0.003234,"35":0.00441,"36":0.002646,"37":0.007938,"38":0.010584,"39":0.009996,"40":0.00882,"41":0.01176,"42":0.044688,"43":0.346332,"44":0.02499,"45":0.001764,"46":0.000294,"47":0},"chrome":{"4":0.000294,"5":0.001176,"6":0.000294,"7":0,"8":0.000882,"9":0,"10":0.000294,"11":0.018228,"12":0.000588,"13":0.000294,"14":0.002352,"15":0,"16":0.000588,"17":0,"18":0.000588,"19":0.000294,"20":0,"21":0.001176,"22":0.000294,"23":0.002646,"24":0,"25":0.000882,"26":0.003822,"27":0.000588,"28":0.000882,"29":0.00147,"30":0.007056,"31":0.009996,"32":0.000588,"33":0.009702,"34":0.001176,"35":0.003822,"36":0.003234,"37":0.001176,"38":0.002058,"39":0.001764,"40":0.002646,"41":0.00441,"42":0.007938,"43":0.012348,"44":0.01029,"45":0.0147,"46":0.01323,"47":0.501564,"48":0.048216,"49":0.002646,"50":0.000294,"51":0},"opera":{"9":0,"9.5-9.6":0.000882,"10.0-10.1":0.000588,"10.5":0,"10.6":0.000882,"11":0.01617,"11.1":0.000588,"11.5":0.001764,"11.6":0.003528,"12":0.001764,"12.1":0.106134,"15":0.000588,"16":0.000588,"17":0.000588,"18":0.000882,"19":0.000294,"20":0.001176,"21":0.000882,"22":0.000882,"23":0.000588,"24":0,"25":0,"26":0.003234,"27":0.000882,"28":0.003528,"29":0.006174,"30":0.006174,"31":0.000882,"32":0.006762,"33":0.013818,"34":0.128478,"35":0.000294,"36":0.000294},"safari":{"3.1":0,"3.2":0,"4":0.000882,"5":0.00147,"5.1":0.003528,"6":0.000294,"6.1":0.001176,"7":0.003234,"7.1":0.004704,"8":0.019698,"9":0.028224,"9.1":0},"android":{"2.1":0,"2.2":0,"2.3":0.0171411859724,"3":0,"4":0.0712430541977,"4.1":0.243726238045,"4.2-4.3":0.542625668438,"4.4":1.07989471626,"4.4.3-4.4.4":0.565659137088,"47":null},"ios_saf":{"3.2":0,"4.0-4.1":0,"4.2-4.3":0,"5.0-5.1":0,"6.0-6.1":0,"7.0-7.1":0.0160156351087,"8":0.00112317441022,"8.1-8.4":0.0457589574534,"9.0-9.2":0.340904233028,"9.3":null},"op_mob":{"10":0,"11":0,"11.1":0,"11.5":0,"12":0.00650872941176,"12.1":0.00650872941176,"0":0.344962658824},"ie":{"5.5":0,"6":0.00118309859155,"7":0.00295774647887,"8":0.047323943662,"9":0.0118309859155,"10":0.0538309859155,"11":0.169183098592},"bb":{"7":0.0363975,"10":null},"ie_mob":{"10":0.161494789916,"11":0.712045210084},"edge":{"12":0.014112,"13":0.01176,"14":0},"and_uc":{"0":3.49416},"op_mini":{"5.0-8.0":86.8698418824},"and_chr":{"0":2.012634},"and_ff":{"0":0.029118}},"total":98.5757493592}