{"id":"CH","name":"Switzerland","month":"2016-01","access_date":"2016-02-03","data":{"firefox":{"2":0,"3":0.007297,"3.5":0,"3.6":0.021891,"4":0.007297,"5":0,"6":0.007297,"7":0,"8":0,"9":0,"10":0.007297,"11":0.007297,"12":0.021891,"13":0.007297,"14":0.007297,"15":0.007297,"16":0.036485,"17":0.014594,"18":0.007297,"19":0.007297,"20":0.007297,"21":0.036485,"22":0.007297,"23":0.014594,"24":0.029188,"25":0.014594,"26":0.014594,"27":0.014594,"28":0.021891,"29":0.021891,"30":0.021891,"31":0.109455,"32":0.014594,"33":0.036485,"34":0.043782,"35":0.07297,"36":0.058376,"37":0.080267,"38":0.452414,"39":0.138643,"40":0.21891,"41":0.21891,"42":0.51079,"43":10.500383,"44":0.839155,"45":0.014594,"46":0.007297,"47":0},"chrome":{"4":0,"5":0,"6":0,"7":0,"8":0,"9":0,"10":0,"11":0.021891,"12":0,"13":0,"14":0,"15":0,"16":0,"17":0,"18":0,"19":0,"20":0,"21":0.007297,"22":0.043782,"23":0,"24":0,"25":0.007297,"26":0.014594,"27":0.014594,"28":0.007297,"29":0.014594,"30":0.007297,"31":0.051079,"32":0.014594,"33":0.043782,"34":0.043782,"35":0.087564,"36":0.029188,"37":0.021891,"38":0.043782,"39":0.094861,"40":0.036485,"41":0.109455,"42":0.160534,"43":0.116752,"44":0.131346,"45":0.248098,"46":0.269989,"47":14.893177,"48":1.999378,"49":0.043782,"50":0.007297,"51":0},"opera":{"9":0,"9.5-9.6":0,"10.0-10.1":0,"10.5":0,"10.6":0,"11":0,"11.1":0,"11.5":0,"11.6":0.007297,"12":0.007297,"12.1":0.094861,"15":0,"16":0,"17":0,"18":0,"19":0,"20":0,"21":0,"22":0,"23":0,"24":0,"25":0,"26":0,"27":0,"28":0.036485,"29":0,"30":0.007297,"31":0.007297,"32":0.007297,"33":0.007297,"34":0.569166,"35":0.007297,"36":0},"safari":{"3.1":0,"3.2":0,"4":0.036485,"5":0.175128,"5.1":0.693215,"6":0.087564,"6.1":0.532681,"7":0.204316,"7.1":0.197019,"8":1.211302,"9":6.034619,"9.1":0.014594},"android":{"2.1":0,"2.2":0,"2.3":0.0171730227418,"3":0,"4":0.0713753757705,"4.1":0.244178917109,"4.2-4.3":0.543633501169,"4.4":1.08190043273,"4.4.3-4.4.4":0.566709750478,"47":null},"ios_saf":{"3.2":0,"4.0-4.1":0,"4.2-4.3":0,"5.0-5.1":0,"6.0-6.1":0,"7.0-7.1":0.897776847636,"8":0.0629609737303,"8.1-8.4":2.56507670753,"9.0-9.2":19.1098214711,"9.3":null},"op_mob":{"10":0,"11":0,"11.1":0,"11.5":0,"12":5.24397463002e-6,"12.1":5.24397463002e-6,"0":0.000277930655391},"ie":{"5.5":0,"6":0.00730937303942,"7":0.0219281191183,"8":0.277756175498,"9":0.840577899534,"10":0.920981002967,"11":15.1450209377},"bb":{"7":0.016218,"10":null},"ie_mob":{"10":0.101941714286,"11":0.449470285714},"edge":{"12":0.642136,"13":1.802359,"14":0},"and_uc":{"0":0.059466},"op_mini":{"5.0-8.0":0.0699895813953},"and_chr":{"0":9.56415},"and_ff":{"0":0.040545}},"total":97.3338895078}