{"id":"CM","name":"Cameroon","month":"2016-01","access_date":"2016-02-03","data":{"firefox":{"2":0.021749,"3":0.43498,"3.5":0.018642,"3.6":0.074568,"4":0.024856,"5":0.015535,"6":0.021749,"7":0.012428,"8":0.021749,"9":0.015535,"10":0.074568,"11":0.049712,"12":0.111852,"13":0.071461,"14":0.068354,"15":0.077675,"16":0.083889,"17":0.105638,"18":0.037284,"19":0.055926,"20":0.096317,"21":0.074568,"22":0.068354,"23":0.071461,"24":0.071461,"25":0.121173,"26":0.099424,"27":0.06214,"28":0.071461,"29":0.201955,"30":0.313807,"31":0.233025,"32":0.183313,"33":0.220597,"34":0.167778,"35":0.270309,"36":0.180206,"37":0.292058,"38":0.422552,"39":0.394589,"40":0.410124,"41":0.587223,"42":0.835783,"43":8.227336,"44":0.991133,"45":0.074568,"46":0.024856,"47":0.003107},"chrome":{"4":0.012428,"5":0.009321,"6":0.003107,"7":0.006214,"8":0.003107,"9":0.003107,"10":0.018642,"11":0.090103,"12":0.03107,"13":0.018642,"14":0.009321,"15":0.012428,"16":0.021749,"17":0.003107,"18":0.003107,"19":0.006214,"20":0,"21":0.009321,"22":0.006214,"23":0.009321,"24":0.003107,"25":0.024856,"26":0.015535,"27":0.009321,"28":0.018642,"29":0.03107,"30":0.015535,"31":0.099424,"32":0.012428,"33":0.03107,"34":0.015535,"35":0.037284,"36":0.027963,"37":0.012428,"38":0.015535,"39":0.034177,"40":0.059033,"41":0.027963,"42":0.105638,"43":0.189527,"44":0.201955,"45":0.198848,"46":0.167778,"47":5.620563,"48":0.462943,"49":0.065247,"50":0.003107,"51":0},"opera":{"9":0,"9.5-9.6":0,"10.0-10.1":0,"10.5":0,"10.6":0,"11":0.003107,"11.1":0,"11.5":0.006214,"11.6":0.018642,"12":0.012428,"12.1":0.052819,"15":0.006214,"16":0.003107,"17":0.003107,"18":0.012428,"19":0.009321,"20":0.012428,"21":0.003107,"22":0.009321,"23":0.003107,"24":0.003107,"25":0.006214,"26":0.003107,"27":0.003107,"28":0.018642,"29":0.018642,"30":0.040391,"31":0.015535,"32":0.03107,"33":0.055926,"34":0.748787,"35":0.009321,"36":0},"safari":{"3.1":0,"3.2":0,"4":0.012428,"5":0.018642,"5.1":0.015535,"6":0.021749,"6.1":0.018642,"7":0.015535,"7.1":0.009321,"8":0.03107,"9":0.133601,"9.1":0},"android":{"2.1":0,"2.2":0,"2.3":0.0693575821467,"3":0,"4":0.288267450797,"4.1":0.986178121148,"4.2-4.3":2.19560095983,"4.4":4.36952767524,"4.4.3-4.4.4":2.28880021084,"47":null},"ios_saf":{"3.2":0,"4.0-4.1":0,"4.2-4.3":0,"5.0-5.1":0,"6.0-6.1":0,"7.0-7.1":0.0585073081282,"8":0.00410310992068,"8.1-8.4":0.167163737509,"9.0-9.2":1.24536984444,"9.3":null},"op_mob":{"10":0,"11":0,"11.1":0,"11.5":0,"12":0.0020352394727,"12.1":0.0020352394727,"0":0.107867692053},"ie":{"5.5":0,"6":0.0249760772947,"7":0.0530741642512,"8":0.349665082126,"9":0.0999043091787,"10":0.277858859903,"11":1.11455744928},"bb":{"7":0.144753,"10":null},"ie_mob":{"10":0.251044218487,"11":1.10687678151},"edge":{"12":0.167778,"13":0.086996,"14":0},"and_uc":{"0":16.040011},"op_mini":{"5.0-8.0":27.163662829},"and_chr":{"0":12.450181},"and_ff":{"0":0.48251}},"total":96.936247942}