{"id":"CN","name":"China","month":"2016-01","access_date":"2016-02-03","data":{"firefox":{"2":0,"3":0.02962,"3.5":0,"3.6":0.011848,"4":0.011848,"5":0.005924,"6":0.005924,"7":0,"8":0.746424,"9":0,"10":0,"11":0.005924,"12":0,"13":0,"14":0.011848,"15":0.005924,"16":0,"17":0.005924,"18":0,"19":0,"20":0,"21":0.17772,"22":0.02962,"23":0.02962,"24":0.02962,"25":0.035544,"26":0,"27":0.017772,"28":0.017772,"29":0.017772,"30":0.005924,"31":0.112556,"32":0.005924,"33":0.011848,"34":0.005924,"35":0.011848,"36":0.011848,"37":0.171796,"38":0.041468,"39":0.023696,"40":0.082936,"41":0.02962,"42":0.071088,"43":1.3329,"44":0.065164,"45":0,"46":0,"47":0},"chrome":{"4":0,"5":0,"6":0,"7":0,"8":0,"9":0,"10":0,"11":0.106632,"12":0,"13":0,"14":0.005924,"15":0,"16":0.005924,"17":0.041468,"18":0.011848,"19":0,"20":0.071088,"21":0.165872,"22":0.011848,"23":0.011848,"24":0.017772,"25":0.017772,"26":0.071088,"27":0.08886,"28":0.05924,"29":0.082936,"30":0.142176,"31":14.270916,"32":0.112556,"33":0.130328,"34":0.100708,"35":0.100708,"36":0.1481,"37":0.077012,"38":0.11848,"39":1.68834,"40":0.065164,"41":0.438376,"42":2.446612,"43":0.23696,"44":1.018928,"45":6.27944,"46":0.764196,"47":1.907528,"48":0.17772,"49":0.053316,"50":0,"51":0},"opera":{"9":0,"9.5-9.6":0.005924,"10.0-10.1":0,"10.5":0,"10.6":0,"11":0,"11.1":0,"11.5":0,"11.6":0.017772,"12":0.035544,"12.1":0.053316,"15":0,"16":0,"17":0,"18":0,"19":0,"20":0,"21":0,"22":0,"23":0,"24":0,"25":0,"26":0,"27":0,"28":0.26658,"29":0,"30":0,"31":0,"32":0,"33":0.005924,"34":0.159948,"35":0,"36":0},"safari":{"3.1":0,"3.2":0,"4":0.02962,"5":0.047392,"5.1":0.02962,"6":0.005924,"6.1":0.011848,"7":0.02962,"7.1":0.011848,"8":0.094784,"9":0.420604,"9.1":0},"android":{"2.1":0,"2.2":0,"2.3":0.074995866525,"3":0,"4":0.311701570244,"4.1":1.06634747715,"4.2-4.3":2.37408789968,"4.4":4.72473959107,"4.4.3-4.4.4":2.47486359532,"47":null},"ios_saf":{"3.2":0,"4.0-4.1":0,"4.2-4.3":0,"5.0-5.1":0,"6.0-6.1":0,"7.0-7.1":0.318146516947,"8":0.0223115739157,"8.1-8.4":0.908990048419,"9.0-9.2":6.77197586072,"9.3":null},"op_mob":{"10":0,"11":0,"11.1":0,"11.5":0,"12":3.64969531153e-6,"12.1":3.64969531153e-6,"0":0.000193433851511},"ie":{"5.5":0,"6":0.666816382628,"7":0.0940382078065,"8":6.62541918637,"9":2.55612946674,"10":1.20539884552,"11":4.28301291919},"bb":{"7":0.031589,"10":null},"ie_mob":{"10":0.0504875966387,"11":0.222604403361},"edge":{"12":0.213264,"13":0.408756,"14":0},"and_uc":{"0":12.929072},"op_mini":{"5.0-8.0":0.0487112667579},"and_chr":{"0":9.749116},"and_ff":{"0":0.028532}},"total":93.6164480082}