{"id":"DE","name":"Germany","month":"2016-01","access_date":"2016-02-03","data":{"firefox":{"2":0.015104,"3":0.015104,"3.5":0.007552,"3.6":0.060416,"4":0.007552,"5":0.007552,"6":0.007552,"7":0.007552,"8":0.007552,"9":0.007552,"10":0.022656,"11":0.015104,"12":0.045312,"13":0.007552,"14":0.007552,"15":0.015104,"16":0.03776,"17":0.022656,"18":0.015104,"19":0.007552,"20":0.022656,"21":0.022656,"22":0.015104,"23":0.015104,"24":0.052864,"25":0.015104,"26":0.030208,"27":0.022656,"28":0.03776,"29":0.03776,"30":0.045312,"31":0.158592,"32":0.052864,"33":0.098176,"34":0.105728,"35":0.135936,"36":0.11328,"37":0.143488,"38":1.09504,"39":0.498432,"40":0.513536,"41":0.611712,"42":1.668992,"43":19.159424,"44":1.072384,"45":0.030208,"46":0.015104,"47":0},"chrome":{"4":0.007552,"5":0,"6":0,"7":0,"8":0,"9":0,"10":0,"11":0.045312,"12":0.007552,"13":0,"14":0,"15":0,"16":0,"17":0,"18":0.007552,"19":0,"20":0,"21":0.007552,"22":0.060416,"23":0,"24":0.007552,"25":0,"26":0.022656,"27":0.007552,"28":0.015104,"29":0.022656,"30":0.007552,"31":0.07552,"32":0.022656,"33":0.060416,"34":0.090624,"35":0.052864,"36":0.03776,"37":0.249216,"38":0.045312,"39":0.07552,"40":0.07552,"41":0.135936,"42":0.15104,"43":0.166144,"44":0.22656,"45":0.317184,"46":0.385152,"47":18.026624,"48":1.918208,"49":0.067968,"50":0.007552,"51":0},"opera":{"9":0,"9.5-9.6":0,"10.0-10.1":0,"10.5":0,"10.6":0,"11":0,"11.1":0,"11.5":0.007552,"11.6":0.015104,"12":0.007552,"12.1":0.324736,"15":0,"16":0,"17":0,"18":0,"19":0,"20":0,"21":0,"22":0.007552,"23":0,"24":0.007552,"25":0.007552,"26":0,"27":0,"28":0.022656,"29":0.007552,"30":0.015104,"31":0.015104,"32":0.045312,"33":0.045312,"34":1.465088,"35":0.015104,"36":0},"safari":{"3.1":0,"3.2":0,"4":0.03776,"5":0.098176,"5.1":0.26432,"6":0.030208,"6.1":0.166144,"7":0.090624,"7.1":0.083072,"8":0.505984,"9":2.824448,"9.1":0.007552},"android":{"2.1":0,"2.2":0,"2.3":0.0292089198725,"3":0,"4":0.12139957322,"4.1":0.415314329437,"4.2-4.3":0.924644869713,"4.4":1.84016195197,"4.4.3-4.4.4":0.963894355792,"47":null},"ios_saf":{"3.2":0,"4.0-4.1":0,"4.2-4.3":0,"5.0-5.1":0,"6.0-6.1":0,"7.0-7.1":0.446699948491,"8":0.0313270093747,"8.1-8.4":1.27628556712,"9.0-9.2":9.50832747502,"9.3":null},"op_mob":{"10":0,"11":0,"11.1":0,"11.5":0,"12":2.37463002114e-5,"12.1":2.37463002114e-5,"0":0.00125855391121},"ie":{"5.5":0,"6":0.0306037379913,"7":0.0382546724891,"8":0.581471021834,"9":0.619725694323,"10":0.566169152838,"11":8.63790504803},"bb":{"7":0.014076,"10":null},"ie_mob":{"10":0.111332571429,"11":0.490875428571},"edge":{"12":0.60416,"13":1.215872,"14":0},"and_uc":{"0":0.504288},"op_mini":{"5.0-8.0":0.316933953488},"and_chr":{"0":14.132288},"and_ff":{"0":0.07344}},"total":98.1497893275}