{"id":"DJ","name":"Djibouti","month":"2016-01","access_date":"2016-02-03","data":{"firefox":{"2":0.002804,"3":0.04206,"3.5":0.002804,"3.6":0.016824,"4":0.008412,"5":0.002804,"6":0.005608,"7":0.008412,"8":0.008412,"9":0.008412,"10":0.01402,"11":0.022432,"12":0.019628,"13":0.01402,"14":0,"15":0.011216,"16":0.016824,"17":0.008412,"18":0.011216,"19":0.011216,"20":0.008412,"21":0.016824,"22":0.05608,"23":0.019628,"24":0.011216,"25":0.008412,"26":0.008412,"27":0.002804,"28":0.005608,"29":0.047668,"30":0.095336,"31":0.02804,"32":0.011216,"33":0.190672,"34":0.067296,"35":0.050472,"36":0.030844,"37":0.047668,"38":0.061688,"39":0.092532,"40":0.114964,"41":0.089728,"42":0.190672,"43":3.454528,"44":0.642116,"45":0.008412,"46":0,"47":0},"chrome":{"4":0,"5":0,"6":0.002804,"7":0,"8":0,"9":0.386952,"10":0.002804,"11":0.047668,"12":0.01402,"13":0.002804,"14":0.002804,"15":0.002804,"16":0.008412,"17":0,"18":0.002804,"19":0,"20":0.002804,"21":0.005608,"22":0,"23":0.002804,"24":0.002804,"25":0.01402,"26":0.005608,"27":0.005608,"28":0.036452,"29":0.025236,"30":0.036452,"31":0.058884,"32":0.008412,"33":0.047668,"34":0.016824,"35":0.005608,"36":0.011216,"37":0.016824,"38":0.02804,"39":0.05608,"40":0.050472,"41":0.02804,"42":0.120572,"43":1.348724,"44":0.190672,"45":0.319656,"46":0.235536,"47":11.90298,"48":1.14964,"49":0.176652,"50":0.005608,"51":0},"opera":{"9":0,"9.5-9.6":0,"10.0-10.1":0,"10.5":0,"10.6":0.005608,"11":0,"11.1":0,"11.5":0.002804,"11.6":0.011216,"12":0,"12.1":0.05608,"15":0,"16":0,"17":0,"18":0,"19":0,"20":0,"21":0.053276,"22":0,"23":0,"24":0,"25":0,"26":0,"27":0,"28":0.002804,"29":0,"30":0.002804,"31":0.011216,"32":0.002804,"33":0.016824,"34":0.57482,"35":0.002804,"36":0},"safari":{"3.1":0,"3.2":0,"4":0,"5":0.002804,"5.1":0.033648,"6":0.008412,"6.1":0.025236,"7":0.01402,"7.1":0.002804,"8":0.064492,"9":0.30844,"9.1":0.002804},"android":{"2.1":0,"2.2":0,"2.3":0.0550371434644,"3":0,"4":0.228748127524,"4.1":0.782559383634,"4.2-4.3":1.74226957279,"4.4":3.46734003826,"4.4.3-4.4.4":1.81622573433,"47":null},"ios_saf":{"3.2":0,"4.0-4.1":0,"4.2-4.3":0,"5.0-5.1":0,"6.0-6.1":0,"7.0-7.1":0.0893560131864,"8":0.00626652560008,"8.1-8.4":0.255302894818,"9.0-9.2":1.9020065664,"9.3":null},"op_mob":{"10":0,"11":0,"11.1":0,"11.5":0,"12":0.00144653829126,"12.1":0.00144653829126,"0":0.0766665294366},"ie":{"5.5":0,"6":0,"7":0.00280733016627,"8":0.275118356295,"9":0.204935102138,"10":0.230201073634,"11":1.64228814727},"bb":{"7":0.019789,"10":null},"ie_mob":{"10":0.164963764706,"11":0.727340235294},"edge":{"12":0.11216,"13":0.148612,"14":0},"and_uc":{"0":29.57556},"op_mini":{"5.0-8.0":19.306464394},"and_chr":{"0":12.472984},"and_ff":{"0":0.014392}},"total":98.5141710095}