{"id":"DM","name":"Dominica","month":"2016-01","access_date":"2016-02-03","data":{"firefox":{"2":0,"3":0.026092,"3.5":0,"3.6":0,"4":0.006523,"5":0,"6":0.013046,"7":0,"8":0,"9":0,"10":0,"11":0.006523,"12":0,"13":0.006523,"14":0.006523,"15":0.006523,"16":0,"17":0,"18":0.006523,"19":0,"20":0.039138,"21":0,"22":0,"23":0,"24":0.006523,"25":0,"26":0,"27":0,"28":0.052184,"29":0,"30":0.006523,"31":0,"32":0,"33":0,"34":0.013046,"35":0.006523,"36":0.013046,"37":0.032615,"38":0.039138,"39":0.045661,"40":0.032615,"41":0.058707,"42":0.156552,"43":4.422594,"44":0.358765,"45":0.013046,"46":0,"47":0},"chrome":{"4":0,"5":0,"6":0,"7":0,"8":0,"9":0,"10":0,"11":0.045661,"12":0.006523,"13":0,"14":0,"15":0,"16":0,"17":0,"18":0.071753,"19":0,"20":0,"21":0.013046,"22":0.280489,"23":0,"24":0,"25":0,"26":0.032615,"27":0,"28":0.019569,"29":0,"30":0.058707,"31":0.600116,"32":0.704484,"33":0.032615,"34":0.280489,"35":0.019569,"36":0.045661,"37":0.019569,"38":0.019569,"39":0.058707,"40":0.026092,"41":0.019569,"42":0.143506,"43":0.169598,"44":0.241351,"45":0.443564,"46":0.267443,"47":30.253674,"48":2.811413,"49":0.502271,"50":0.026092,"51":0},"opera":{"9":0,"9.5-9.6":0,"10.0-10.1":0,"10.5":0,"10.6":0,"11":0,"11.1":0,"11.5":0,"11.6":0,"12":0,"12.1":0.058707,"15":0,"16":0,"17":0,"18":0,"19":0,"20":0,"21":0,"22":0,"23":0,"24":0,"25":0,"26":0,"27":0.019569,"28":0,"29":0.039138,"30":0.013046,"31":0,"32":0,"33":0.026092,"34":1.200232,"35":0.026092,"36":0},"safari":{"3.1":0,"3.2":0,"4":0.006523,"5":0.019569,"5.1":0.026092,"6":0.013046,"6.1":0.06523,"7":0.110891,"7.1":0.019569,"8":0.397903,"9":1.898193,"9.1":0.019569},"android":{"2.1":0,"2.2":0,"2.3":0.0941172845909,"3":0,"4":0.391174964081,"4.1":1.33823014028,"4.2-4.3":2.97940029033,"4.4":5.92938892922,"4.4.3-4.4.4":3.1058703915,"47":null},"ios_saf":{"3.2":0,"4.0-4.1":0,"4.2-4.3":0,"5.0-5.1":0,"6.0-6.1":0,"7.0-7.1":0.256465368291,"8":0.0179858829711,"8.1-8.4":0.732758195117,"9.0-9.2":5.45904855362,"9.3":null},"op_mob":{"10":0,"11":0,"11.1":0,"11.5":0,"12":2.12745180948e-5,"12.1":2.12745180948e-5,"0":0.00112754945902},"ie":{"5.5":0,"6":0,"7":0.00656920779221,"8":0.197076233766,"9":0.236491480519,"10":0.591228701299,"11":4.52618416883},"bb":{"7":0.21296625,"10":null},"ie_mob":{"10":0.188342369748,"11":0.830418630252},"edge":{"12":1.226324,"13":1.350261,"14":0},"and_uc":{"0":0.76494},"op_mini":{"5.0-8.0":0.283943901505},"and_chr":{"0":19.968377},"and_ff":{"0":0.006954}},"total":97.2438150422}