{"id":"DO","name":"Dominican Republic","month":"2016-01","access_date":"2016-02-03","data":{"firefox":{"2":0.012448,"3":0.049792,"3.5":0.006224,"3.6":0.03112,"4":0.012448,"5":0,"6":0.037344,"7":0.006224,"8":0,"9":0,"10":0.006224,"11":0.006224,"12":0.006224,"13":0,"14":0.006224,"15":0.012448,"16":0.006224,"17":0,"18":0.006224,"19":0,"20":0.037344,"21":0.037344,"22":0.012448,"23":0.012448,"24":0.006224,"25":0.006224,"26":0.006224,"27":0.006224,"28":0.012448,"29":0.012448,"30":0.012448,"31":0.024896,"32":0.018672,"33":0.024896,"34":0.018672,"35":0.024896,"36":0.049792,"37":0.068464,"38":0.118256,"39":0.1556,"40":0.1556,"41":0.130704,"42":0.205392,"43":3.815312,"44":0.211616,"45":0.012448,"46":0,"47":0},"chrome":{"4":0,"5":0,"6":0,"7":0,"8":0,"9":0.006224,"10":0,"11":0.06224,"12":0.012448,"13":0.006224,"14":0.006224,"15":0,"16":0,"17":0,"18":0.018672,"19":0,"20":0,"21":0.018672,"22":0.06224,"23":0.006224,"24":0.006224,"25":0.012448,"26":0.012448,"27":0.024896,"28":0.018672,"29":0.112032,"30":0.012448,"31":0.105808,"32":0.024896,"33":0.037344,"34":0.080912,"35":0.09336,"36":0.143152,"37":0.105808,"38":0.118256,"39":0.242736,"40":0.130704,"41":0.18672,"42":0.261408,"43":0.473024,"44":1.082976,"45":1.36928,"46":1.033184,"47":30.447808,"48":3.2676,"49":0.080912,"50":0.006224,"51":0},"opera":{"9":0,"9.5-9.6":0.006224,"10.0-10.1":0,"10.5":0,"10.6":0,"11":0,"11.1":0,"11.5":0,"11.6":0.006224,"12":0.006224,"12.1":0.1556,"15":0,"16":0,"17":0,"18":0,"19":0,"20":0.006224,"21":0,"22":0,"23":0.006224,"24":0,"25":0,"26":0,"27":0,"28":0.049792,"29":0.012448,"30":0.012448,"31":0.087136,"32":0.056016,"33":0.06224,"34":0.865136,"35":0.012448,"36":0},"safari":{"3.1":0,"3.2":0,"4":0.074688,"5":0.043568,"5.1":0.068464,"6":0.012448,"6.1":0.080912,"7":0.043568,"7.1":0.037344,"8":0.354768,"9":1.331936,"9.1":0},"android":{"2.1":0,"2.2":0,"2.3":0.0588450686504,"3":0,"4":0.244574816578,"4.1":0.836703319872,"4.2-4.3":1.86281420446,"4.4":3.70723932497,"4.4.3-4.4.4":1.94188726546,"47":null},"ios_saf":{"3.2":0,"4.0-4.1":0,"4.2-4.3":0,"5.0-5.1":0,"6.0-6.1":0,"7.0-7.1":0.324873843618,"8":0.0227833604615,"8.1-8.4":0.928210981766,"9.0-9.2":6.91517181415,"9.3":null},"op_mob":{"10":0,"11":0,"11.1":0,"11.5":0,"12":6.08592961074e-5,"12.1":6.08592961074e-5,"0":0.00322554269369},"ie":{"5.5":0,"6":0.0813616090652,"7":0.0295860396601,"8":1.41273339377,"9":0.421601065156,"10":0.613910322946,"11":2.60357149008},"bb":{"7":0.161424,"10":null},"ie_mob":{"10":0.164049747899,"11":0.723310252101},"edge":{"12":0.286304,"13":0.348544,"14":0},"and_uc":{"0":0.411584},"op_mini":{"5.0-8.0":0.812268738714},"and_chr":{"0":24.72536},"and_ff":{"0":0.026432}},"total":98.1534519207}