{"id":"EC","name":"Ecuador","month":"2016-01","access_date":"2016-02-03","data":{"firefox":{"2":0,"3":0.02295,"3.5":0,"3.6":0.0306,"4":0.0153,"5":0.00765,"6":0.02295,"7":0.00765,"8":0,"9":0.00765,"10":0.0153,"11":0.02295,"12":0.0306,"13":0.02295,"14":0.0306,"15":0.02295,"16":0.03825,"17":0.0306,"18":0.0153,"19":0.02295,"20":0.0459,"21":0.03825,"22":0.0153,"23":0.02295,"24":0.03825,"25":0.03825,"26":0.02295,"27":0.02295,"28":0.05355,"29":0.0918,"30":0.06885,"31":0.09945,"32":0.0765,"33":0.11475,"34":0.11475,"35":0.11475,"36":0.1224,"37":0.1683,"38":0.2754,"39":0.28305,"40":0.2754,"41":0.34425,"42":0.55845,"43":11.00835,"44":0.55845,"45":0.0153,"46":0.00765,"47":0},"chrome":{"4":0.0306,"5":0,"6":0,"7":0.00765,"8":0,"9":0.00765,"10":0.00765,"11":0.03825,"12":0.00765,"13":0.00765,"14":0.00765,"15":0,"16":0,"17":0,"18":0.02295,"19":0,"20":0.00765,"21":0.0153,"22":0.17595,"23":0.00765,"24":0.00765,"25":0.0153,"26":0.05355,"27":0.02295,"28":0.00765,"29":0.0306,"30":0.02295,"31":0.06885,"32":0.0459,"33":0.0459,"34":0.0612,"35":0.08415,"36":0.16065,"37":0.11475,"38":0.11475,"39":0.153,"40":0.09945,"41":0.11475,"42":0.2142,"43":0.4284,"44":0.5049,"45":0.5355,"46":0.72675,"47":39.2139,"48":3.86325,"49":0.0918,"50":0.0153,"51":0},"opera":{"9":0,"9.5-9.6":0,"10.0-10.1":0,"10.5":0,"10.6":0,"11":0,"11.1":0,"11.5":0,"11.6":0,"12":0.00765,"12.1":0.03825,"15":0,"16":0,"17":0,"18":0,"19":0,"20":0,"21":0,"22":0,"23":0,"24":0,"25":0,"26":0,"27":0,"28":0.03825,"29":0.00765,"30":0.00765,"31":0.02295,"32":0.0153,"33":0.02295,"34":0.9792,"35":0.0153,"36":0.00765},"safari":{"3.1":0,"3.2":0,"4":0.02295,"5":0.05355,"5.1":0.1377,"6":0.0612,"6.1":0.0918,"7":0.1377,"7.1":0.0765,"8":0.5661,"9":1.59885,"9.1":0},"android":{"2.1":0,"2.2":0,"2.3":0.035732879915,"3":0,"4":0.148514782147,"4.1":0.508076886291,"4.2-4.3":1.13116897981,"4.4":2.25117143464,"4.4.3-4.4.4":1.17918503719,"47":null},"ios_saf":{"3.2":0,"4.0-4.1":0,"4.2-4.3":0,"5.0-5.1":0,"6.0-6.1":0,"7.0-7.1":0.166386473679,"8":0.0116686617905,"8.1-8.4":0.475389924797,"9.0-9.2":3.54165493973,"9.3":null},"op_mob":{"10":0,"11":0,"11.1":0,"11.5":0,"12":0.000126077602288,"12.1":0.000126077602288,"0":0.00668211292128},"ie":{"5.5":0,"6":0.0240003432494,"7":0.016000228833,"8":0.600008581236,"9":0.248003546911,"10":0.464006636156,"11":2.10403009153},"bb":{"7":0.1028125,"10":null},"ie_mob":{"10":0.267623529412,"11":1.17997647059},"edge":{"12":0.2601,"13":0.32895,"14":0},"and_uc":{"0":0.46765},"op_mini":{"5.0-8.0":1.68271573187},"and_chr":{"0":15.00325},"and_ff":{"0":0.02115}},"total":98.2609619279}