{"id":"EE","name":"Estonia","month":"2016-01","access_date":"2016-02-03","data":{"firefox":{"2":0,"3":0.008283,"3.5":0,"3.6":0.041415,"4":0.008283,"5":0.008283,"6":0.008283,"7":0,"8":0,"9":0.008283,"10":0.008283,"11":0.008283,"12":0.016566,"13":0.016566,"14":0,"15":0.008283,"16":0.033132,"17":0.074547,"18":0,"19":0.008283,"20":0.016566,"21":0.008283,"22":0.008283,"23":0,"24":0.033132,"25":0.008283,"26":0.008283,"27":0.008283,"28":0.024849,"29":0.041415,"30":0.016566,"31":0.066264,"32":0.024849,"33":0.049698,"34":0.057981,"35":0.049698,"36":0.041415,"37":0.091113,"38":0.314754,"39":0.207075,"40":0.124245,"41":0.265056,"42":0.447282,"43":12.267123,"44":0.695772,"45":0.016566,"46":0.008283,"47":0},"chrome":{"4":0,"5":0,"6":0.008283,"7":0,"8":0,"9":0,"10":0.008283,"11":0.024849,"12":0.008283,"13":0.016566,"14":0,"15":0,"16":0.008283,"17":0.008283,"18":0.024849,"19":0,"20":0.008283,"21":0.049698,"22":0.033132,"23":0.008283,"24":0.008283,"25":0,"26":0.033132,"27":0.008283,"28":0.016566,"29":0,"30":0,"31":0.08283,"32":0.024849,"33":0.024849,"34":0.041415,"35":0.033132,"36":0.049698,"37":0.074547,"38":0.074547,"39":0.132528,"40":0.099396,"41":0.057981,"42":0.057981,"43":0.240207,"44":0.24849,"45":0.347886,"46":0.422433,"47":37.820178,"48":3.72735,"49":0.265056,"50":0.016566,"51":0},"opera":{"9":0,"9.5-9.6":0.008283,"10.0-10.1":0,"10.5":0,"10.6":0.008283,"11":0,"11.1":0,"11.5":0.008283,"11.6":0.008283,"12":0.016566,"12.1":0.381018,"15":0,"16":0,"17":0,"18":0,"19":0,"20":0.008283,"21":0,"22":0,"23":0,"24":0,"25":0,"26":0,"27":0.008283,"28":0.016566,"29":0.008283,"30":0.016566,"31":0.016566,"32":0.008283,"33":0.024849,"34":2.07075,"35":0.033132,"36":0},"safari":{"3.1":0,"3.2":0,"4":0.016566,"5":0.049698,"5.1":0.124245,"6":0.024849,"6.1":0.115962,"7":0.066264,"7.1":0.099396,"8":0.49698,"9":2.791371,"9.1":0.016566},"android":{"2.1":0,"2.2":0,"2.3":0.0179843740701,"3":0,"4":0.074747554729,"4.1":0.25571531881,"4.2-4.3":0.569317841658,"4.4":1.13301556642,"4.4.3-4.4.4":0.593484344315,"47":null},"ios_saf":{"3.2":0,"4.0-4.1":0,"4.2-4.3":0,"5.0-5.1":0,"6.0-6.1":0,"7.0-7.1":0.235679651798,"8":0.0165281833728,"8.1-8.4":0.673370433708,"9.0-9.2":5.01660973112,"9.3":null},"op_mob":{"10":0,"11":0,"11.1":0,"11.5":0,"12":2.74173361522e-5,"12.1":2.74173361522e-5,"0":0.00145311881607},"ie":{"5.5":0,"6":0.00829792432432,"7":0.00829792432432,"8":0.439789989189,"9":0.24893772973,"10":0.448087913514,"11":8.02409282162},"bb":{"7":0.0042925,"10":null},"ie_mob":{"10":0.0761828571429,"11":0.335897142857},"edge":{"12":0.323037,"13":0.877998,"14":0},"and_uc":{"0":0.734876},"op_mini":{"5.0-8.0":0.365930046512},"and_chr":{"0":11.421291},"and_ff":{"0":0.029189}},"total":97.6514808027}