{"id":"EG","name":"Egypt","month":"2016-01","access_date":"2016-02-03","data":{"firefox":{"2":1.292347,"3":0.048162,"3.5":0.016054,"3.6":0.152513,"4":0.056189,"5":0.048162,"6":0.024081,"7":0.032108,"8":0.056189,"9":0.048162,"10":0.056189,"11":0.088297,"12":0.112378,"13":0.112378,"14":0.048162,"15":1.380644,"16":0.096324,"17":0.056189,"18":1.356563,"19":0.08027,"20":0.08027,"21":1.404725,"22":0.08027,"23":1.372617,"24":0.096324,"25":2.72918,"26":0.168567,"27":0.16054,"28":0.200675,"29":0.24081,"30":0.264891,"31":0.264891,"32":0.176594,"33":0.088297,"34":0.112378,"35":0.136459,"36":0.184621,"37":0.216729,"38":0.329107,"39":0.256864,"40":0.256864,"41":0.208702,"42":0.248837,"43":5.843656,"44":0.866916,"45":0.032108,"46":0,"47":0},"chrome":{"4":0.040135,"5":0.048162,"6":0.024081,"7":0.008027,"8":0,"9":0.048162,"10":0.016054,"11":0.096324,"12":0.056189,"13":0.008027,"14":0.008027,"15":0.008027,"16":0.056189,"17":0.072243,"18":0.008027,"19":1.292347,"20":0.104351,"21":0.048162,"22":0.032108,"23":0.056189,"24":3.901122,"25":0.096324,"26":0.184621,"27":0.08027,"28":0.120405,"29":0.104351,"30":1.396698,"31":0.248837,"32":0.345161,"33":0.866916,"34":0.417404,"35":2.817477,"36":0.32108,"37":0.369242,"38":0.272918,"39":0.256864,"40":0.296999,"41":0.457539,"42":0.553863,"43":4.238256,"44":1.460914,"45":1.011402,"46":0.858889,"47":14.223844,"48":2.062939,"49":0.104351,"50":0.008027,"51":0},"opera":{"9":0,"9.5-9.6":0,"10.0-10.1":1.28432,"10.5":0,"10.6":0,"11":0.024081,"11.1":0,"11.5":0,"11.6":0.056189,"12":0.008027,"12.1":0.064216,"15":0.024081,"16":0,"17":0.024081,"18":0.024081,"19":0.064216,"20":0.088297,"21":0.08027,"22":0.064216,"23":0.056189,"24":0,"25":0,"26":0,"27":0,"28":0.048162,"29":0.048162,"30":0.056189,"31":0.040135,"32":0.008027,"33":0.016054,"34":0.698349,"35":0.016054,"36":0},"safari":{"3.1":0,"3.2":0,"4":0,"5":1.28432,"5.1":0.016054,"6":0.024081,"6.1":0.008027,"7":0.032108,"7.1":0.008027,"8":0.072243,"9":0.112378,"9.1":0},"android":{"2.1":0,"2.2":0,"2.3":0.0290000459086,"3":0,"4":0.120531440808,"4.1":0.412344402763,"4.2-4.3":0.918032703294,"4.4":1.82700289224,"4.4.3-4.4.4":0.957001514984,"47":null},"ios_saf":{"3.2":0,"4.0-4.1":0,"4.2-4.3":0,"5.0-5.1":0,"6.0-6.1":0,"7.0-7.1":0.0792529262388,"8":0.00555799742454,"8.1-8.4":0.226436932111,"9.0-9.2":1.68695514423,"9.3":null},"op_mob":{"10":0,"11":0,"11.1":0,"11.5":0,"12":0.000131762342992,"12.1":0.000131762342992,"0":0.00698340417858},"ie":{"5.5":0,"6":0.024204915952,"7":0.024204915952,"8":3.10629754717,"9":2.72708719726,"10":2.74322380789,"11":0.774557310463},"bb":{"7":0.00838525,"10":null},"ie_mob":{"10":0.0485125882353,"11":0.213896411765},"edge":{"12":0.072243,"13":0.072243,"14":0},"and_uc":{"0":0.968743},"op_mini":{"5.0-8.0":1.75858807114},"and_chr":{"0":12.819236},"and_ff":{"0":0.047352}},"total":96.3195689447}