{"id":"ES","name":"Spain","month":"2016-01","access_date":"2016-02-03","data":{"firefox":{"2":0.006294,"3":0.012588,"3.5":0.006294,"3.6":0.03147,"4":0.012588,"5":0.006294,"6":0.018882,"7":0,"8":0,"9":0,"10":0.025176,"11":0.006294,"12":0.012588,"13":0.006294,"14":0.006294,"15":0.012588,"16":0.025176,"17":0.018882,"18":0.006294,"19":0.006294,"20":0.03147,"21":0.025176,"22":0.006294,"23":0.006294,"24":0.025176,"25":0.018882,"26":0.018882,"27":0.012588,"28":0.018882,"29":0.018882,"30":0.025176,"31":0.09441,"32":0.037764,"33":0.044058,"34":0.06294,"35":0.050352,"36":0.044058,"37":0.088116,"38":0.18882,"39":0.138468,"40":0.119586,"41":0.176232,"42":0.270642,"43":7.640916,"44":0.383934,"45":0.012588,"46":0,"47":0},"chrome":{"4":0,"5":0,"6":0,"7":0,"8":0,"9":0,"10":0,"11":0.100704,"12":0,"13":0,"14":0,"15":0,"16":0,"17":0,"18":0.006294,"19":0,"20":0,"21":0.012588,"22":0.044058,"23":0.006294,"24":0.018882,"25":0.006294,"26":0.018882,"27":0.018882,"28":0.006294,"29":0.018882,"30":0.012588,"31":0.06294,"32":0.025176,"33":0.050352,"34":0.06294,"35":0.081822,"36":0.264348,"37":0.069234,"38":0.100704,"39":0.151056,"40":0.100704,"41":0.113292,"42":0.119586,"43":0.182526,"44":0.289524,"45":0.320994,"46":0.446874,"47":27.869832,"48":2.756772,"49":0.044058,"50":0.006294,"51":0},"opera":{"9":0,"9.5-9.6":0,"10.0-10.1":0,"10.5":0,"10.6":0,"11":0,"11.1":0,"11.5":0,"11.6":0.006294,"12":0.006294,"12.1":0.06294,"15":0,"16":0,"17":0,"18":0,"19":0,"20":0,"21":0,"22":0,"23":0,"24":0,"25":0,"26":0,"27":0,"28":0.037764,"29":0,"30":0.006294,"31":0.012588,"32":0.006294,"33":0.012588,"34":0.478344,"35":0.006294,"36":0},"safari":{"3.1":0,"3.2":0,"4":0.03147,"5":0.075528,"5.1":0.182526,"6":0.025176,"6.1":0.113292,"7":0.081822,"7.1":0.06294,"8":0.352464,"9":1.844142,"9.1":0.006294},"android":{"2.1":0,"2.2":0,"2.3":0.0367072850159,"3":0,"4":0.152564653348,"4.1":0.52193170882,"4.2-4.3":1.16201499129,"4.4":2.312558956,"4.4.3-4.4.4":1.21134040553,"47":null},"ios_saf":{"3.2":0,"4.0-4.1":0,"4.2-4.3":0,"5.0-5.1":0,"6.0-6.1":0,"7.0-7.1":0.477046134748,"8":0.0334551834758,"8.1-8.4":1.36298895642,"9.0-9.2":10.1542677254,"9.3":null},"op_mob":{"10":0,"11":0,"11.1":0,"11.5":0,"12":8.84904862579e-6,"12.1":8.84904862579e-6,"0":0.000468999577167},"ie":{"5.5":0,"6":0.01916523,"7":0.03194205,"8":0.75383238,"9":0.47274234,"10":0.42802347,"11":4.67631612},"bb":{"7":0.0176035,"10":null},"ie_mob":{"10":0.107567428571,"11":0.474274571429},"edge":{"12":0.289524,"13":0.673458,"14":0},"and_uc":{"0":0.070414},"op_mini":{"5.0-8.0":0.118105302326},"and_chr":{"0":26.877822},"and_ff":{"0":0.044472}},"total":99.06251909}