{"id":"ET","name":"Ethiopia","month":"2016-01","access_date":"2016-02-03","data":{"firefox":{"2":0.001657,"3":0.134217,"3.5":0.003314,"3.6":0.028169,"4":0.064623,"5":0.01657,"6":0.008285,"7":0.018227,"8":0.039768,"9":0.011599,"10":0.028169,"11":0.086164,"12":0.069594,"13":0.172328,"14":0.031483,"15":0.028169,"16":0.079536,"17":0.087821,"18":0.043082,"19":0.036454,"20":0.173985,"21":0.04971,"22":0.029826,"23":0.054681,"24":0.036454,"25":0.053024,"26":0.061309,"27":0.043082,"28":0.117647,"29":0.144159,"30":0.111019,"31":0.112676,"32":0.089478,"33":0.087821,"34":0.127589,"35":0.092792,"36":0.112676,"37":0.119304,"38":0.144159,"39":0.180613,"40":0.212096,"41":0.212096,"42":0.389395,"43":2.715823,"44":0.735708,"45":0.011599,"46":0.004971,"47":0},"chrome":{"4":0.094449,"5":0.03314,"6":0.034797,"7":0.014913,"8":0.011599,"9":0.024855,"10":0.041425,"11":0.041425,"12":0.019884,"13":0.024855,"14":0.019884,"15":0.006628,"16":0.013256,"17":0.01657,"18":0.006628,"19":0.009942,"20":0.001657,"21":0.001657,"22":0.003314,"23":0.008285,"24":0.008285,"25":0.01657,"26":0.014913,"27":0.013256,"28":0.004971,"29":0.011599,"30":0.011599,"31":0.038111,"32":0.009942,"33":0.067937,"34":0.008285,"35":0.009942,"36":0.036454,"37":0.009942,"38":0.014913,"39":0.024855,"40":0.039768,"41":0.029826,"42":0.059652,"43":0.676056,"44":0.144159,"45":0.104391,"46":0.104391,"47":3.204638,"48":0.341342,"49":0.079536,"50":0.001657,"51":0},"opera":{"9":0,"9.5-9.6":0,"10.0-10.1":0,"10.5":0,"10.6":0.001657,"11":0.001657,"11.1":0.001657,"11.5":0.008285,"11.6":0.013256,"12":0.009942,"12.1":0.091135,"15":0.003314,"16":0.003314,"17":0.004971,"18":0.003314,"19":0.003314,"20":0.011599,"21":0.006628,"22":0.003314,"23":0,"24":0.008285,"25":0.001657,"26":0.003314,"27":0.001657,"28":0.013256,"29":0.004971,"30":0.013256,"31":0.004971,"32":0.014913,"33":0.018227,"34":0.367854,"35":0.003314,"36":0},"safari":{"3.1":0,"3.2":0,"4":0.006628,"5":0.003314,"5.1":0.009942,"6":0.008285,"6.1":0.006628,"7":0.011599,"7.1":0.008285,"8":0.03314,"9":0.097763,"9.1":0},"android":{"2.1":0,"2.2":0,"2.3":0.024734442508,"3":0,"4":0.102802526674,"4.1":0.35169285441,"4.2-4.3":0.782999695643,"4.4":1.558269878,"4.4.3-4.4.4":0.816236602763,"47":null},"ios_saf":{"3.2":0,"4.0-4.1":0,"4.2-4.3":0,"5.0-5.1":0,"6.0-6.1":0,"7.0-7.1":0.04277164778,"8":0.00299957010405,"8.1-8.4":0.122204707943,"9.0-9.2":0.910425074173,"9.3":null},"op_mob":{"10":0,"11":0,"11.1":0,"11.5":0,"12":0.0043322176595,"12.1":0.0043322176595,"0":0.229607535953},"ie":{"5.5":0,"6":0.0216513252241,"7":0.038306190781,"8":0.234833604353,"9":0.0582920294494,"10":0.171545115237,"11":0.761127355954},"bb":{"7":0.0041715,"10":null},"ie_mob":{"10":0.044729697479,"11":0.197217302521},"edge":{"12":0.086164,"13":0.056338,"14":0},"and_uc":{"0":13.590747},"op_mini":{"5.0-8.0":57.8206650287},"and_chr":{"0":4.880978},"and_ff":{"0":0.066744}},"total":96.524609121}