{"id":"FI","name":"Finland","month":"2016-01","access_date":"2016-02-03","data":{"firefox":{"2":0,"3":0,"3.5":0,"3.6":0.012092,"4":0,"5":0,"6":0.006046,"7":0,"8":0,"9":0.006046,"10":0.006046,"11":0.006046,"12":0.012092,"13":0.006046,"14":0,"15":0.006046,"16":0.018138,"17":0.012092,"18":0,"19":0,"20":0.006046,"21":0.012092,"22":0.006046,"23":0.006046,"24":0.018138,"25":0.012092,"26":0.006046,"27":0.006046,"28":0.018138,"29":0.018138,"30":0.018138,"31":0.054414,"32":0.024184,"33":0.042322,"34":0.03023,"35":0.03023,"36":0.024184,"37":0.042322,"38":0.652968,"39":0.078598,"40":0.096736,"41":0.193472,"42":0.429266,"43":10.804202,"44":0.652968,"45":0.012092,"46":0.006046,"47":0},"chrome":{"4":0,"5":0,"6":0,"7":0,"8":0,"9":0,"10":0,"11":0.012092,"12":0,"13":0,"14":0,"15":0,"16":0,"17":0,"18":0.006046,"19":0,"20":0,"21":0.006046,"22":0.066506,"23":0.006046,"24":0,"25":0.006046,"26":0.006046,"27":0.006046,"28":0.006046,"29":0.006046,"30":0.006046,"31":0.03023,"32":0.006046,"33":0.024184,"34":0.018138,"35":0.018138,"36":0.48368,"37":0.03023,"38":0.036276,"39":0.048368,"40":0.024184,"41":0.054414,"42":0.042322,"43":0.096736,"44":0.139058,"45":0.15115,"46":0.344622,"47":20.937298,"48":2.05564,"49":0.048368,"50":0.006046,"51":0},"opera":{"9":0,"9.5-9.6":0,"10.0-10.1":0,"10.5":0,"10.6":0,"11":0,"11.1":0,"11.5":0,"11.6":0.006046,"12":0.006046,"12.1":0.126966,"15":0,"16":0,"17":0,"18":0,"19":0,"20":0,"21":0,"22":0,"23":0,"24":0,"25":0,"26":0,"27":0,"28":0.018138,"29":0.006046,"30":0.018138,"31":0.006046,"32":0.006046,"33":0.012092,"34":0.87667,"35":0.018138,"36":0},"safari":{"3.1":0,"3.2":0,"4":0.018138,"5":0.054414,"5.1":0.193472,"6":0.018138,"6.1":0.187426,"7":0.066506,"7.1":0.072552,"8":0.471588,"9":2.442584,"9.1":0.006046},"android":{"2.1":0,"2.2":0,"2.3":0.0210383710946,"3":0,"4":0.0874407298618,"4.1":0.299139339001,"4.2-4.3":0.665995934963,"4.4":1.32541737896,"4.4.3-4.4.4":0.694266246121,"47":null},"ios_saf":{"3.2":0,"4.0-4.1":0,"4.2-4.3":0,"5.0-5.1":0,"6.0-6.1":0,"7.0-7.1":0.742723660245,"8":0.0520871138354,"8.1-8.4":2.1220676007,"9.0-9.2":15.8094036252,"9.3":null},"op_mob":{"10":0,"11":0,"11.1":0,"11.5":0,"12":1.41618206691e-5,"12.1":1.41618206691e-5,"0":0.000750576495461},"ie":{"5.5":0,"6":0,"7":0.00606046411483,"8":0.139390674641,"9":0.52726037799,"10":0.575744090909,"11":6.333185},"bb":{"7":0.0049425,"10":null},"ie_mob":{"10":0.815786621849,"11":3.59687737815},"edge":{"12":0.308346,"13":0.912946,"14":0},"and_uc":{"0":0.043494},"op_mini":{"5.0-8.0":0.189013099863},"and_chr":{"0":20.99094},"and_ff":{"0":0.05931}},"total":99.0749211077}