{"id":"FK","name":"Falkland Islands (Malvinas)","month":"2016-01","access_date":"2016-02-03","data":{"firefox":{"2":0,"3":0.015584,"3.5":0,"3.6":0,"4":0,"5":0,"6":0,"7":0,"8":0,"9":0,"10":0,"11":0,"12":0,"13":0,"14":0,"15":0,"16":0,"17":0,"18":0,"19":0.03896,"20":0,"21":0,"22":0.054544,"23":0,"24":0,"25":0.007792,"26":0,"27":0.015584,"28":0,"29":0,"30":0,"31":0.11688,"32":0,"33":0.03896,"34":0.179216,"35":0.070128,"36":0,"37":0,"38":0.288304,"39":0.031168,"40":0.046752,"41":0.3896,"42":0.576608,"43":6.708912,"44":0.101296,"45":0,"46":0,"47":0},"chrome":{"4":0,"5":0,"6":0,"7":0,"8":0,"9":0,"10":0,"11":0.007792,"12":0,"13":0,"14":0,"15":0,"16":0,"17":0,"18":0,"19":0,"20":0,"21":0,"22":0,"23":0,"24":0,"25":0,"26":0,"27":0,"28":0,"29":0,"30":0,"31":0.109088,"32":0.202592,"33":0,"34":0.023376,"35":0,"36":0,"37":0.007792,"38":0,"39":0.054544,"40":0,"41":0,"42":0.046752,"43":0.015584,"44":0.062336,"45":0.319472,"46":0.23376,"47":17.485248,"48":1.79216,"49":0.101296,"50":0,"51":0},"opera":{"9":0,"9.5-9.6":0,"10.0-10.1":0,"10.5":0,"10.6":0,"11":0,"11.1":0,"11.5":0,"11.6":0,"12":0,"12.1":0,"15":0,"16":0,"17":0,"18":0.023376,"19":0,"20":0,"21":0,"22":0,"23":0,"24":0,"25":0,"26":0,"27":0,"28":0,"29":0,"30":0,"31":0,"32":0,"33":0,"34":0.327264,"35":0,"36":0},"safari":{"3.1":0,"3.2":0,"4":0,"5":0.007792,"5.1":0.257136,"6":0,"6.1":0.85712,"7":0.264928,"7.1":0.171424,"8":2.283056,"9":2.212928,"9.1":0.303888},"android":{"2.1":0,"2.2":0,"2.3":0.0193689436769,"3":0,"4":0.0805021721573,"4.1":0.275402167906,"4.2-4.3":0.613148123273,"4.4":1.22024345165,"4.4.3-4.4.4":0.639175141339,"47":null},"ios_saf":{"3.2":0,"4.0-4.1":0,"4.2-4.3":0,"5.0-5.1":0,"6.0-6.1":0,"7.0-7.1":0.795333610796,"8":0.0557766428351,"8.1-8.4":2.27238174513,"9.0-9.2":16.9292440012,"9.3":null},"op_mob":{"10":0,"11":0,"11.1":0,"11.5":0,"12":0.000138888993906,"12.1":0.000138888993906,"0":0.00736111667703},"ie":{"5.5":0,"6":0,"7":0.007792,"8":1.114256,"9":1.1688,"10":2.875248,"11":18.599504},"bb":{"7":0.00276,"10":null},"ie_mob":{"10":0.0644958655462,"11":0.284368134454},"edge":{"12":0.70128,"13":0.27272,"14":0.03896},"and_uc":{"0":0.070656},"op_mini":{"5.0-8.0":1.85370510534},"and_chr":{"0":10.961296},"and_ff":{"0":0.01104}},"total":96.786088}