{"id":"FR","name":"France","month":"2016-01","access_date":"2016-02-03","data":{"firefox":{"2":0,"3":0.023727,"3.5":0.007909,"3.6":0.039545,"4":0.007909,"5":0.007909,"6":0.023727,"7":0,"8":0,"9":0,"10":0.015818,"11":0.015818,"12":0.023727,"13":0.007909,"14":0.007909,"15":0.015818,"16":0.047454,"17":0.039545,"18":0.007909,"19":0.007909,"20":0.023727,"21":0.039545,"22":0.015818,"23":0.015818,"24":0.071181,"25":0.023727,"26":0.023727,"27":0.015818,"28":0.023727,"29":0.031636,"30":0.039545,"31":0.355905,"32":0.039545,"33":0.047454,"34":0.071181,"35":0.110726,"36":0.300542,"37":0.110726,"38":0.529903,"39":0.173998,"40":0.15818,"41":0.23727,"42":0.427086,"43":12.717672,"44":0.71181,"45":0.023727,"46":0.007909,"47":0},"chrome":{"4":0,"5":0,"6":0,"7":0,"8":0,"9":0,"10":0,"11":0.031636,"12":0.007909,"13":0.007909,"14":0,"15":0,"16":0.015818,"17":0,"18":0.015818,"19":0,"20":0.007909,"21":0.015818,"22":0.023727,"23":0.071181,"24":0.023727,"25":0.023727,"26":0.015818,"27":0.015818,"28":0.015818,"29":0.055363,"30":0.015818,"31":0.118635,"32":0.031636,"33":0.055363,"34":0.07909,"35":0.126544,"36":0.094908,"37":0.086999,"38":0.110726,"39":0.173998,"40":0.134453,"41":0.292633,"42":0.260997,"43":0.31636,"44":0.31636,"45":0.482449,"46":0.585266,"47":26.740329,"48":2.807695,"49":0.055363,"50":0.007909,"51":0},"opera":{"9":0,"9.5-9.6":0,"10.0-10.1":0,"10.5":0,"10.6":0,"11":0,"11.1":0,"11.5":0,"11.6":0.007909,"12":0.023727,"12.1":0.086999,"15":0,"16":0,"17":0,"18":0,"19":0,"20":0,"21":0,"22":0,"23":0,"24":0,"25":0,"26":0,"27":0.007909,"28":0.047454,"29":0,"30":0.007909,"31":0.015818,"32":0.031636,"33":0.031636,"34":0.514085,"35":0.007909,"36":0},"safari":{"3.1":0,"3.2":0,"4":0.055363,"5":0.189816,"5.1":0.458722,"6":0.055363,"6.1":0.300542,"7":0.166089,"7.1":0.126544,"8":0.806718,"9":4.120589,"9.1":0.007909},"android":{"2.1":0,"2.2":0,"2.3":0.0225937479277,"3":0,"4":0.0939052648247,"4.1":0.321254853348,"4.2-4.3":0.715233332837,"4.4":1.42340611945,"4.4.3-4.4.4":0.745593681615,"47":null},"ios_saf":{"3.2":0,"4.0-4.1":0,"4.2-4.3":0,"5.0-5.1":0,"6.0-6.1":0,"7.0-7.1":0.451047073246,"8":0.0316318726692,"8.1-8.4":1.28870592356,"9.0-9.2":9.60085913052,"9.3":null},"op_mob":{"10":0,"11":0,"11.1":0,"11.5":0,"12":1.35742071882e-5,"12.1":1.35742071882e-5,"0":0.000719432980973},"ie":{"5.5":0,"6":0.0568036728625,"7":0.0486888624535,"8":0.82771066171,"9":0.779021799257,"10":0.632955211896,"11":8.53678055019},"bb":{"7":0.0177735,"10":null},"ie_mob":{"10":0.1353,"11":0.59655},"edge":{"12":0.656447,"13":1.391984,"14":0},"and_uc":{"0":0.765306},"op_mini":{"5.0-8.0":0.181170418605},"and_chr":{"0":12.201504},"and_ff":{"0":0.037638}},"total":98.5212292584}