{"id":"GB","name":"United Kingdom","month":"2016-01","access_date":"2016-02-03","data":{"firefox":{"2":0,"3":0.006763,"3.5":0,"3.6":0.013526,"4":0.006763,"5":0,"6":0.040578,"7":0,"8":0,"9":0,"10":0.006763,"11":0.033815,"12":0.006763,"13":0.006763,"14":0.006763,"15":0.006763,"16":0.013526,"17":0.006763,"18":0,"19":0.006763,"20":0.006763,"21":0.013526,"22":0.006763,"23":0.006763,"24":0.013526,"25":0.006763,"26":0.006763,"27":0.013526,"28":0.013526,"29":0.013526,"30":0.013526,"31":0.040578,"32":0.013526,"33":0.027052,"34":0.074393,"35":0.054104,"36":0.054104,"37":0.054104,"38":0.175838,"39":0.081156,"40":0.074393,"41":0.121734,"42":0.236705,"43":5.633579,"44":0.344913,"45":0.006763,"46":0,"47":0},"chrome":{"4":0,"5":0,"6":0,"7":0,"8":0,"9":0,"10":0,"11":0.033815,"12":0,"13":0,"14":0,"15":0,"16":0,"17":0,"18":0.006763,"19":0,"20":0,"21":0.027052,"22":0.040578,"23":0.006763,"24":0.006763,"25":0.013526,"26":0.013526,"27":0.006763,"28":0.006763,"29":0.020289,"30":0.006763,"31":0.060867,"32":0.020289,"33":0.087919,"34":0.047341,"35":0.047341,"36":0.054104,"37":0.074393,"38":0.06763,"39":0.081156,"40":0.094682,"41":0.142023,"42":0.128497,"43":0.209653,"44":0.189364,"45":0.277283,"46":0.798034,"47":22.615472,"48":2.123582,"49":0.074393,"50":0.006763,"51":0},"opera":{"9":0,"9.5-9.6":0,"10.0-10.1":0,"10.5":0,"10.6":0,"11":0,"11.1":0,"11.5":0,"11.6":0,"12":0.006763,"12.1":0.054104,"15":0,"16":0,"17":0,"18":0,"19":0,"20":0,"21":0,"22":0,"23":0,"24":0,"25":0,"26":0,"27":0,"28":0.020289,"29":0,"30":0.006763,"31":0.006763,"32":0.006763,"33":0.020289,"34":0.466647,"35":0.006763,"36":0},"safari":{"3.1":0,"3.2":0,"4":0.027052,"5":0.087919,"5.1":0.236705,"6":0.033815,"6.1":0.175838,"7":0.128497,"7.1":0.108208,"8":0.703352,"9":3.225951,"9.1":0.013526},"android":{"2.1":0,"2.2":0,"2.3":0.0233649513284,"3":0,"4":0.0971105789586,"4.1":0.3322204017,"4.2-4.3":0.739646740489,"4.4":1.47199193369,"4.4.3-4.4.4":0.771043393836,"47":null},"ios_saf":{"3.2":0,"4.0-4.1":0,"4.2-4.3":0,"5.0-5.1":0,"6.0-6.1":0,"7.0-7.1":0.909466378902,"8":0.0637807590399,"8.1-8.4":2.59847536829,"9.0-9.2":19.3586414938,"9.3":null},"op_mob":{"10":0,"11":0,"11.1":0,"11.5":0,"12":7.70503419973e-5,"12.1":7.70503419973e-5,"0":0.00408366812585},"ie":{"5.5":0,"6":0.00681347014925,"7":0.0340673507463,"8":1.04927440299,"9":0.953885820896,"10":0.769922126866,"11":9.04147488806},"bb":{"7":0.26624325,"10":null},"ie_mob":{"10":0.202271697479,"11":0.891834302521},"edge":{"12":0.838612,"13":1.569016,"14":0},"and_uc":{"0":0.984048},"op_mini":{"5.0-8.0":1.02836523119},"and_chr":{"0":13.895916},"and_ff":{"0":0.029133}},"total":97.9272393097}