{"id":"GG","name":"Guernsey","month":"2016-01","access_date":"2016-02-03","data":{"firefox":{"2":0.031884,"3":0,"3.5":0.007971,"3.6":0,"4":0,"5":0,"6":0,"7":0,"8":0,"9":0,"10":0,"11":0.015942,"12":0,"13":0,"14":0.023913,"15":0,"16":0,"17":0,"18":0,"19":0,"20":0.007971,"21":0,"22":0,"23":0,"24":0.007971,"25":0,"26":0.007971,"27":0.007971,"28":0.023913,"29":0.023913,"30":0.023913,"31":0.007971,"32":0.063768,"33":0.015942,"34":0.007971,"35":0.023913,"36":0.007971,"37":0.055797,"38":0.07971,"39":0.063768,"40":0.015942,"41":0.07971,"42":0.215217,"43":5.42028,"44":0.23913,"45":0.031884,"46":0,"47":0},"chrome":{"4":0,"5":0,"6":0,"7":0,"8":0,"9":0,"10":0,"11":0.047826,"12":0,"13":0,"14":0,"15":0,"16":0,"17":0,"18":0,"19":0,"20":0,"21":0,"22":0.007971,"23":0,"24":0,"25":0,"26":0,"27":0,"28":0,"29":0,"30":0,"31":0.023913,"32":0,"33":0.039855,"34":0,"35":0.007971,"36":0.007971,"37":0.007971,"38":0.007971,"39":0.023913,"40":0.007971,"41":0.015942,"42":0.023913,"43":0.095652,"44":0.111594,"45":0.087681,"46":0.334782,"47":21.880395,"48":2.351445,"49":0.023913,"50":0,"51":0},"opera":{"9":0,"9.5-9.6":0,"10.0-10.1":0,"10.5":0,"10.6":0,"11":0,"11.1":0,"11.5":0,"11.6":0,"12":0,"12.1":0,"15":0,"16":0,"17":0,"18":0,"19":0,"20":0,"21":0,"22":0,"23":0,"24":0,"25":0,"26":0,"27":0,"28":0,"29":0,"30":0.007971,"31":0,"32":0,"33":0.007971,"34":0.15942,"35":0,"36":0},"safari":{"3.1":0,"3.2":0,"4":0.07971,"5":0.167391,"5.1":0.470289,"6":0.07971,"6.1":0.406521,"7":0.15942,"7.1":0.191304,"8":0.836955,"9":5.125353,"9.1":0.007971},"android":{"2.1":0,"2.2":0,"2.3":0.0151510852285,"3":0,"4":0.0629716979809,"4.1":0.215429493092,"4.2-4.3":0.479626541764,"4.4":0.954518369394,"4.4.3-4.4.4":0.49998581254,"47":null},"ios_saf":{"3.2":0,"4.0-4.1":0,"4.2-4.3":0,"5.0-5.1":0,"6.0-6.1":0,"7.0-7.1":1.26542424281,"8":0.0887440378078,"8.1-8.4":3.61549783661,"9.0-9.2":26.9354588828,"9.3":null},"op_mob":{"10":0,"11":0,"11.1":0,"11.5":0,"12":7.56995398582e-7,"12.1":7.56995398582e-7,"0":4.01207561249e-5},"ie":{"5.5":0,"6":0.007971,"7":0.047826,"8":0.821013,"9":0.813042,"10":0.462318,"11":12.530412},"bb":{"7":0.0639135,"10":null},"ie_mob":{"10":0.159796537815,"11":0.704557462185},"edge":{"12":0.844926,"13":1.729707,"14":0},"and_uc":{"0":0.008116},"op_mini":{"5.0-8.0":0.0101033652531},"and_chr":{"0":7.224534},"and_ff":{"0":0.006087}},"total":98.8881155}