{"id":"GH","name":"Ghana","month":"2016-01","access_date":"2016-02-03","data":{"firefox":{"2":0.002898,"3":0.05796,"3.5":0.005796,"3.6":0.034776,"4":0.02898,"5":0.01449,"6":0.01449,"7":0.008694,"8":0.008694,"9":0.01449,"10":0.026082,"11":0.046368,"12":0.04347,"13":0.04347,"14":0.052164,"15":0.040572,"16":0.055062,"17":0.020286,"18":0.020286,"19":0.037674,"20":0.037674,"21":0.037674,"22":0.02898,"23":0.026082,"24":0.040572,"25":0.02898,"26":0.02898,"27":0.049266,"28":0.034776,"29":0.1449,"30":0.11592,"31":0.089838,"32":0.081144,"33":0.10143,"34":0.13041,"35":0.124614,"36":0.118818,"37":0.1449,"38":0.214452,"39":0.208656,"40":0.269514,"41":0.307188,"42":0.643356,"43":5.213502,"44":1.654758,"45":0.049266,"46":0.008694,"47":0},"chrome":{"4":0,"5":0.002898,"6":0,"7":0.002898,"8":0.002898,"9":0,"10":0.002898,"11":0.049266,"12":0.002898,"13":0.005796,"14":0.002898,"15":0.002898,"16":0.011592,"17":0,"18":0.008694,"19":0.002898,"20":0.002898,"21":0.002898,"22":0.008694,"23":0.008694,"24":0.002898,"25":0.011592,"26":0.01449,"27":0.008694,"28":0.005796,"29":0.020286,"30":0.005796,"31":0.049266,"32":0.005796,"33":0.075348,"34":0.01449,"35":0.020286,"36":0.026082,"37":0.008694,"38":0.011592,"39":0.034776,"40":0.034776,"41":0.020286,"42":0.156492,"43":0.176778,"44":0.240534,"45":0.295596,"46":0.182574,"47":7.392798,"48":0.715806,"49":0.249228,"50":0.008694,"51":0},"opera":{"9":0,"9.5-9.6":0,"10.0-10.1":0,"10.5":0,"10.6":0.002898,"11":0.005796,"11.1":0,"11.5":0.008694,"11.6":0.020286,"12":0.008694,"12.1":0.118818,"15":0.008694,"16":0.005796,"17":0.005796,"18":0.002898,"19":0.002898,"20":0.005796,"21":0.002898,"22":0.002898,"23":0,"24":0,"25":0.002898,"26":0.005796,"27":0.005796,"28":0.008694,"29":0.02898,"30":0.026082,"31":0.01449,"32":0.046368,"33":0.089838,"34":0.991116,"35":0.005796,"36":0},"safari":{"3.1":0,"3.2":0,"4":0.002898,"5":0.008694,"5.1":0.037674,"6":0.011592,"6.1":0.01449,"7":0.01449,"7.1":0.01449,"8":0.124614,"9":0.373842,"9.1":0},"android":{"2.1":0,"2.2":0,"2.3":0.0406834193411,"3":0,"4":0.169090461637,"4.1":0.578467368757,"4.2-4.3":1.28788449352,"4.4":2.56305541849,"4.4.3-4.4.4":1.34255283826,"47":null},"ios_saf":{"3.2":0,"4.0-4.1":0,"4.2-4.3":0,"5.0-5.1":0,"6.0-6.1":0,"7.0-7.1":0.0996263552076,"8":0.00698678335222,"8.1-8.4":0.284646729165,"9.0-9.2":2.12061813228,"9.3":null},"op_mob":{"10":0,"11":0,"11.1":0,"11.5":0,"12":0.00355267812461,"12.1":0.00355267812461,"0":0.188291940604},"ie":{"5.5":0,"6":0.00876949059334,"7":0.00292316353111,"8":0.248468900145,"9":0.172466648336,"10":0.271854208394,"11":1.28911511722},"bb":{"7":0.0869995,"10":null},"ie_mob":{"10":0.417525983193,"11":1.84091001681},"edge":{"12":0.26082,"13":0.182574,"14":0},"and_uc":{"0":6.263964},"op_mini":{"5.0-8.0":47.4164107031},"and_chr":{"0":7.735242},"and_ff":{"0":0.078122}},"total":97.4188790282}