{"id":"GU","name":"Guam","month":"2016-01","access_date":"2016-02-03","data":{"firefox":{"2":0,"3":0,"3.5":0.032165,"3.6":0.019299,"4":0,"5":0,"6":0.012866,"7":0.006433,"8":0,"9":0,"10":0.038598,"11":0.038598,"12":0.006433,"13":0,"14":0.006433,"15":0,"16":0.006433,"17":0.006433,"18":0,"19":0,"20":0,"21":0.012866,"22":0,"23":0.006433,"24":0.006433,"25":0,"26":0,"27":0.006433,"28":0,"29":0.006433,"30":0,"31":0.006433,"32":0,"33":0.012866,"34":0.006433,"35":0.032165,"36":0.019299,"37":0.019299,"38":0.038598,"39":0.045031,"40":0.090062,"41":0.115794,"42":0.186557,"43":4.033491,"44":0.244454,"45":0.006433,"46":0,"47":0},"chrome":{"4":0,"5":0,"6":0,"7":0,"8":0,"9":0,"10":0,"11":0.019299,"12":0,"13":0,"14":0,"15":0,"16":0,"17":0,"18":0,"19":0,"20":0,"21":0.032165,"22":0.019299,"23":0,"24":0,"25":0.006433,"26":0.006433,"27":0.006433,"28":0.006433,"29":0.006433,"30":0.006433,"31":0.057897,"32":0.012866,"33":0.019299,"34":0.006433,"35":0.019299,"36":0.019299,"37":0.096495,"38":0.540372,"39":0.032165,"40":0.019299,"41":0.077196,"42":0.032165,"43":0.083629,"44":0.12866,"45":0.205856,"46":0.25732,"47":21.10024,"48":1.807673,"49":0.109361,"50":0.032165,"51":0},"opera":{"9":0,"9.5-9.6":0,"10.0-10.1":0,"10.5":0,"10.6":0,"11":0,"11.1":0,"11.5":0,"11.6":0,"12":0.006433,"12.1":0.019299,"15":0,"16":0,"17":0,"18":0,"19":0,"20":0,"21":0,"22":0,"23":0,"24":0,"25":0,"26":0,"27":0.012866,"28":0.025732,"29":0.090062,"30":0,"31":0.006433,"32":0.006433,"33":0.019299,"34":0.418145,"35":0.006433,"36":0.019299},"safari":{"3.1":0,"3.2":0,"4":0.025732,"5":0.109361,"5.1":0.250887,"6":0.038598,"6.1":0.173691,"7":0.090062,"7.1":0.096495,"8":0.881321,"9":3.34516,"9.1":0.019299},"android":{"2.1":0,"2.2":0,"2.3":0.033058768119,"3":0,"4":0.137400504995,"4.1":0.470054359192,"4.2-4.3":1.04651662827,"4.4":2.0827023915,"4.4.3-4.4.4":1.09093934793,"47":null},"ios_saf":{"3.2":0,"4.0-4.1":0,"4.2-4.3":0,"5.0-5.1":0,"6.0-6.1":0,"7.0-7.1":1.14552516071,"8":0.080335530751,"8.1-8.4":3.2729290306,"9.0-9.2":24.3833212779,"9.3":null},"op_mob":{"10":0,"11":0,"11.1":0,"11.5":0,"12":5.0570575799e-6,"12.1":5.0570575799e-6,"0":0.000268024051735},"ie":{"5.5":0,"6":0,"7":0.0193857370787,"8":0.413562391011,"9":5.05967737753,"10":0.407100478652,"11":5.60247801573},"bb":{"7":0.007134,"10":null},"ie_mob":{"10":0.0422045042017,"11":0.186083495798},"edge":{"12":0.45031,"13":1.215837,"14":0},"and_uc":{"0":0.114144},"op_mini":{"5.0-8.0":0.0674948618331},"and_chr":{"0":16.067037},"and_ff":{"0":0.014268}},"total":98.907072}