{"id":"HT","name":"Haiti","month":"2016-01","access_date":"2016-02-03","data":{"firefox":{"2":0.006594,"3":0.092316,"3.5":0.003297,"3.6":0.023079,"4":0.009891,"5":0.003297,"6":0.006594,"7":0.003297,"8":0.006594,"9":0.006594,"10":0.006594,"11":0.016485,"12":0.026376,"13":0.006594,"14":0.059346,"15":0.009891,"16":0.013188,"17":0.019782,"18":0.006594,"19":0.016485,"20":0.019782,"21":0.883596,"22":0.138474,"23":0.141771,"24":0.135177,"25":0.184632,"26":0.003297,"27":0.09891,"28":0.108801,"29":0.125286,"30":0.029673,"31":0.154959,"32":0.029673,"33":0.06594,"34":0.016485,"35":0.019782,"36":0.06594,"37":0.844032,"38":0.052752,"39":0.039564,"40":0.042861,"41":0.056049,"42":0.276948,"43":2.914548,"44":0.161553,"45":0.006594,"46":0,"47":0},"chrome":{"4":0.009891,"5":0.003297,"6":0,"7":0,"8":0,"9":0,"10":0.003297,"11":0.089019,"12":0.013188,"13":0.003297,"14":0.003297,"15":0.003297,"16":0.003297,"17":0.003297,"18":0.006594,"19":0,"20":0.003297,"21":0.003297,"22":0.003297,"23":0,"24":0.006594,"25":0.006594,"26":0.013188,"27":0.306621,"28":0.138474,"29":0.168147,"30":0.056049,"31":0.115395,"32":0.135177,"33":0.056049,"34":0.09891,"35":0.184632,"36":0.227493,"37":0.151662,"38":0.019782,"39":0.036267,"40":0.06594,"41":1.447383,"42":0.082425,"43":0.09891,"44":0.075831,"45":0.257166,"46":0.187929,"47":7.833672,"48":0.768201,"49":0.046158,"50":0,"51":0},"opera":{"9":0,"9.5-9.6":0,"10.0-10.1":0,"10.5":0,"10.6":0.003297,"11":0.003297,"11.1":0.003297,"11.5":0.029673,"11.6":0.108801,"12":0.211008,"12.1":0.280245,"15":0,"16":0,"17":0.003297,"18":0.003297,"19":0.003297,"20":0.006594,"21":0,"22":0,"23":0,"24":0,"25":0,"26":0.003297,"27":0.009891,"28":1.3188,"29":0.06594,"30":0.019782,"31":0.003297,"32":0.013188,"33":0.042861,"34":0.642915,"35":0,"36":0},"safari":{"3.1":0,"3.2":0,"4":0.003297,"5":0.118692,"5.1":0.141771,"6":0.019782,"6.1":0.056049,"7":0.072534,"7.1":0.023079,"8":0.184632,"9":0.646212,"9.1":0.003297},"android":{"2.1":0,"2.2":0,"2.3":0.0480355502657,"3":0,"4":0.199647755792,"4.1":0.68300548034,"4.2-4.3":1.5206253881,"4.4":3.02623966674,"4.4.3-4.4.4":1.58517315877,"47":null},"ios_saf":{"3.2":0,"4.0-4.1":0,"4.2-4.3":0,"5.0-5.1":0,"6.0-6.1":0,"7.0-7.1":0.164196768827,"8":0.0115150980736,"8.1-8.4":0.469133625219,"9.0-9.2":3.49504550788,"9.3":null},"op_mob":{"10":0,"11":0,"11.1":0,"11.5":0,"12":0.00274088595946,"12.1":0.00274088595946,"0":0.145266955851},"ie":{"5.5":0,"6":0.006594,"7":0.006594,"8":0.379155,"9":0.471471,"10":0.570381,"11":3.435474},"bb":{"7":0.2044415,"10":null},"ie_mob":{"10":0.287496739496,"11":1.2675992605},"edge":{"12":0.273651,"13":0.240681,"14":0},"and_uc":{"0":9.196516},"op_mini":{"5.0-8.0":36.5816912722},"and_chr":{"0":9.847823},"and_ff":{"0":0.087139}},"total":97.9517715}