{"id":"HU","name":"Hungary","month":"2016-01","access_date":"2016-02-03","data":{"firefox":{"2":0,"3":0.008683,"3.5":0.008683,"3.6":0.034732,"4":0.008683,"5":0,"6":0.008683,"7":0.008683,"8":0.008683,"9":0.008683,"10":0.008683,"11":0.008683,"12":0.034732,"13":0.008683,"14":0.008683,"15":0.017366,"16":0.017366,"17":0.008683,"18":0.017366,"19":0.017366,"20":0.017366,"21":0.008683,"22":0.008683,"23":0.008683,"24":0.017366,"25":0.008683,"26":0.017366,"27":0.017366,"28":0.026049,"29":0.017366,"30":0.034732,"31":0.052098,"32":0.034732,"33":0.043415,"34":0.043415,"35":0.060781,"36":0.043415,"37":0.078147,"38":0.251807,"39":0.164977,"40":0.130245,"41":2.144701,"42":5.652633,"43":18.807378,"44":0.807519,"45":0.008683,"46":0.008683,"47":0},"chrome":{"4":0.078147,"5":0,"6":0,"7":0.008683,"8":0,"9":0.008683,"10":0.008683,"11":0.034732,"12":0.017366,"13":0,"14":0,"15":0,"16":0.008683,"17":0,"18":0.008683,"19":0,"20":0,"21":0,"22":0.043415,"23":0,"24":0.008683,"25":0.008683,"26":0.043415,"27":0.017366,"28":0.008683,"29":0.008683,"30":0.008683,"31":0.043415,"32":0.008683,"33":0.034732,"34":0.078147,"35":0.034732,"36":0.026049,"37":0.052098,"38":0.052098,"39":0.08683,"40":0.060781,"41":0.034732,"42":0.052098,"43":0.130245,"44":0.130245,"45":0.130245,"46":2.387825,"47":33.464282,"48":3.38637,"49":0.08683,"50":0.008683,"51":0},"opera":{"9":0,"9.5-9.6":0,"10.0-10.1":0,"10.5":0,"10.6":0.008683,"11":0,"11.1":0,"11.5":0,"11.6":0.008683,"12":0.017366,"12.1":4.124425,"15":0,"16":0,"17":0,"18":0.008683,"19":0,"20":0.008683,"21":0,"22":0,"23":0,"24":0,"25":0,"26":0.008683,"27":0,"28":0.017366,"29":0.017366,"30":0.017366,"31":0.008683,"32":0.026049,"33":0.026049,"34":2.231531,"35":0.043415,"36":0.008683},"safari":{"3.1":0,"3.2":0,"4":0,"5":0.017366,"5.1":0.043415,"6":0,"6.1":0.034732,"7":0.017366,"7.1":0.017366,"8":0.130245,"9":0.677274,"9.1":0.008683},"android":{"2.1":0,"2.2":0,"2.3":0.0151297768332,"3":0,"4":0.0628831349628,"4.1":0.215126514346,"4.2-4.3":0.478951997875,"4.4":0.953175940489,"4.4.3-4.4.4":0.499282635494,"47":null},"ios_saf":{"3.2":0,"4.0-4.1":0,"4.2-4.3":0,"5.0-5.1":0,"6.0-6.1":0,"7.0-7.1":0.13535960647,"8":0.00949275162254,"8.1-8.4":0.38674173277,"9.0-9.2":2.88122590914,"9.3":null},"op_mob":{"10":0,"11":0,"11.1":0,"11.5":0,"12":4.7465066534e-5,"12.1":4.7465066534e-5,"0":0.0025156485263},"ie":{"5.5":0,"6":0.0174305576208,"7":0.00871527881041,"8":0.4183333829,"9":0.305034758364,"10":0.244027806691,"11":3.67784765799},"bb":{"7":0.01284075,"10":null},"ie_mob":{"10":0.178713579832,"11":0.787964420168},"edge":{"12":0.295222,"13":0.712006,"14":0},"and_uc":{"0":0.084288},"op_mini":{"5.0-8.0":0.633500421341},"and_chr":{"0":9.018615},"and_ff":{"0":0.017121}},"total":98.9482891924}