{"id":"IE","name":"Ireland","month":"2016-01","access_date":"2016-02-03","data":{"firefox":{"2":0,"3":0.006185,"3.5":0.018555,"3.6":0.018555,"4":0.006185,"5":0,"6":0.01237,"7":0,"8":0,"9":0.006185,"10":0.191735,"11":0.006185,"12":0.006185,"13":0,"14":0,"15":0,"16":0.03711,"17":0,"18":0,"19":0,"20":0.006185,"21":0.006185,"22":0,"23":0.006185,"24":0.006185,"25":0.006185,"26":0.006185,"27":0.006185,"28":0.043295,"29":0.006185,"30":0.006185,"31":0.018555,"32":0.01237,"33":0.01237,"34":0.018555,"35":0.030925,"36":0.018555,"37":0.03711,"38":0.142255,"39":0.092775,"40":0.080405,"41":0.09896,"42":0.2474,"43":5.61598,"44":0.303065,"45":0.006185,"46":0.006185,"47":0},"chrome":{"4":0,"5":0,"6":0,"7":0,"8":0,"9":0,"10":0,"11":0.06185,"12":0.006185,"13":0.01237,"14":0,"15":0,"16":0,"17":0,"18":0.006185,"19":0,"20":0,"21":0.006185,"22":0.06185,"23":0,"24":0.006185,"25":0.006185,"26":0.006185,"27":0.006185,"28":0.006185,"29":0.006185,"30":0.006185,"31":0.142255,"32":0.018555,"33":0.191735,"34":0.04948,"35":0.1237,"36":0.030925,"37":0.04948,"38":0.06185,"39":0.1237,"40":0.04948,"41":0.04948,"42":0.068035,"43":0.204105,"44":0.204105,"45":0.315435,"46":0.38347,"47":25.92752,"48":2.467815,"49":0.055665,"50":0.01237,"51":0},"opera":{"9":0,"9.5-9.6":0,"10.0-10.1":0,"10.5":0,"10.6":0,"11":0,"11.1":0,"11.5":0,"11.6":0,"12":0,"12.1":0.055665,"15":0,"16":0,"17":0,"18":0,"19":0,"20":0,"21":0,"22":0,"23":0,"24":0,"25":0,"26":0,"27":0,"28":0.006185,"29":0,"30":0,"31":0.006185,"32":0.006185,"33":0.006185,"34":0.439135,"35":0.006185,"36":0},"safari":{"3.1":0,"3.2":0,"4":0.03711,"5":0.08659,"5.1":0.19792,"6":0.02474,"6.1":0.13607,"7":0.092775,"7.1":0.07422,"8":0.4948,"9":1.923535,"9.1":0.006185},"android":{"2.1":0,"2.2":0,"2.3":0.0265747927736,"3":0,"4":0.110451482465,"4.1":0.37786033475,"4.2-4.3":0.841258283741,"4.4":1.67421194474,"4.4.3-4.4.4":0.87696816153,"47":null},"ios_saf":{"3.2":0,"4.0-4.1":0,"4.2-4.3":0,"5.0-5.1":0,"6.0-6.1":0,"7.0-7.1":0.915728072525,"8":0.0642198908005,"8.1-8.4":2.6163659215,"9.0-9.2":19.4919261152,"9.3":null},"op_mob":{"10":0,"11":0,"11.1":0,"11.5":0,"12":1.42333043154e-5,"12.1":1.42333043154e-5,"0":0.000754365128715},"ie":{"5.5":0,"6":0.00622969738031,"7":0.0249187895212,"8":0.392470934959,"9":0.685266711834,"10":0.436078816621,"11":5.3450803523},"bb":{"7":0.00858375,"10":null},"ie_mob":{"10":0.20383,"11":0.898705},"edge":{"12":0.47006,"13":0.89064,"14":0},"and_uc":{"0":0.06104},"op_mini":{"5.0-8.0":0.189967168263},"and_chr":{"0":20.53814},"and_ff":{"0":0.041965}},"total":98.6659340526}