{"id":"IS","name":"Iceland","month":"2016-01","access_date":"2016-02-03","data":{"firefox":{"2":0,"3":0.00815,"3.5":0,"3.6":0.05705,"4":0.00815,"5":0,"6":0.05705,"7":0,"8":0,"9":0.00815,"10":0,"11":0.00815,"12":0.02445,"13":0,"14":0,"15":0,"16":0.0326,"17":0.00815,"18":0,"19":0,"20":0.0489,"21":0.0163,"22":0.00815,"23":0.00815,"24":0.00815,"25":0.00815,"26":0.00815,"27":0.00815,"28":0.0489,"29":0.00815,"30":0.0163,"31":0.0326,"32":0.00815,"33":0.0163,"34":0.02445,"35":0.0815,"36":0.05705,"37":0.0652,"38":0.4564,"39":0.18745,"40":0.163,"41":0.13855,"42":0.2445,"43":8.37005,"44":0.48085,"45":0.1141,"46":0.0163,"47":0},"chrome":{"4":0,"5":0,"6":0,"7":0,"8":0,"9":0.00815,"10":0,"11":0.00815,"12":0.00815,"13":0,"14":0,"15":0,"16":0,"17":0,"18":0.00815,"19":0,"20":0,"21":0.02445,"22":0.00815,"23":0,"24":0.00815,"25":0,"26":0.00815,"27":0.00815,"28":0.00815,"29":0.00815,"30":0.00815,"31":0.0489,"32":0.0163,"33":0.02445,"34":0.0652,"35":0.0326,"36":0.02445,"37":0.04075,"38":0.0326,"39":0.08965,"40":0.0489,"41":0.0652,"42":0.1141,"43":0.23635,"44":0.489,"45":0.35045,"46":0.46455,"47":39.609,"48":3.65935,"49":0.1467,"50":0.0163,"51":0},"opera":{"9":0,"9.5-9.6":0,"10.0-10.1":0,"10.5":0,"10.6":0,"11":0,"11.1":0,"11.5":0,"11.6":0,"12":0.0326,"12.1":0.163,"15":0,"16":0,"17":0,"18":0,"19":0,"20":0,"21":0,"22":0,"23":0,"24":0,"25":0,"26":0,"27":0,"28":0.0326,"29":0.00815,"30":0,"31":0,"32":0.00815,"33":0.02445,"34":0.66015,"35":0,"36":0},"safari":{"3.1":0,"3.2":0,"4":0.0326,"5":0.10595,"5.1":0.30155,"6":0.07335,"6.1":0.2771,"7":0.1793,"7.1":0.13855,"8":1.06765,"9":4.1076,"9.1":0.00815},"android":{"2.1":0,"2.2":0,"2.3":0.0091208501594,"3":0,"4":0.037908533475,"4.1":0.129687088204,"4.2-4.3":0.288731912859,"4.4":0.574613560043,"4.4.3-4.4.4":0.30098805526,"47":null},"ios_saf":{"3.2":0,"4.0-4.1":0,"4.2-4.3":0,"5.0-5.1":0,"6.0-6.1":0,"7.0-7.1":0.585660476975,"8":0.0410722931905,"8.1-8.4":1.6733156485,"9.0-9.2":12.4662015813,"9.3":null},"op_mob":{"10":0,"11":0,"11.1":0,"11.5":0,"12":4.69344608879e-6,"12.1":4.69344608879e-6,"0":0.000248752642706},"ie":{"5.5":0,"6":0,"7":0.0163410579345,"8":0.17975163728,"9":0.277797984887,"10":0.343162216625,"11":5.66217657431},"bb":{"7":0.00925,"10":null},"ie_mob":{"10":0.0687453781513,"11":0.303104621849},"edge":{"12":0.41565,"13":1.3529,"14":0},"and_uc":{"0":0.07585},"op_mini":{"5.0-8.0":0.0626418604651},"and_chr":{"0":9.98005},"and_ff":{"0":0.0259}},"total":98.646479471}