{"id":"IT","name":"Italy","month":"2016-01","access_date":"2016-02-03","data":{"firefox":{"2":0.007629,"3":0.007629,"3.5":0.007629,"3.6":0.030516,"4":0.007629,"5":0,"6":0.007629,"7":0,"8":0,"9":0.007629,"10":0.007629,"11":0.007629,"12":0.022887,"13":0.007629,"14":0.015258,"15":0.007629,"16":0.038145,"17":0.007629,"18":0.007629,"19":0.007629,"20":0.022887,"21":0.099177,"22":0.015258,"23":0.022887,"24":0.030516,"25":0.022887,"26":0.015258,"27":0.015258,"28":0.022887,"29":0.030516,"30":0.030516,"31":0.068661,"32":0.022887,"33":0.030516,"34":0.07629,"35":0.053403,"36":0.045774,"37":0.137322,"38":0.175467,"39":0.114435,"40":0.099177,"41":0.183096,"42":0.38145,"43":9.162429,"44":0.450111,"45":0.007629,"46":0,"47":0},"chrome":{"4":0,"5":0,"6":0,"7":0,"8":0,"9":0,"10":0,"11":0.038145,"12":0,"13":0,"14":0,"15":0,"16":0,"17":0,"18":0.007629,"19":0,"20":0,"21":0.015258,"22":0.099177,"23":0.007629,"24":0.007629,"25":0.030516,"26":0.053403,"27":0.038145,"28":0.022887,"29":0.022887,"30":0.015258,"31":0.083919,"32":0.053403,"33":0.053403,"34":0.091548,"35":0.114435,"36":0.320418,"37":0.099177,"38":0.122064,"39":0.312789,"40":0.091548,"41":0.236499,"42":0.160209,"43":0.190725,"44":0.221241,"45":0.350934,"46":0.472998,"47":32.079945,"48":3.349131,"49":0.099177,"50":0.007629,"51":0},"opera":{"9":0,"9.5-9.6":0,"10.0-10.1":0,"10.5":0,"10.6":0,"11":0,"11.1":0,"11.5":0,"11.6":0.015258,"12":0.022887,"12.1":0.129693,"15":0,"16":0,"17":0,"18":0,"19":0,"20":0,"21":0,"22":0,"23":0,"24":0,"25":0,"26":0,"27":0,"28":0.15258,"29":0.007629,"30":0.007629,"31":0.007629,"32":0.015258,"33":0.015258,"34":0.587433,"35":0.007629,"36":0},"safari":{"3.1":0,"3.2":0,"4":0.038145,"5":0.160209,"5.1":0.389079,"6":0.038145,"6.1":0.213612,"7":0.106806,"7.1":0.091548,"8":0.633207,"9":3.341502,"9.1":0.007629},"android":{"2.1":0,"2.2":0,"2.3":0.0276913241233,"3":0,"4":0.115092065887,"4.1":0.393736014878,"4.2-4.3":0.876603479277,"4.4":1.74455341977,"4.4.3-4.4.4":0.913813696068,"47":null},"ios_saf":{"3.2":0,"4.0-4.1":0,"4.2-4.3":0,"5.0-5.1":0,"6.0-6.1":0,"7.0-7.1":0.408592999897,"8":0.0286545740187,"8.1-8.4":1.16740857113,"9.0-9.2":8.69719385495,"9.3":null},"op_mob":{"10":0,"11":0,"11.1":0,"11.5":0,"12":1.14996890934e-5,"12.1":1.14996890934e-5,"0":0.00060948352195},"ie":{"5.5":0,"6":0.0306987305389,"7":0.0383734131737,"8":0.959335329341,"9":0.805841676647,"10":0.636998658683,"11":7.75142946108},"bb":{"7":0.0248955,"10":null},"ie_mob":{"10":0.298506907563,"11":1.31614409244},"edge":{"12":0.587433,"13":1.205382,"14":0},"and_uc":{"0":0.201535},"op_mini":{"5.0-8.0":0.1534825171},"and_chr":{"0":13.339892},"and_ff":{"0":0.035565}},"total":98.1606827695}