{"id":"JE","name":"Jersey","month":"2016-01","access_date":"2016-02-03","data":{"firefox":{"2":0,"3":0.006875,"3.5":0,"3.6":0.006875,"4":0.006875,"5":0,"6":0,"7":0,"8":0,"9":0,"10":0,"11":0,"12":0.01375,"13":0,"14":0.006875,"15":0,"16":0.01375,"17":0,"18":0,"19":0.0275,"20":0.006875,"21":0.075625,"22":0.01375,"23":0.01375,"24":0.01375,"25":0.01375,"26":0.006875,"27":0.006875,"28":0.006875,"29":0.006875,"30":0.0275,"31":0.01375,"32":0.01375,"33":0.089375,"34":0.01375,"35":0.01375,"36":0.006875,"37":0.0825,"38":0.04125,"39":0.0275,"40":0.04125,"41":0.048125,"42":0.1375,"43":3.678125,"44":0.20625,"45":0.006875,"46":0.006875,"47":0},"chrome":{"4":0,"5":0,"6":0,"7":0,"8":0.006875,"9":0,"10":0,"11":0.01375,"12":0,"13":0,"14":0,"15":0,"16":0,"17":0,"18":0,"19":0,"20":0,"21":0,"22":0.01375,"23":0,"24":0.006875,"25":0,"26":0.01375,"27":0.04125,"28":0.01375,"29":0.01375,"30":0.006875,"31":0.020625,"32":0.020625,"33":0.04125,"34":0.04125,"35":0.0275,"36":1.74625,"37":0.0275,"38":0.006875,"39":0.0825,"40":0.055,"41":0.130625,"42":0.01375,"43":0.09625,"44":0.061875,"45":0.570625,"46":0.336875,"47":17.854375,"48":1.684375,"49":0.055,"50":0.006875,"51":0},"opera":{"9":0.006875,"9.5-9.6":0,"10.0-10.1":0,"10.5":0,"10.6":0,"11":0,"11.1":0,"11.5":0,"11.6":0.006875,"12":0.0275,"12.1":0.048125,"15":0,"16":0,"17":0,"18":0,"19":0,"20":0,"21":0,"22":0,"23":0,"24":0,"25":0,"26":0,"27":0,"28":0.116875,"29":0,"30":0,"31":0,"32":0,"33":0,"34":0.281875,"35":0,"36":0},"safari":{"3.1":0,"3.2":0,"4":0.04125,"5":0.103125,"5.1":0.64625,"6":0.048125,"6.1":0.391875,"7":0.213125,"7.1":0.158125,"8":1.19625,"9":4.915625,"9.1":0.006875},"android":{"2.1":0,"2.2":0,"2.3":0.015829968119,"3":0,"4":0.0657933049947,"4.1":0.225082359192,"4.2-4.3":0.501117428268,"4.4":0.997287991498,"4.4.3-4.4.4":0.522388947928,"47":null},"ios_saf":{"3.2":0,"4.0-4.1":0,"4.2-4.3":0,"5.0-5.1":0,"6.0-6.1":0,"7.0-7.1":1.2815815906,"8":0.0898771505099,"8.1-8.4":3.66166168744,"9.0-9.2":27.2793795714,"9.3":null},"op_mob":{"10":0,"11":0,"11.1":0,"11.5":0,"12":8.3245243129e-5,"12.1":8.3245243129e-5,"0":0.00441199788584},"ie":{"5.5":0,"6":0.006875,"7":0.034375,"8":0.50875,"9":0.56375,"10":1.1825,"11":10.5875},"bb":{"7":0.0328125,"10":null},"ie_mob":{"10":0.192962184874,"11":0.850787815126},"edge":{"12":0.501875,"13":1.43,"14":0},"and_uc":{"0":0.996875},"op_mini":{"5.0-8.0":1.11104651163},"and_chr":{"0":10.108125},"and_ff":{"0":0.00625}},"total":98.6809375}