{"id":"JM","name":"Jamaica","month":"2016-01","access_date":"2016-02-03","data":{"firefox":{"2":0,"3":0.013288,"3.5":0,"3.6":0.013288,"4":0.006644,"5":0.006644,"6":0.039864,"7":0.013288,"8":0.006644,"9":0,"10":0.026576,"11":0.013288,"12":0.006644,"13":0.006644,"14":0.006644,"15":0.006644,"16":0.019932,"17":0.026576,"18":0,"19":0.006644,"20":0.006644,"21":0.013288,"22":0.006644,"23":0.006644,"24":0.019932,"25":0.006644,"26":0.013288,"27":0.006644,"28":0.006644,"29":0.013288,"30":0.006644,"31":0.013288,"32":0.026576,"33":0.019932,"34":0.019932,"35":0.019932,"36":0.019932,"37":0.059796,"38":0.112948,"39":0.119592,"40":0.106304,"41":0.093016,"42":0.23254,"43":5.6474,"44":0.810568,"45":0.03322,"46":0.006644,"47":0},"chrome":{"4":0.006644,"5":0,"6":0.006644,"7":0,"8":0,"9":0,"10":0.006644,"11":0.053152,"12":0.013288,"13":0,"14":0,"15":0.006644,"16":0,"17":0,"18":0.026576,"19":0,"20":0.006644,"21":0.013288,"22":0.1661,"23":0,"24":0.006644,"25":0.006644,"26":0.026576,"27":0.006644,"28":0.019932,"29":0.019932,"30":0.013288,"31":0.093016,"32":0.019932,"33":0.146168,"34":0.06644,"35":0.046508,"36":0.053152,"37":0.053152,"38":0.059796,"39":0.152812,"40":0.06644,"41":0.053152,"42":0.225896,"43":0.225896,"44":0.26576,"45":0.644468,"46":0.46508,"47":29.951152,"48":3.28878,"49":0.56474,"50":0.026576,"51":0},"opera":{"9":0,"9.5-9.6":0,"10.0-10.1":0,"10.5":0,"10.6":0,"11":0,"11.1":0,"11.5":0,"11.6":0,"12":0,"12.1":0.093016,"15":0,"16":0,"17":0,"18":0,"19":0,"20":0,"21":0,"22":0,"23":0,"24":0,"25":0,"26":0,"27":0.03322,"28":0.006644,"29":0.06644,"30":0.013288,"31":0.019932,"32":0.006644,"33":0.046508,"34":1.235784,"35":0.013288,"36":0},"safari":{"3.1":0,"3.2":0,"4":0.013288,"5":0.03322,"5.1":0.152812,"6":0.019932,"6.1":0.053152,"7":0.039864,"7.1":0.046508,"8":0.23254,"9":1.136124,"9.1":0.006644},"android":{"2.1":0,"2.2":0,"2.3":0.0652871821467,"3":0,"4":0.271349850797,"4.1":0.928302121148,"4.2-4.3":2.06674735983,"4.4":4.11309247524,"4.4.3-4.4.4":2.15447701084,"47":null},"ios_saf":{"3.2":0,"4.0-4.1":0,"4.2-4.3":0,"5.0-5.1":0,"6.0-6.1":0,"7.0-7.1":0.241016742557,"8":0.0169024728546,"8.1-8.4":0.688619264448,"9.0-9.2":5.13021352014,"9.3":null},"op_mob":{"10":0,"11":0,"11.1":0,"11.5":0,"12":0.000105926228081,"12.1":0.000105926228081,"0":0.0056140900883},"ie":{"5.5":0,"6":0.0202279151644,"7":0.0134852767762,"8":0.46524204878,"9":0.310161365854,"10":0.377587749735,"11":5.09743462142},"bb":{"7":0.224013,"10":null},"ie_mob":{"10":0.16317492437,"11":0.71945307563},"edge":{"12":0.657756,"13":1.175988,"14":0},"and_uc":{"0":2.48344},"op_mini":{"5.0-8.0":1.41376205746},"and_chr":{"0":20.58096},"and_ff":{"0":0.030204}},"total":97.2249479777}