{"id":"JP","name":"Japan","month":"2016-01","access_date":"2016-02-03","data":{"firefox":{"2":0,"3":0.006368,"3.5":0.006368,"3.6":0.03184,"4":0,"5":0,"6":0.006368,"7":0,"8":0,"9":0,"10":0.012736,"11":0.006368,"12":0.019104,"13":0.006368,"14":0.006368,"15":0.006368,"16":0.044576,"17":0.006368,"18":0.012736,"19":0.006368,"20":0.006368,"21":0.038208,"22":0.012736,"23":0.012736,"24":0.019104,"25":0.012736,"26":0.006368,"27":0.012736,"28":0.025472,"29":0.019104,"30":0.019104,"31":0.076416,"32":0.019104,"33":0.044576,"34":0.03184,"35":0.070048,"36":0.038208,"37":0.06368,"38":0.146464,"39":0.101888,"40":0.076416,"41":0.114624,"42":0.216512,"43":7.329568,"44":0.4776,"45":0.025472,"46":0.006368,"47":0},"chrome":{"4":0,"5":0,"6":0,"7":0,"8":0,"9":0,"10":0,"11":0.025472,"12":0.006368,"13":0,"14":0,"15":0,"16":0,"17":0.038208,"18":0.006368,"19":0,"20":0,"21":0.012736,"22":0.006368,"23":0,"24":0.006368,"25":0.006368,"26":0.006368,"27":0.019104,"28":0.006368,"29":0.012736,"30":0.006368,"31":0.178304,"32":0.019104,"33":0.025472,"34":0.019104,"35":0.038208,"36":0.03184,"37":0.038208,"38":0.019104,"39":0.044576,"40":0.025472,"41":0.09552,"42":0.101888,"43":0.089152,"44":0.108256,"45":0.235616,"46":0.235616,"47":17.569312,"48":1.808512,"49":0.076416,"50":0.012736,"51":0},"opera":{"9":0,"9.5-9.6":0,"10.0-10.1":0,"10.5":0,"10.6":0,"11":0,"11.1":0.006368,"11.5":0,"11.6":0.006368,"12":0.012736,"12.1":0.229248,"15":0,"16":0,"17":0,"18":0,"19":0,"20":0,"21":0,"22":0,"23":0,"24":0,"25":0,"26":0,"27":0,"28":0.050944,"29":0.006368,"30":0.012736,"31":0.006368,"32":0.006368,"33":0.012736,"34":0.483968,"35":0.012736,"36":0},"safari":{"3.1":0,"3.2":0,"4":0.076416,"5":0.171936,"5.1":0.50944,"6":0.09552,"6.1":0.324768,"7":0.178304,"7.1":0.12736,"8":0.4776,"9":2.158752,"9.1":0.006368},"android":{"2.1":0,"2.2":0,"2.3":0.0384833564293,"3":0,"4":0.159946450159,"4.1":0.54718522423,"4.2-4.3":1.21823875197,"4.4":2.42445145505,"4.4.3-4.4.4":1.26995076217,"47":null},"ios_saf":{"3.2":0,"4.0-4.1":0,"4.2-4.3":0,"5.0-5.1":0,"6.0-6.1":0,"7.0-7.1":1.04618782322,"8":0.0733690161739,"8.1-8.4":2.98910806634,"9.0-9.2":22.2688550943,"9.3":null},"op_mob":{"10":0,"11":0,"11.1":0,"11.5":0,"12":4.3361770924e-6,"12.1":4.3361770924e-6,"0":0.000229817385897},"ie":{"5.5":0,"6":0.0511982115768,"7":0.0639977644711,"8":0.72957451497,"9":1.25435618363,"10":0.671976526946,"11":16.4218263633},"bb":{"7":0.00454,"10":null},"ie_mob":{"10":0.00805754621849,"11":0.0355264537815},"edge":{"12":null,"13":null,"14":null},"and_uc":{"0":0.170704},"op_mini":{"5.0-8.0":0.0578735102599},"and_chr":{"0":10.103232},"and_ff":{"0":0.021792}},"total":96.7374535649}