{"id":"KG","name":"Kyrgyzstan","month":"2016-01","access_date":"2016-02-03","data":{"firefox":{"2":0.006306,"3":0.012612,"3.5":0.044142,"3.6":0.069366,"4":0.006306,"5":0.006306,"6":0.006306,"7":0,"8":0,"9":0.012612,"10":0.012612,"11":0.006306,"12":0.012612,"13":0.006306,"14":0.006306,"15":0.006306,"16":0.006306,"17":0.006306,"18":0,"19":0.006306,"20":0.006306,"21":0.006306,"22":0.006306,"23":0,"24":0.006306,"25":0.006306,"26":0.012612,"27":0.006306,"28":0,"29":0.012612,"30":0.006306,"31":0.012612,"32":0.018918,"33":0.012612,"34":0.018918,"35":0.025224,"36":0.037836,"37":0.018918,"38":0.119814,"39":0.06306,"40":0.044142,"41":0.119814,"42":0.151344,"43":3.65748,"44":0.18918,"45":0.03153,"46":0.012612,"47":0},"chrome":{"4":0.018918,"5":0.006306,"6":0.006306,"7":0.006306,"8":0.075672,"9":0.006306,"10":0.03153,"11":0.050448,"12":0.081978,"13":0.25224,"14":0.006306,"15":0.03153,"16":0.012612,"17":0.03153,"18":0.037836,"19":0.006306,"20":0.012612,"21":0.025224,"22":0.025224,"23":0.012612,"24":0.025224,"25":0.006306,"26":0.018918,"27":0.025224,"28":0.018918,"29":0.075672,"30":0.006306,"31":0.107202,"32":0.012612,"33":0.113508,"34":0.018918,"35":0.025224,"36":0.044142,"37":0.056754,"38":0.025224,"39":0.290076,"40":0.138732,"41":0.044142,"42":0.075672,"43":0.208098,"44":0.233322,"45":0.50448,"46":0.435114,"47":32.12907,"48":3.234978,"49":0.681048,"50":0.03153,"51":0},"opera":{"9":0,"9.5-9.6":0,"10.0-10.1":0.006306,"10.5":0.006306,"10.6":0.012612,"11":0.006306,"11.1":0.006306,"11.5":0.018918,"11.6":0.151344,"12":0.050448,"12.1":0.863922,"15":0,"16":0.006306,"17":0.006306,"18":0.006306,"19":0.006306,"20":0.012612,"21":0.006306,"22":0.006306,"23":0,"24":0.025224,"25":0.012612,"26":0.056754,"27":0.012612,"28":0.018918,"29":0.018918,"30":0.107202,"31":0.018918,"32":0.037836,"33":0.081978,"34":4.31961,"35":0.012612,"36":0.006306},"safari":{"3.1":0,"3.2":0,"4":0.012612,"5":0.018918,"5.1":0.018918,"6":0.012612,"6.1":0.037836,"7":0.018918,"7.1":0.006306,"8":0.119814,"9":0.674742,"9.1":0.012612},"android":{"2.1":0,"2.2":0,"2.3":0.0378970865037,"3":0,"4":0.157509765781,"4.1":0.538849198725,"4.2-4.3":1.19967964463,"4.4":2.38751644973,"4.4.3-4.4.4":1.25060385462,"47":null},"ios_saf":{"3.2":0,"4.0-4.1":0,"4.2-4.3":0,"5.0-5.1":0,"6.0-6.1":0,"7.0-7.1":0.215941252704,"8":0.0151439320078,"8.1-8.4":0.616975007726,"9.0-9.2":4.59646380756,"9.3":null},"op_mob":{"10":0,"11":0,"11.1":0,"11.5":0,"12":0.000672003880114,"12.1":0.000672003880114,"0":0.0356162056461},"ie":{"5.5":0,"6":0.0194912727273,"7":0.123444727273,"8":0.487281818182,"9":0.201409818182,"10":0.415813818182,"11":1.75421454545},"bb":{"7":0.009235,"10":null},"ie_mob":{"10":0.109950823529,"11":0.484783176471},"edge":{"12":0.227016,"13":0.227016,"14":0},"and_uc":{"0":5.795886},"op_mini":{"5.0-8.0":8.96901178659},"and_chr":{"0":14.374654},"and_ff":{"0":0.011082}},"total":95.260453}