{"id":"KM","name":"Comoros","month":"2016-01","access_date":"2016-02-03","data":{"firefox":{"2":0.335784,"3":0.064194,"3.5":0.059256,"3.6":0.128388,"4":0.034566,"5":0.02469,"6":0.009876,"7":0.019752,"8":0.004938,"9":0.019752,"10":0.103698,"11":0.054318,"12":0.019752,"13":0.019752,"14":0.17283,"15":0.059256,"16":0.009876,"17":0.009876,"18":0.044442,"19":0.02469,"20":0.498738,"21":0.138264,"22":0.004938,"23":0.019752,"24":0.039504,"25":0,"26":0.044442,"27":0.014814,"28":0.009876,"29":0.014814,"30":0.12345,"31":0.365412,"32":0.612312,"33":0.044442,"34":0.02469,"35":0.029628,"36":0.113574,"37":0.103698,"38":0.562932,"39":0.311094,"40":0.301218,"41":0.241962,"42":0.933282,"43":5.994732,"44":0.118512,"45":0.019752,"46":0,"47":0},"chrome":{"4":0.009876,"5":0.019752,"6":0,"7":0.009876,"8":0,"9":0.004938,"10":0.17283,"11":0.009876,"12":0.009876,"13":0.103698,"14":0.004938,"15":0.014814,"16":0.009876,"17":0,"18":0.059256,"19":0,"20":0.009876,"21":0,"22":0.004938,"23":0.088884,"24":0.029628,"25":0.034566,"26":0.044442,"27":0.059256,"28":0.014814,"29":0.014814,"30":0.108636,"31":0.488862,"32":0.108636,"33":0.088884,"34":0.182706,"35":0.034566,"36":0.069132,"37":0.014814,"38":0.02469,"39":0.044442,"40":0.044442,"41":1.92582,"42":0.56787,"43":1.081422,"44":0.069132,"45":2.103588,"46":0.548118,"47":14.137494,"48":1.30857,"49":0.375288,"50":0,"51":0},"opera":{"9":0,"9.5-9.6":0.009876,"10.0-10.1":0.019752,"10.5":0,"10.6":0,"11":0.019752,"11.1":0,"11.5":0.009876,"11.6":0.02469,"12":0.009876,"12.1":0.019752,"15":0.004938,"16":0.07407,"17":0,"18":0.079008,"19":0,"20":0,"21":0.004938,"22":0,"23":0,"24":0,"25":0,"26":0.004938,"27":0,"28":0.039504,"29":0,"30":0.014814,"31":0,"32":0.039504,"33":0.044442,"34":0.760452,"35":0.039504,"36":0},"safari":{"3.1":0,"3.2":0,"4":0.019752,"5":0.02469,"5.1":0.019752,"6":0.004938,"6.1":0.079008,"7":0.004938,"7.1":0,"8":0.029628,"9":0.19752,"9.1":0},"android":{"2.1":0,"2.2":0,"2.3":0.0637564871413,"3":0,"4":0.264987899681,"4.1":0.906537551541,"4.2-4.3":2.01829129607,"4.4":4.0166586899,"4.4.3-4.4.4":2.10396407566,"47":null},"ios_saf":{"3.2":0,"4.0-4.1":0,"4.2-4.3":0,"5.0-5.1":0,"6.0-6.1":0,"7.0-7.1":0.109704336046,"8":0.0076935508396,"8.1-8.4":0.313440960132,"9.0-9.2":2.33513515298,"9.3":null},"op_mob":{"10":0,"11":0,"11.1":0,"11.5":0,"12":0.00143682487253,"12.1":0.00143682487253,"0":0.076151718244},"ie":{"5.5":0,"6":0.00495128609865,"7":0.00990257219731,"8":0.742692914798,"9":0.10892829417,"10":0.856572495067,"11":3.79268515157},"bb":{"7":0.02531,"10":null},"ie_mob":{"10":0.233957983193,"11":1.03154201681},"edge":{"12":0.676506,"13":0.241962,"14":0},"and_uc":{"0":2.20197},"op_mini":{"5.0-8.0":19.176822632},"and_chr":{"0":15.869566},"and_ff":{"0":0.070868}},"total":94.8267987139}