{"id":"KN","name":"Saint Kitts and Nevis","month":"2016-01","access_date":"2016-02-03","data":{"firefox":{"2":0,"3":0,"3.5":0,"3.6":0,"4":0,"5":0,"6":0.007262,"7":0,"8":0,"9":0,"10":0,"11":0.007262,"12":0,"13":0,"14":0.007262,"15":0,"16":0.021786,"17":0,"18":0,"19":0,"20":0,"21":0.094406,"22":0.007262,"23":0.03631,"24":0.007262,"25":0.014524,"26":0,"27":0.007262,"28":0.007262,"29":0.014524,"30":0.007262,"31":0.007262,"32":0.203336,"33":0,"34":0.03631,"35":0,"36":0.043572,"37":0.130716,"38":0.050834,"39":0.021786,"40":0.348576,"41":0.050834,"42":0.203336,"43":4.53875,"44":0.406672,"45":0.007262,"46":0,"47":0},"chrome":{"4":0,"5":0,"6":0,"7":0,"8":0,"9":0,"10":0,"11":0.050834,"12":0,"13":0,"14":0,"15":0,"16":0,"17":0,"18":0.007262,"19":0,"20":0.007262,"21":0.007262,"22":0.050834,"23":0,"24":0,"25":0,"26":0.007262,"27":0.03631,"28":0.014524,"29":0.021786,"30":0.014524,"31":0.07262,"32":0.03631,"33":0.029048,"34":0.014524,"35":0.029048,"36":0.25417,"37":0.021786,"38":0.014524,"39":0.116192,"40":0.007262,"41":0.130716,"42":0.246908,"43":0.094406,"44":0.14524,"45":0.493816,"46":0.225122,"47":30.558496,"48":3.173494,"49":0.268694,"50":0.007262,"51":0},"opera":{"9":0,"9.5-9.6":0.007262,"10.0-10.1":0,"10.5":0,"10.6":0,"11":0,"11.1":0,"11.5":0,"11.6":0.007262,"12":0.029048,"12.1":0.137978,"15":0,"16":0,"17":0,"18":0,"19":0,"20":0,"21":0,"22":0,"23":0,"24":0,"25":0,"26":0,"27":0.014524,"28":0.123454,"29":0.021786,"30":0,"31":0,"32":0,"33":0.021786,"34":0.733462,"35":0.014524,"36":0},"safari":{"3.1":0,"3.2":0,"4":0,"5":0.021786,"5.1":0.050834,"6":0.007262,"6.1":0.232384,"7":0.050834,"7.1":0.094406,"8":0.813344,"9":3.035516,"9.1":0.094406},"android":{"2.1":0,"2.2":0,"2.3":0.0418973925611,"3":0,"4":0.174136037832,"4.1":0.595728550478,"4.2-4.3":1.32631433326,"4.4":2.63953573135,"4.4.3-4.4.4":1.38261395452,"47":null},"ios_saf":{"3.2":0,"4.0-4.1":0,"4.2-4.3":0,"5.0-5.1":0,"6.0-6.1":0,"7.0-7.1":0.541447786134,"8":0.0379716629237,"8.1-8.4":1.54699367467,"9.0-9.2":11.5251028763,"9.3":null},"op_mob":{"10":0,"11":0,"11.1":0,"11.5":0,"12":8.58072379057e-6,"12.1":8.58072379057e-6,"0":0.0004547783609},"ie":{"5.5":0,"6":0,"7":0,"8":0.275956,"9":0.167026,"10":0.392148,"11":6.855328},"bb":{"7":0.116365,"10":null},"ie_mob":{"10":0.230314117647,"11":1.01547588235},"edge":{"12":0.697152,"13":2.193124,"14":0},"and_uc":{"0":0.470936},"op_mini":{"5.0-8.0":0.114524060192},"and_chr":{"0":17.359576},"and_ff":{"0":0.062974}},"total":97.721361}