{"id":"KY","name":"Cayman Islands","month":"2016-01","access_date":"2016-02-03","data":{"firefox":{"2":0,"3":0.013926,"3.5":0,"3.6":0.027852,"4":0,"5":0,"6":0.013926,"7":0,"8":0.006963,"9":0,"10":0.034815,"11":0,"12":0.006963,"13":0.013926,"14":0.006963,"15":0.006963,"16":0.006963,"17":0,"18":0.013926,"19":0.020889,"20":0,"21":0.125334,"22":0.020889,"23":0.020889,"24":0.229779,"25":0.027852,"26":0.013926,"27":0.020889,"28":0.013926,"29":0.020889,"30":0.013926,"31":0.048741,"32":0.048741,"33":0.034815,"34":0.13926,"35":0.041778,"36":0.048741,"37":0.167112,"38":0.111408,"39":0.181038,"40":0.090519,"41":0.104445,"42":0.229779,"43":4.658247,"44":0.327261,"45":0,"46":0,"47":0},"chrome":{"4":0.006963,"5":0,"6":0,"7":0,"8":0,"9":0,"10":0,"11":0.06963,"12":0,"13":0,"14":0,"15":0,"16":0,"17":0,"18":0,"19":0,"20":0,"21":0.020889,"22":0.013926,"23":0,"24":0,"25":0,"26":0.020889,"27":0.048741,"28":0.027852,"29":0.020889,"30":0.013926,"31":0.062667,"32":0.027852,"33":0.013926,"34":0.076593,"35":0.076593,"36":0.041778,"37":0.027852,"38":0.048741,"39":0.013926,"40":0.188001,"41":0.257631,"42":0.062667,"43":0.146223,"44":0.048741,"45":0.13926,"46":0.299409,"47":22.894344,"48":1.956603,"49":0.048741,"50":0.006963,"51":0},"opera":{"9":0,"9.5-9.6":0,"10.0-10.1":0,"10.5":0,"10.6":0,"11":0,"11.1":0,"11.5":0,"11.6":0.013926,"12":0.034815,"12.1":0.048741,"15":0,"16":0,"17":0,"18":0,"19":0,"20":0,"21":0,"22":0,"23":0,"24":0,"25":0,"26":0,"27":0.006963,"28":0.194964,"29":0.020889,"30":0,"31":0,"32":0.006963,"33":0,"34":0.215853,"35":0.006963,"36":0},"safari":{"3.1":0,"3.2":0,"4":0.006963,"5":0.083556,"5.1":0.27852,"6":0.027852,"6.1":0.257631,"7":0.062667,"7.1":0.201927,"8":0.675411,"9":5.145657,"9.1":0.027852},"android":{"2.1":0,"2.2":0,"2.3":0.0241659919235,"3":0,"4":0.100439903932,"4.1":0.343610197662,"4.2-4.3":0.765004681828,"4.4":1.52245749118,"4.4.3-4.4.4":0.797477733475,"47":null},"ios_saf":{"3.2":0,"4.0-4.1":0,"4.2-4.3":0,"5.0-5.1":0,"6.0-6.1":0,"7.0-7.1":0.974837649634,"8":0.0683652377666,"8.1-8.4":2.78525042753,"9.0-9.2":20.7501156851,"9.3":null},"op_mob":{"10":0,"11":0,"11.1":0,"11.5":0,"12":5.43872652655e-6,"12.1":5.43872652655e-6,"0":0.000288252505907},"ie":{"5.5":0,"6":0.006963,"7":0.006963,"8":0.543114,"9":0.675411,"10":0.800745,"11":10.395759},"bb":{"7":0.18905325,"10":null},"ie_mob":{"10":0.0982558823529,"11":0.433219117647},"edge":{"12":0.480447,"13":1.051413,"14":0},"and_uc":{"0":0.361403},"op_mini":{"5.0-8.0":0.072588870041},"and_chr":{"0":14.446669},"and_ff":{"0":0.054666}},"total":98.66328225}