{"id":"LI","name":"Liechtenstein","month":"2016-01","access_date":"2016-02-03","data":{"firefox":{"2":0.008121,"3":0,"3.5":0.016242,"3.6":0.008121,"4":0,"5":0.008121,"6":0,"7":0,"8":0.008121,"9":0.048726,"10":0,"11":0,"12":0.016242,"13":0,"14":0,"15":0.032484,"16":0.008121,"17":0,"18":0,"19":0,"20":0,"21":0.032484,"22":0,"23":0.008121,"24":0,"25":0.008121,"26":0.008121,"27":0,"28":0.016242,"29":0.016242,"30":0.121815,"31":0.008121,"32":0.032484,"33":0.048726,"34":0.040605,"35":0.032484,"36":0.032484,"37":0.056847,"38":0.641559,"39":0.073089,"40":0.105573,"41":0.194904,"42":0.609075,"43":9.964467,"44":1.007004,"45":0.008121,"46":0,"47":0},"chrome":{"4":0,"5":0,"6":0,"7":0,"8":0,"9":0,"10":0,"11":0.024363,"12":0,"13":0,"14":0,"15":0,"16":0,"17":0.016242,"18":0,"19":0,"20":0,"21":0,"22":0.032484,"23":0,"24":0,"25":0,"26":0.008121,"27":0,"28":0,"29":0,"30":0,"31":0.008121,"32":0,"33":0.024363,"34":0.008121,"35":0.008121,"36":0.048726,"37":0.016242,"38":0.024363,"39":0.024363,"40":0.016242,"41":0.032484,"42":0.064968,"43":0.113694,"44":0.113694,"45":0.292356,"46":0.454776,"47":14.195508,"48":2.265759,"49":0.032484,"50":0.024363,"51":0},"opera":{"9":0,"9.5-9.6":0,"10.0-10.1":0,"10.5":0,"10.6":0,"11":0,"11.1":0,"11.5":0.016242,"11.6":0,"12":0.097452,"12.1":0.089331,"15":0,"16":0,"17":0,"18":0,"19":0,"20":0,"21":0,"22":0,"23":0,"24":0,"25":0,"26":0,"27":0,"28":0.008121,"29":0,"30":0,"31":0.008121,"32":0.008121,"33":0.008121,"34":0.227388,"35":0,"36":0.032484},"safari":{"3.1":0,"3.2":0,"4":0.016242,"5":0.527865,"5.1":0.373566,"6":0.016242,"6.1":0.308598,"7":0.105573,"7.1":0.056847,"8":0.779616,"9":6.00954,"9.1":0},"android":{"2.1":0,"2.2":0,"2.3":0.0192762967056,"3":0,"4":0.0801171081828,"4.1":0.274084843783,"4.2-4.3":0.610215267588,"4.4":1.21440669245,"4.4.3-4.4.4":0.636117791286,"47":null},"ios_saf":{"3.2":0,"4.0-4.1":0,"4.2-4.3":0,"5.0-5.1":0,"6.0-6.1":0,"7.0-7.1":0.720159296899,"8":0.0505046779644,"8.1-8.4":2.05759799114,"9.0-9.2":15.329105034,"9.3":null},"op_mob":{"10":0,"11":0,"11.1":0,"11.5":0,"12":1.12165153588e-6,"12.1":1.12165153588e-6,"0":5.94475314016e-5},"ie":{"5.5":0,"6":0,"7":0.0731339916898,"8":0.617575929825,"9":0.94261589289,"10":2.55968970914,"11":22.2083554765},"bb":{"7":0.00610675,"10":null},"ie_mob":{"10":0.0396011092437,"11":0.174604890756},"edge":{"12":0.836463,"13":1.78662,"14":0},"and_uc":{"0":0.022548},"op_mini":{"5.0-8.0":0.0149703091655},"and_chr":{"0":8.266756},"and_ff":{"0":0.009395}},"total":98.31049875}