{"id":"LK","name":"Sri Lanka","month":"2016-01","access_date":"2016-02-03","data":{"firefox":{"2":0.002863,"3":0.020041,"3.5":0.011452,"3.6":0.054397,"4":0.022904,"5":0.011452,"6":0.025767,"7":0.008589,"8":0.014315,"9":0.008589,"10":0.022904,"11":0.025767,"12":0.054397,"13":0.042945,"14":0.02863,"15":0.037219,"16":0.034356,"17":0.020041,"18":0.025767,"19":0.02863,"20":0.031493,"21":0.020041,"22":0.017178,"23":0.014315,"24":0.017178,"25":0.022904,"26":0.014315,"27":0.014315,"28":0.020041,"29":0.040082,"30":0.048671,"31":0.040082,"32":0.031493,"33":0.042945,"34":0.034356,"35":0.045808,"36":0.037219,"37":0.048671,"38":0.091616,"39":0.100205,"40":0.097342,"41":0.128835,"42":0.260533,"43":3.504312,"44":0.320656,"45":0.014315,"46":0.005726,"47":0},"chrome":{"4":0.008589,"5":0.020041,"6":0.025767,"7":0.020041,"8":0.005726,"9":0.014315,"10":0.020041,"11":0.091616,"12":0.025767,"13":0.014315,"14":0.017178,"15":0.008589,"16":0.014315,"17":0.002863,"18":0.008589,"19":0.005726,"20":0.005726,"21":0.002863,"22":0.011452,"23":0.005726,"24":0.002863,"25":0.014315,"26":0.014315,"27":0.014315,"28":0.042945,"29":0.020041,"30":0.025767,"31":0.051534,"32":0.008589,"33":0.065849,"34":0.014315,"35":0.02863,"36":0.040082,"37":0.014315,"38":0.037219,"39":0.060123,"40":0.042945,"41":0.020041,"42":0.108794,"43":0.134561,"44":0.246218,"45":0.254807,"46":0.220451,"47":12.322352,"48":1.130885,"49":0.08589,"50":0.005726,"51":0},"opera":{"9":0,"9.5-9.6":0.002863,"10.0-10.1":0,"10.5":0,"10.6":0,"11":0.002863,"11.1":0,"11.5":0.002863,"11.6":0.008589,"12":0.005726,"12.1":0.040082,"15":0.008589,"16":0.005726,"17":0.002863,"18":0.005726,"19":0.002863,"20":0.005726,"21":0.002863,"22":0.002863,"23":0,"24":0.002863,"25":0,"26":0.005726,"27":0.002863,"28":0.005726,"29":0.017178,"30":0.037219,"31":0.005726,"32":0.037219,"33":0.080164,"34":0.844585,"35":0.011452,"36":0},"safari":{"3.1":0,"3.2":0,"4":0.002863,"5":0.005726,"5.1":0.014315,"6":0.008589,"6.1":0.005726,"7":0.008589,"7.1":0.008589,"8":0.05726,"9":0.177506,"9.1":0},"android":{"2.1":0,"2.2":0,"2.3":0.0918380548353,"3":0,"4":0.381701915409,"4.1":1.30582234219,"4.2-4.3":2.90724842338,"4.4":5.78579745462,"4.4.3-4.4.4":3.03065580956,"47":null},"ios_saf":{"3.2":0,"4.0-4.1":0,"4.2-4.3":0,"5.0-5.1":0,"6.0-6.1":0,"7.0-7.1":0.119189011538,"8":0.00835870990007,"8.1-8.4":0.340540032966,"9.0-9.2":2.5370232456,"9.3":null},"op_mob":{"10":0,"11":0,"11.1":0,"11.5":0,"12":0.00144799176719,"12.1":0.00144799176719,"0":0.0767435636612},"ie":{"5.5":0,"6":0.0203743992606,"7":0.00873188539741,"8":0.390024214418,"9":0.0785869685767,"10":0.209565249538,"11":0.864456654344},"bb":{"7":0.028548,"10":null},"ie_mob":{"10":0.646528235294,"11":2.85060176471},"edge":{"12":0.131698,"13":0.08589,"14":0},"and_uc":{"0":12.70386},"op_mini":{"5.0-8.0":19.3258634528},"and_chr":{"0":20.625254},"and_ff":{"0":0.049959}},"total":96.9706493715}