{"id":"LT","name":"Lithuania","month":"2016-01","access_date":"2016-02-03","data":{"firefox":{"2":0,"3":0.008752,"3.5":0.008752,"3.6":0.061264,"4":0,"5":0,"6":0.008752,"7":0,"8":0,"9":0.008752,"10":0.017504,"11":0.096272,"12":0.017504,"13":0.017504,"14":0.008752,"15":0.008752,"16":0.008752,"17":0.035008,"18":0.008752,"19":0.017504,"20":0.017504,"21":0.026256,"22":0.008752,"23":0.008752,"24":0.04376,"25":0.008752,"26":0.017504,"27":0.017504,"28":0.017504,"29":0.017504,"30":0.017504,"31":0.035008,"32":0.017504,"33":0.026256,"34":0.04376,"35":0.04376,"36":0.04376,"37":0.183792,"38":0.761424,"39":0.236304,"40":0.166288,"41":0.288816,"42":0.542624,"43":14.432048,"44":0.910208,"45":0.026256,"46":0.008752,"47":0},"chrome":{"4":0,"5":0,"6":0,"7":0,"8":0,"9":0,"10":0,"11":0.026256,"12":0,"13":0.017504,"14":0,"15":0,"16":0,"17":0,"18":0.035008,"19":0,"20":0.008752,"21":0,"22":0.035008,"23":0,"24":0,"25":0.008752,"26":0.026256,"27":0.017504,"28":0.026256,"29":0.017504,"30":0.017504,"31":0.192544,"32":0.04376,"33":0.04376,"34":0.166288,"35":0.183792,"36":0.166288,"37":0.166288,"38":0.201296,"39":0.323824,"40":0.17504,"41":0.183792,"42":0.385088,"43":0.770176,"44":1.041488,"45":2.949424,"46":1.88168,"47":34.65792,"48":3.920896,"49":0.166288,"50":0.008752,"51":0},"opera":{"9":0,"9.5-9.6":0,"10.0-10.1":0,"10.5":0,"10.6":0,"11":0,"11.1":0,"11.5":0.008752,"11.6":0.008752,"12":0.017504,"12.1":0.717664,"15":0.008752,"16":0.008752,"17":0,"18":0.008752,"19":0.008752,"20":0.008752,"21":0,"22":0,"23":0,"24":0.008752,"25":0,"26":0.017504,"27":0.008752,"28":0.035008,"29":0.017504,"30":0.026256,"31":0.122528,"32":0.13128,"33":0.166288,"34":4.017168,"35":0.026256,"36":0.008752},"safari":{"3.1":0,"3.2":0,"4":0.008752,"5":0.026256,"5.1":0.078768,"6":0.008752,"6.1":0.061264,"7":0.026256,"7.1":0.04376,"8":0.236304,"9":1.321552,"9.1":0},"android":{"2.1":0,"2.2":0,"2.3":0.0172478163656,"3":0,"4":0.0716862367694,"4.1":0.245242388948,"4.2-4.3":0.546001186823,"4.4":1.08661243103,"4.4.3-4.4.4":0.569177940064,"47":null},"ios_saf":{"3.2":0,"4.0-4.1":0,"4.2-4.3":0,"5.0-5.1":0,"6.0-6.1":0,"7.0-7.1":0.120266273823,"8":0.00843425816421,"8.1-8.4":0.343617925209,"9.0-9.2":2.5599535428,"9.3":null},"op_mob":{"10":0,"11":0,"11.1":0,"11.5":0,"12":4.22777266509e-5,"12.1":4.22777266509e-5,"0":0.0022407195125},"ie":{"5.5":0,"6":0.0265477333333,"7":0.0176984888889,"8":0.628296355556,"9":0.575200888889,"10":0.469009955556,"11":6.23871733333},"bb":{"7":0.00624,"10":null},"ie_mob":{"10":0.0712933109244,"11":0.314338689076},"edge":{"12":0.35008,"13":0.866448,"14":0},"and_uc":{"0":0.35568},"op_mini":{"5.0-8.0":0.564266725034},"and_chr":{"0":8.506112},"and_ff":{"0":0.0312}},"total":97.9509587556}