{"id":"MA","name":"Morocco","month":"2016-01","access_date":"2016-02-03","data":{"firefox":{"2":0.011214,"3":0.078498,"3.5":0.022428,"3.6":0.100926,"4":0.022428,"5":0.016821,"6":0.05607,"7":0.011214,"8":0.011214,"9":0.011214,"10":0.028035,"11":0.028035,"12":0.067284,"13":0.022428,"14":0.028035,"15":0.022428,"16":0.050463,"17":0.022428,"18":0.028035,"19":0.028035,"20":0.05607,"21":0.022428,"22":0.022428,"23":0.028035,"24":0.033642,"25":0.028035,"26":0.044856,"27":0.033642,"28":0.028035,"29":0.067284,"30":0.084105,"31":0.095319,"32":0.095319,"33":0.123354,"34":0.106533,"35":0.117747,"36":0.106533,"37":0.151389,"38":0.207459,"39":0.263529,"40":0.269136,"41":0.257922,"42":0.465381,"43":6.134058,"44":0.403704,"45":0.022428,"46":0.005607,"47":0},"chrome":{"4":0.011214,"5":0.022428,"6":0.067284,"7":0.028035,"8":0.016821,"9":0.005607,"10":0.022428,"11":0.05607,"12":0.050463,"13":0.022428,"14":0.016821,"15":0.005607,"16":0.016821,"17":0.016821,"18":0.005607,"19":0.005607,"20":0.005607,"21":0.033642,"22":0.044856,"23":0.022428,"24":0.016821,"25":0.033642,"26":0.044856,"27":0.033642,"28":0.039249,"29":0.044856,"30":0.044856,"31":0.078498,"32":0.039249,"33":0.117747,"34":0.061677,"35":0.095319,"36":0.11214,"37":0.100926,"38":0.134568,"39":0.196245,"40":0.179424,"41":0.162603,"42":0.213066,"43":1.194291,"44":0.885906,"45":0.734517,"46":0.869085,"47":25.797807,"48":3.863223,"49":0.095319,"50":0.011214,"51":0},"opera":{"9":0,"9.5-9.6":0,"10.0-10.1":0,"10.5":0,"10.6":0,"11":0,"11.1":0,"11.5":0.005607,"11.6":0.011214,"12":0.005607,"12.1":0.061677,"15":0,"16":0,"17":0,"18":0.005607,"19":0.005607,"20":0.005607,"21":0.005607,"22":0,"23":0.005607,"24":0,"25":0.011214,"26":0.005607,"27":0.005607,"28":0.011214,"29":0.016821,"30":0.022428,"31":0.044856,"32":0.028035,"33":0.044856,"34":1.469034,"35":0.011214,"36":0},"safari":{"3.1":0,"3.2":0,"4":0.033642,"5":0.033642,"5.1":0.095319,"6":0.016821,"6.1":0.11214,"7":0.033642,"7.1":0.022428,"8":0.134568,"9":0.381276,"9.1":0},"android":{"2.1":0,"2.2":0,"2.3":0.059329605101,"3":0,"4":0.246588671201,"4.1":0.843592822529,"4.2-4.3":1.87815281148,"4.4":3.73776512136,"4.4.3-4.4.4":1.95787696833,"47":null},"ios_saf":{"3.2":0,"4.0-4.1":0,"4.2-4.3":0,"5.0-5.1":0,"6.0-6.1":0,"7.0-7.1":0.138238678273,"8":0.00969466055424,"8.1-8.4":0.39496765221,"9.0-9.2":2.94250900896,"9.3":null},"op_mob":{"10":0,"11":0,"11.1":0,"11.5":0,"12":0.00130232973511,"12.1":0.00130232973511,"0":0.0690234759607},"ie":{"5.5":0,"6":0.0859542744063,"7":0.0613959102902,"8":0.62623828496,"9":0.1903273219,"10":0.196466912929,"11":1.15424311346},"bb":{"7":0.04502825,"10":null},"ie_mob":{"10":0.143750773109,"11":0.633810226891},"edge":{"12":0.089712,"13":0.123354,"14":0},"and_uc":{"0":1.076285},"op_mini":{"5.0-8.0":17.3817608646},"and_chr":{"0":14.530422},"and_ff":{"0":0.026358}},"total":96.9105070679}