{"id":"MD","name":"Moldova","month":"2016-01","access_date":"2016-02-03","data":{"firefox":{"2":0.008547,"3":0.017094,"3.5":0.025641,"3.6":0.136752,"4":0.008547,"5":0.008547,"6":0.008547,"7":0,"8":0.008547,"9":0.008547,"10":0.017094,"11":0.017094,"12":0.025641,"13":0.008547,"14":0.008547,"15":0.008547,"16":0.017094,"17":0.025641,"18":0.008547,"19":0.008547,"20":0.017094,"21":0.025641,"22":0.008547,"23":0.017094,"24":0.042735,"25":0.008547,"26":0.025641,"27":0.051282,"28":0.017094,"29":0.042735,"30":0.025641,"31":0.188034,"32":0.025641,"33":0.051282,"34":0.025641,"35":0.042735,"36":0.042735,"37":0.042735,"38":0.333333,"39":0.076923,"40":0.08547,"41":0.153846,"42":0.273504,"43":5.709396,"44":0.393162,"45":0.008547,"46":0,"47":0},"chrome":{"4":0.017094,"5":0.017094,"6":0.017094,"7":0.008547,"8":0.034188,"9":0.008547,"10":0.017094,"11":0.042735,"12":0.051282,"13":0.068376,"14":0.017094,"15":0.034188,"16":0.017094,"17":0.025641,"18":0.059829,"19":0.008547,"20":0.008547,"21":0.042735,"22":0.034188,"23":0.008547,"24":0.025641,"25":0.017094,"26":0.034188,"27":0.034188,"28":0.025641,"29":0.017094,"30":0.017094,"31":0.025641,"32":0.042735,"33":0.051282,"34":0.068376,"35":0.068376,"36":0.094017,"37":0.034188,"38":0.076923,"39":0.247863,"40":0.08547,"41":0.111111,"42":0.111111,"43":0.529914,"44":0.410256,"45":0.760683,"46":0.68376,"47":49.256361,"48":5.854695,"49":0.495726,"50":0.034188,"51":0},"opera":{"9":0,"9.5-9.6":0,"10.0-10.1":0,"10.5":0,"10.6":0.008547,"11":0.008547,"11.1":0.017094,"11.5":0.008547,"11.6":0.042735,"12":0.17094,"12.1":0.435897,"15":0,"16":0.008547,"17":0,"18":0.008547,"19":0.008547,"20":0.008547,"21":0,"22":0.008547,"23":0,"24":0.008547,"25":0.008547,"26":0.008547,"27":0.017094,"28":0.034188,"29":0.008547,"30":0.034188,"31":0.017094,"32":0.051282,"33":0.068376,"34":3.059826,"35":0.025641,"36":0.008547},"safari":{"3.1":0,"3.2":0,"4":0.008547,"5":0.017094,"5.1":0.051282,"6":0.008547,"6.1":0.025641,"7":0.008547,"7.1":0.017094,"8":0.08547,"9":0.478632,"9.1":0.008547},"android":{"2.1":0,"2.2":0,"2.3":0.0209218584485,"3":0,"4":0.0869564741764,"4.1":0.297482674814,"4.2-4.3":0.662307581509,"4.4":1.31807708225,"4.4.3-4.4.4":0.690421328799,"47":null},"ios_saf":{"3.2":0,"4.0-4.1":0,"4.2-4.3":0,"5.0-5.1":0,"6.0-6.1":0,"7.0-7.1":0.125705534151,"8":0.00881571278459,"8.1-8.4":0.359158669002,"9.0-9.2":2.67573208406,"9.3":null},"op_mob":{"10":0,"11":0,"11.1":0,"11.5":0,"12":7.74114164905e-5,"12.1":7.74114164905e-5,"0":0.004102805074},"ie":{"5.5":0,"6":0.0347004539615,"7":0.0433755674518,"8":0.832810895075,"9":0.338329426124,"10":0.589907717345,"11":2.20347882655},"bb":{"7":0.013077,"10":null},"ie_mob":{"10":0.125983647059,"11":0.555473352941},"edge":{"12":0.162393,"13":0.384615,"14":0},"and_uc":{"0":0.398122},"op_mini":{"5.0-8.0":1.03318437209},"and_chr":{"0":9.600557},"and_ff":{"0":0.033419}},"total":95.2573108865}