{"id":"ME","name":"Montenegro","month":"2016-01","access_date":"2016-02-03","data":{"firefox":{"2":0,"3":0.01421,"3.5":0.007105,"3.6":0.035525,"4":0.007105,"5":0.007105,"6":0.007105,"7":0,"8":0.01421,"9":0,"10":0.08526,"11":0,"12":0.021315,"13":0.01421,"14":0.007105,"15":0.007105,"16":0.007105,"17":0.007105,"18":0.02842,"19":0.01421,"20":0.01421,"21":0.007105,"22":0.007105,"23":0.007105,"24":0.007105,"25":0.007105,"26":0.01421,"27":0.007105,"28":0.01421,"29":0.007105,"30":0.021315,"31":0.021315,"32":0.007105,"33":0.02842,"34":0.02842,"35":0.02842,"36":0.035525,"37":0.11368,"38":0.58261,"39":0.149205,"40":0.078155,"41":0.120785,"42":0.206045,"43":8.68231,"44":0.93786,"45":0.035525,"46":0.01421,"47":0},"chrome":{"4":0.007105,"5":0.007105,"6":0.007105,"7":0.007105,"8":0.035525,"9":0,"10":0.120785,"11":0.063945,"12":0.021315,"13":0.007105,"14":0.01421,"15":0.007105,"16":0.01421,"17":0.007105,"18":0.07105,"19":0,"20":0.007105,"21":0,"22":0.18473,"23":0.007105,"24":0.007105,"25":0.01421,"26":0.163415,"27":0.035525,"28":0.007105,"29":0.021315,"30":0.021315,"31":0.08526,"32":0.035525,"33":0.09947,"34":0.177625,"35":0.04263,"36":0.09947,"37":0.078155,"38":0.163415,"39":0.17052,"40":0.31262,"41":0.049735,"42":0.134995,"43":0.262885,"44":0.305515,"45":0.29841,"46":0.41209,"47":38.374105,"48":4.27721,"49":0.447615,"50":0.021315,"51":0},"opera":{"9":0,"9.5-9.6":0,"10.0-10.1":0,"10.5":0,"10.6":0,"11":0,"11.1":0,"11.5":0,"11.6":0.01421,"12":0.01421,"12.1":0.35525,"15":0,"16":0,"17":0.01421,"18":0,"19":0.007105,"20":0.007105,"21":0,"22":0,"23":0,"24":0.007105,"25":0,"26":0.01421,"27":0,"28":0.01421,"29":0.007105,"30":0.01421,"31":0.049735,"32":0.021315,"33":0.02842,"34":1.9894,"35":0.01421,"36":0},"safari":{"3.1":0,"3.2":0,"4":0.007105,"5":0.007105,"5.1":0.05684,"6":0.007105,"6.1":0.021315,"7":0.02842,"7.1":0.007105,"8":0.063945,"9":0.348145,"9.1":0},"android":{"2.1":0,"2.2":0,"2.3":0.043327183847,"3":0,"4":0.180078607864,"4.1":0.616058395324,"4.2-4.3":1.37157616366,"4.4":2.72961258236,"4.4.3-4.4.4":1.42979706695,"47":null},"ios_saf":{"3.2":0,"4.0-4.1":0,"4.2-4.3":0,"5.0-5.1":0,"6.0-6.1":0,"7.0-7.1":0.246982636242,"8":0.017320860204,"8.1-8.4":0.705664674977,"9.0-9.2":5.25720182858,"9.3":null},"op_mob":{"10":0,"11":0,"11.1":0,"11.5":0,"12":0.000136091282179,"12.1":0.000136091282179,"0":0.00721283795548},"ie":{"5.5":0,"6":0.0214357648725,"7":0.0214357648725,"8":0.464441572238,"9":0.192921883853,"10":0.17148611898,"11":1.65055389518},"bb":{"7":0.01519875,"10":null},"ie_mob":{"10":0.104901176471,"11":0.462518823529},"edge":{"12":0.134995,"13":0.2842,"14":0},"and_uc":{"0":0.19107},"op_mini":{"5.0-8.0":1.81636497948},"and_chr":{"0":19.00981},"and_ff":{"0":0.020265}},"total":98.46153875}