{"id":"MG","name":"Madagascar","month":"2016-01","access_date":"2016-02-03","data":{"firefox":{"2":0.035364,"3":0.207132,"3.5":0.007578,"3.6":0.02526,"4":0.020208,"5":0.007578,"6":0.017682,"7":0.010104,"8":0.007578,"9":0.015156,"10":0.015156,"11":0.015156,"12":0.03789,"13":0.035364,"14":0.022734,"15":0.042942,"16":0.055572,"17":0.098514,"18":0.02526,"19":0.032838,"20":0.035364,"21":0.035364,"22":0.053046,"23":0.017682,"24":0.030312,"25":0.040416,"26":0.06315,"27":0.06315,"28":0.045468,"29":0.080832,"30":0.237444,"31":0.18945,"32":0.335958,"33":0.15156,"34":0.098514,"35":0.186924,"36":0.098514,"37":0.260178,"38":0.371322,"39":0.285438,"40":0.257652,"41":0.793164,"42":0.674442,"43":5.58246,"44":0.462258,"45":0.030312,"46":0.005052,"47":0},"chrome":{"4":0.005052,"5":0.002526,"6":0.010104,"7":0.002526,"8":0,"9":0,"10":0.005052,"11":0.022734,"12":0.002526,"13":0.002526,"14":0.002526,"15":0,"16":0.002526,"17":0,"18":0.005052,"19":0,"20":0.002526,"21":0.005052,"22":0.002526,"23":0.005052,"24":0.002526,"25":0.010104,"26":0.002526,"27":0.005052,"28":0.005052,"29":0.007578,"30":0.007578,"31":0.053046,"32":0.007578,"33":0.010104,"34":0.002526,"35":0.017682,"36":0.022734,"37":0.030312,"38":0.020208,"39":0.015156,"40":0.020208,"41":0.022734,"42":0.040416,"43":0.209658,"44":0.224814,"45":0.141456,"46":0.090936,"47":6.577704,"48":0.649182,"49":0.027786,"50":0.002526,"51":0},"opera":{"9":0,"9.5-9.6":0.002526,"10.0-10.1":0.098514,"10.5":0,"10.6":0.002526,"11":0.015156,"11.1":0,"11.5":0.06315,"11.6":0.015156,"12":0.015156,"12.1":0.078306,"15":0.017682,"16":0.002526,"17":0.002526,"18":0.002526,"19":0.002526,"20":0.005052,"21":0.007578,"22":0.002526,"23":0,"24":0,"25":0,"26":0.002526,"27":0.002526,"28":0.010104,"29":0.010104,"30":0.022734,"31":0.005052,"32":0.010104,"33":0.02526,"34":0.8841,"35":0.005052,"36":0},"safari":{"3.1":0,"3.2":0,"4":0.007578,"5":0.010104,"5.1":0.03789,"6":0.015156,"6.1":0.01263,"7":0.007578,"7.1":0.01263,"8":0.103566,"9":0.234918,"9.1":0},"android":{"2.1":0,"2.2":0,"2.3":0.0292491290117,"3":0,"4":0.121566692455,"4.1":0.415886053135,"4.2-4.3":0.925917740276,"4.4":1.84269512774,"4.4.3-4.4.4":0.965221257386,"47":null},"ios_saf":{"3.2":0,"4.0-4.1":0,"4.2-4.3":0,"5.0-5.1":0,"6.0-6.1":0,"7.0-7.1":0.0365757535799,"8":0.00256505284846,"8.1-8.4":0.104502153085,"9.0-9.2":0.778541040486,"9.3":null},"op_mob":{"10":0,"11":0,"11.1":0,"11.5":0,"12":0.00353186235543,"12.1":0.00353186235543,"0":0.187188704838},"ie":{"5.5":0,"6":0.0231836835165,"7":0.0334875428571,"8":0.260172448352,"9":0.175165608791,"10":0.0901587692308,"11":0.564136298901},"bb":{"7":0.089688,"10":null},"ie_mob":{"10":0.0787596302521,"11":0.347258369748},"edge":{"12":0.083358,"13":0.070728,"14":0},"and_uc":{"0":15.217064},"op_mini":{"5.0-8.0":47.1385895705},"and_chr":{"0":3.446256},"and_ff":{"0":0.994042}},"total":95.3080443516}