{"id":"MH","name":"Marshall Islands","month":"2016-01","access_date":"2016-02-03","data":{"firefox":{"2":0,"3":0,"3.5":0,"3.6":0.39312,"4":0,"5":0,"6":0,"7":0,"8":0.00728,"9":0,"10":0,"11":0,"12":0.02184,"13":0,"14":0,"15":0.00728,"16":0,"17":0,"18":0,"19":0,"20":0.02912,"21":0,"22":0,"23":0,"24":0,"25":0.02184,"26":0.00728,"27":0,"28":0,"29":0.00728,"30":0,"31":0,"32":0,"33":0,"34":0,"35":0,"36":0.00728,"37":0.01456,"38":0.74256,"39":0.06552,"40":0.16016,"41":0.17472,"42":0.1456,"43":5.56192,"44":0.58968,"45":0,"46":0,"47":0},"chrome":{"4":0,"5":0,"6":0,"7":0,"8":0,"9":0,"10":0,"11":0.0364,"12":0,"13":0,"14":0,"15":0,"16":0,"17":0,"18":0,"19":0,"20":0,"21":0,"22":0,"23":0,"24":0,"25":0,"26":0.00728,"27":0,"28":0,"29":0,"30":0,"31":0.4368,"32":0,"33":0.01456,"34":0.01456,"35":0.00728,"36":0.00728,"37":0,"38":0.00728,"39":0.05824,"40":0.10192,"41":0.00728,"42":0.29848,"43":2.23496,"44":0.06552,"45":0.6188,"46":0.12376,"47":20.80624,"48":2.62808,"49":0.33488,"50":0.02184,"51":0},"opera":{"9":0,"9.5-9.6":0,"10.0-10.1":0,"10.5":0,"10.6":0,"11":0,"11.1":0,"11.5":0,"11.6":0,"12":0,"12.1":0.00728,"15":0,"16":0,"17":0,"18":0,"19":0,"20":0.02184,"21":0,"22":0,"23":0,"24":0,"25":0,"26":0,"27":0.0728,"28":0,"29":0.00728,"30":0,"31":0,"32":0,"33":0,"34":0.182,"35":0,"36":0},"safari":{"3.1":0,"3.2":0,"4":0.0364,"5":0.08008,"5.1":0.38584,"6":0.0728,"6.1":0.06552,"7":0.0364,"7.1":0.16744,"8":0.41496,"9":1.81272,"9.1":0},"android":{"2.1":0,"2.2":0,"2.3":0.0699622699256,"3":0,"4":0.290780684378,"4.1":0.994776025505,"4.2-4.3":2.21474310733,"4.4":4.40762300531,"4.4.3-4.4.4":2.30875490755,"47":null},"ios_saf":{"3.2":0,"4.0-4.1":0,"4.2-4.3":0,"5.0-5.1":0,"6.0-6.1":0,"7.0-7.1":0.970852044916,"8":0.0680857278253,"8.1-8.4":2.77386298547,"9.0-9.2":20.6652792418,"9.3":null},"op_mob":{"10":0,"11":0,"11.1":0,"11.5":0,"12":1.86723044397e-5,"12.1":1.86723044397e-5,"0":0.000989632135307},"ie":{"5.5":0,"6":0,"7":0,"8":0.240418484398,"9":0.247703893016,"10":0.305987161961,"11":8.99747964339},"bb":{"7":0.00476,"10":null},"ie_mob":{"10":0.217234285714,"11":0.957805714286},"edge":{"12":0.74256,"13":1.12112,"14":0},"and_uc":{"0":1.63744},"op_mini":{"5.0-8.0":0.249213023256},"and_chr":{"0":9.93248},"and_ff":{"0":0.00544}},"total":98.5772291828}