{"id":"MK","name":"Macedonia","month":"2016-01","access_date":"2016-02-03","data":{"firefox":{"2":0.053823,"3":0.023067,"3.5":0.007689,"3.6":0.130713,"4":0.007689,"5":0.007689,"6":0.123024,"7":0,"8":0.007689,"9":0.007689,"10":0.007689,"11":0.023067,"12":0.007689,"13":0.015378,"14":0.007689,"15":0.007689,"16":0.023067,"17":0.038445,"18":0.023067,"19":0.015378,"20":0.030756,"21":0.015378,"22":0.015378,"23":0.015378,"24":0.622809,"25":0.007689,"26":0.015378,"27":0.007689,"28":0.015378,"29":0.069201,"30":0.023067,"31":0.046134,"32":0.023067,"33":0.023067,"34":0.069201,"35":0.084579,"36":0.038445,"37":0.069201,"38":0.261426,"39":0.130713,"40":0.146091,"41":0.215292,"42":0.369072,"43":9.434403,"44":0.69201,"45":0.023067,"46":0,"47":0},"chrome":{"4":0.007689,"5":0,"6":0,"7":0,"8":0,"9":0.015378,"10":0.007689,"11":0.046134,"12":0.007689,"13":0.007689,"14":0.007689,"15":0,"16":0.007689,"17":0,"18":0.023067,"19":0,"20":0,"21":0.007689,"22":0.115335,"23":0.015378,"24":0.015378,"25":0.007689,"26":0.107646,"27":0.015378,"28":0.007689,"29":0.015378,"30":0.030756,"31":0.053823,"32":0.030756,"33":0.07689,"34":0.107646,"35":0.046134,"36":0.146091,"37":0.107646,"38":0.146091,"39":0.184536,"40":0.115335,"41":0.069201,"42":0.107646,"43":0.269115,"44":0.453651,"45":0.499785,"46":0.453651,"47":44.742291,"48":4.682601,"49":0.276804,"50":0.015378,"51":0},"opera":{"9":0,"9.5-9.6":0,"10.0-10.1":0,"10.5":0,"10.6":0,"11":0,"11.1":0,"11.5":0,"11.6":0.007689,"12":0.007689,"12.1":0.169158,"15":0,"16":0,"17":0,"18":0,"19":0.053823,"20":0.007689,"21":0,"22":0,"23":0.007689,"24":0,"25":0,"26":0.007689,"27":0,"28":0.038445,"29":0.007689,"30":0.023067,"31":0.015378,"32":0.015378,"33":0.015378,"34":1.914561,"35":0.015378,"36":0},"safari":{"3.1":0,"3.2":0,"4":0,"5":0.007689,"5.1":0.038445,"6":0,"6.1":0.023067,"7":0.038445,"7.1":0.007689,"8":0.046134,"9":0.253737,"9.1":0},"android":{"2.1":0,"2.2":0,"2.3":0.032300602763,"3":0,"4":0.134249380234,"4.1":0.459274195537,"4.2-4.3":1.02251595622,"4.4":2.03493797407,"4.4.3-4.4.4":1.06591989118,"47":null},"ios_saf":{"3.2":0,"4.0-4.1":0,"4.2-4.3":0,"5.0-5.1":0,"6.0-6.1":0,"7.0-7.1":0.18337335428,"8":0.012859949521,"8.1-8.4":0.523923869373,"9.0-9.2":3.90323282683,"9.3":null},"op_mob":{"10":0,"11":0,"11.1":0,"11.5":0,"12":3.50055714463e-5,"12.1":3.50055714463e-5,"0":0.00185529528666},"ie":{"5.5":0,"6":0.0233115265018,"7":0.0233115265018,"8":0.365213915194,"9":0.17872170318,"10":0.170951194346,"11":1.43754413428},"bb":{"7":0.00635525,"10":null},"ie_mob":{"10":0.0965570756303,"11":0.42572892437},"edge":{"12":0.123024,"13":0.330627,"14":0},"and_uc":{"0":0.127105},"op_mini":{"5.0-8.0":0.46720769357},"and_chr":{"0":16.35447},"and_ff":{"0":0.04622}},"total":98.32896725}