{"id":"MM","name":"Myanmar","month":"2016-01","access_date":"2016-02-03","data":{"firefox":{"2":0.03446,"3":0.025845,"3.5":0.006892,"3.6":0.056859,"4":0.029291,"5":0.020676,"6":0.036183,"7":0.015507,"8":0.010338,"9":0.020676,"10":0.020676,"11":0.032737,"12":0.106826,"13":0.048244,"14":0.037906,"15":0.03446,"16":0.032737,"17":0.018953,"18":0.037906,"19":0.079258,"20":0.032737,"21":0.055136,"22":0.027568,"23":0.063751,"24":0.041352,"25":0.056859,"26":0.096488,"27":0.079258,"28":0.03446,"29":0.179192,"30":0.175746,"31":0.084427,"32":0.080981,"33":0.106826,"34":0.113718,"35":0.192976,"36":0.125779,"37":0.146455,"38":0.239497,"39":0.273957,"40":0.1723,"41":0.31014,"42":0.503116,"43":3.432216,"44":1.173363,"45":0.039629,"46":0.006892,"47":0},"chrome":{"4":0,"5":0.001723,"6":0.001723,"7":0,"8":0,"9":0,"10":0.001723,"11":0.060305,"12":0.003446,"13":0.001723,"14":0.001723,"15":0,"16":0,"17":0,"18":0.003446,"19":0,"20":0.001723,"21":0.001723,"22":0.006892,"23":0,"24":0.001723,"25":0.006892,"26":0.005169,"27":0.001723,"28":0.006892,"29":0.006892,"30":0.010338,"31":0.079258,"32":0.012061,"33":0.031014,"34":0.010338,"35":0.008615,"36":0.027568,"37":0.003446,"38":0.018953,"39":0.020676,"40":0.032737,"41":0.05169,"42":0.01723,"43":0.139563,"44":0.084427,"45":0.05169,"46":0.062028,"47":2.780922,"48":0.248112,"49":0.072366,"50":0.003446,"51":0},"opera":{"9":0,"9.5-9.6":0,"10.0-10.1":0,"10.5":0,"10.6":0,"11":0.001723,"11.1":0,"11.5":0,"11.6":0,"12":0.001723,"12.1":0.005169,"15":0,"16":0,"17":0,"18":0.001723,"19":0,"20":0,"21":0,"22":0,"23":0,"24":0,"25":0.001723,"26":0.001723,"27":0,"28":0.003446,"29":0.001723,"30":0.005169,"31":0,"32":0.001723,"33":0.008615,"34":0.13784,"35":0,"36":0},"safari":{"3.1":0,"3.2":0,"4":0.001723,"5":0.012061,"5.1":0.006892,"6":0.005169,"6.1":0.006892,"7":0.01723,"7.1":0.012061,"8":0.129225,"9":0.220544,"9.1":0},"android":{"2.1":0,"2.2":0,"2.3":0.251233802338,"3":0,"4":1.04419049097,"4.1":3.57223062699,"4.2-4.3":7.95312005526,"4.4":15.8277295473,"4.4.3-4.4.4":8.29071547715,"47":null},"ios_saf":{"3.2":0,"4.0-4.1":0,"4.2-4.3":0,"5.0-5.1":0,"6.0-6.1":0,"7.0-7.1":0.152356085299,"8":0.0106847124755,"8.1-8.4":0.435303100855,"9.0-9.2":3.24300810137,"9.3":null},"op_mob":{"10":0,"11":0,"11.1":0,"11.5":0,"12":0.000144520681507,"12.1":0.000144520681507,"0":0.00765959611989},"ie":{"5.5":0,"6":0.00174804360465,"7":0.00174804360465,"8":0.12411109593,"9":0.0734178313953,"10":0.0524413081395,"11":0.344364590116},"bb":{"7":0.00206925,"10":null},"ie_mob":{"10":0.0107114117647,"11":0.0472275882353},"edge":{"12":0.031014,"13":0.032737,"14":0},"and_uc":{"0":6.886464},"op_mini":{"5.0-8.0":1.92886936252},"and_chr":{"0":35.149442},"and_ff":{"0":0.562836}},"total":99.0549871628}