{"id":"MR","name":"Mauritania","month":"2016-01","access_date":"2016-02-03","data":{"firefox":{"2":0,"3":0.05259,"3.5":0.014024,"3.6":0.182312,"4":0.01753,"5":0.084144,"6":0.010518,"7":0.003506,"8":0.014024,"9":0.003506,"10":0.024542,"11":0.014024,"12":0.038566,"13":0.063108,"14":0.063108,"15":0.014024,"16":0.126216,"17":0.03506,"18":0.024542,"19":0.007012,"20":0.059602,"21":0.133228,"22":0.01753,"23":0.007012,"24":0.073626,"25":0.056096,"26":0.07012,"27":0.094662,"28":0.01753,"29":0.059602,"30":0.112192,"31":0.021036,"32":0.112192,"33":0.073626,"34":0.077132,"35":0.038566,"36":0.056096,"37":0.10518,"38":0.161276,"39":0.126216,"40":0.115698,"41":0.14024,"42":0.276974,"43":5.18888,"44":0.326058,"45":0.021036,"46":0,"47":0},"chrome":{"4":0.021036,"5":0.094662,"6":0.024542,"7":0.077132,"8":0.042072,"9":0.133228,"10":0.03506,"11":0.10518,"12":0.101674,"13":0.077132,"14":0.031554,"15":0.01753,"16":0.010518,"17":0.024542,"18":0.007012,"19":0.007012,"20":0.003506,"21":0.003506,"22":0.03506,"23":0.014024,"24":0.010518,"25":0.021036,"26":0.024542,"27":0.031554,"28":0.01753,"29":0.038566,"30":0.028048,"31":0.126216,"32":0.010518,"33":0.08765,"34":0.021036,"35":0.042072,"36":0.326058,"37":0.024542,"38":0.01753,"39":0.028048,"40":0.119204,"41":0.024542,"42":0.126216,"43":0.641598,"44":0.273468,"45":0.476816,"46":0.410202,"47":12.961682,"48":1.43746,"49":0.073626,"50":0.003506,"51":0},"opera":{"9":0,"9.5-9.6":0,"10.0-10.1":0,"10.5":0,"10.6":0,"11":0,"11.1":0,"11.5":0,"11.6":0.007012,"12":0.007012,"12.1":0.038566,"15":0.003506,"16":0.007012,"17":0,"18":0.003506,"19":0.003506,"20":0.003506,"21":0.007012,"22":0.007012,"23":0.003506,"24":0,"25":0.003506,"26":0,"27":0,"28":0,"29":0.007012,"30":0.007012,"31":0.007012,"32":0.01753,"33":0.031554,"34":0.518888,"35":0.014024,"36":0.010518},"safari":{"3.1":0,"3.2":0,"4":0.010518,"5":0,"5.1":0.024542,"6":0.021036,"6.1":0.112192,"7":0.014024,"7.1":0.003506,"8":0.045578,"9":0.168288,"9.1":0},"android":{"2.1":0,"2.2":0,"2.3":0.131966503719,"3":0,"4":0.548485781084,"4.1":1.87639872476,"4.2-4.3":4.17756463337,"4.4":8.31388973433,"4.4.3-4.4.4":4.35489462274,"47":null},"ios_saf":{"3.2":0,"4.0-4.1":0,"4.2-4.3":0,"5.0-5.1":0,"6.0-6.1":0,"7.0-7.1":0.136352190172,"8":0.00956236138869,"8.1-8.4":0.389577686206,"9.0-9.2":2.90235376223,"9.3":null},"op_mob":{"10":0,"11":0,"11.1":0,"11.5":0,"12":0.0013112372093,"12.1":0.0013112372093,"0":0.069495572093},"ie":{"5.5":0.00740805648267,"6":0.033336254172,"7":0.0148161129653,"8":0.570420349166,"9":0.274098089859,"10":0.318546428755,"11":1.65199659564},"bb":{"7":0.042211,"10":null},"ie_mob":{"10":0.0696331428571,"11":0.307018857143},"edge":{"12":0.10518,"13":0.10518,"14":0},"and_uc":{"0":6.39659},"op_mini":{"5.0-8.0":17.5006459535},"and_chr":{"0":18.087886},"and_ff":{"0":0.071434}},"total":96.180988887}