{"id":"MS","name":"Montserrat","month":"2016-01","access_date":"2016-02-03","data":{"firefox":{"2":0,"3":0,"3.5":0,"3.6":0,"4":0,"5":0,"6":0,"7":0,"8":0,"9":0,"10":0,"11":0,"12":0.024834,"13":0,"14":0,"15":0,"16":0,"17":0,"18":0,"19":0,"20":0,"21":0,"22":0,"23":0,"24":0,"25":0.008278,"26":0.057946,"27":0.008278,"28":0.08278,"29":0,"30":0,"31":0.20695,"32":0,"33":0.04139,"34":0,"35":0,"36":0,"37":0,"38":0.008278,"39":0,"40":0.024834,"41":0.024834,"42":0.049668,"43":10.032936,"44":1.067862,"45":0.008278,"46":0,"47":0},"chrome":{"4":0,"5":0,"6":0,"7":0,"8":0,"9":0,"10":0,"11":0,"12":0,"13":0,"14":0,"15":0,"16":0,"17":0,"18":0.024834,"19":0,"20":0,"21":0,"22":0.091058,"23":0,"24":0,"25":0,"26":0,"27":0,"28":0.033112,"29":0,"30":0.016556,"31":0.08278,"32":0.033112,"33":0,"34":0,"35":0.033112,"36":0,"37":0,"38":0.057946,"39":0,"40":0.04139,"41":0.016556,"42":0.115892,"43":0.024834,"44":0.049668,"45":0.769854,"46":0.240062,"47":29.792522,"48":2.011554,"49":0.364232,"50":0,"51":0},"opera":{"9":0,"9.5-9.6":0,"10.0-10.1":0,"10.5":0,"10.6":0,"11":0,"11.1":0,"11.5":0,"11.6":0,"12":0.016556,"12.1":0.008278,"15":0,"16":0,"17":0,"18":0,"19":0,"20":0,"21":0,"22":0,"23":0,"24":0,"25":0,"26":0,"27":0,"28":0,"29":0,"30":0,"31":0.008278,"32":0,"33":0,"34":0.215228,"35":0,"36":0},"safari":{"3.1":0,"3.2":0,"4":0,"5":0.016556,"5.1":0.016556,"6":0,"6.1":0.894024,"7":0.024834,"7.1":0,"8":0.190394,"9":1.564542,"9.1":0},"android":{"2.1":0,"2.2":0,"2.3":0.0249275579171,"3":0,"4":0.103605162593,"4.1":0.354438714134,"4.2-4.3":0.789113005313,"4.4":1.57043614878,"4.4.3-4.4.4":0.822609411265,"47":null},"ios_saf":{"3.2":0,"4.0-4.1":0,"4.2-4.3":0,"5.0-5.1":0,"6.0-6.1":0,"7.0-7.1":0.390651293912,"8":0.0273963245081,"8.1-8.4":1.11614655403,"9.0-9.2":8.31529182755,"9.3":null},"op_mob":{"10":0,"11":0,"11.1":0,"11.5":0,"12":2.8268125855e-6,"12.1":2.8268125855e-6,"0":0.000149821067031},"ie":{"5.5":0,"6":0,"7":0,"8":0.12417,"9":0.08278,"10":7.135636,"11":8.60912},"bb":{"7":0.04305,"10":null},"ie_mob":{"10":0.0814983529412,"11":0.359333647059},"edge":{"12":1.771492,"13":0.852634,"14":0},"and_uc":{"0":0.018942},"op_mini":{"5.0-8.0":0.0377285253078},"and_chr":{"0":18.528954},"and_ff":{"0":0.018942}},"total":99.580518}