{"id":"MV","name":"Maldives","month":"2016-01","access_date":"2016-02-03","data":{"firefox":{"2":0,"3":0.019035,"3.5":0.003807,"3.6":0.015228,"4":0.026649,"5":0.003807,"6":0.011421,"7":0.003807,"8":0.007614,"9":0.003807,"10":0.022842,"11":0.034263,"12":0.03807,"13":0.022842,"14":0.007614,"15":0.030456,"16":0.019035,"17":0.011421,"18":0.015228,"19":0.026649,"20":0.019035,"21":0.011421,"22":0.019035,"23":0.019035,"24":0.003807,"25":0.007614,"26":0.003807,"27":0.003807,"28":0.026649,"29":0.011421,"30":0.098982,"31":0.019035,"32":0.030456,"33":0.106596,"34":0.022842,"35":0.034263,"36":0.03807,"37":0.045684,"38":0.091368,"39":0.106596,"40":0.072333,"41":0.213192,"42":0.308367,"43":4.507488,"44":0.921294,"45":0.034263,"46":0.003807,"47":0},"chrome":{"4":0,"5":0.003807,"6":0,"7":0.003807,"8":0,"9":0,"10":0.007614,"11":0.026649,"12":0.087561,"13":0.003807,"14":0,"15":0.003807,"16":0.019035,"17":0.026649,"18":0.015228,"19":0.003807,"20":0.022842,"21":0.003807,"22":0,"23":0.003807,"24":0,"25":0.007614,"26":0.030456,"27":0.019035,"28":0.030456,"29":0.011421,"30":0.026649,"31":0.098982,"32":0.011421,"33":0.053298,"34":0.019035,"35":0.026649,"36":0.106596,"37":0.007614,"38":0.034263,"39":0.072333,"40":0.068526,"41":0.022842,"42":0.057105,"43":0.224613,"44":0.137052,"45":0.15228,"46":0.293139,"47":17.184798,"48":1.591326,"49":0.182736,"50":0.007614,"51":0},"opera":{"9":0,"9.5-9.6":0,"10.0-10.1":0,"10.5":0,"10.6":0,"11":0,"11.1":0,"11.5":0,"11.6":0,"12":0,"12.1":0.015228,"15":0,"16":0.015228,"17":0,"18":0,"19":0,"20":0,"21":0,"22":0,"23":0,"24":0,"25":0,"26":0.003807,"27":0,"28":0,"29":0.003807,"30":0.011421,"31":0,"32":0.015228,"33":0.011421,"34":0.300753,"35":0.003807,"36":0},"safari":{"3.1":0,"3.2":0,"4":0.003807,"5":0.011421,"5.1":0.049491,"6":0.003807,"6.1":0.034263,"7":0.030456,"7.1":0.007614,"8":0.182736,"9":0.677646,"9.1":0},"android":{"2.1":0,"2.2":0,"2.3":0.0443911889479,"3":0,"4":0.184500879065,"4.1":0.631187217853,"4.2-4.3":1.40525857513,"4.4":2.79664490372,"4.4.3-4.4.4":1.46490923528,"47":null},"ios_saf":{"3.2":0,"4.0-4.1":0,"4.2-4.3":0,"5.0-5.1":0,"6.0-6.1":0,"7.0-7.1":0.413576820336,"8":0.0290040886989,"8.1-8.4":1.1816480581,"9.0-9.2":8.80327803286,"9.3":null},"op_mob":{"10":0,"11":0,"11.1":0,"11.5":0,"12":0.000676986320109,"12.1":0.000676986320109,"0":0.0358802749658},"ie":{"5.5":0,"6":0.00763183138173,"7":0.00381591569087,"8":0.320536918033,"9":0.0686864824356,"10":0.160268459016,"11":1.06845639344},"bb":{"7":0.0030965,"10":null},"ie_mob":{"10":0.105333042017,"11":0.464422957983},"edge":{"12":0.220806,"13":0.251262,"14":0},"and_uc":{"0":6.223965},"op_mini":{"5.0-8.0":9.03551075239},"and_chr":{"0":34.107472},"and_ff":{"0":0.204369}},"total":98.4331495}