{"id":"MW","name":"Malawi","month":"2016-01","access_date":"2016-02-03","data":{"firefox":{"2":0.004145,"3":0.019896,"3.5":0.000829,"3.6":0.010777,"4":0.005803,"5":0.004145,"6":0.001658,"7":0.002487,"8":0.004974,"9":0.002487,"10":0.011606,"11":0.005803,"12":0.012435,"13":0.015751,"14":0.004974,"15":0.009948,"16":0.011606,"17":0.011606,"18":0.004145,"19":0.004145,"20":0.009119,"21":0.009948,"22":0.00829,"23":0.00829,"24":0.004974,"25":0.006632,"26":0.015751,"27":0.006632,"28":0.00829,"29":0.022383,"30":0.02487,"31":0.014922,"32":0.018238,"33":0.014093,"34":0.012435,"35":0.019067,"36":0.017409,"37":0.023212,"38":0.034818,"39":0.032331,"40":0.043108,"41":0.047253,"42":0.114402,"43":0.898636,"44":0.156681,"45":0.003316,"46":0.003316,"47":0.001658},"chrome":{"4":0,"5":0.000829,"6":0,"7":0,"8":0,"9":0,"10":0.009119,"11":0.010777,"12":0.000829,"13":0,"14":0.001658,"15":0.000829,"16":0,"17":0,"18":0.002487,"19":0,"20":0.001658,"21":0.000829,"22":0.001658,"23":0.001658,"24":0.000829,"25":0.001658,"26":0.004974,"27":0.003316,"28":0.004145,"29":0.013264,"30":0.002487,"31":0.013264,"32":0.001658,"33":0.012435,"34":0.002487,"35":0.005803,"36":0.004974,"37":0.002487,"38":0.007461,"39":0.011606,"40":0.009119,"41":0.010777,"42":0.014093,"43":0.019067,"44":0.053056,"45":0.02487,"46":0.027357,"47":1.557691,"48":0.131811,"49":0.014093,"50":0,"51":0},"opera":{"9":0,"9.5-9.6":0,"10.0-10.1":0.000829,"10.5":0,"10.6":0.001658,"11":0.002487,"11.1":0.000829,"11.5":0.00829,"11.6":0.013264,"12":0.005803,"12.1":0.266109,"15":0.000829,"16":0.002487,"17":0.000829,"18":0.004145,"19":0.001658,"20":0.002487,"21":0.001658,"22":0.004145,"23":0.000829,"24":0.000829,"25":0,"26":0.004974,"27":0.001658,"28":0.007461,"29":0.003316,"30":0.02487,"31":0.003316,"32":0.011606,"33":0.017409,"34":0.210566,"35":0.002487,"36":0.000829},"safari":{"3.1":0.000829,"3.2":0,"4":0.002487,"5":0.004145,"5.1":0.010777,"6":0.002487,"6.1":0.004974,"7":0.046424,"7.1":0.006632,"8":0.051398,"9":0.062175,"9.1":0},"android":{"2.1":0,"2.2":0,"2.3":0.0115160008502,"3":0,"4":0.0478633785335,"4.1":0.163743137088,"4.2-4.3":0.364553401913,"4.4":0.72550805356,"4.4.3-4.4.4":0.380028028055,"47":null},"ios_saf":{"3.2":0,"4.0-4.1":0,"4.2-4.3":0,"5.0-5.1":0,"6.0-6.1":0,"7.0-7.1":0.0305150674771,"8":0.00214001771917,"8.1-8.4":0.0871859070774,"9.0-9.2":0.649535007726,"9.3":null},"op_mob":{"10":0,"11":0,"11.1":0,"11.5":0,"12":0.00549917841065,"12.1":0.00549917841065,"0":0.291456455764},"ie":{"5.5":0,"6":0.004145,"7":0.007461,"8":0.205592,"9":0.058859,"10":0.144246,"11":0.698847},"bb":{"7":0.192591,"10":null},"ie_mob":{"10":0.296708823529,"11":1.30821617647},"edge":{"12":0.067978,"13":0.027357,"14":0},"and_uc":{"0":9.840483},"op_mini":{"5.0-8.0":73.3957011874},"and_chr":{"0":3.12145},"and_ff":{"0":0.009171}},"total":96.660241}