{"id":"MX","name":"Mexico","month":"2016-01","access_date":"2016-02-03","data":{"firefox":{"2":0,"3":0.012502,"3.5":0,"3.6":0.012502,"4":0.006251,"5":0.006251,"6":0.006251,"7":0,"8":0,"9":0,"10":0.006251,"11":0.006251,"12":0.006251,"13":0,"14":0.006251,"15":0.006251,"16":0.012502,"17":0,"18":0.006251,"19":0.006251,"20":0.006251,"21":0.031255,"22":0.012502,"23":0.006251,"24":0.012502,"25":0.006251,"26":0.006251,"27":0.012502,"28":0.012502,"29":0.012502,"30":0.012502,"31":0.043757,"32":0.012502,"33":0.018753,"34":0.043757,"35":0.031255,"36":0.031255,"37":0.06251,"38":0.137522,"39":0.075012,"40":0.087514,"41":0.12502,"42":0.218785,"43":4.175668,"44":0.218785,"45":0.006251,"46":0,"47":0},"chrome":{"4":0,"5":0,"6":0,"7":0,"8":0,"9":0,"10":0,"11":0.043757,"12":0.006251,"13":0,"14":0,"15":0,"16":0,"17":0,"18":0.012502,"19":0,"20":0,"21":0.012502,"22":0.068761,"23":0.006251,"24":0.006251,"25":0.006251,"26":0.018753,"27":0.018753,"28":0.012502,"29":0.018753,"30":0.006251,"31":0.031255,"32":0.031255,"33":0.031255,"34":0.056259,"35":0.081263,"36":0.293797,"37":0.056259,"38":0.06251,"39":0.100016,"40":0.068761,"41":0.112518,"42":0.112518,"43":0.318801,"44":0.262542,"45":0.281295,"46":0.543837,"47":31.573801,"48":2.75044,"49":0.043757,"50":0.006251,"51":0},"opera":{"9":0,"9.5-9.6":0,"10.0-10.1":0,"10.5":0,"10.6":0,"11":0,"11.1":0,"11.5":0,"11.6":0.006251,"12":0.006251,"12.1":0.031255,"15":0,"16":0,"17":0,"18":0,"19":0,"20":0,"21":0,"22":0,"23":0,"24":0,"25":0,"26":0,"27":0,"28":0.050008,"29":0.012502,"30":0.012502,"31":0.006251,"32":0.012502,"33":0.018753,"34":0.631351,"35":0.012502,"36":0},"safari":{"3.1":0,"3.2":0,"4":0.018753,"5":0.06251,"5.1":0.12502,"6":0.031255,"6.1":0.100016,"7":0.081263,"7.1":0.068761,"8":0.450072,"9":1.594005,"9.1":0.006251},"android":{"2.1":0,"2.2":0,"2.3":0.0483133483528,"3":0,"4":0.200802354091,"4.1":0.686955421892,"4.2-4.3":1.52941943379,"4.4":3.04374094623,"4.4.3-4.4.4":1.59434049564,"47":null},"ios_saf":{"3.2":0,"4.0-4.1":0,"4.2-4.3":0,"5.0-5.1":0,"6.0-6.1":0,"7.0-7.1":0.403411067271,"8":0.0282911657567,"8.1-8.4":1.15260304935,"9.0-9.2":8.58689271763,"9.3":null},"op_mob":{"10":0,"11":0,"11.1":0,"11.5":0,"12":0.000117491356796,"12.1":0.000117491356796,"0":0.00622704191021},"ie":{"5.5":0,"6":0.0189341884058,"7":0.0252455845411,"8":0.662696594203,"9":0.568025652174,"10":0.883595458937,"11":4.36117472947},"bb":{"7":0.0393645,"10":null},"ie_mob":{"10":0.242582352941,"11":1.06956764706},"edge":{"12":0.343805,"13":0.518833,"14":0},"and_uc":{"0":0.404892},"op_mini":{"5.0-8.0":1.56811797538},"and_chr":{"0":25.021331},"and_ff":{"0":0.03749}},"total":98.9604827077}