{"id":"NE","name":"Niger","month":"2016-01","access_date":"2016-02-03","data":{"firefox":{"2":0.000901,"3":0.159477,"3.5":0.012614,"3.6":0.016218,"4":0.008109,"5":0.002703,"6":0.008109,"7":0.027931,"8":0.009911,"9":0.005406,"10":0.00901,"11":0.039644,"12":0.034238,"13":0.005406,"14":0.018921,"15":0.054961,"16":0.007208,"17":0.005406,"18":0.006307,"19":0.008109,"20":0.008109,"21":0.007208,"22":0.006307,"23":0.031535,"24":0.004505,"25":0.033337,"26":0.005406,"27":0.013515,"28":0.013515,"29":0.012614,"30":0.058565,"31":0.051357,"32":0.009911,"33":0.030634,"34":0.071179,"35":0.040545,"36":0.018921,"37":0.035139,"38":0.038743,"39":0.110823,"40":0.137853,"41":0.091902,"42":0.202725,"43":1.563235,"44":0.08109,"45":0.002703,"46":0,"47":0},"chrome":{"4":0,"5":0.001802,"6":0.000901,"7":0,"8":0.000901,"9":0.005406,"10":0.001802,"11":0.04505,"12":0.002703,"13":0.000901,"14":0.000901,"15":0,"16":0.000901,"17":0,"18":0.000901,"19":0,"20":0.004505,"21":0.00901,"22":0,"23":0.000901,"24":0,"25":0.006307,"26":0.003604,"27":0,"28":0.006307,"29":0.001802,"30":0.008109,"31":0.105417,"32":0,"33":0.008109,"34":0.000901,"35":0.001802,"36":0.004505,"37":0.017119,"38":0.00901,"39":0.003604,"40":0.019822,"41":0.005406,"42":0.013515,"43":0.048654,"44":0.078387,"45":0.041446,"46":0.085595,"47":1.294737,"48":0.092803,"49":0.011713,"50":0,"51":0},"opera":{"9":0,"9.5-9.6":0,"10.0-10.1":0,"10.5":0,"10.6":0.004505,"11":0.000901,"11.1":0,"11.5":0.000901,"11.6":0.006307,"12":0.004505,"12.1":0.063971,"15":0,"16":0.001802,"17":0.000901,"18":0.000901,"19":0.000901,"20":0.000901,"21":0.004505,"22":0.002703,"23":0,"24":0,"25":0,"26":0.001802,"27":0,"28":0.000901,"29":0.006307,"30":0.009911,"31":0.000901,"32":0.048654,"33":0.065773,"34":0.443292,"35":0.003604,"36":0},"safari":{"3.1":0,"3.2":0,"4":0.001802,"5":0.000901,"5.1":0.020723,"6":0.003604,"6.1":0.005406,"7":0.001802,"7.1":0.002703,"8":0.012614,"9":0.055862,"9.1":0},"android":{"2.1":0,"2.2":0,"2.3":0.062620912221,"3":0,"4":0.260268166419,"4.1":0.890391095643,"4.2-4.3":1.9823432525,"4.4":3.94511746993,"4.4.3-4.4.4":2.06649010329,"47":null},"ios_saf":{"3.2":0,"4.0-4.1":0,"4.2-4.3":0,"5.0-5.1":0,"6.0-6.1":0,"7.0-7.1":0.0266097785104,"8":0.00186614031112,"8.1-8.4":0.076027938601,"9.0-9.2":0.566408142578,"9.3":null},"op_mob":{"10":0,"11":0,"11.1":0,"11.5":0,"12":0.00419588260167,"12.1":0.00419588260167,"0":0.222381777888},"ie":{"5.5":0,"6":0.00729628242075,"7":0.0310092002882,"8":0.224360684438,"9":0.0592822946686,"10":0.237129178674,"11":0.695882935879},"bb":{"7":0.018198,"10":null},"ie_mob":{"10":0.0790618991597,"11":0.34859110084},"edge":{"12":0.097308,"13":0.049555,"14":0},"and_uc":{"0":13.357332},"op_mini":{"5.0-8.0":56.0010464569},"and_chr":{"0":10.383471},"and_ff":{"0":0.918999}},"total":98.4649295764}