{"id":"NG","name":"Nigeria","month":"2016-01","access_date":"2016-02-03","data":{"firefox":{"2":0.001515,"3":0.0606,"3.5":0.001515,"3.6":0.0303,"4":0.02424,"5":0.004545,"6":0.01515,"7":0.037875,"8":0.007575,"9":0.004545,"10":0.03333,"11":0.0303,"12":0.028785,"13":0.05454,"14":0.01515,"15":0.062115,"16":0.016665,"17":0.010605,"18":0.022725,"19":0.03636,"20":0.01212,"21":0.02424,"22":0.01212,"23":0.010605,"24":0.010605,"25":0.013635,"26":0.01515,"27":0.016665,"28":0.01212,"29":0.046965,"30":0.03939,"31":0.03333,"32":0.025755,"33":0.03939,"34":0.034845,"35":0.05757,"36":0.043935,"37":0.0606,"38":0.09393,"39":0.107565,"40":0.14847,"41":0.19695,"42":0.352995,"43":2.210385,"44":0.495405,"45":0.013635,"46":0.00303,"47":0},"chrome":{"4":0.00303,"5":0.001515,"6":0.001515,"7":0.001515,"8":0.001515,"9":0.00303,"10":0.001515,"11":0.019695,"12":0.00303,"13":0.001515,"14":0.001515,"15":0.02727,"16":0.001515,"17":0,"18":0.001515,"19":0.001515,"20":0.001515,"21":0.010605,"22":0.004545,"23":0.004545,"24":0.001515,"25":0.00303,"26":0.04242,"27":0.004545,"28":0.00606,"29":0.007575,"30":0.004545,"31":0.056055,"32":0.00606,"33":0.02727,"34":0.00606,"35":0.00606,"36":0.013635,"37":0.00909,"38":0.010605,"39":0.019695,"40":0.01818,"41":0.022725,"42":0.04242,"43":0.04848,"44":0.22725,"45":0.089385,"46":0.077265,"47":3.44511,"48":0.292395,"49":0.05757,"50":0.00303,"51":0},"opera":{"9":0.001515,"9.5-9.6":0.00303,"10.0-10.1":0.001515,"10.5":0,"10.6":0,"11":0.001515,"11.1":0.001515,"11.5":0.007575,"11.6":0.004545,"12":0.010605,"12.1":0.089385,"15":0.00303,"16":0.001515,"17":0.001515,"18":0.004545,"19":0.004545,"20":0.00303,"21":0.001515,"22":0.00303,"23":0,"24":0.001515,"25":0.001515,"26":0.00303,"27":0.00303,"28":0.00909,"29":0.010605,"30":0.02424,"31":0.004545,"32":0.05151,"33":0.077265,"34":0.425715,"35":0.00606,"36":0},"safari":{"3.1":0,"3.2":0,"4":0.001515,"5":0.004545,"5.1":0.013635,"6":0.00303,"6.1":0.010605,"7":0.007575,"7.1":0.046965,"8":0.04848,"9":0.128775,"9.1":0},"android":{"2.1":0,"2.2":0,"2.3":0.0171453007439,"3":0,"4":0.0712601562168,"4.1":0.243784744952,"4.2-4.3":0.542755926674,"4.4":1.08015394687,"4.4.3-4.4.4":0.565794924548,"47":null},"ios_saf":{"3.2":0,"4.0-4.1":0,"4.2-4.3":0,"5.0-5.1":0,"6.0-6.1":0,"7.0-7.1":0.0702124265994,"8":0.00492398835892,"8.1-8.4":0.200606933141,"9.0-9.2":1.4945216519,"9.3":null},"op_mob":{"10":0,"11":0,"11.1":0,"11.5":0,"12":0.00463514625047,"12.1":0.00463514625047,"0":0.245662751275},"ie":{"5.5":0,"6":0.00462694868239,"7":0.00462694868239,"8":0.146520041609,"9":0.0925389736477,"10":0.160400887656,"11":0.672449875173},"bb":{"7":1.00335125,"10":null},"ie_mob":{"10":0.208631176471,"11":0.919873823529},"edge":{"12":0.077265,"13":0.06666,"14":0},"and_uc":{"0":8.476515},"op_mini":{"5.0-8.0":61.8637519562},"and_chr":{"0":6.239685},"and_ff":{"0":0.144245}},"total":94.9246899255}