{"id":"NP","name":"Nepal","month":"2016-01","access_date":"2016-02-03","data":{"firefox":{"2":0,"3":0.091494,"3.5":0.010166,"3.6":0.020332,"4":0.010166,"5":0.015249,"6":0.040664,"7":0.010166,"8":0.010166,"9":0.015249,"10":0.015249,"11":0.045747,"12":0.05083,"13":0.030498,"14":0.096577,"15":0.040664,"16":0.025415,"17":0.025415,"18":0.010166,"19":0.020332,"20":0.010166,"21":0.020332,"22":0.015249,"23":0.015249,"24":0.010166,"25":0.010166,"26":0.015249,"27":0.025415,"28":0.030498,"29":0.055913,"30":0.05083,"31":0.081328,"32":0.040664,"33":0.060996,"34":0.035581,"35":0.05083,"36":0.071162,"37":0.05083,"38":0.091494,"39":0.106743,"40":0.10166,"41":0.147407,"42":0.238901,"43":4.849182,"44":1.265667,"45":0.045747,"46":0.005083,"47":0},"chrome":{"4":0.015249,"5":0.025415,"6":0.030498,"7":0.005083,"8":0.025415,"9":0.010166,"10":0.020332,"11":0.060996,"12":0.167739,"13":0.010166,"14":0.015249,"15":0.010166,"16":0.091494,"17":0.015249,"18":0.091494,"19":0.015249,"20":0.010166,"21":0.005083,"22":0.015249,"23":0.005083,"24":0.005083,"25":0.015249,"26":0.040664,"27":0.010166,"28":0.020332,"29":0.020332,"30":0.086411,"31":0.137241,"32":0.076245,"33":0.523549,"34":0.020332,"35":0.015249,"36":0.035581,"37":0.015249,"38":0.127075,"39":0.045747,"40":0.030498,"41":0.05083,"42":0.111826,"43":0.310063,"44":0.320229,"45":0.503217,"46":0.365976,"47":28.785029,"48":3.054883,"49":1.097928,"50":0.035581,"51":0},"opera":{"9":0,"9.5-9.6":0,"10.0-10.1":0,"10.5":0,"10.6":0,"11":0.010166,"11.1":0,"11.5":0.005083,"11.6":0.010166,"12":0.010166,"12.1":0.035581,"15":0.005083,"16":0,"17":0,"18":0.005083,"19":0,"20":0.005083,"21":0,"22":0,"23":0,"24":0,"25":0,"26":0,"27":0,"28":0.010166,"29":0.025415,"30":0.010166,"31":0.005083,"32":0.010166,"33":0.020332,"34":0.975936,"35":0.005083,"36":0},"safari":{"3.1":0,"3.2":0,"4":0,"5":0.005083,"5.1":0.081328,"6":0.005083,"6.1":0.015249,"7":0.015249,"7.1":0.010166,"8":0.066079,"9":0.249067,"9.1":0},"android":{"2.1":0,"2.2":0,"2.3":0.031777407864,"3":0,"4":0.132074851435,"4.1":0.451835018066,"4.2-4.3":1.00595356769,"4.4":2.00197669543,"4.4.3-4.4.4":1.04865445951,"47":null},"ios_saf":{"3.2":0,"4.0-4.1":0,"4.2-4.3":0,"5.0-5.1":0,"6.0-6.1":0,"7.0-7.1":0.127594124343,"8":0.00894815936953,"8.1-8.4":0.364554640981,"9.0-9.2":2.71593207531,"9.3":null},"op_mob":{"10":0,"11":0,"11.1":0,"11.5":0,"12":0.00158461805746,"12.1":0.00158461805746,"0":0.0839847570451},"ie":{"5.5":0,"6":0.0102619056604,"7":0.00513095283019,"8":0.230892877358,"9":0.0615714339623,"10":0.148797632075,"11":0.625976245283},"bb":{"7":0.01106325,"10":null},"ie_mob":{"10":0.0809032436975,"11":0.356709756303},"edge":{"12":0.233818,"13":0.096577,"14":0},"and_uc":{"0":8.589999},"op_mini":{"5.0-8.0":21.1493690068},"and_chr":{"0":12.766261},"and_ff":{"0":0.029502}},"total":98.5625092972}