{"id":"NR","name":"Nauru","month":"2016-01","access_date":"2016-02-03","data":{"firefox":{"2":0.005388,"3":0.096984,"3.5":0,"3.6":0.005388,"4":0,"5":0,"6":0,"7":0,"8":0,"9":0,"10":0,"11":0.005388,"12":0,"13":0,"14":0.096984,"15":0,"16":0,"17":0,"18":0,"19":0,"20":0,"21":0.005388,"22":0,"23":0.086208,"24":0,"25":0.016164,"26":0,"27":0.021552,"28":0,"29":0,"30":0.016164,"31":0,"32":0.037716,"33":0,"34":0,"35":0.05388,"36":0,"37":0.016164,"38":0.867468,"39":0.021552,"40":0.010776,"41":0.005388,"42":0.1347,"43":1.4817,"44":0.021552,"45":0,"46":0,"47":0},"chrome":{"4":0,"5":0,"6":0,"7":0,"8":0,"9":0,"10":0,"11":0.167028,"12":0,"13":0,"14":0,"15":0,"16":0,"17":0,"18":0,"19":0,"20":0,"21":0,"22":0,"23":0,"24":0,"25":0,"26":0,"27":0,"28":0,"29":0.021552,"30":0.005388,"31":0,"32":0,"33":0.043104,"34":0.05388,"35":0.199356,"36":0.021552,"37":0,"38":0.005388,"39":0.070044,"40":0.021552,"41":0,"42":0.08082,"43":0.043104,"44":0.043104,"45":0,"46":0.08082,"47":11.568036,"48":0.72738,"49":0.032328,"50":0,"51":0},"opera":{"9":0,"9.5-9.6":0,"10.0-10.1":0,"10.5":0,"10.6":0,"11":0,"11.1":0,"11.5":0,"11.6":0,"12":0,"12.1":0,"15":0,"16":0,"17":0,"18":0,"19":0,"20":0,"21":0,"22":0,"23":0,"24":0,"25":0,"26":0,"27":0,"28":0,"29":0,"30":0,"31":0,"32":0,"33":0,"34":8.275968,"35":0,"36":0},"safari":{"3.1":0,"3.2":0,"4":0.371772,"5":0,"5.1":0.048492,"6":0,"6.1":0,"7":0,"7.1":0.032328,"8":0.716604,"9":1.287732,"9.1":0},"android":{"2.1":0,"2.2":0,"2.3":0.0805296017003,"3":0,"4":0.334701157067,"4.1":1.14503027418,"4.2-4.3":2.54926520383,"4.4":5.07336490712,"4.4.3-4.4.4":2.65747685611,"47":null},"ios_saf":{"3.2":0,"4.0-4.1":0,"4.2-4.3":0,"5.0-5.1":0,"6.0-6.1":0,"7.0-7.1":0.105395524879,"8":0.00739137447203,"8.1-8.4":0.301130071083,"9.0-9.2":2.24341902957,"9.3":null},"op_mob":{"10":0,"11":0,"11.1":0,"11.5":0,"12":0.000386465066534,"12.1":0.000386465066534,"0":0.0204826485263},"ie":{"5.5":0,"6":0,"7":0,"8":0.824364,"9":0.150864,"10":1.072212,"11":11.411784},"bb":{"7":0.024213,"10":null},"ie_mob":{"10":1.77434104202,"11":7.82323095798},"edge":{"12":0.366384,"13":0.393324,"14":0},"and_uc":{"0":8.988788},"op_mini":{"5.0-8.0":5.15802042134},"and_chr":{"0":18.233392},"and_ff":{"0":0}},"total":97.663713}