{"id":"NU","name":"Niue","month":"2016-01","access_date":"2016-02-03","data":{"firefox":{"2":0,"3":0,"3.5":0,"3.6":0,"4":0,"5":0,"6":0,"7":0,"8":0,"9":0,"10":0,"11":0,"12":0,"13":0,"14":0,"15":0,"16":0,"17":0,"18":0,"19":0,"20":0,"21":0,"22":0,"23":0,"24":0,"25":0.026292,"26":0.08764,"27":0,"28":0,"29":0,"30":0,"31":0,"32":0,"33":0.148988,"34":0,"35":0,"36":0.184044,"37":0,"38":0,"39":0.184044,"40":0,"41":0.026292,"42":0.333032,"43":9.657928,"44":0.245392,"45":0,"46":0,"47":0},"chrome":{"4":0,"5":0,"6":0,"7":0,"8":0,"9":0,"10":0,"11":0,"12":0,"13":0,"14":0,"15":0,"16":0,"17":0,"18":0,"19":0,"20":0,"21":0,"22":0,"23":0,"24":0,"25":0,"26":0,"27":0,"28":0,"29":0,"30":0.148988,"31":0.841344,"32":0.753704,"33":0,"34":0,"35":0,"36":0,"37":0,"38":0,"39":0,"40":0,"41":0,"42":0.026292,"43":0.122696,"44":0.148988,"45":0.061348,"46":0.245392,"47":15.398348,"48":1.92808,"49":0,"50":0,"51":0},"opera":{"9":0,"9.5-9.6":0,"10.0-10.1":0,"10.5":0,"10.6":0,"11":0,"11.1":0,"11.5":0,"11.6":0,"12":0.122696,"12.1":0,"15":0,"16":0,"17":0,"18":0.061348,"19":0,"20":0,"21":0,"22":0,"23":0,"24":0,"25":0,"26":0,"27":0,"28":0,"29":0,"30":0,"31":0,"32":0,"33":0,"34":0,"35":0,"36":0},"safari":{"3.1":0,"3.2":0,"4":0,"5":0.271684,"5.1":0.061348,"6":0.08764,"6.1":2.024484,"7":0.026292,"7.1":0,"8":0.999096,"9":1.209432,"9.1":0},"android":{"2.1":0,"2.2":0,"2.3":0.033560511796,"3":0,"4":0.139485877152,"4.1":0.477188527099,"4.2-4.3":1.06239995154,"4.4":2.11431224315,"4.4.3-4.4.4":1.10749688927,"47":null},"ios_saf":{"3.2":0,"4.0-4.1":0,"4.2-4.3":0,"5.0-5.1":0,"6.0-6.1":0,"7.0-7.1":0.187424520449,"8":0.0131440572783,"8.1-8.4":0.535498629855,"9.0-9.2":3.98946479242,"9.3":null},"op_mob":{"10":0,"11":0,"11.1":0,"11.5":0,"12":0,"12.1":0,"0":0},"ie":{"5.5":0,"6":0,"7":0,"8":0.302215495935,"9":0.124441674797,"10":0.364436333333,"11":3.58214249593},"bb":{"7":0,"10":null},"ie_mob":{"10":0.0669517310924,"11":0.295196268908},"edge":{"12":25.994024,"13":0.56966,"14":0},"and_uc":{"0":1.615452},"op_mini":{"5.0-8.0":0},"and_chr":{"0":11.077312},"and_ff":{"0":0.065508}},"total":89.150168}