{"id":"PF","name":"French Polynesia","month":"2016-01","access_date":"2016-02-03","data":{"firefox":{"2":0,"3":0.008021,"3.5":0.024063,"3.6":0.056147,"4":0.008021,"5":0.032084,"6":0.016042,"7":0.040105,"8":0,"9":0.024063,"10":0.064168,"11":0.048126,"12":0.056147,"13":0.016042,"14":0.016042,"15":0,"16":0.064168,"17":0.048126,"18":0,"19":0.008021,"20":0.016042,"21":0.208546,"22":0.032084,"23":0.064168,"24":0.064168,"25":0.064168,"26":0.040105,"27":0.024063,"28":0.072189,"29":0.040105,"30":0.096252,"31":0.096252,"32":0.200525,"33":0.032084,"34":0.048126,"35":0.112294,"36":0.232609,"37":0.272714,"38":0.48126,"39":0.112294,"40":0.256672,"41":0.200525,"42":0.673764,"43":13.459238,"44":0.689806,"45":0.056147,"46":0,"47":0},"chrome":{"4":0,"5":0,"6":0,"7":0,"8":0,"9":0,"10":0,"11":0.064168,"12":0,"13":0,"14":0,"15":0,"16":0,"17":0,"18":0.016042,"19":0,"20":0,"21":0.008021,"22":0.056147,"23":0,"24":0,"25":0.016042,"26":0.032084,"27":0.072189,"28":0.032084,"29":0.040105,"30":0.024063,"31":0.072189,"32":0.040105,"33":0.032084,"34":0.064168,"35":0.064168,"36":0.104273,"37":0.168441,"38":0.040105,"39":0.032084,"40":0.032084,"41":0.368966,"42":0.144378,"43":0.120315,"44":0.112294,"45":0.184483,"46":0.232609,"47":22.282338,"48":2.48651,"49":0.096252,"50":0,"51":0},"opera":{"9":0,"9.5-9.6":0,"10.0-10.1":0,"10.5":0,"10.6":0,"11":0,"11.1":0,"11.5":0,"11.6":0.032084,"12":0.048126,"12.1":0.064168,"15":0.008021,"16":0,"17":0,"18":0,"19":0,"20":0,"21":0,"22":0,"23":0,"24":0,"25":0,"26":0,"27":0,"28":0.344903,"29":0.008021,"30":0.008021,"31":0.008021,"32":0,"33":0,"34":0.890331,"35":0.008021,"36":0},"safari":{"3.1":0,"3.2":0,"4":0.032084,"5":0.216567,"5.1":0.593554,"6":0.152399,"6.1":0.393029,"7":0.152399,"7.1":0.08021,"8":0.978562,"9":4.283214,"9.1":0},"android":{"2.1":0,"2.2":0,"2.3":0.0273318563231,"3":0,"4":0.113598027843,"4.1":0.388624832094,"4.2-4.3":0.865224076727,"4.4":1.72190694835,"4.4.3-4.4.4":0.901951258661,"47":null},"ios_saf":{"3.2":0,"4.0-4.1":0,"4.2-4.3":0,"5.0-5.1":0,"6.0-6.1":0,"7.0-7.1":0.63839139693,"8":0.0447703057587,"8.1-8.4":1.8239754198,"9.0-9.2":13.5886168775,"9.3":null},"op_mob":{"10":0,"11":0,"11.1":0,"11.5":0,"12":2.24455664718e-5,"12.1":2.24455664718e-5,"0":0.00118961502301},"ie":{"5.5":0,"6":0.016042,"7":0.016042,"8":1.435759,"9":0.24063,"10":0.745953,"11":7.932769},"bb":{"7":0.04403275,"10":null},"ie_mob":{"10":0.175249596639,"11":0.772691403361},"edge":{"12":0.409071,"13":0.930436,"14":0},"and_uc":{"0":0.081139},"op_mini":{"5.0-8.0":0.299573493844},"and_chr":{"0":11.437333},"and_ff":{"0":0.358199}},"total":98.52665775}