{"id":"PH","name":"Philippines","month":"2016-01","access_date":"2016-02-03","data":{"firefox":{"2":0.006982,"3":0.020946,"3.5":0.013964,"3.6":0.03491,"4":0.013964,"5":0.013964,"6":0.020946,"7":0.006982,"8":0.006982,"9":0.006982,"10":0.013964,"11":0.020946,"12":0.055856,"13":0.020946,"14":0.027928,"15":0.020946,"16":0.027928,"17":0.020946,"18":0.020946,"19":0.020946,"20":0.048874,"21":0.216442,"22":0.048874,"23":0.048874,"24":0.083784,"25":0.055856,"26":0.027928,"27":0.041892,"28":0.041892,"29":0.083784,"30":0.06982,"31":0.097748,"32":0.055856,"33":0.090766,"34":0.062838,"35":0.083784,"36":0.083784,"37":0.265316,"38":0.286262,"39":0.202478,"40":0.181532,"41":0.223424,"42":0.342118,"43":4.356768,"44":0.62838,"45":0.020946,"46":0.006982,"47":0},"chrome":{"4":0.006982,"5":0.013964,"6":0.020946,"7":0.013964,"8":0.013964,"9":0.006982,"10":0.027928,"11":0.048874,"12":0.03491,"13":0.013964,"14":0.020946,"15":0.013964,"16":0.027928,"17":0.013964,"18":0.062838,"19":0.013964,"20":0.020946,"21":0.020946,"22":0.062838,"23":0.03491,"24":0.03491,"25":0.048874,"26":0.090766,"27":0.118694,"28":0.090766,"29":0.083784,"30":0.055856,"31":0.230406,"32":0.083784,"33":0.230406,"34":0.10473,"35":0.160586,"36":0.167568,"37":0.13964,"38":0.13964,"39":0.24437,"40":0.24437,"41":0.467794,"42":0.258334,"43":0.80293,"44":0.781984,"45":0.90766,"46":1.515094,"47":34.00234,"48":3.337396,"49":0.474776,"50":0.020946,"51":0},"opera":{"9":0,"9.5-9.6":0,"10.0-10.1":0,"10.5":0,"10.6":0,"11":0,"11.1":0,"11.5":0,"11.6":0.020946,"12":0.048874,"12.1":0.06982,"15":0,"16":0.020946,"17":0,"18":0,"19":0,"20":0,"21":0,"22":0,"23":0,"24":0,"25":0,"26":0,"27":0,"28":0.307208,"29":0.006982,"30":0.013964,"31":0.006982,"32":0.006982,"33":0.020946,"34":0.432884,"35":0.006982,"36":0},"safari":{"3.1":0,"3.2":0,"4":0.006982,"5":0.048874,"5.1":0.06982,"6":0.020946,"6.1":0.03491,"7":0.048874,"7.1":0.041892,"8":0.251352,"9":0.621398,"9.1":0},"android":{"2.1":0,"2.2":0,"2.3":0.043515701594,"3":0,"4":0.18086213475,"4.1":0.61873888204,"4.2-4.3":1.37754392859,"4.4":2.74148920043,"4.4.3-4.4.4":1.4360181526,"47":null},"ios_saf":{"3.2":0,"4.0-4.1":0,"4.2-4.3":0,"5.0-5.1":0,"6.0-6.1":0,"7.0-7.1":0.369562479654,"8":0.025917368703,"8.1-8.4":1.05589279901,"9.0-9.2":7.86640135263,"9.3":null},"op_mob":{"10":0,"11":0,"11.1":0,"11.5":0,"12":0.000254696530282,"12.1":0.000254696530282,"0":0.013498916105},"ie":{"5.5":0,"6":0.014088456328,"7":0.014088456328,"8":1.37362449198,"9":0.225415301248,"10":0.803042010695,"11":1.50746482709},"bb":{"7":0.048288,"10":null},"ie_mob":{"10":0.0853662857143,"11":0.376387714286},"edge":{"12":0.202478,"13":0.202478,"14":0},"and_uc":{"0":2.05224},"op_mini":{"5.0-8.0":3.39934969083},"and_chr":{"0":16.970652},"and_ff":{"0":0.042252}},"total":98.6448315437}