{"id":"PL","name":"Poland","month":"2016-01","access_date":"2016-02-03","data":{"firefox":{"2":0,"3":0.004833,"3.5":0.004833,"3.6":0.019332,"4":0.004833,"5":0.004833,"6":0.004833,"7":0,"8":0.004833,"9":0.004833,"10":0.009666,"11":0.009666,"12":0.019332,"13":0.004833,"14":0.004833,"15":0.014499,"16":0.019332,"17":0.009666,"18":0.014499,"19":0.004833,"20":0.014499,"21":0.009666,"22":0.004833,"23":0.004833,"24":0.019332,"25":0.009666,"26":0.009666,"27":0.009666,"28":0.019332,"29":0.014499,"30":0.019332,"31":0.091827,"32":0.019332,"33":0.028998,"34":0.028998,"35":0.038664,"36":0.033831,"37":0.053163,"38":0.173988,"39":0.115992,"40":0.09666,"41":0.231984,"42":0.309312,"43":10.608435,"44":0.536463,"45":0.009666,"46":0.004833,"47":0},"chrome":{"4":0,"5":0,"6":0,"7":0,"8":0,"9":0,"10":0.004833,"11":0.033831,"12":0.004833,"13":0,"14":0,"15":0,"16":0,"17":0,"18":0.009666,"19":0,"20":0,"21":0.043497,"22":0.014499,"23":0,"24":0,"25":0.004833,"26":0.019332,"27":0.004833,"28":0.004833,"29":0.004833,"30":0.004833,"31":0.062829,"32":0.014499,"33":0.053163,"34":0.057996,"35":0.062829,"36":0.028998,"37":0.038664,"38":0.057996,"39":0.082161,"40":0.043497,"41":0.028998,"42":0.082161,"43":0.115992,"44":0.14499,"45":0.164322,"46":0.260982,"47":18.713376,"48":2.063691,"49":0.028998,"50":0.004833,"51":0},"opera":{"9":0,"9.5-9.6":0,"10.0-10.1":0,"10.5":0,"10.6":0,"11":0,"11.1":0,"11.5":0.004833,"11.6":0.009666,"12":0.014499,"12.1":0.260982,"15":0,"16":0,"17":0.004833,"18":0.009666,"19":0.004833,"20":0.009666,"21":0.004833,"22":0,"23":0.004833,"24":0.004833,"25":0.004833,"26":0.009666,"27":0.004833,"28":0.024165,"29":0.019332,"30":0.033831,"31":0.019332,"32":0.164322,"33":0.091827,"34":2.870802,"35":0.038664,"36":0.004833},"safari":{"3.1":0,"3.2":0,"4":0.004833,"5":0.009666,"5.1":0.033831,"6":0.004833,"6.1":0.014499,"7":0.014499,"7.1":0.009666,"8":0.082161,"9":0.463968,"9.1":0.004833},"android":{"2.1":0,"2.2":0,"2.3":0.075473520085,"3":0,"4":0.313686817853,"4.1":1.07313911371,"4.2-4.3":2.38920862019,"4.4":4.75483176536,"4.4.3-4.4.4":2.49062616281,"47":null},"ios_saf":{"3.2":0,"4.0-4.1":0,"4.2-4.3":0,"5.0-5.1":0,"6.0-6.1":0,"7.0-7.1":0.0482233620068,"8":0.00338189811476,"8.1-8.4":0.137781034305,"9.0-9.2":1.02646870557,"9.3":null},"op_mob":{"10":0,"11":0,"11.1":0,"11.5":0,"12":0.000171569332173,"12.1":0.000171569332173,"0":0.00909317460515},"ie":{"5.5":0,"6":0.00488085148515,"7":0.0097617029703,"8":0.16106809901,"9":0.126902138614,"10":0.146425544554,"11":2.01091081188},"bb":{"7":0.01162575,"10":null},"ie_mob":{"10":0.67822302521,"11":2.99034697479},"edge":{"12":0.149823,"13":0.323811,"14":0},"and_uc":{"0":0.077505},"op_mini":{"5.0-8.0":2.28987868673},"and_chr":{"0":38.098206},"and_ff":{"0":0.056837}},"total":98.6685918985}