{"id":"PM","name":"Saint Pierre and Miquelon","month":"2016-01","access_date":"2016-02-03","data":{"firefox":{"2":0,"3":0,"3.5":0.009419,"3.6":0,"4":0,"5":0,"6":0,"7":0,"8":0,"9":0.009419,"10":0,"11":0,"12":0.009419,"13":0.009419,"14":0.009419,"15":0,"16":0.009419,"17":0.037676,"18":0,"19":0,"20":0,"21":0.009419,"22":0,"23":0.009419,"24":0.028257,"25":0,"26":0.009419,"27":0.028257,"28":0,"29":0.028257,"30":0.018838,"31":0,"32":0,"33":0.018838,"34":0.084771,"35":0.009419,"36":0.028257,"37":0.009419,"38":0.09419,"39":0.075352,"40":0.320246,"41":0.09419,"42":0.226056,"43":16.144166,"44":0.640492,"45":0,"46":0,"47":0},"chrome":{"4":0,"5":0,"6":0,"7":0,"8":0,"9":0,"10":0,"11":0.018838,"12":0,"13":0,"14":0,"15":0,"16":0,"17":0,"18":0.009419,"19":0,"20":0,"21":0,"22":0,"23":0.018838,"24":0,"25":0,"26":0,"27":0,"28":0,"29":0,"30":0.009419,"31":0.178961,"32":0.09419,"33":0.028257,"34":0.09419,"35":0,"36":0.480369,"37":0.009419,"38":0.009419,"39":0.047095,"40":0.056514,"41":0,"42":0.028257,"43":0.047095,"44":0.084771,"45":0.056514,"46":0.621654,"47":36.865966,"48":4.455187,"49":0.301408,"50":0.113028,"51":0},"opera":{"9":0,"9.5-9.6":0,"10.0-10.1":0,"10.5":0,"10.6":0,"11":0,"11.1":0,"11.5":0,"11.6":0,"12":0,"12.1":0,"15":0,"16":0,"17":0,"18":0,"19":0,"20":0,"21":0,"22":0,"23":0,"24":0,"25":0,"26":0,"27":0,"28":0,"29":0,"30":0,"31":0,"32":0,"33":0.028257,"34":0.273151,"35":0,"36":0},"safari":{"3.1":0,"3.2":0,"4":0,"5":0.037676,"5.1":0.348503,"6":0.056514,"6.1":0.489788,"7":0.028257,"7.1":0.141285,"8":0.18838,"9":3.372002,"9.1":0},"android":{"2.1":0,"2.2":0,"2.3":0.0151483511158,"3":0,"4":0.0629603343252,"4.1":0.215390617428,"4.2-4.3":0.479539990011,"4.4":0.954346120298,"4.4.3-4.4.4":0.499895586823,"47":null},"ios_saf":{"3.2":0,"4.0-4.1":0,"4.2-4.3":0,"5.0-5.1":0,"6.0-6.1":0,"7.0-7.1":0.67000843618,"8":0.0469876046152,"8.1-8.4":1.91430981766,"9.0-9.2":14.2616081415,"9.3":null},"op_mob":{"10":0,"11":0,"11.1":0,"11.5":0,"12":0,"12.1":0,"0":0},"ie":{"5.5":0,"6":0,"7":0.037676,"8":0.131866,"9":0.518045,"10":0.621654,"11":4.52112},"bb":{"7":0.0008715,"10":null},"ie_mob":{"10":0.00988188235294,"11":0.0435701176471},"edge":{"12":0.866548,"13":2.63732,"14":0.009419},"and_uc":{"0":0},"op_mini":{"5.0-8.0":0},"and_chr":{"0":3.212754},"and_ff":{"0":0.003486}},"total":98.2984795}