{"id":"PR","name":"Puerto Rico","month":"2016-01","access_date":"2016-02-03","data":{"firefox":{"2":0,"3":0.00427,"3.5":0,"3.6":0.00854,"4":0.00427,"5":0,"6":0.00854,"7":0,"8":0.00427,"9":0,"10":0.00427,"11":0.00427,"12":0.00427,"13":0.00427,"14":0.00427,"15":0.00427,"16":0.01281,"17":0,"18":0.00427,"19":0.00427,"20":0.00427,"21":0.03416,"22":0.00854,"23":0.00854,"24":0.01281,"25":0.00854,"26":0.00427,"27":0.00854,"28":0.01281,"29":0.00854,"30":0.00854,"31":0.02989,"32":0.00854,"33":0.00854,"34":0.01281,"35":0.01281,"36":0.03843,"37":0.0427,"38":0.16653,"39":0.05978,"40":0.03416,"41":0.05551,"42":0.14518,"43":3.42454,"44":0.21777,"45":0.00427,"46":0.00427,"47":0},"chrome":{"4":0,"5":0,"6":0,"7":0,"8":0,"9":0,"10":0,"11":0.0427,"12":0.00854,"13":0,"14":0,"15":0,"16":0.00427,"17":0,"18":0.01708,"19":0,"20":0.00854,"21":0.00854,"22":0.00854,"23":0,"24":0,"25":0.01281,"26":0.00427,"27":0.01708,"28":0.00854,"29":0.00854,"30":0.00427,"31":0.02562,"32":0.01708,"33":0.03843,"34":0.03416,"35":0.03416,"36":0.04697,"37":0.03416,"38":0.03843,"39":0.07259,"40":0.02989,"41":0.08113,"42":0.06405,"43":0.38857,"44":0.11102,"45":0.14091,"46":0.19642,"47":14.44541,"48":1.37067,"49":0.05551,"50":0.00427,"51":0},"opera":{"9":0,"9.5-9.6":0,"10.0-10.1":0,"10.5":0,"10.6":0,"11":0,"11.1":0,"11.5":0.00427,"11.6":0.00427,"12":0.00854,"12.1":0.02989,"15":0,"16":0,"17":0,"18":0,"19":0,"20":0,"21":0,"22":0,"23":0,"24":0,"25":0,"26":0,"27":0.01281,"28":0.05124,"29":0.02989,"30":0.00854,"31":0.00427,"32":0.00427,"33":0.02562,"34":0.39284,"35":0,"36":0},"safari":{"3.1":0,"3.2":0,"4":0.02135,"5":0.06405,"5.1":0.17507,"6":0.01708,"6.1":0.09821,"7":0.04697,"7.1":0.06832,"8":0.43981,"9":1.91723,"9.1":0.00427},"android":{"2.1":0,"2.2":0,"2.3":0.0520258788523,"3":0,"4":0.21623255898,"4.1":0.739742964931,"4.2-4.3":1.64694422742,"4.4":3.27763036769,"4.4.3-4.4.4":1.71685400213,"47":null},"ios_saf":{"3.2":0,"4.0-4.1":0,"4.2-4.3":0,"5.0-5.1":0,"6.0-6.1":0,"7.0-7.1":0.872171551458,"8":0.0611652776347,"8.1-8.4":2.49191871845,"9.0-9.2":18.5647944525,"9.3":null},"op_mob":{"10":0,"11":0,"11.1":0,"11.5":0,"12":8.12361646561e-6,"12.1":8.12361646561e-6,"0":0.000430551672678},"ie":{"5.5":0,"6":0.00856468208092,"7":0.0214117052023,"8":0.299763872832,"9":0.381128352601,"10":0.415387080925,"11":4.77909260116},"bb":{"7":0.01146,"10":null},"ie_mob":{"10":0.153602521008,"11":0.677247478992},"edge":{"12":0.61488,"13":1.00345,"14":0},"and_uc":{"0":0.07449},"op_mini":{"5.0-8.0":0.108423201094},"and_chr":{"0":35.47053},"and_ff":{"0":0.02865}},"total":98.9621382948}