{"id":"PS","name":"Palestinian Territory","month":"2016-01","access_date":"2016-02-03","data":{"firefox":{"2":0,"3":0.013408,"3.5":0.013408,"3.6":0.026816,"4":0.013408,"5":0,"6":0.020112,"7":0.006704,"8":0.013408,"9":0.013408,"10":0.006704,"11":0.020112,"12":0.140784,"13":0.020112,"14":0.013408,"15":0.013408,"16":0.013408,"17":0.020112,"18":0.03352,"19":0.026816,"20":0.020112,"21":0.006704,"22":0.020112,"23":0.020112,"24":0.020112,"25":0.020112,"26":0.013408,"27":0.013408,"28":0.006704,"29":0.03352,"30":0.03352,"31":0.03352,"32":0.080448,"33":0.040224,"34":0.060336,"35":0.06704,"36":0.06704,"37":0.06704,"38":0.160896,"39":0.147488,"40":0.154192,"41":0.140784,"42":0.315088,"43":7.260432,"44":0.529616,"45":0.03352,"46":0,"47":0},"chrome":{"4":0.006704,"5":0.006704,"6":0.006704,"7":0.006704,"8":0.006704,"9":0,"10":0.026816,"11":0.073744,"12":0.026816,"13":0.013408,"14":0.020112,"15":0.040224,"16":0.020112,"17":0.006704,"18":0.006704,"19":0,"20":0.006704,"21":0.013408,"22":0.053632,"23":0.006704,"24":0.03352,"25":0.013408,"26":0.040224,"27":0.020112,"28":0.026816,"29":0.026816,"30":0.03352,"31":0.03352,"32":0.03352,"33":0.120672,"34":0.046928,"35":0.03352,"36":0.040224,"37":0.207824,"38":0.20112,"39":0.093856,"40":0.093856,"41":0.060336,"42":0.248048,"43":1.367616,"44":0.717328,"45":0.690512,"46":0.844704,"47":35.806064,"48":3.479376,"49":0.147488,"50":0.020112,"51":0},"opera":{"9":0,"9.5-9.6":0,"10.0-10.1":0,"10.5":0,"10.6":0,"11":0,"11.1":0.006704,"11.5":0,"11.6":0.006704,"12":0.013408,"12.1":0.623472,"15":0,"16":0,"17":0,"18":0,"19":0,"20":0.020112,"21":0,"22":0,"23":0,"24":0,"25":0,"26":0.006704,"27":0,"28":0.006704,"29":0,"30":0.006704,"31":0.020112,"32":0.013408,"33":0.040224,"34":0.951968,"35":0.013408,"36":0},"safari":{"3.1":0,"3.2":0,"4":0.013408,"5":0.013408,"5.1":0.03352,"6":0.006704,"6.1":0.006704,"7":0.006704,"7.1":0.006704,"8":0.120672,"9":0.362016,"9.1":0},"android":{"2.1":0,"2.2":0,"2.3":0.0559504459086,"3":0,"4":0.232544040808,"4.1":0.795545402763,"4.2-4.3":1.77118130329,"4.4":3.52487809224,"4.4.3-4.4.4":1.84636471498,"47":null},"ios_saf":{"3.2":0,"4.0-4.1":0,"4.2-4.3":0,"5.0-5.1":0,"6.0-6.1":0,"7.0-7.1":0.188128443391,"8":0.0131934233028,"8.1-8.4":0.537509838261,"9.0-9.2":4.00444829504,"9.3":null},"op_mob":{"10":0,"11":0,"11.1":0,"11.5":0,"12":0.000107229648054,"12.1":0.000107229648054,"0":0.00568317134685},"ie":{"5.5":0,"6":0.0137503319149,"7":0.0137503319149,"8":1.53316200851,"9":0.247505974468,"10":0.247505974468,"11":2.77069188085},"bb":{"7":0.003296,"10":null},"ie_mob":{"10":0.0554503529412,"11":0.244485647059},"edge":{"12":0.187712,"13":0.20112,"14":0},"and_uc":{"0":0.286752},"op_mini":{"5.0-8.0":1.43115836936},"and_chr":{"0":21.310256},"and_ff":{"0":0.029664}},"total":98.4755665021}