{"id":"PW","name":"Palau","month":"2016-01","access_date":"2016-02-03","data":{"firefox":{"2":0.00732,"3":0.00732,"3.5":0,"3.6":0.02196,"4":0.02196,"5":0,"6":0.00732,"7":0,"8":0,"9":0,"10":0,"11":0.00732,"12":0.0732,"13":0,"14":0.01464,"15":0,"16":0,"17":0.00732,"18":0,"19":0,"20":0,"21":0.00732,"22":0.01464,"23":0.04392,"24":0.02196,"25":0,"26":0.00732,"27":0.01464,"28":0.08784,"29":0.16836,"30":0.31476,"31":0.0732,"32":0.01464,"33":0.21228,"34":0.2562,"35":0.24888,"36":0.01464,"37":0.22692,"38":0.26352,"39":0.41724,"40":0.0366,"41":0.1464,"42":1.15656,"43":6.94668,"44":0.5856,"45":0,"46":0,"47":0},"chrome":{"4":0,"5":0,"6":0,"7":0,"8":0.11712,"9":0,"10":0.10248,"11":0.02928,"12":0.00732,"13":0,"14":0,"15":0,"16":0,"17":0,"18":0.00732,"19":0,"20":0,"21":0.01464,"22":0,"23":0,"24":0,"25":0,"26":0.05124,"27":0,"28":0,"29":0,"30":0.01464,"31":0.1098,"32":0.21228,"33":1.04676,"34":0.35868,"35":0.02196,"36":0.0732,"37":0.00732,"38":0.13908,"39":0.17568,"40":0.09516,"41":0.08784,"42":0.05856,"43":0.09516,"44":0.22692,"45":1.18584,"46":0.96624,"47":28.67244,"48":2.24724,"49":0.05124,"50":0,"51":0},"opera":{"9":0,"9.5-9.6":0,"10.0-10.1":0,"10.5":0,"10.6":0,"11":0,"11.1":0,"11.5":0.00732,"11.6":0,"12":0,"12.1":0.00732,"15":0,"16":0,"17":0,"18":0,"19":0,"20":0,"21":0,"22":0,"23":0,"24":0,"25":0,"26":0.00732,"27":0,"28":0.08784,"29":0.01464,"30":0,"31":0,"32":0,"33":0,"34":0.08784,"35":0,"36":0},"safari":{"3.1":0.00732,"3.2":0,"4":0.00732,"5":0.04392,"5.1":0.05124,"6":0.00732,"6.1":0.44652,"7":0.35136,"7.1":0.00732,"8":1.30296,"9":1.21512,"9.1":0},"android":{"2.1":0,"2.2":0,"2.3":0.038599141339,"3":0,"4":0.16042768119,"4.1":0.548831540914,"4.2-4.3":1.22190406801,"4.4":2.43174590436,"4.4.3-4.4.4":1.27377166419,"47":null},"ios_saf":{"3.2":0,"4.0-4.1":0,"4.2-4.3":0,"5.0-5.1":0,"6.0-6.1":0,"7.0-7.1":0.259621757495,"8":0.018207240136,"8.1-8.4":0.741776449985,"9.0-9.2":5.52623455238,"9.3":null},"op_mob":{"10":0,"11":0,"11.1":0,"11.5":0,"12":0.000154780748663,"12.1":0.000154780748663,"0":0.00820337967914},"ie":{"5.5":0,"6":0.00744223506744,"7":0.0297689402697,"8":4.18997834297,"9":0.446534104046,"10":2.50803321773,"11":4.39836092486},"bb":{"7":0.01407,"10":null},"ie_mob":{"10":0.0500416806723,"11":0.220638319328},"edge":{"12":0.35136,"13":0.31476,"14":0},"and_uc":{"0":4.99284},"op_mini":{"5.0-8.0":2.06580705882},"and_chr":{"0":13.11592},"and_ff":{"0":0.02144}},"total":96.2332277649}