{"id":"RE","name":"Reunion","month":"2016-01","access_date":"2016-02-03","data":{"firefox":{"2":0,"3":0.007795,"3.5":0.007795,"3.6":0.070155,"4":0.03118,"5":0.038975,"6":0.03118,"7":0.03118,"8":0.007795,"9":0.007795,"10":0.007795,"11":0.054565,"12":0.023385,"13":0.04677,"14":0.054565,"15":0.12472,"16":0.101335,"17":0.023385,"18":0.01559,"19":0.007795,"20":0.038975,"21":0.03118,"22":0.007795,"23":0.29621,"24":0.20267,"25":0.04677,"26":0.04677,"27":0.023385,"28":0.054565,"29":0.04677,"30":0.06236,"31":0.12472,"32":0.428725,"33":0.132515,"34":0.179285,"35":0.116925,"36":0.085745,"37":0.1559,"38":0.272825,"39":0.210465,"40":0.413135,"41":0.71714,"42":0.67037,"43":13.212525,"44":0.73273,"45":0.01559,"46":0.007795,"47":0},"chrome":{"4":0,"5":0,"6":0,"7":0,"8":0.007795,"9":0,"10":0,"11":0.03118,"12":0,"13":0,"14":0.007795,"15":0,"16":0.01559,"17":0,"18":0.01559,"19":0,"20":0,"21":0.007795,"22":0.06236,"23":0.038975,"24":0.007795,"25":0.023385,"26":0.03118,"27":0.007795,"28":0.04677,"29":0.038975,"30":0.116925,"31":0.04677,"32":0.01559,"33":0.04677,"34":0.06236,"35":0.116925,"36":0.085745,"37":0.070155,"38":0.085745,"39":0.1559,"40":0.085745,"41":0.085745,"42":0.12472,"43":0.24944,"44":0.53006,"45":0.335185,"46":0.459905,"47":27.056445,"48":2.923125,"49":0.116925,"50":0.01559,"51":0},"opera":{"9":0,"9.5-9.6":0,"10.0-10.1":0,"10.5":0,"10.6":0,"11":0,"11.1":0,"11.5":0,"11.6":0,"12":0,"12.1":0.054565,"15":0,"16":0,"17":0,"18":0,"19":0,"20":0,"21":0,"22":0,"23":0,"24":0,"25":0,"26":0,"27":0.007795,"28":0.01559,"29":0,"30":0.007795,"31":0,"32":0.007795,"33":0.007795,"34":0.68596,"35":0.007795,"36":0},"safari":{"3.1":0,"3.2":0.007795,"4":0.04677,"5":0.304005,"5.1":0.48329,"6":0.054565,"6.1":0.23385,"7":0.132515,"7.1":0.10913,"8":0.65478,"9":3.5857,"9.1":0.007795},"android":{"2.1":0,"2.2":0,"2.3":0.029888272051,"3":0,"4":0.124223130712,"4.1":0.424973868225,"4.2-4.3":0.946150612115,"4.4":1.88296113921,"4.4.3-4.4.4":0.986312977683,"47":null},"ios_saf":{"3.2":0,"4.0-4.1":0,"4.2-4.3":0,"5.0-5.1":0,"6.0-6.1":0,"7.0-7.1":0.325631588029,"8":0.0228365009787,"8.1-8.4":0.930375965798,"9.0-9.2":6.93130094519,"9.3":null},"op_mob":{"10":0,"11":0,"11.1":0,"11.5":0,"12":5.34728267628e-5,"12.1":5.34728267628e-5,"0":0.00283405981843},"ie":{"5.5":0,"6":0.00782799470899,"7":0.015655989418,"8":0.594927597884,"9":0.164387888889,"10":0.422711714286,"11":6.16845983069},"bb":{"7":0.01929375,"10":null},"ie_mob":{"10":0.120663529412,"11":0.532016470588},"edge":{"12":0.60801,"13":1.34074,"14":0},"and_uc":{"0":0.063945},"op_mini":{"5.0-8.0":0.713683994528},"and_chr":{"0":15.88612},"and_ff":{"0":0.068355}},"total":97.9060247659}