{"id":"RW","name":"Rwanda","month":"2016-01","access_date":"2016-02-03","data":{"firefox":{"2":0.001694,"3":0.049126,"3.5":0.010164,"3.6":0.040656,"4":0.03388,"5":0.011858,"6":0.011858,"7":0.006776,"8":0.011858,"9":0.00847,"10":0.023716,"11":0.037268,"12":0.05082,"13":0.032186,"14":0.023716,"15":0.045738,"16":0.030492,"17":0.020328,"18":0.00847,"19":0.018634,"20":0.060984,"21":0.02541,"22":0.006776,"23":0.045738,"24":0.010164,"25":0.015246,"26":0.005082,"27":0.010164,"28":0.020328,"29":0.047432,"30":0.040656,"31":0.028798,"32":0.015246,"33":0.02541,"34":0.023716,"35":0.040656,"36":0.028798,"37":0.038962,"38":0.052514,"39":0.113498,"40":0.081312,"41":0.120274,"42":0.276122,"43":3.596362,"44":0.689458,"45":0.020328,"46":0.006776,"47":0},"chrome":{"4":0,"5":0.003388,"6":0.001694,"7":0.001694,"8":0,"9":0.001694,"10":0.005082,"11":0.013552,"12":0.001694,"13":0.005082,"14":0.003388,"15":0.003388,"16":0.00847,"17":0.001694,"18":0,"19":0,"20":0.006776,"21":0.003388,"22":0.001694,"23":0.003388,"24":0,"25":0.003388,"26":0.015246,"27":0.001694,"28":0.003388,"29":0.005082,"30":0.010164,"31":0.03388,"32":0.001694,"33":0.023716,"34":0.003388,"35":0.001694,"36":0.015246,"37":0.001694,"38":0.010164,"39":0.011858,"40":0.011858,"41":0.010164,"42":0.05929,"43":0.115192,"44":0.057596,"45":0.267652,"46":0.106722,"47":5.076918,"48":0.435358,"49":0.077924,"50":0,"51":0},"opera":{"9":0,"9.5-9.6":0,"10.0-10.1":0,"10.5":0,"10.6":0,"11":0.001694,"11.1":0,"11.5":0.001694,"11.6":0.02541,"12":0.003388,"12.1":0.116886,"15":0.003388,"16":0.001694,"17":0.001694,"18":0,"19":0.001694,"20":0.003388,"21":0.001694,"22":0.003388,"23":0,"24":0,"25":0,"26":0.001694,"27":0.001694,"28":0.00847,"29":0.00847,"30":0.01694,"31":0.005082,"32":0.018634,"33":0.072842,"34":0.648802,"35":0.001694,"36":0},"safari":{"3.1":0,"3.2":0,"4":0.001694,"5":0.003388,"5.1":0.027104,"6":0.005082,"6.1":0.010164,"7":0.010164,"7.1":0.013552,"8":0.083006,"9":0.230384,"9.1":0},"android":{"2.1":0,"2.2":0,"2.3":0.014458463762,"3":0,"4":0.0600929900106,"4.1":0.205581281615,"4.2-4.3":0.457700743464,"4.4":0.910883217003,"4.4.3-4.4.4":0.477129304145,"47":null},"ios_saf":{"3.2":0,"4.0-4.1":0,"4.2-4.3":0,"5.0-5.1":0,"6.0-6.1":0,"7.0-7.1":0.0431927402905,"8":0.00302910126713,"8.1-8.4":0.123407829401,"9.0-9.2":0.919388329041,"9.3":null},"op_mob":{"10":0,"11":0,"11.1":0,"11.5":0,"12":0.00515961571944,"12.1":0.00515961571944,"0":0.27345963313},"ie":{"5.5":0,"6":0.00170256637168,"7":0,"8":0.217928495575,"9":0.0919385840708,"10":0.166851504425,"11":0.864903716814},"bb":{"7":0.074754,"10":null},"ie_mob":{"10":0.0936693445378,"11":0.412996655462},"edge":{"12":0.052514,"13":0.083006,"14":0.001694},"and_uc":{"0":6.445456},"op_mini":{"5.0-8.0":68.8636711354},"and_chr":{"0":4.02284},"and_ff":{"0":0.024918}},"total":98.6033128673}