{"id":"SC","name":"Seychelles","month":"2016-01","access_date":"2016-02-03","data":{"firefox":{"2":0.004883,"3":0.029298,"3.5":0.004883,"3.6":0.029298,"4":0.004883,"5":0.004883,"6":0.009766,"7":0,"8":0,"9":0.004883,"10":0.004883,"11":0.068362,"12":0.024415,"13":0.073245,"14":0.024415,"15":0.009766,"16":0.004883,"17":0.361342,"18":0.019532,"19":0.014649,"20":0.004883,"21":0.190437,"22":0.004883,"23":0.024415,"24":0.849642,"25":0.004883,"26":0,"27":0.014649,"28":0.004883,"29":0.068362,"30":0.029298,"31":0.014649,"32":0.039064,"33":0.190437,"34":0.058596,"35":0.161139,"36":0.107426,"37":0.09766,"38":0.478534,"39":0.307629,"40":0.737333,"41":0.190437,"42":0.351576,"43":5.444545,"44":1.142622,"45":0.019532,"46":0.024415,"47":0},"chrome":{"4":0,"5":0,"6":0,"7":0.004883,"8":0,"9":0,"10":0,"11":0.009766,"12":0.058596,"13":0.014649,"14":0.004883,"15":0.004883,"16":0.004883,"17":0,"18":0.004883,"19":0.004883,"20":0.014649,"21":0,"22":0.014649,"23":0.004883,"24":0.004883,"25":0.073245,"26":0.019532,"27":0.009766,"28":0.063479,"29":0.009766,"30":0.019532,"31":0.205086,"32":0.039064,"33":0.068362,"34":0.014649,"35":0.034181,"36":0.043947,"37":0.004883,"38":0.024415,"39":0.078128,"40":0.034181,"41":0.043947,"42":0.166022,"43":0.224618,"44":0.087894,"45":0.19532,"46":0.249033,"47":14.497627,"48":1.337942,"49":0.312512,"50":0.004883,"51":0},"opera":{"9":0,"9.5-9.6":0,"10.0-10.1":0,"10.5":0,"10.6":0,"11":0,"11.1":0,"11.5":0,"11.6":0,"12":0,"12.1":0.053713,"15":0.004883,"16":0,"17":0,"18":0,"19":0,"20":0.009766,"21":0,"22":0,"23":0,"24":0,"25":0,"26":0,"27":0,"28":0,"29":0,"30":0.004883,"31":0,"32":0.024415,"33":0.009766,"34":0.532247,"35":0,"36":0},"safari":{"3.1":0,"3.2":0,"4":0,"5":0.053713,"5.1":0.102543,"6":0.004883,"6.1":0.09766,"7":0.078128,"7.1":0.053713,"8":0.253916,"9":1.215867,"9.1":0.004883},"android":{"2.1":0,"2.2":0,"2.3":0.046346575983,"3":0,"4":0.192627956429,"4.1":0.658990377258,"4.2-4.3":1.46715879596,"4.4":2.91983428693,"4.4.3-4.4.4":1.52943700744,"47":null},"ios_saf":{"3.2":0,"4.0-4.1":0,"4.2-4.3":0,"5.0-5.1":0,"6.0-6.1":0,"7.0-7.1":0.233653037499,"8":0.0163860571752,"8.1-8.4":0.667580107139,"9.0-9.2":4.97347179819,"9.3":null},"op_mob":{"10":0,"11":0,"11.1":0,"11.5":0,"12":0.000622745454545,"12.1":0.000622745454545,"0":0.0330055090909},"ie":{"5.5":0,"6":0.112502524986,"7":0.0146742423894,"8":1.53590403676,"9":0.51848989776,"10":0.758169190121,"11":5.57132069385},"bb":{"7":0.10361925,"10":null},"ie_mob":{"10":0.32637,"11":1.438995},"edge":{"12":0.317395,"13":0.512715,"14":0},"and_uc":{"0":11.375091},"op_mini":{"5.0-8.0":8.311576},"and_chr":{"0":22.605446},"and_ff":{"0":0.035819}},"total":98.0563878359}