{"id":"SI","name":"Slovenia","month":"2016-01","access_date":"2016-02-03","data":{"firefox":{"2":0,"3":0.00844,"3.5":0.05064,"3.6":0.01688,"4":0.01688,"5":0.01688,"6":0.01688,"7":0.01688,"8":0.01688,"9":0.01688,"10":0.02532,"11":0.02532,"12":0.02532,"13":0.01688,"14":0.00844,"15":0.00844,"16":0.01688,"17":0.10128,"18":0.01688,"19":0.01688,"20":0.02532,"21":0.01688,"22":0.01688,"23":0.01688,"24":0.02532,"25":0.02532,"26":0.03376,"27":0.01688,"28":0.05064,"29":0.02532,"30":0.0422,"31":0.10128,"32":0.05908,"33":0.07596,"34":0.05064,"35":0.0844,"36":0.05908,"37":0.10972,"38":1.33352,"39":0.17724,"40":0.18568,"41":0.28696,"42":0.37136,"43":17.69024,"44":0.91152,"45":0.02532,"46":0.01688,"47":0},"chrome":{"4":0,"5":0,"6":0,"7":0,"8":0,"9":0.01688,"10":0.01688,"11":0.05064,"12":0.01688,"13":0,"14":0.01688,"15":0.01688,"16":0.01688,"17":0,"18":0.00844,"19":0.00844,"20":0.00844,"21":0.01688,"22":0.0422,"23":0.01688,"24":0.01688,"25":0.01688,"26":0.03376,"27":0.00844,"28":0.00844,"29":0.0422,"30":0.01688,"31":0.07596,"32":0.01688,"33":0.05064,"34":0.0844,"35":0.0844,"36":0.07596,"37":0.06752,"38":0.05908,"39":0.15192,"40":0.05908,"41":0.05064,"42":0.0844,"43":0.20256,"44":0.23632,"45":0.34604,"46":0.45576,"47":34.80656,"48":3.51104,"49":0.18568,"50":0.02532,"51":0},"opera":{"9":0,"9.5-9.6":0,"10.0-10.1":0,"10.5":0,"10.6":0,"11":0,"11.1":0,"11.5":0,"11.6":0.00844,"12":0.00844,"12.1":0.1688,"15":0,"16":0,"17":0,"18":0,"19":0,"20":0,"21":0,"22":0,"23":0,"24":0,"25":0,"26":0,"27":0,"28":0.00844,"29":0.00844,"30":0,"31":0.00844,"32":0.00844,"33":0.01688,"34":0.98748,"35":0.01688,"36":0.00844},"safari":{"3.1":0,"3.2":0,"4":0.00844,"5":0.0422,"5.1":0.1266,"6":0.01688,"6.1":0.15192,"7":0.1688,"7.1":0.0422,"8":0.31228,"9":1.65424,"9.1":0.00844},"android":{"2.1":0,"2.2":0,"2.3":0.0205496450584,"3":0,"4":0.0854094622742,"4.1":0.292190265675,"4.2-4.3":0.650524701382,"4.4":1.29462763868,"4.4.3-4.4.4":0.678138286929,"47":null},"ios_saf":{"3.2":0,"4.0-4.1":0,"4.2-4.3":0,"5.0-5.1":0,"6.0-6.1":0,"7.0-7.1":0.199516225404,"8":0.0139920469764,"8.1-8.4":0.570046358298,"9.0-9.2":4.24684536932,"9.3":null},"op_mob":{"10":0,"11":0,"11.1":0,"11.5":0,"12":1.32699912946e-5,"12.1":1.32699912946e-5,"0":0.000703309538615},"ie":{"5.5":0,"6":0.0339557912179,"7":0.0254668434134,"8":0.551781607291,"9":0.577248450704,"10":0.636671085336,"11":8.41254727423},"bb":{"7":0.00741,"10":null},"ie_mob":{"10":0.0963267226891,"11":0.424713277311},"edge":{"12":0.41356,"13":1.0972,"14":0},"and_uc":{"0":0.04992},"op_mini":{"5.0-8.0":0.177110150479},"and_chr":{"0":11.23316},"and_ff":{"0":0.0234}},"total":98.8941610522}