{"id":"SM","name":"San Marino","month":"2016-01","access_date":"2016-02-03","data":{"firefox":{"2":0,"3":0,"3.5":0,"3.6":0.035068,"4":0,"5":0,"6":0.008767,"7":0,"8":0,"9":0,"10":0,"11":0,"12":3.348994,"13":0,"14":0,"15":0,"16":0.052602,"17":0,"18":0.017534,"19":0,"20":0.035068,"21":0.008767,"22":0,"23":0,"24":0,"25":0,"26":0.008767,"27":0.008767,"28":0,"29":0,"30":0.008767,"31":0,"32":0.017534,"33":0.035068,"34":0.017534,"35":0.140272,"36":0.035068,"37":0.08767,"38":0.105204,"39":0.070136,"40":0.131505,"41":0.166573,"42":0.236709,"43":16.736203,"44":0.578622,"45":0.052602,"46":0.035068,"47":0},"chrome":{"4":0,"5":0,"6":0,"7":0,"8":0,"9":0,"10":0.008767,"11":0.026301,"12":0,"13":0,"14":0,"15":0,"16":0,"17":0,"18":0,"19":0,"20":0,"21":0,"22":0.113971,"23":0,"24":0,"25":0.113971,"26":0.078903,"27":0,"28":0,"29":0.008767,"30":0,"31":0.008767,"32":0.008767,"33":0.017534,"34":0.157806,"35":0.078903,"36":0.070136,"37":0.008767,"38":0,"39":0.113971,"40":0.008767,"41":0.096437,"42":0.043835,"43":0.078903,"44":0.078903,"45":0.184107,"46":0.271777,"47":34.121164,"48":3.524334,"49":0.17534,"50":0.078903,"51":0},"opera":{"9":0,"9.5-9.6":0,"10.0-10.1":0,"10.5":0,"10.6":0,"11":0,"11.1":0,"11.5":0,"11.6":0,"12":0,"12.1":0,"15":0,"16":0,"17":0,"18":0,"19":0,"20":0.008767,"21":0,"22":0,"23":0,"24":0,"25":0,"26":0,"27":0,"28":0,"29":0,"30":0,"31":0,"32":0.026301,"33":0,"34":0.429583,"35":0.008767,"36":0},"safari":{"3.1":0,"3.2":0,"4":0.026301,"5":0.219175,"5.1":0.631224,"6":0.08767,"6.1":1.069574,"7":0.026301,"7.1":0.096437,"8":0.859166,"9":4.99719,"9.1":0},"android":{"2.1":0,"2.2":0,"2.3":0.0104299324123,"3":0,"4":0.0433494065887,"4.1":0.148300601488,"4.2-4.3":0.330172547928,"4.4":0.657085741977,"4.4.3-4.4.4":0.344187769607,"47":null},"ios_saf":{"3.2":0,"4.0-4.1":0,"4.2-4.3":0,"5.0-5.1":0,"6.0-6.1":0,"7.0-7.1":0.353041827032,"8":0.0247587774802,"8.1-8.4":1.00869093438,"9.0-9.2":7.51474746111,"9.3":null},"op_mob":{"10":0,"11":0,"11.1":0,"11.5":0,"12":1.196045268e-6,"12.1":1.196045268e-6,"0":6.33903992041e-5},"ie":{"5.5":0,"6":0,"7":0.017534,"8":1.166011,"9":0.534787,"10":0.403282,"11":7.504552},"bb":{"7":0.018495,"10":null},"ie_mob":{"10":0.0692966722689,"11":0.305535327731},"edge":{"12":0.289311,"13":0.903001,"14":0},"and_uc":{"0":0},"op_mini":{"5.0-8.0":0.0159632175103},"and_chr":{"0":6.580304},"and_ff":{"0":0.03699}},"total":98.223019}