{"id":"SO","name":"Somalia","month":"2016-01","access_date":"2016-02-03","data":{"firefox":{"2":0,"3":0.047792,"3.5":0.001648,"3.6":0.011536,"4":0.004944,"5":0.003296,"6":0.001648,"7":0.001648,"8":0.001648,"9":0.001648,"10":0.006592,"11":0.0412,"12":0.02472,"13":0.013184,"14":0.003296,"15":0.006592,"16":0.004944,"17":0.003296,"18":0.003296,"19":0.0412,"20":0.001648,"21":0.013184,"22":0.003296,"23":0.018128,"24":0.003296,"25":0.018128,"26":0.018128,"27":0.001648,"28":0.004944,"29":0.079104,"30":0.019776,"31":0.01648,"32":0.009888,"33":0.011536,"34":0.009888,"35":0.021424,"36":0.0412,"37":0.047792,"38":0.0412,"39":0.067568,"40":0.029664,"41":0.039552,"42":0.088992,"43":1.377728,"44":0.408704,"45":0.006592,"46":0,"47":0},"chrome":{"4":0,"5":0.001648,"6":0,"7":0.011536,"8":0.009888,"9":0.062624,"10":0.00824,"11":0.019776,"12":0.009888,"13":0.011536,"14":0.00824,"15":0,"16":0.004944,"17":0,"18":0.003296,"19":0,"20":0.004944,"21":0.006592,"22":0,"23":0.006592,"24":0.001648,"25":0.006592,"26":0.051088,"27":0.001648,"28":0.004944,"29":0.004944,"30":0.011536,"31":0.023072,"32":0.004944,"33":0.135136,"34":0.006592,"35":0.00824,"36":0.00824,"37":0.004944,"38":0.0824,"39":0.026368,"40":0.029664,"41":0.026368,"42":0.067568,"43":1.440352,"44":0.088992,"45":0.146672,"46":0.092288,"47":6.053104,"48":0.68392,"49":0.224128,"50":0.009888,"51":0},"opera":{"9":0,"9.5-9.6":0,"10.0-10.1":0,"10.5":0,"10.6":0.003296,"11":0.001648,"11.1":0,"11.5":0.001648,"11.6":0.00824,"12":0.003296,"12.1":0.011536,"15":0,"16":0.001648,"17":0.001648,"18":0,"19":0,"20":0,"21":0.00824,"22":0,"23":0,"24":0,"25":0,"26":0,"27":0,"28":0.004944,"29":0.004944,"30":0.001648,"31":0,"32":0.014832,"33":0.003296,"34":0.42024,"35":0.001648,"36":0},"safari":{"3.1":0,"3.2":0,"4":0,"5":0,"5.1":0.006592,"6":0.001648,"6.1":0.004944,"7":0.00824,"7.1":0.006592,"8":0.02472,"9":0.09888,"9.1":0},"android":{"2.1":0,"2.2":0,"2.3":0.0649465198725,"3":0,"4":0.26993397322,"4.1":0.923458329437,"4.2-4.3":2.05596326971,"4.4":4.09163075197,"4.4.3-4.4.4":2.14323515579,"47":null},"ios_saf":{"3.2":0,"4.0-4.1":0,"4.2-4.3":0,"5.0-5.1":0,"6.0-6.1":0,"7.0-7.1":0.0417181827547,"8":0.00292569073864,"8.1-8.4":0.119194807871,"9.0-9.2":0.888001318636,"9.3":null},"op_mob":{"10":0,"11":0,"11.1":0,"11.5":0,"12":0.0028873137172,"12.1":0.0028873137172,"0":0.153027627012},"ie":{"5.5":0,"6":0.00165047819549,"7":0,"8":0.174950688722,"9":0.0429124330827,"10":0.204659296241,"11":0.668443669173},"bb":{"7":0.012528,"10":null},"ie_mob":{"10":0.0880118319328,"11":0.388052168067},"edge":{"12":0.062624,"13":0.056032,"14":0},"and_uc":{"0":22.283136},"op_mini":{"5.0-8.0":38.5360137456},"and_chr":{"0":12.296752},"and_ff":{"0":0.016704}},"total":98.2752885654}