{"id":"SR","name":"Suriname","month":"2016-01","access_date":"2016-02-03","data":{"firefox":{"2":0,"3":0.005139,"3.5":0,"3.6":0.005139,"4":0.005139,"5":0,"6":0.005139,"7":0,"8":0,"9":0,"10":0.005139,"11":0.005139,"12":0,"13":0.005139,"14":0,"15":0.015417,"16":0.005139,"17":0,"18":0,"19":0.015417,"20":0.010278,"21":0.005139,"22":0,"23":0.005139,"24":0,"25":0.005139,"26":0,"27":0,"28":0.010278,"29":0.020556,"30":0.005139,"31":0.005139,"32":0.005139,"33":0.025695,"34":0.010278,"35":0.030834,"36":0.041112,"37":0.020556,"38":0.046251,"39":0.082224,"40":0.041112,"41":0.077085,"42":0.210699,"43":4.532598,"44":0.483066,"45":0.010278,"46":0.010278,"47":0.010278},"chrome":{"4":0,"5":0,"6":0,"7":0,"8":0,"9":0,"10":0,"11":0.097641,"12":0.005139,"13":0,"14":0,"15":0,"16":0.010278,"17":0,"18":0.015417,"19":0,"20":0.005139,"21":0.025695,"22":0.128475,"23":0.010278,"24":0.005139,"25":0.010278,"26":0.025695,"27":0.015417,"28":0.041112,"29":0.005139,"30":0.010278,"31":0.143892,"32":0.010278,"33":0.025695,"34":0.066807,"35":0.015417,"36":0.035973,"37":0.020556,"38":0.030834,"39":0.071946,"40":0.056529,"41":0.015417,"42":0.128475,"43":0.138753,"44":0.143892,"45":0.421398,"46":0.287784,"47":20.735865,"48":1.973376,"49":0.092502,"50":0.015417,"51":0},"opera":{"9":0,"9.5-9.6":0,"10.0-10.1":0,"10.5":0,"10.6":0,"11":0,"11.1":0,"11.5":0,"11.6":0.005139,"12":0,"12.1":0.056529,"15":0,"16":0,"17":0,"18":0,"19":0,"20":0.025695,"21":0,"22":0,"23":0,"24":0,"25":0,"26":0,"27":0.071946,"28":0,"29":0.210699,"30":0.015417,"31":0.010278,"32":0.020556,"33":0.041112,"34":0.847935,"35":0.010278,"36":0},"safari":{"3.1":0,"3.2":0,"4":0,"5":0.005139,"5.1":0.030834,"6":0.005139,"6.1":0.025695,"7":0.015417,"7.1":0.05139,"8":0.15417,"9":0.539595,"9.1":0},"android":{"2.1":0,"2.2":0,"2.3":0.101421480128,"3":0,"4":0.42153302678,"4.1":1.44208667056,"4.2-4.3":3.21062373029,"4.4":6.38955324803,"4.4.3-4.4.4":3.34690884421,"47":null},"ios_saf":{"3.2":0,"4.0-4.1":0,"4.2-4.3":0,"5.0-5.1":0,"6.0-6.1":0,"7.0-7.1":0.266438879159,"8":0.018685323993,"8.1-8.4":0.761253940455,"9.0-9.2":5.67134185639,"9.3":null},"op_mob":{"10":0,"11":0,"11.1":0,"11.5":0,"12":0.000153066185798,"12.1":0.000153066185798,"0":0.00811250784728},"ie":{"5.5":0,"6":0.0154258705409,"7":0.0102839136939,"8":0.663312433257,"9":0.375362849827,"10":0.832997009206,"11":7.02391305293},"bb":{"7":0.61613175,"10":null},"ie_mob":{"10":0.112334033613,"11":0.495290966387},"edge":{"12":0.544734,"13":0.56529,"14":0},"and_uc":{"0":1.793709},"op_mini":{"5.0-8.0":2.04292335978},"and_chr":{"0":27.537852},"and_ff":{"0":0.034027}},"total":97.0629778795}