{"id":"SV","name":"El Salvador","month":"2016-01","access_date":"2016-02-03","data":{"firefox":{"2":0.00589,"3":0.11191,"3.5":0.04123,"3.6":0.02945,"4":0.01178,"5":0,"6":0.01178,"7":0.00589,"8":0.01178,"9":0.01178,"10":0.02356,"11":0.01767,"12":0.02945,"13":0.01767,"14":0.00589,"15":0.01178,"16":0.01767,"17":0.01767,"18":0.01178,"19":0.01178,"20":0.02356,"21":0.0589,"22":0.01767,"23":0.01767,"24":0.04123,"25":0.01178,"26":0.02356,"27":0.02356,"28":0.02945,"29":0.02356,"30":0.03534,"31":0.07068,"32":0.03534,"33":0.05301,"34":0.0589,"35":0.06479,"36":0.0589,"37":0.10602,"38":0.14136,"39":0.14725,"40":0.24149,"41":0.61845,"42":0.46531,"43":6.80884,"44":0.24738,"45":0.00589,"46":0,"47":0},"chrome":{"4":0,"5":0,"6":0.00589,"7":0,"8":0,"9":0,"10":0,"11":0.02945,"12":0.00589,"13":0,"14":0,"15":0,"16":0,"17":0.00589,"18":0.00589,"19":0,"20":0.00589,"21":0.01178,"22":0.04123,"23":0,"24":0.01178,"25":0.00589,"26":0.03534,"27":0.02356,"28":0.01767,"29":0.02356,"30":0.01767,"31":0.06479,"32":0.04123,"33":0.03534,"34":0.04712,"35":0.0589,"36":0.07068,"37":0.07657,"38":0.08835,"39":0.12958,"40":0.08246,"41":0.13547,"42":0.10602,"43":0.26505,"44":0.25916,"45":0.27683,"46":0.48298,"47":29.50301,"48":2.00849,"49":0.04712,"50":0,"51":0},"opera":{"9":0,"9.5-9.6":0,"10.0-10.1":0,"10.5":0,"10.6":0,"11":0,"11.1":0,"11.5":0,"11.6":0.00589,"12":0.01178,"12.1":0.02945,"15":0,"16":0,"17":0,"18":0,"19":0,"20":0,"21":0,"22":0,"23":0,"24":0,"25":0,"26":0,"27":0,"28":0.0589,"29":0.01178,"30":0.01178,"31":0.01178,"32":0.01178,"33":0.01767,"34":0.79515,"35":0.01178,"36":0},"safari":{"3.1":0,"3.2":0,"4":0.01178,"5":0.05301,"5.1":0.06479,"6":0.02945,"6.1":0.02945,"7":0.03534,"7.1":0.03534,"8":0.25327,"9":0.8246,"9.1":0},"android":{"2.1":0,"2.2":0,"2.3":0.0700460616366,"3":0,"4":0.291128943677,"4.1":0.995967438895,"4.2-4.3":2.21739563868,"4.4":4.4129018831,"4.4.3-4.4.4":2.31152003401,"47":null},"ios_saf":{"3.2":0,"4.0-4.1":0,"4.2-4.3":0,"5.0-5.1":0,"6.0-6.1":0,"7.0-7.1":0.208437024827,"8":0.0146176614814,"8.1-8.4":0.59553435665,"9.0-9.2":4.43673095704,"9.3":null},"op_mob":{"10":0,"11":0,"11.1":0,"11.5":0,"12":0.000256996393483,"12.1":0.000256996393483,"0":0.0136208088546},"ie":{"5.5":0,"6":0.0177685774059,"7":0.0236914365411,"8":0.805508842399,"9":0.479751589958,"10":0.538980181311,"11":2.33952935844},"bb":{"7":0.1263825,"10":null},"ie_mob":{"10":0.186158823529,"11":0.820791176471},"edge":{"12":0.24149,"13":0.27683,"14":0},"and_uc":{"0":1.85361},"op_mini":{"5.0-8.0":3.43004519836},"and_chr":{"0":25.81504},"and_ff":{"0":0.04521}},"total":98.7468024861}