{"id":"SY","name":"Syrian Arab Republic","month":"2016-01","access_date":"2016-02-03","data":{"firefox":{"2":0.06066,"3":0.106155,"3.5":0.009099,"3.6":0.072792,"4":0.027297,"5":0.018198,"6":0.021231,"7":0.006066,"8":0.015165,"9":0.006066,"10":0.042462,"11":0.027297,"12":0.045495,"13":0.024264,"14":0.021231,"15":0.036396,"16":0.021231,"17":0.018198,"18":0.018198,"19":0.018198,"20":0.018198,"21":0.027297,"22":0.009099,"23":0.012132,"24":0.018198,"25":0.021231,"26":0.048528,"27":0.039429,"28":0.027297,"29":0.069759,"30":0.084924,"31":0.066726,"32":0.087957,"33":0.051561,"34":0.12132,"35":0.12132,"36":0.172881,"37":0.112221,"38":0.279036,"39":0.251739,"40":0.18198,"41":0.351828,"42":0.415521,"43":5.286519,"44":0.412488,"45":0.015165,"46":0.009099,"47":0},"chrome":{"4":0.003033,"5":0.009099,"6":0.009099,"7":0.003033,"8":0.015165,"9":0.003033,"10":0.009099,"11":0.075825,"12":0.015165,"13":0.006066,"14":0.006066,"15":0.027297,"16":0,"17":0,"18":0.003033,"19":0.003033,"20":0.003033,"21":0.003033,"22":0.009099,"23":0.012132,"24":0.006066,"25":0.012132,"26":0.015165,"27":0.012132,"28":0.015165,"29":0.03033,"30":0.054594,"31":0.09099,"32":0.024264,"33":0.15165,"34":0.021231,"35":0.024264,"36":0.051561,"37":0.024264,"38":0.069759,"39":0.103122,"40":0.100089,"41":0.054594,"42":0.142551,"43":0.937197,"44":0.467082,"45":0.36396,"46":0.412488,"47":8.725941,"48":0.894735,"49":0.084924,"50":0.003033,"51":0},"opera":{"9":0,"9.5-9.6":0,"10.0-10.1":0.003033,"10.5":0,"10.6":0,"11":0.003033,"11.1":0,"11.5":0.006066,"11.6":0.012132,"12":0.003033,"12.1":0.057627,"15":0,"16":0,"17":0,"18":0.003033,"19":0.003033,"20":0.003033,"21":0.003033,"22":0,"23":0,"24":0,"25":0,"26":0.003033,"27":0.003033,"28":0.006066,"29":0.012132,"30":0.006066,"31":0.006066,"32":0.006066,"33":0.024264,"34":0.360927,"35":0.006066,"36":0},"safari":{"3.1":0,"3.2":0,"4":0.018198,"5":0.006066,"5.1":0.018198,"6":0,"6.1":0.009099,"7":0.018198,"7.1":0.003033,"8":0.018198,"9":0.039429,"9.1":0},"android":{"2.1":0,"2.2":0,"2.3":0.130276543252,"3":0,"4":0.541461882891,"4.1":1.85236959936,"4.2-4.3":4.12406682232,"4.4":8.20742222487,"4.4.3-4.4.4":4.29912592731,"47":null},"ios_saf":{"3.2":0,"4.0-4.1":0,"4.2-4.3":0,"5.0-5.1":0,"6.0-6.1":0,"7.0-7.1":0.132071261461,"8":0.00926214041413,"8.1-8.4":0.377346461317,"9.0-9.2":2.81123113681,"9.3":null},"op_mob":{"10":0,"11":0,"11.1":0,"11.5":0,"12":0.000793307449322,"12.1":0.000793307449322,"0":0.0420452948141},"ie":{"5.5":0,"6":0.0488585722071,"7":0.0152683038147,"8":0.751200547684,"9":0.216809914169,"10":0.164897681199,"11":0.992439747956},"bb":{"7":0.00870875,"10":null},"ie_mob":{"10":0.0334884369748,"11":0.147653563025},"edge":{"12":0.130419,"13":0.06066,"14":0},"and_uc":{"0":10.471401},"op_mini":{"5.0-8.0":10.5880100903},"and_chr":{"0":28.363195},"and_ff":{"0":0.215977}},"total":97.436225517}