{"id":"TD","name":"Chad","month":"2016-01","access_date":"2016-02-03","data":{"firefox":{"2":0.000285,"3":0.082935,"3.5":0.00057,"3.6":0.00456,"4":0.007695,"5":0.00057,"6":0.00114,"7":0.00057,"8":0,"9":0.009405,"10":0.025365,"11":0.00057,"12":0.00228,"13":0,"14":0.00171,"15":0.00057,"16":0.000855,"17":0.00114,"18":0.000285,"19":0.012255,"20":0.00114,"21":0.00171,"22":0.00114,"23":0.000285,"24":0,"25":0.00171,"26":0,"27":0.000285,"28":0,"29":0.002565,"30":0.00342,"31":0.005415,"32":0.003135,"33":0.00513,"34":0.003135,"35":0.003135,"36":0.010545,"37":0.00684,"38":0.00855,"39":0.00342,"40":0.00741,"41":0.007125,"42":0.021375,"43":0.22686,"44":0.0114,"45":0.000285,"46":0,"47":0},"chrome":{"4":0,"5":0,"6":0,"7":0,"8":0,"9":0.00057,"10":0.002565,"11":0.00513,"12":0.000285,"13":0,"14":0,"15":0,"16":0,"17":0,"18":0,"19":0.000285,"20":0,"21":0.585675,"22":0,"23":0,"24":0,"25":0.000285,"26":0.008835,"27":0.000285,"28":0.00228,"29":0.00057,"30":0,"31":0.00399,"32":0.000855,"33":0.00342,"34":0.000285,"35":0.00057,"36":0.00057,"37":0.000285,"38":0.001425,"39":0.004845,"40":0.00342,"41":0.00057,"42":0.00684,"43":0,"44":0.00285,"45":0.02622,"46":0.00342,"47":0.270465,"48":0.02451,"49":0.009975,"50":0,"51":0},"opera":{"9":0,"9.5-9.6":0,"10.0-10.1":0,"10.5":0,"10.6":0.000855,"11":0.000855,"11.1":0,"11.5":0,"11.6":0.000285,"12":0.004845,"12.1":0.00285,"15":0,"16":0,"17":0,"18":0.000855,"19":0.0057,"20":0.00057,"21":0,"22":0.00057,"23":0,"24":0,"25":0,"26":0.00057,"27":0.000285,"28":0.00057,"29":0.00057,"30":0.00114,"31":0,"32":0,"33":0.00456,"34":0.03021,"35":0.000285,"36":0},"safari":{"3.1":0,"3.2":0,"4":0,"5":0,"5.1":0.000855,"6":0,"6.1":0.010545,"7":0.00627,"7.1":0.00228,"8":0.004845,"9":0.087495,"9.1":0},"android":{"2.1":0,"2.2":0,"2.3":0.0136511795962,"3":0,"4":0.0567377151966,"4.1":0.194102709883,"4.2-4.3":0.432145154091,"4.4":0.860024314559,"4.4.3-4.4.4":0.450488926674,"47":null},"ios_saf":{"3.2":0,"4.0-4.1":0,"4.2-4.3":0,"5.0-5.1":0,"6.0-6.1":0,"7.0-7.1":0.0412848743175,"8":0.00289530287421,"8.1-8.4":0.117956783764,"9.0-9.2":0.878778039044,"9.3":null},"op_mob":{"10":0,"11":0,"11.1":0,"11.5":0,"12":0.00610084118891,"12.1":0.00610084118891,"0":0.323344583012},"ie":{"5.5":0,"6":0,"7":0,"8":0.0185785404624,"9":0.00943218208092,"10":0.0134337138728,"11":0.0534490317919},"bb":{"7":0.04128875,"10":null},"ie_mob":{"10":0.0377170588235,"11":0.166297941176},"edge":{"12":0.00456,"13":0.00114,"14":0},"and_uc":{"0":7.36397},"op_mini":{"5.0-8.0":81.4258937346},"and_chr":{"0":3.912415},"and_ff":{"0":0.03886}},"total":98.0985672182}