{"id":"TH","name":"Thailand","month":"2016-01","access_date":"2016-02-03","data":{"firefox":{"2":0,"3":0.00527,"3.5":0.00527,"3.6":0.02108,"4":0.00527,"5":0.00527,"6":0.01581,"7":0.01054,"8":0.00527,"9":0.00527,"10":0.00527,"11":0.00527,"12":0.02108,"13":0.00527,"14":0.01054,"15":0.00527,"16":0.01581,"17":0.00527,"18":0.00527,"19":0.00527,"20":0.00527,"21":0.01054,"22":0.00527,"23":0.00527,"24":0.02108,"25":0.01581,"26":0.02108,"27":0.01581,"28":0.01054,"29":0.02108,"30":0.02635,"31":0.02108,"32":0.01581,"33":0.02635,"34":0.02108,"35":0.02635,"36":0.03689,"37":0.03689,"38":0.07378,"39":0.08432,"40":0.0527,"41":0.07905,"42":0.15283,"43":3.34118,"44":0.27931,"45":0.01054,"46":0.00527,"47":0},"chrome":{"4":0.00527,"5":0,"6":0.00527,"7":0.00527,"8":0.00527,"9":0.00527,"10":0.03689,"11":0.04743,"12":0.06324,"13":0.02635,"14":0.00527,"15":0.01581,"16":0.00527,"17":0.01054,"18":0.00527,"19":0,"20":0.00527,"21":0.01581,"22":0.03162,"23":0.00527,"24":0.00527,"25":0.01054,"26":0.02635,"27":0.01581,"28":0.01054,"29":0.01581,"30":0.01581,"31":0.0527,"32":0.01581,"33":0.12121,"34":0.04216,"35":0.05797,"36":0.0527,"37":0.0527,"38":0.1054,"39":0.11594,"40":0.14756,"41":0.06324,"42":0.08959,"43":2.4242,"44":0.33728,"45":0.45322,"46":0.76942,"47":24.28943,"48":2.38731,"49":0.19499,"50":0.01054,"51":0},"opera":{"9":0,"9.5-9.6":0,"10.0-10.1":0,"10.5":0,"10.6":0,"11":0,"11.1":0,"11.5":0,"11.6":0,"12":0.00527,"12.1":0.01054,"15":0,"16":0,"17":0,"18":0,"19":0,"20":0,"21":0,"22":0,"23":0,"24":0,"25":0,"26":0,"27":0,"28":0.01581,"29":0.00527,"30":0.00527,"31":0.00527,"32":0.00527,"33":0.00527,"34":0.36363,"35":0.00527,"36":0},"safari":{"3.1":0,"3.2":0,"4":0.01054,"5":0.02108,"5.1":0.04743,"6":0.01581,"6.1":0.03162,"7":0.04216,"7.1":0.02635,"8":0.18445,"9":0.71145,"9.1":0},"android":{"2.1":0,"2.2":0,"2.3":0.0546260743889,"3":0,"4":0.227039621679,"4.1":0.776714495218,"4.2-4.3":1.72925666738,"4.4":3.4414426865,"4.4.3-4.4.4":1.80266045484,"47":null},"ios_saf":{"3.2":0,"4.0-4.1":0,"4.2-4.3":0,"5.0-5.1":0,"6.0-6.1":0,"7.0-7.1":0.64236419079,"8":0.0450489172762,"8.1-8.4":1.8353262594,"9.0-9.2":13.6731806325,"9.3":null},"op_mob":{"10":0,"11":0,"11.1":0,"11.5":0,"12":3.95294117647e-5,"12.1":3.95294117647e-5,"0":0.00209505882353},"ie":{"5.5":0,"6":0.0106813902439,"7":0.0213627804878,"8":0.923940256098,"9":0.715653146341,"10":0.475321865854,"11":2.22706986585},"bb":{"7":0.00473,"10":null},"ie_mob":{"10":0.123297983193,"11":0.543632016807},"edge":{"12":0.09486,"13":0.16337,"14":0},"and_uc":{"0":0.71423},"op_mini":{"5.0-8.0":0.527585882353},"and_chr":{"0":30.0858},"and_ff":{"0":0.02365}},"total":99.1715693049}