{"id":"TN","name":"Tunisia","month":"2016-01","access_date":"2016-02-03","data":{"firefox":{"2":0.007208,"3":0.07208,"3.5":0.03604,"3.6":0.064872,"4":0.021624,"5":0.007208,"6":0.014416,"7":0.007208,"8":0.014416,"9":0.007208,"10":0.014416,"11":0.014416,"12":0.057664,"13":0.021624,"14":0.021624,"15":0.028832,"16":0.028832,"17":0.021624,"18":0.021624,"19":0.014416,"20":0.014416,"21":0.014416,"22":0.007208,"23":0.007208,"24":0.021624,"25":0.007208,"26":0.014416,"27":0.014416,"28":0.014416,"29":0.021624,"30":0.021624,"31":0.028832,"32":0.021624,"33":0.028832,"34":0.043248,"35":0.050456,"36":0.03604,"37":0.07208,"38":0.100912,"39":0.122536,"40":0.093704,"41":0.14416,"42":0.245072,"43":5.860104,"44":0.28832,"45":0.014416,"46":0.007208,"47":0},"chrome":{"4":0.021624,"5":0.014416,"6":0.028832,"7":0.028832,"8":0.050456,"9":0.014416,"10":0.050456,"11":0.093704,"12":0.043248,"13":0.028832,"14":0.028832,"15":0.03604,"16":0.028832,"17":0.007208,"18":0.021624,"19":0.007208,"20":0.014416,"21":0.021624,"22":0.021624,"23":0.028832,"24":0.014416,"25":0.028832,"26":0.03604,"27":0.03604,"28":0.028832,"29":0.064872,"30":0.064872,"31":0.086496,"32":0.03604,"33":0.100912,"34":0.064872,"35":0.064872,"36":0.093704,"37":0.07208,"38":0.129744,"39":0.158576,"40":0.151368,"41":0.100912,"42":0.266696,"43":0.75684,"44":0.511768,"45":0.663136,"46":0.742424,"47":43.002928,"48":4.25272,"49":0.122536,"50":0.007208,"51":0},"opera":{"9":0,"9.5-9.6":0,"10.0-10.1":0,"10.5":0,"10.6":0,"11":0,"11.1":0,"11.5":0,"11.6":0.007208,"12":0,"12.1":0.028832,"15":0,"16":0,"17":0,"18":0,"19":0,"20":0,"21":0,"22":0.007208,"23":0,"24":0,"25":0,"26":0.007208,"27":0,"28":0.021624,"29":0.007208,"30":0.021624,"31":0.014416,"32":0.014416,"33":0.03604,"34":1.355104,"35":0.007208,"36":0},"safari":{"3.1":0,"3.2":0,"4":0.03604,"5":0.028832,"5.1":0.079288,"6":0.014416,"6.1":0.028832,"7":0.043248,"7.1":0.014416,"8":0.10812,"9":0.266696,"9.1":0},"android":{"2.1":0,"2.2":0,"2.3":0.046676607864,"3":0,"4":0.193999651435,"4.1":0.663683018066,"4.2-4.3":1.47760636769,"4.4":2.94062629543,"4.4.3-4.4.4":1.54032805951,"47":null},"ios_saf":{"3.2":0,"4.0-4.1":0,"4.2-4.3":0,"5.0-5.1":0,"6.0-6.1":0,"7.0-7.1":0.1484441331,"8":0.0104103677758,"8.1-8.4":0.424126094571,"9.0-9.2":3.15973940455,"9.3":null},"op_mob":{"10":0,"11":0,"11.1":0,"11.5":0,"12":0.000271456982962,"12.1":0.000271456982962,"0":0.014387220097},"ie":{"5.5":0,"6":0.0312026311111,"7":0.0390032888889,"8":1.06869011556,"9":0.390032888889,"10":0.312026311111,"11":1.66154010667},"bb":{"7":0.029316,"10":null},"ie_mob":{"10":0.228662453782,"11":1.00819354622},"edge":{"12":0.100912,"13":0.14416,"14":0},"and_uc":{"0":0.96324},"op_mini":{"5.0-8.0":3.62304586594},"and_chr":{"0":15.16164},"and_ff":{"0":0.242904}},"total":97.8373873422}