{"id":"TO","name":"Tonga","month":"2016-01","access_date":"2016-02-03","data":{"firefox":{"2":0,"3":0.05253,"3.5":0,"3.6":0,"4":0.005253,"5":0.005253,"6":0.021012,"7":0,"8":0,"9":0.005253,"10":0,"11":0,"12":0.15759,"13":0.10506,"14":0.015759,"15":0.015759,"16":0.010506,"17":0.010506,"18":0.031518,"19":0,"20":0,"21":0.031518,"22":0,"23":0,"24":0,"25":0.010506,"26":0.031518,"27":0.010506,"28":0,"29":0,"30":0.021012,"31":0.199614,"32":0.021012,"33":0.015759,"34":0.005253,"35":0.094554,"36":0.063036,"37":0.094554,"38":0.982311,"39":0.168096,"40":0.562071,"41":0.215373,"42":0.378216,"43":6.771117,"44":2.537199,"45":0.068289,"46":0,"47":0},"chrome":{"4":0,"5":0,"6":0,"7":0,"8":0,"9":0,"10":0,"11":0.010506,"12":0,"13":0,"14":0,"15":0,"16":0,"17":0,"18":0,"19":0,"20":0.005253,"21":0,"22":0,"23":0,"24":0,"25":0,"26":0.026265,"27":0.005253,"28":0.005253,"29":0.194361,"30":0,"31":0.047277,"32":0.010506,"33":0.047277,"34":0,"35":0.010506,"36":0.010506,"37":0,"38":0.042024,"39":0.015759,"40":0.015759,"41":0.036771,"42":1.491852,"43":2.815608,"44":0.189108,"45":0.861492,"46":0.136578,"47":15.900831,"48":1.108383,"49":0.021012,"50":0.010506,"51":0},"opera":{"9":0,"9.5-9.6":0,"10.0-10.1":0,"10.5":0,"10.6":0,"11":0,"11.1":0,"11.5":0,"11.6":0,"12":0,"12.1":0.015759,"15":0,"16":0,"17":0,"18":0,"19":0,"20":0,"21":0,"22":0,"23":0,"24":0,"25":0,"26":0,"27":0,"28":0,"29":0,"30":0,"31":0,"32":0,"33":0.010506,"34":0.225879,"35":0,"36":0},"safari":{"3.1":0,"3.2":0,"4":0.015759,"5":0.010506,"5.1":0.010506,"6":0.005253,"6.1":0.199614,"7":0.110313,"7.1":0.36771,"8":0.772191,"9":0.688143,"9.1":0},"android":{"2.1":0,"2.2":0,"2.3":0.0564528493092,"3":0,"4":0.234632154942,"4.1":0.802688951116,"4.2-4.3":1.78708551095,"4.4":3.55652950648,"4.4.3-4.4.4":1.86294402721,"47":null},"ios_saf":{"3.2":0,"4.0-4.1":0,"4.2-4.3":0,"5.0-5.1":0,"6.0-6.1":0,"7.0-7.1":0.345744873287,"8":0.0242470430617,"8.1-8.4":0.987842495107,"9.0-9.2":7.35942658854,"9.3":null},"op_mob":{"10":0,"11":0,"11.1":0,"11.5":0,"12":0.000255739385649,"12.1":0.000255739385649,"0":0.0135541874394},"ie":{"5.5":0,"6":0.010506,"7":0,"8":0.57783,"9":0.330939,"10":0.47277,"11":4.134111},"bb":{"7":0,"10":null},"ie_mob":{"10":0.659952672269,"11":2.90979132773},"edge":{"12":0.567324,"13":0.257397,"14":0},"and_uc":{"0":12.185549},"op_mini":{"5.0-8.0":3.41326833379},"and_chr":{"0":17.279905},"and_ff":{"0":0.004747}},"total":98.004048}