{"id":"TR","name":"Turkey","month":"2016-01","access_date":"2016-02-03","data":{"firefox":{"2":0,"3":0.005265,"3.5":0,"3.6":0.005265,"4":0.005265,"5":0,"6":0.005265,"7":0,"8":0,"9":0,"10":0,"11":0.005265,"12":0.005265,"13":0,"14":0.005265,"15":0.005265,"16":0.005265,"17":0.005265,"18":0.005265,"19":0.005265,"20":0.005265,"21":0.005265,"22":0,"23":0.005265,"24":0.005265,"25":0.005265,"26":0.005265,"27":0.005265,"28":0.005265,"29":0.005265,"30":0.01053,"31":0.01053,"32":0.01053,"33":0.015795,"34":0.02106,"35":0.015795,"36":0.047385,"37":0.026325,"38":0.03159,"39":0.04212,"40":0.036855,"41":0.047385,"42":0.068445,"43":1.658475,"44":0.08424,"45":0.005265,"46":0,"47":0},"chrome":{"4":0.03159,"5":0.01053,"6":0.01053,"7":0.005265,"8":0.005265,"9":0.005265,"10":0.01053,"11":0.057915,"12":0.015795,"13":0.015795,"14":0.01053,"15":0.015795,"16":0.005265,"17":0.005265,"18":0.005265,"19":0.005265,"20":0,"21":0.005265,"22":0.22113,"23":0.01053,"24":0.005265,"25":0.02106,"26":0.089505,"27":0.01053,"28":0.015795,"29":0.02106,"30":0.02106,"31":0.03159,"32":0.015795,"33":0.057915,"34":0.100035,"35":0.06318,"36":0.036855,"37":0.04212,"38":0.08424,"39":0.11583,"40":0.089505,"41":0.08424,"42":0.089505,"43":0.26325,"44":0.405405,"45":0.80028,"46":0.72657,"47":29.52612,"48":2.85363,"49":0.036855,"50":0.005265,"51":0},"opera":{"9":0,"9.5-9.6":0,"10.0-10.1":0,"10.5":0,"10.6":0,"11":0,"11.1":0,"11.5":0,"11.6":0,"12":0.005265,"12.1":0.015795,"15":0,"16":0,"17":0,"18":0,"19":0,"20":0,"21":0,"22":0,"23":0,"24":0,"25":0,"26":0,"27":0,"28":0.01053,"29":0.005265,"30":0.005265,"31":0.005265,"32":0.005265,"33":0.01053,"34":0.352755,"35":0.005265,"36":0},"safari":{"3.1":0,"3.2":0,"4":0.005265,"5":0.005265,"5.1":0.015795,"6":0.005265,"6.1":0.01053,"7":0.005265,"7.1":0.005265,"8":0.047385,"9":0.18954,"9.1":0},"android":{"2.1":0,"2.2":0,"2.3":0.0630895812965,"3":0,"4":0.262216072264,"4.1":0.89705498406,"4.2-4.3":1.99717955792,"4.4":3.97464362168,"4.4.3-4.4.4":2.08195618278,"47":null},"ios_saf":{"3.2":0,"4.0-4.1":0,"4.2-4.3":0,"5.0-5.1":0,"6.0-6.1":0,"7.0-7.1":0.331379816112,"8":0.0232396234676,"8.1-8.4":0.946799474606,"9.0-9.2":7.05365608581,"9.3":null},"op_mob":{"10":0,"11":0,"11.1":0,"11.5":0,"12":6.60697674419e-5,"12.1":6.60697674419e-5,"0":0.00350169767442},"ie":{"5.5":0,"6":0.00529273972603,"7":0.0158782191781,"8":0.582201369863,"9":0.43929739726,"10":0.523981232877,"11":3.44557356164},"bb":{"7":0.0071025,"10":null},"ie_mob":{"10":0.140060504202,"11":0.617539495798},"edge":{"12":0.18954,"13":0.289575,"14":0},"and_uc":{"0":0.175195},"op_mini":{"5.0-8.0":0.881811162791},"and_chr":{"0":33.02752},"and_ff":{"0":0.00947}},"total":97.0038020205}