{"id":"TW","name":"Taiwan","month":"2016-01","access_date":"2016-02-03","data":{"firefox":{"2":0,"3":0.005704,"3.5":0,"3.6":0.005704,"4":0.005704,"5":0,"6":0.005704,"7":0,"8":0,"9":0,"10":0,"11":0.005704,"12":0.005704,"13":0,"14":0.005704,"15":0,"16":0.005704,"17":0.005704,"18":0,"19":0,"20":0.005704,"21":0.045632,"22":0.011408,"23":0.011408,"24":0.011408,"25":0.011408,"26":0.005704,"27":0.005704,"28":0.011408,"29":0.011408,"30":0.005704,"31":0.330832,"32":0.005704,"33":0.017112,"34":0.017112,"35":0.011408,"36":0.02852,"37":0.051336,"38":0.068448,"39":0.039928,"40":0.039928,"41":0.05704,"42":0.096968,"43":2.800664,"44":0.205344,"45":0.005704,"46":0,"47":0},"chrome":{"4":0,"5":0,"6":0,"7":0,"8":0,"9":0,"10":0,"11":0.125488,"12":0,"13":0,"14":0,"15":0,"16":0,"17":0,"18":0.005704,"19":0,"20":0.005704,"21":0.005704,"22":0.005704,"23":0.005704,"24":0.005704,"25":0.005704,"26":0.005704,"27":0.034224,"28":0.017112,"29":0.02852,"30":0.017112,"31":0.233864,"32":0.022816,"33":0.2852,"34":0.02852,"35":0.034224,"36":0.051336,"37":0.034224,"38":0.051336,"39":0.091264,"40":0.045632,"41":0.11408,"42":0.102672,"43":0.216752,"44":0.2852,"45":0.5704,"46":0.68448,"47":25.302944,"48":2.863408,"49":0.079856,"50":0.022816,"51":0},"opera":{"9":0,"9.5-9.6":0,"10.0-10.1":0,"10.5":0,"10.6":0,"11":0,"11.1":0,"11.5":0,"11.6":0.005704,"12":0.011408,"12.1":0.039928,"15":0,"16":0,"17":0,"18":0,"19":0,"20":0,"21":0,"22":0,"23":0,"24":0,"25":0,"26":0,"27":0,"28":0.068448,"29":0,"30":0.005704,"31":0.005704,"32":0.005704,"33":0.011408,"34":0.19964,"35":0.005704,"36":0},"safari":{"3.1":0,"3.2":0,"4":0.017112,"5":0.034224,"5.1":0.045632,"6":0.011408,"6.1":0.045632,"7":0.051336,"7.1":0.02852,"8":0.216752,"9":0.91264,"9.1":0.005704},"android":{"2.1":0,"2.2":0,"2.3":0.0472681555792,"3":0,"4":0.196458271626,"4.1":0.672094087141,"4.2-4.3":1.49633255005,"4.4":2.97789380149,"4.4.3-4.4.4":1.55984913411,"47":null},"ios_saf":{"3.2":0,"4.0-4.1":0,"4.2-4.3":0,"5.0-5.1":0,"6.0-6.1":0,"7.0-7.1":0.467072941176,"8":0.0327557647059,"8.1-8.4":1.33449411765,"9.0-9.2":9.94198117647,"9.3":null},"op_mob":{"10":0,"11":0,"11.1":0,"11.5":0,"12":5.44947145877e-6,"12.1":5.44947145877e-6,"0":0.000288821987315},"ie":{"5.5":0,"6":0.0405807125141,"7":0.0347834678692,"8":2.21454745434,"9":0.747844559188,"10":0.660885889515,"11":6.55668369335},"bb":{"7":0.007518,"10":null},"ie_mob":{"10":0.0349456134454,"11":0.154078386555},"edge":{"12":0.233864,"13":0.51336,"14":0},"and_uc":{"0":0.369456},"op_mini":{"5.0-8.0":0.0727322790698},"and_chr":{"0":31.6454},"and_ff":{"0":0.025776}},"total":99.1206597768}