{"id":"UA","name":"Ukraine","month":"2016-01","access_date":"2016-02-03","data":{"firefox":{"2":0.017544,"3":0.026316,"3.5":0.035088,"3.6":0.140352,"4":0.017544,"5":0.008772,"6":0.026316,"7":0.008772,"8":0.008772,"9":0.017544,"10":0.017544,"11":0.017544,"12":0.052632,"13":0.008772,"14":0.017544,"15":0.026316,"16":0.061404,"17":0.017544,"18":0.008772,"19":0.017544,"20":0.026316,"21":0.114036,"22":0.026316,"23":0.052632,"24":0.052632,"25":0.04386,"26":0.04386,"27":0.052632,"28":0.061404,"29":0.052632,"30":0.04386,"31":0.105264,"32":0.052632,"33":0.070176,"34":0.078948,"35":0.078948,"36":0.070176,"37":0.140352,"38":0.342108,"39":0.157896,"40":0.184212,"41":0.289476,"42":0.473688,"43":10.008852,"44":0.6579,"45":0.04386,"46":0.008772,"47":0},"chrome":{"4":0.017544,"5":0.017544,"6":0.008772,"7":0.008772,"8":0.017544,"9":0.017544,"10":0.017544,"11":0.061404,"12":0.035088,"13":0.08772,"14":0.017544,"15":0.026316,"16":0.017544,"17":0.026316,"18":0.061404,"19":0.017544,"20":0.017544,"21":0.04386,"22":0.070176,"23":0.026316,"24":0.052632,"25":0.026316,"26":0.061404,"27":0.070176,"28":0.04386,"29":0.052632,"30":0.026316,"31":0.096492,"32":0.04386,"33":0.052632,"34":0.08772,"35":0.070176,"36":0.096492,"37":0.08772,"38":0.078948,"39":0.13158,"40":0.13158,"41":0.26316,"42":0.140352,"43":0.447372,"44":0.456144,"45":0.842112,"46":0.938604,"47":34.69326,"48":3.7281,"49":0.535092,"50":0.04386,"51":0},"opera":{"9":0,"9.5-9.6":0.008772,"10.0-10.1":0.017544,"10.5":0.008772,"10.6":0.026316,"11":0.017544,"11.1":0.026316,"11.5":0.04386,"11.6":0.192984,"12":0.157896,"12.1":2.491248,"15":0.008772,"16":0.017544,"17":0.017544,"18":0.026316,"19":0.008772,"20":0.035088,"21":0.017544,"22":0.052632,"23":0.008772,"24":0.017544,"25":0.017544,"26":0.04386,"27":0.035088,"28":0.140352,"29":0.052632,"30":0.140352,"31":0.096492,"32":0.184212,"33":0.298248,"34":9.017616,"35":0.08772,"36":0.017544},"safari":{"3.1":0,"3.2":0,"4":0.026316,"5":0.052632,"5.1":0.078948,"6":0.017544,"6.1":0.04386,"7":0.035088,"7.1":0.017544,"8":0.17544,"9":1.000008,"9.1":0.008772},"android":{"2.1":0,"2.2":0,"2.3":0.0164537266738,"3":0,"4":0.0683858014878,"4.1":0.233951426142,"4.2-4.3":0.520863285016,"4.4":1.03658478045,"4.4.3-4.4.4":0.542972980234,"47":null},"ios_saf":{"3.2":0,"4.0-4.1":0,"4.2-4.3":0,"5.0-5.1":0,"6.0-6.1":0,"7.0-7.1":0.143092605336,"8":0.0100350658288,"8.1-8.4":0.408836015247,"9.0-9.2":3.04582831359,"9.3":null},"op_mob":{"10":0,"11":0,"11.1":0,"11.5":0,"12":0.000171623728392,"12.1":0.000171623728392,"0":0.00909605760478},"ie":{"5.5":0,"6":0.0361731958763,"7":0.0452164948454,"8":1.27510515464,"9":0.361731958763,"10":0.370775257732,"11":2.23369484536},"bb":{"7":0.015043,"10":null},"ie_mob":{"10":0.0560752268908,"11":0.247240773109},"edge":{"12":null,"13":null,"14":null},"and_uc":{"0":0.993452},"op_mini":{"5.0-8.0":2.29060469494},"and_chr":{"0":6.049924},"and_ff":{"0":0.022104}},"total":92.6218839072}