{"id":"UG","name":"Uganda","month":"2016-01","access_date":"2016-02-03","data":{"firefox":{"2":0.002469,"3":0.064194,"3.5":0.009876,"3.6":0.046911,"4":0.032097,"5":0.022221,"6":0.022221,"7":0.017283,"8":0.039504,"9":0.037035,"10":0.032097,"11":0.044442,"12":0.081477,"13":0.079008,"14":0.04938,"15":0.059256,"16":0.064194,"17":0.106167,"18":0.051849,"19":0.054318,"20":0.069132,"21":0.083946,"22":0.029628,"23":0.027159,"24":0.07407,"25":0.044442,"26":0.044442,"27":0.034566,"28":0.041973,"29":0.116043,"30":0.118512,"31":0.106167,"32":0.096291,"33":0.106167,"34":0.09876,"35":0.128388,"36":0.091353,"37":0.158016,"38":0.187644,"39":0.182706,"40":0.219741,"41":0.308625,"42":0.614781,"43":5.379951,"44":1.229562,"45":0.032097,"46":0.004938,"47":0.002469},"chrome":{"4":0.002469,"5":0.007407,"6":0,"7":0.002469,"8":0.002469,"9":0.002469,"10":0.007407,"11":0.064194,"12":0.002469,"13":0.007407,"14":0,"15":0.002469,"16":0.002469,"17":0,"18":0.002469,"19":0.004938,"20":0.002469,"21":0.007407,"22":0.002469,"23":0.002469,"24":0.002469,"25":0.009876,"26":0.007407,"27":0.012345,"28":0.019752,"29":0.009876,"30":0.009876,"31":0.044442,"32":0.004938,"33":0.019752,"34":0.009876,"35":0.012345,"36":0.014814,"37":0.014814,"38":0.009876,"39":0.027159,"40":0.046911,"41":0.041973,"42":0.059256,"43":0.096291,"44":0.096291,"45":0.118512,"46":0.158016,"47":7.300833,"48":0.501207,"49":0.059256,"50":0.002469,"51":0},"opera":{"9":0,"9.5-9.6":0.002469,"10.0-10.1":0.004938,"10.5":0,"10.6":0,"11":0.004938,"11.1":0.004938,"11.5":0.014814,"11.6":0.012345,"12":0.009876,"12.1":0.029628,"15":0,"16":0.004938,"17":0.002469,"18":0.002469,"19":0,"20":0.007407,"21":0.002469,"22":0.002469,"23":0,"24":0,"25":0,"26":0.002469,"27":0,"28":0.032097,"29":0.02469,"30":0.017283,"31":0.004938,"32":0.014814,"33":0.07407,"34":0.553056,"35":0.002469,"36":0},"safari":{"3.1":0,"3.2":0,"4":0.004938,"5":0.014814,"5.1":0.032097,"6":0.004938,"6.1":0.017283,"7":0.022221,"7.1":0.009876,"8":0.059256,"9":0.167892,"9.1":0},"android":{"2.1":0,"2.2":0,"2.3":0.0339111311371,"3":0,"4":0.140943138789,"4.1":0.482173895855,"4.2-4.3":1.07349924506,"4.4":2.13640126164,"4.4.3-4.4.4":1.11906732752,"47":null},"ios_saf":{"3.2":0,"4.0-4.1":0,"4.2-4.3":0,"5.0-5.1":0,"6.0-6.1":0,"7.0-7.1":0.0488380452251,"8":0.00342500576903,"8.1-8.4":0.139537272072,"9.0-9.2":1.03955267693,"9.3":null},"op_mob":{"10":0,"11":0,"11.1":0,"11.5":0,"12":0.00396733192389,"12.1":0.00396733192389,"0":0.210268591966},"ie":{"5.5":0.00251715994798,"6":0.0201372795839,"7":0.00503431989597,"8":0.357436712614,"9":0.236613035111,"10":0.279404754226,"11":1.02951841873},"bb":{"7":0.05459975,"10":null},"ie_mob":{"10":0.257572857143,"11":1.13566214286},"edge":{"12":0.113574,"13":0.061725,"14":0},"and_uc":{"0":7.764461},"op_mini":{"5.0-8.0":52.9506567442},"and_chr":{"0":6.577969},"and_ff":{"0":0.052717}},"total":97.8846384301}