{"id":"VE","name":"Venezuela","month":"2016-01","access_date":"2016-02-03","data":{"firefox":{"2":0.093456,"3":0.046728,"3.5":0.015576,"3.6":0.35046,"4":0.015576,"5":0.007788,"6":0.031152,"7":0.007788,"8":0.926772,"9":0.007788,"10":0.023364,"11":0.023364,"12":0.046728,"13":0.023364,"14":0.03894,"15":0.015576,"16":0.023364,"17":0.007788,"18":0.015576,"19":0.015576,"20":0.03894,"21":0.015576,"22":0.015576,"23":0.124608,"24":0.015576,"25":0.031152,"26":0.093456,"27":0.210276,"28":0.031152,"29":0.062304,"30":0.070092,"31":0.11682,"32":0.046728,"33":0.070092,"34":0.062304,"35":0.085668,"36":0.070092,"37":0.124608,"38":0.1947,"39":0.264792,"40":0.303732,"41":0.249216,"42":0.459492,"43":8.847168,"44":0.490644,"45":0.015576,"46":0,"47":0},"chrome":{"4":0.007788,"5":0.007788,"6":0.15576,"7":0,"8":0.015576,"9":0.007788,"10":0.007788,"11":0.07788,"12":0.03894,"13":0.031152,"14":0,"15":0.007788,"16":0,"17":0,"18":0.023364,"19":0,"20":0.085668,"21":0.023364,"22":0.015576,"23":0.015576,"24":0.03894,"25":0.015576,"26":0.023364,"27":0.03894,"28":0.015576,"29":0.023364,"30":0.023364,"31":0.07788,"32":0.03894,"33":0.046728,"34":0.070092,"35":0.085668,"36":0.093456,"37":0.11682,"38":0.124608,"39":0.179124,"40":0.093456,"41":0.241428,"42":0.179124,"43":0.358248,"44":0.568524,"45":0.5841,"46":0.957924,"47":41.268612,"48":4.446948,"49":0.101244,"50":0.007788,"51":0},"opera":{"9":0,"9.5-9.6":0,"10.0-10.1":0,"10.5":0,"10.6":0,"11":0,"11.1":0,"11.5":0,"11.6":0,"12":0,"12.1":0.062304,"15":0,"16":0,"17":0,"18":0,"19":0,"20":0,"21":0,"22":0,"23":0,"24":0,"25":0,"26":0.007788,"27":0.007788,"28":0.007788,"29":0.015576,"30":0.015576,"31":0.023364,"32":0.031152,"33":0.031152,"34":0.903408,"35":0.007788,"36":0},"safari":{"3.1":0,"3.2":0,"4":0.015576,"5":0.03894,"5.1":0.046728,"6":0.007788,"6.1":0.03894,"7":0.015576,"7.1":0.023364,"8":0.101244,"9":0.35046,"9.1":0},"android":{"2.1":0,"2.2":0,"2.3":0.0589557662062,"3":0,"4":0.245034903294,"4.1":0.838277300744,"4.2-4.3":1.86631847396,"4.4":3.71421327099,"4.4.3-4.4.4":1.9455402848,"47":null},"ios_saf":{"3.2":0,"4.0-4.1":0,"4.2-4.3":0,"5.0-5.1":0,"6.0-6.1":0,"7.0-7.1":0.106481314515,"8":0.00746752075822,"8.1-8.4":0.304232327187,"9.0-9.2":2.26653083754,"9.3":null},"op_mob":{"10":0,"11":0,"11.1":0,"11.5":0,"12":0.000176442830494,"12.1":0.000176442830494,"0":0.00935147001617},"ie":{"5.5":0,"6":0.0321927126949,"7":0.0321927126949,"8":0.788721461024,"9":0.257541701559,"10":0.265589879733,"11":2.22934535412},"bb":{"7":0.438529,"10":null},"ie_mob":{"10":0.119819764706,"11":0.528296235294},"edge":{"12":0.1947,"13":0.264792,"14":0},"and_uc":{"0":0.444612},"op_mini":{"5.0-8.0":2.35492364432},"and_chr":{"0":12.18094},"and_ff":{"0":0.115024}},"total":97.5509728218}