{"id":"VI","name":"Virgin Islands (US)","month":"2016-01","access_date":"2016-02-03","data":{"firefox":{"2":0,"3":0.014214,"3.5":0.007107,"3.6":0.014214,"4":0,"5":0,"6":0.007107,"7":0,"8":0,"9":0,"10":0.007107,"11":0.028428,"12":0.021321,"13":0,"14":0.007107,"15":0.007107,"16":0.007107,"17":0,"18":0,"19":0,"20":0,"21":0.092391,"22":0.007107,"23":0.028428,"24":0.021321,"25":0.014214,"26":0,"27":0.014214,"28":0.021321,"29":0.021321,"30":0.007107,"31":0.028428,"32":0.014214,"33":0.014214,"34":0.042642,"35":0.042642,"36":0.028428,"37":0.099498,"38":0.07107,"39":0.021321,"40":0.241638,"41":0.127926,"42":0.390885,"43":6.282588,"44":0.348243,"45":0,"46":0.014214,"47":0},"chrome":{"4":0,"5":0,"6":0,"7":0,"8":0,"9":0,"10":0,"11":0.035535,"12":0,"13":0,"14":0,"15":0,"16":0,"17":0,"18":0,"19":0,"20":0,"21":0.007107,"22":0.014214,"23":0,"24":0,"25":0,"26":0,"27":0.035535,"28":0.014214,"29":0.056856,"30":0.021321,"31":0.021321,"32":0.021321,"33":0.028428,"34":0.028428,"35":0.042642,"36":0.063963,"37":0.099498,"38":0.042642,"39":0.078177,"40":0.021321,"41":0.198996,"42":0.106605,"43":0.078177,"44":0.113712,"45":0.255852,"46":0.241638,"47":21.804276,"48":1.570647,"49":0.085284,"50":0.014214,"51":0},"opera":{"9":0,"9.5-9.6":0,"10.0-10.1":0,"10.5":0,"10.6":0,"11":0,"11.1":0,"11.5":0.014214,"11.6":0.014214,"12":0.035535,"12.1":0.042642,"15":0,"16":0,"17":0,"18":0,"19":0,"20":0,"21":0,"22":0.007107,"23":0,"24":0,"25":0,"26":0,"27":0.014214,"28":0.120819,"29":0.007107,"30":0,"31":0,"32":0,"33":0.007107,"34":0.262959,"35":0,"36":0},"safari":{"3.1":0,"3.2":0,"4":0.085284,"5":0.056856,"5.1":0.369564,"6":0.021321,"6.1":0.234531,"7":0.07107,"7.1":0.113712,"8":0.85284,"9":3.19815,"9.1":0.014214},"android":{"2.1":0,"2.2":0,"2.3":0.0267094308183,"3":0,"4":0.111011071838,"4.1":0.379774719447,"4.2-4.3":0.845520419341,"4.4":1.68269414155,"4.4.3-4.4.4":0.881411217003,"47":null},"ios_saf":{"3.2":0,"4.0-4.1":0,"4.2-4.3":0,"5.0-5.1":0,"6.0-6.1":0,"7.0-7.1":0.875738284743,"8":0.0614154121768,"8.1-8.4":2.50210938498,"9.0-9.2":18.6407149181,"9.3":null},"op_mob":{"10":0,"11":0,"11.1":0,"11.5":0,"12":1.7269493844e-6,"12.1":1.7269493844e-6,"0":9.15283173735e-5},"ie":{"5.5":0,"6":0,"7":0.115785604731,"8":1.03483384229,"9":0.586164623953,"10":1.08549004436,"11":11.8318414835},"bb":{"7":0.01808125,"10":null},"ie_mob":{"10":0.156173378151,"11":0.688582621849},"edge":{"12":1.222404,"13":2.672232,"14":0},"and_uc":{"0":0.164901},"op_mini":{"5.0-8.0":0.0230490177839},"and_chr":{"0":13.704021},"and_ff":{"0":0.026037}},"total":98.0983688488}