{"id":"VN","name":"Viet Nam","month":"2016-01","access_date":"2016-02-03","data":{"firefox":{"2":0,"3":0.07513,"3.5":0.015026,"3.6":0.045078,"4":0.030052,"5":0.015026,"6":0.07513,"7":0.007513,"8":0.007513,"9":0.015026,"10":0.015026,"11":0.015026,"12":0.045078,"13":0.022539,"14":0.022539,"15":0.015026,"16":0.015026,"17":0.015026,"18":0.015026,"19":0.015026,"20":0.037565,"21":0.030052,"22":0.022539,"23":0.022539,"24":0.022539,"25":0.022539,"26":0.007513,"27":0.022539,"28":0.022539,"29":0.030052,"30":0.030052,"31":0.195338,"32":0.030052,"33":0.045078,"34":0.037565,"35":0.052591,"36":0.060104,"37":0.07513,"38":0.330572,"39":0.30052,"40":0.187825,"41":0.180312,"42":0.247929,"43":5.244074,"44":0.308033,"45":0.015026,"46":0.022539,"47":0.007513},"chrome":{"4":0,"5":0.007513,"6":0,"7":0,"8":0,"9":0,"10":0.022539,"11":0.037565,"12":0.015026,"13":0.007513,"14":0.007513,"15":0.007513,"16":0.007513,"17":0.007513,"18":0.007513,"19":0.007513,"20":0.007513,"21":0.007513,"22":0.045078,"23":0.022539,"24":0.007513,"25":0.060104,"26":0.037565,"27":0.022539,"28":0.030052,"29":0.082643,"30":0.015026,"31":0.142747,"32":0.067617,"33":0.037565,"34":0.090156,"35":0.067617,"36":0.07513,"37":0.060104,"38":0.097669,"39":0.15026,"40":0.082643,"41":0.247929,"42":0.202851,"43":1.111924,"44":1.164515,"45":1.141976,"46":1.80312,"47":25.957415,"48":2.389134,"49":0.112695,"50":0.007513,"51":0},"opera":{"9":0,"9.5-9.6":0.007513,"10.0-10.1":0,"10.5":0,"10.6":0,"11":0,"11.1":0,"11.5":0,"11.6":0.007513,"12":0.007513,"12.1":0.120208,"15":0,"16":0,"17":0,"18":0,"19":0,"20":0,"21":0,"22":0,"23":0,"24":0,"25":0,"26":0,"27":0,"28":0.037565,"29":0.007513,"30":0.007513,"31":0.067617,"32":0.030052,"33":0.030052,"34":0.345598,"35":0.007513,"36":0},"safari":{"3.1":0,"3.2":0,"4":0.045078,"5":0.030052,"5.1":0.030052,"6":0.015026,"6.1":0.015026,"7":0.052591,"7.1":0.060104,"8":0.323059,"9":0.661144,"9.1":0},"android":{"2.1":0,"2.2":0,"2.3":0.0195059757705,"3":0,"4":0.081071711796,"4.1":0.277350592986,"4.2-4.3":0.617486045484,"4.4":1.22887647354,"4.4.3-4.4.4":0.643697200425,"47":null},"ios_saf":{"3.2":0,"4.0-4.1":0,"4.2-4.3":0,"5.0-5.1":0,"6.0-6.1":0,"7.0-7.1":0.409310288967,"8":0.0287048774081,"8.1-8.4":1.16945796848,"9.0-9.2":8.71246186515,"9.3":null},"op_mob":{"10":0,"11":0,"11.1":0,"11.5":0,"12":8.64774530531e-5,"12.1":8.64774530531e-5,"0":0.00458330501181},"ie":{"5.5":0,"6":0.0922591332209,"7":0.0587103575042,"8":2.72583802698,"9":0.369036532884,"10":0.369036532884,"11":1.33356383474},"bb":{"7":0.0484965,"10":null},"ie_mob":{"10":0.660246252101,"11":2.9110857479},"edge":{"12":0.127721,"13":0.217877,"14":0},"and_uc":{"0":2.345241},"op_mini":{"5.0-8.0":1.15418574008},"and_chr":{"0":9.241113},"and_ff":{"0":0.022383}},"total":80.3531749182}