{"id":"VU","name":"Vanuatu","month":"2016-01","access_date":"2016-02-03","data":{"firefox":{"2":0,"3":0.006948,"3.5":0,"3.6":0.020844,"4":0,"5":0.006948,"6":0.048636,"7":0.062532,"8":0.020844,"9":0,"10":0.020844,"11":0,"12":0.090324,"13":0,"14":0.006948,"15":0,"16":0.222336,"17":0.020844,"18":0.048636,"19":0.006948,"20":0.013896,"21":0.006948,"22":0,"23":0.006948,"24":0.020844,"25":0.006948,"26":0.055584,"27":0.006948,"28":0.013896,"29":1.00746,"30":0.020844,"31":0.055584,"32":0.479412,"33":0.027792,"34":0.118116,"35":0.201492,"36":0.055584,"37":0.06948,"38":0.562788,"39":0.111168,"40":0.333504,"41":0.132012,"42":0.792072,"43":8.733636,"44":1.3896,"45":0.076428,"46":0,"47":0},"chrome":{"4":0,"5":0,"6":0,"7":0,"8":0,"9":0,"10":0,"11":0.013896,"12":0,"13":0,"14":0.013896,"15":0,"16":0,"17":0,"18":0,"19":0,"20":0,"21":0,"22":0,"23":0.006948,"24":0,"25":0.006948,"26":0.006948,"27":0.006948,"28":0.048636,"29":0,"30":0,"31":0.125064,"32":0.048636,"33":0.048636,"34":0.03474,"35":0,"36":0.020844,"37":0.048636,"38":0.055584,"39":0.03474,"40":0.840708,"41":0.145908,"42":0.229284,"43":1.396548,"44":0.757332,"45":0.569736,"46":0.270972,"47":20.844,"48":1.417392,"49":0.24318,"50":0.006948,"51":0},"opera":{"9":0,"9.5-9.6":0,"10.0-10.1":0,"10.5":0,"10.6":0,"11":0,"11.1":0,"11.5":0,"11.6":0,"12":0,"12.1":0.041688,"15":0,"16":0,"17":0,"18":0,"19":0,"20":0,"21":0,"22":0,"23":0,"24":0,"25":0,"26":0,"27":0,"28":0,"29":0,"30":0,"31":0,"32":0,"33":0.006948,"34":1.014408,"35":0,"36":0},"safari":{"3.1":0,"3.2":0,"4":0.020844,"5":0.006948,"5.1":0.048636,"6":0.006948,"6.1":0.236232,"7":0.013896,"7.1":0.298764,"8":0.576684,"9":1.431288,"9.1":0},"android":{"2.1":0,"2.2":0,"2.3":0.0951284845909,"3":0,"4":0.395377764081,"4.1":1.35260814028,"4.2-4.3":3.01141109033,"4.4":5.99309452922,"4.4.3-4.4.4":3.1392399915,"47":null},"ios_saf":{"3.2":0,"4.0-4.1":0,"4.2-4.3":0,"5.0-5.1":0,"6.0-6.1":0,"7.0-7.1":0.334937070156,"8":0.0234890932317,"8.1-8.4":0.956963057587,"9.0-9.2":7.12937477903,"9.3":null},"op_mob":{"10":0,"11":0,"11.1":0,"11.5":0,"12":1.89018281308e-5,"12.1":1.89018281308e-5,"0":0.00100179689093},"ie":{"5.5":0,"6":0.0210358579882,"7":0.00701195266272,"8":1.32525905325,"9":1.4304383432,"10":1.03776899408,"11":6.84366579882},"bb":{"7":0.009156,"10":null},"ie_mob":{"10":0.164192470588,"11":0.723939529412},"edge":{"12":0.38214,"13":0.326556,"14":0},"and_uc":{"0":2.307312},"op_mini":{"5.0-8.0":0.252276399453},"and_chr":{"0":12.921704},"and_ff":{"0":1.992956}},"total":98.007084}