{"id":"YE","name":"Yemen","month":"2016-01","access_date":"2016-02-03","data":{"firefox":{"2":0.006906,"3":0.113949,"3.5":0.003453,"3.6":0.058701,"4":0.041436,"5":0.006906,"6":0.107043,"7":0.006906,"8":0.017265,"9":0.03453,"10":0.06906,"11":0.058701,"12":0.089778,"13":0.065607,"14":0.027624,"15":0.075966,"16":0.055248,"17":0.072513,"18":0.110496,"19":0.048342,"20":0.044889,"21":0.086325,"22":0.062154,"23":0.079419,"24":0.093231,"25":0.075966,"26":0.158838,"27":0.145026,"28":0.062154,"29":0.117402,"30":0.196821,"31":0.248616,"32":0.210633,"33":0.196821,"34":0.300411,"35":0.410907,"36":0.362565,"37":0.196821,"38":0.328035,"39":0.3453,"40":0.417813,"41":0.580104,"42":0.441984,"43":4.437105,"44":0.355659,"45":0.013812,"46":0.003453,"47":0},"chrome":{"4":0.010359,"5":0.017265,"6":0.017265,"7":0.017265,"8":0.017265,"9":0.003453,"10":0.017265,"11":0.113949,"12":0.017265,"13":0.062154,"14":0.027624,"15":0.024171,"16":0.003453,"17":0.031077,"18":0.031077,"19":0.013812,"20":0.013812,"21":0.024171,"22":0.096684,"23":0.041436,"24":0.093231,"25":0.041436,"26":0.041436,"27":0.051795,"28":0.051795,"29":0.044889,"30":0.075966,"31":0.410907,"32":0.165744,"33":0.286599,"34":0.110496,"35":0.072513,"36":0.100137,"37":0.151932,"38":0.145026,"39":0.348753,"40":0.279693,"41":0.193368,"42":0.110496,"43":0.400548,"44":0.500685,"45":0.490326,"46":0.680241,"47":10.103478,"48":0.942669,"49":0.062154,"50":0.003453,"51":0},"opera":{"9":0,"9.5-9.6":0,"10.0-10.1":0,"10.5":0,"10.6":0,"11":0,"11.1":0,"11.5":0,"11.6":0,"12":0,"12.1":0.006906,"15":0.003453,"16":0.003453,"17":0,"18":0.03453,"19":0.006906,"20":0.006906,"21":0.006906,"22":0.006906,"23":0,"24":0.003453,"25":0.003453,"26":0.017265,"27":0.006906,"28":0.027624,"29":0.110496,"30":0.065607,"31":0.017265,"32":0.027624,"33":0.10359,"34":0.44889,"35":0.020718,"36":0},"safari":{"3.1":0,"3.2":0,"4":0.003453,"5":0.017265,"5.1":0.013812,"6":0.003453,"6.1":0.003453,"7":0.010359,"7.1":0.003453,"8":0.031077,"9":0.048342,"9.1":0},"android":{"2.1":0,"2.2":0,"2.3":0.143211555367,"3":0,"4":0.595223026993,"4.1":2.03628930287,"4.2-4.3":4.53354079957,"4.4":9.0223279881,"4.4.3-4.4.4":4.7259813271,"47":null},"ios_saf":{"3.2":0,"4.0-4.1":0,"4.2-4.3":0,"5.0-5.1":0,"6.0-6.1":0,"7.0-7.1":0.226943638096,"8":0.0159155278665,"8.1-8.4":0.648410394561,"9.0-9.2":4.83065743948,"9.3":null},"op_mob":{"10":0,"11":0,"11.1":0,"11.5":0,"12":0.000345384579032,"12.1":0.000345384579032,"0":0.0183053826887},"ie":{"5.5":0,"6":0.0211116062176,"7":0.0105558031088,"8":0.819834041451,"9":0.133706839378,"10":0.144262642487,"11":0.879650259067},"bb":{"7":0.01800425,"10":null},"ie_mob":{"10":0.0351007226891,"11":0.154762277311},"edge":{"12":0.037983,"13":0.037983,"14":0},"and_uc":{"0":15.0581},"op_mini":{"5.0-8.0":4.60973284815},"and_chr":{"0":20.713466},"and_ff":{"0":0.157128}},"total":98.2956844417}