{"id":"YT","name":"Mayotte","month":"2016-01","access_date":"2016-02-03","data":{"firefox":{"2":0.007727,"3":0,"3.5":0.007727,"3.6":0.054089,"4":0,"5":0,"6":0.007727,"7":0.054089,"8":0,"9":0,"10":0.007727,"11":0.007727,"12":0.007727,"13":0.023181,"14":0,"15":0.046362,"16":0.448166,"17":0.23181,"18":0.030908,"19":0.007727,"20":0.301353,"21":0,"22":0.007727,"23":0.015454,"24":0.030908,"25":0.007727,"26":0.054089,"27":0.007727,"28":0.007727,"29":0.023181,"30":0.054089,"31":0.038635,"32":0.038635,"33":0.038635,"34":0.131359,"35":0.061816,"36":0.092724,"37":0.15454,"38":0.285899,"39":0.108178,"40":0.15454,"41":0.239537,"42":0.880878,"43":12.069574,"44":0.679976,"45":0.007727,"46":0,"47":0},"chrome":{"4":0,"5":0,"6":0.007727,"7":0,"8":0,"9":0,"10":0.007727,"11":0.108178,"12":0,"13":0.007727,"14":0,"15":0,"16":0,"17":0,"18":0.030908,"19":0,"20":0,"21":0,"22":0.007727,"23":0.007727,"24":0.007727,"25":0.007727,"26":0.007727,"27":0.007727,"28":0.015454,"29":0.139086,"30":0.023181,"31":0.146813,"32":0,"33":0.054089,"34":0.15454,"35":0.07727,"36":0.185448,"37":0.023181,"38":0.030908,"39":0.046362,"40":0.146813,"41":0.023181,"42":0.254991,"43":0.347715,"44":0.301353,"45":0.432712,"46":0.401804,"47":32.090231,"48":2.982622,"49":0.054089,"50":0.007727,"51":0},"opera":{"9":0,"9.5-9.6":0,"10.0-10.1":0,"10.5":0,"10.6":0,"11":0,"11.1":0,"11.5":0,"11.6":0,"12":0,"12.1":0.023181,"15":0,"16":0,"17":0,"18":0,"19":0,"20":0,"21":0,"22":0,"23":0,"24":0.015454,"25":0,"26":0.007727,"27":0,"28":0,"29":0.007727,"30":0.015454,"31":0,"32":0.007727,"33":0.015454,"34":1.290409,"35":0.023181,"36":0},"safari":{"3.1":0.007727,"3.2":0,"4":0.007727,"5":0.015454,"5.1":0.332261,"6":0.015454,"6.1":0.131359,"7":0.177721,"7.1":0.030908,"8":0.448166,"9":2.264011,"9.1":0.007727},"android":{"2.1":0,"2.2":0,"2.3":0.03242575983,"3":0,"4":0.134769564293,"4.1":0.461053772582,"4.2-4.3":1.02647795962,"4.4":2.04282286929,"4.4.3-4.4.4":1.07005007439,"47":null},"ios_saf":{"3.2":0,"4.0-4.1":0,"4.2-4.3":0,"5.0-5.1":0,"6.0-6.1":0,"7.0-7.1":0.158133702998,"8":0.0110898960544,"8.1-8.4":0.451810579994,"9.0-9.2":3.36598882095,"9.3":null},"op_mob":{"10":0,"11":0,"11.1":0,"11.5":0,"12":0.000200813232185,"12.1":0.000200813232185,"0":0.0106431013058},"ie":{"5.5":0,"6":0.007727,"7":0.038635,"8":0.502255,"9":0.316807,"10":0.471347,"11":5.671618},"bb":{"7":0.0261395,"10":null},"ie_mob":{"10":0.162204336134,"11":0.715173663866},"edge":{"12":0.610433,"13":1.220866,"14":0},"and_uc":{"0":0.677354},"op_mini":{"5.0-8.0":2.68018727223},"and_chr":{"0":16.076768},"and_ff":{"0":0.027276}},"total":97.3988155}