{"id":"ZA","name":"South Africa","month":"2016-01","access_date":"2016-02-03","data":{"firefox":{"2":0.002451,"3":0.026961,"3.5":0.002451,"3.6":0.007353,"4":0.007353,"5":0.002451,"6":0.002451,"7":0,"8":0.002451,"9":0.002451,"10":0.004902,"11":0.009804,"12":0.009804,"13":0.002451,"14":0.007353,"15":0.004902,"16":0.007353,"17":0.002451,"18":0.004902,"19":0.034314,"20":0.009804,"21":0.007353,"22":0.004902,"23":0.002451,"24":0.004902,"25":0.004902,"26":0.002451,"27":0.004902,"28":0.004902,"29":0.009804,"30":0.009804,"31":0.012255,"32":0.007353,"33":0.009804,"34":0.075981,"35":0.012255,"36":0.017157,"37":0.026961,"38":0.051471,"39":0.039216,"40":0.041667,"41":0.061275,"42":0.142158,"43":1.718151,"44":0.144609,"45":0.007353,"46":0.002451,"47":0},"chrome":{"4":0.002451,"5":0,"6":0,"7":0,"8":0,"9":0,"10":0,"11":0.031863,"12":0.004902,"13":0,"14":0.002451,"15":0,"16":0.002451,"17":0,"18":0.012255,"19":0,"20":0.002451,"21":0.009804,"22":0.004902,"23":0,"24":0.002451,"25":0.002451,"26":0.058824,"27":0.004902,"28":0.007353,"29":0.004902,"30":0.002451,"31":0.029412,"32":0.004902,"33":0.02451,"34":0.017157,"35":0.019608,"36":0.066177,"37":0.017157,"38":0.022059,"39":0.036765,"40":0.09804,"41":0.034314,"42":0.063726,"43":0.093138,"44":0.09804,"45":0.110295,"46":0.159315,"47":7.482903,"48":0.63726,"49":0.034314,"50":0.002451,"51":0},"opera":{"9":0,"9.5-9.6":0,"10.0-10.1":0,"10.5":0,"10.6":0,"11":0,"11.1":0,"11.5":0.002451,"11.6":0.012255,"12":0.002451,"12.1":0.044118,"15":0,"16":0.002451,"17":0,"18":0,"19":0,"20":0.002451,"21":0,"22":0,"23":0,"24":0,"25":0,"26":0.002451,"27":0.002451,"28":0.014706,"29":0.012255,"30":0.039216,"31":0.002451,"32":0.026961,"33":0.061275,"34":0.348042,"35":0.004902,"36":0},"safari":{"3.1":0,"3.2":0,"4":0.002451,"5":0.014706,"5.1":0.034314,"6":0.012255,"6.1":0.026961,"7":0.026961,"7.1":0.056373,"8":0.125001,"9":0.424023,"9.1":0},"android":{"2.1":0,"2.2":0,"2.3":0.0383478274176,"3":0,"4":0.159383157705,"4.1":0.545258171095,"4.2-4.3":1.21394841169,"4.4":2.41591312731,"4.4.3-4.4.4":1.26547830478,"47":null},"ios_saf":{"3.2":0,"4.0-4.1":0,"4.2-4.3":0,"5.0-5.1":0,"6.0-6.1":0,"7.0-7.1":0.21199011435,"8":0.0148668391882,"8.1-8.4":0.605686041001,"9.0-9.2":4.51236100546,"9.3":null},"op_mob":{"10":0,"11":0,"11.1":0,"11.5":0,"12":0.00275447904489,"12.1":0.00275447904489,"0":0.145987389379},"ie":{"5.5":0,"6":0.00981829849295,"7":0.0270003208556,"8":0.493369499271,"9":0.505642372387,"10":0.584188760331,"11":3.42413159942},"bb":{"7":1.70796125,"10":null},"ie_mob":{"10":0.406123512605,"11":1.79063548739},"edge":{"12":0.159315,"13":0.240198,"14":0},"and_uc":{"0":3.110188},"op_mini":{"5.0-8.0":36.7631136525},"and_chr":{"0":19.29566},"and_ff":{"0":0.030196}},"total":92.7755131008}