{"id":"ZW","name":"Zimbabwe","month":"2016-01","access_date":"2016-02-03","data":{"firefox":{"2":0.002411,"3":0.103673,"3.5":0.016877,"3.6":0.021699,"4":0.014466,"5":0.009644,"6":0.009644,"7":0.007233,"8":0.012055,"9":0.014466,"10":0.026521,"11":0.028932,"12":0.031343,"13":0.02411,"14":0.016877,"15":0.016877,"16":0.016877,"17":0.016877,"18":0.016877,"19":0.014466,"20":0.016877,"21":0.036165,"22":0.021699,"23":0.014466,"24":0.031343,"25":0.012055,"26":0.014466,"27":0.021699,"28":0.021699,"29":0.057864,"30":0.043398,"31":0.065097,"32":0.033754,"33":0.062686,"34":0.040987,"35":0.050631,"36":0.050631,"37":0.108495,"38":0.127783,"39":0.09644,"40":0.12055,"41":0.173592,"42":0.356828,"43":3.790092,"44":0.708834,"45":0.016877,"46":0.004822,"47":0},"chrome":{"4":0.002411,"5":0,"6":0,"7":0.002411,"8":0,"9":0,"10":0.004822,"11":0.014466,"12":0.004822,"13":0,"14":0.002411,"15":0.002411,"16":0.002411,"17":0,"18":0.002411,"19":0,"20":0.007233,"21":0.002411,"22":0.004822,"23":0.002411,"24":0.002411,"25":0.014466,"26":0.007233,"27":0.009644,"28":0.004822,"29":0.012055,"30":0.007233,"31":0.036165,"32":0.012055,"33":0.019288,"34":0.016877,"35":0.012055,"36":0.019288,"37":0.009644,"38":0.014466,"39":0.021699,"40":0.026521,"41":0.040987,"42":0.065097,"43":0.132605,"44":0.125372,"45":0.137427,"46":0.14466,"47":6.00339,"48":0.511132,"49":0.04822,"50":0,"51":0},"opera":{"9":0,"9.5-9.6":0.002411,"10.0-10.1":0.004822,"10.5":0,"10.6":0.002411,"11":0.004822,"11.1":0.002411,"11.5":0.007233,"11.6":0.019288,"12":0.016877,"12.1":0.311019,"15":0.004822,"16":0.004822,"17":0.004822,"18":0.004822,"19":0.004822,"20":0.012055,"21":0.007233,"22":0.007233,"23":0.002411,"24":0.002411,"25":0.002411,"26":0.002411,"27":0.002411,"28":0.033754,"29":0.021699,"30":0.02411,"31":0.009644,"32":0.026521,"33":0.062686,"34":0.954756,"35":0.009644,"36":0},"safari":{"3.1":0,"3.2":0,"4":0,"5":0.019288,"5.1":0.053042,"6":0.012055,"6.1":0.009644,"7":0.019288,"7.1":0.028932,"8":0.07233,"9":0.166359,"9.1":0},"android":{"2.1":0,"2.2":0,"2.3":0.0203791778959,"3":0,"4":0.0847009581296,"4.1":0.289766435707,"4.2-4.3":0.645128350266,"4.4":1.28388820744,"4.4.3-4.4.4":0.672512870563,"47":null},"ios_saf":{"3.2":0,"4.0-4.1":0,"4.2-4.3":0,"5.0-5.1":0,"6.0-6.1":0,"7.0-7.1":0.0578546682806,"8":0.00405734037293,"8.1-8.4":0.16529905223,"9.0-9.2":1.23147793912,"9.3":null},"op_mob":{"10":0,"11":0,"11.1":0,"11.5":0,"12":0.00460153319239,"12.1":0.00460153319239,"0":0.243881259197},"ie":{"5.5":0,"6":0.00723725470588,"7":0.00723725470588,"8":0.644115668824,"9":0.349800644118,"10":0.566918285294,"11":2.49444045529},"bb":{"7":0.08537625,"10":null},"ie_mob":{"10":0.260959563025,"11":1.15059443697},"edge":{"12":0.180825,"13":0.130194,"14":0},"and_uc":{"0":5.3123},"op_mini":{"5.0-8.0":61.4151296744},"and_chr":{"0":3.562266},"and_ff":{"0":0.030356}},"total":96.8956518129}